; HEADER_BLOCK_START
; generated by OrcaSlicer 2.3.1 on 2026-04-17 at 12:53:28
; total layer number: 36
; filament_density: 1.24
; filament_diameter: 1.75
; max_z_height: 7.20
; HEADER_BLOCK_END

; THUMBNAIL_BLOCK_START

;
; thumbnail begin 96x96 2472
; iVBORw0KGgoAAAANSUhEUgAAAGAAAABgCAYAAADimHc4AAAHBElEQVR4Ae2beVMURxTA+x8JAQQxLH
; u5C7NoykRNjPGIMZrVGE1paakoKCqHB3IoogiK0dAYPECFqFFjvsx8tLZfz87uMMxu9y6wPQPvV/XK
; C2Hn/bp7Xl+EIAiCIAiCIAiCIAiCIAiCIAiCIAiCIAiCfPn1xjTE+hNHqTvsf4MgyOJwJjk2Mmi2fJ
; plpQT8XwgUo4Cd8FKTrRLNr/9mthCCEFK7b8+yJ13WQ1alDEh6ZOCqqSvxq1ZE7f69NDq4tIlvfjmJ
; IlQodajZMH6HbXhoRXTwGgtdbmOhznbWCNF1njV2X7Cip0NEdLiPxXgk/hrlcp6UJCJyo8skK4V1Rw
; 7S1NsXxSX9wW0W6etmDefPsIYLrSzUcZaFLp5joUttUgGNVy6KCENcvSQidqdfyChGCLywA98bimn1
; G8aHeeKHWUP7KdbQxqP99JIJcIaQ8UpdRN3BXygJIqrJb5qeEMkXyYakL7OA8LXLLHy9k4/3A7yVq4
; mAZyFBQjX5IvEXzliJLrOAcG8XH+u7WZLeX1kS1h09JE1+M2/1kYErIrm6BcC7Jj56U4z5gZegmvxQ
; R6sIvwiI9PfwuKIkoe7gfkr8SKXRlE79Oy1JPrWSWaSAKO8tohT98y5rnqG54HMAdyQe3xNlKESxAq
; BXyiQYs1OsIh5NE78RHeo11ZIvFwCJgVIUXtCe3yuPAM+v5aUnzAmg+lERwGfoUgmRvh5/zRMqU01p
; WdeN8geTCYAy1J10UZ7yydhXZ0+a1d9tobLPUn/ssMlFmtAD3HU//FmIkAiI3x+SDkVr9/wo/SxlQ7
; auA8NHLvkLBUCS5309b/18DF+yVsblmm4ZCV795BMQGbzKkk/GCwpITj1kxA9UpprTqfczBT/s/OTn
; BEDLdrf2qq3fULJM1B8/YiYmxnI9gg818Xs3PQVASHvBTzsp0Y1scc2qehYKgF5RrsS7qdm5nTrr/+
; TkA08BycnCvaDutwOU6MaYlbyw+EO5BTQ7xnmdtTX/LKazN7gFxMeGCj5b09NHeoehyhYYfl5Khp9W
; V/JptmdUb/uWEs3U7PqB2lWPJSEnAH4vE/BFIp4muqhsMdKpD/kFNGUnXe7kU3+8wBzMk+AQUKgkNe
; aesrU/76JEF2KpWVGAn5Nvk30n8ApIScA/IGA3JbpQFQAzWfvvYFeM+BRYep4nQSrgGavVKoCv/agI
; sI+W8Jmo73eanPW/koB9eyjRhRDwblpaBdm/JwHBWZ4WFPDmGYOSluii9sBeqQC79cOvJCDwGbLp/O
; x5e/iLCb0C4IeneCso9CHtCNL+quqGUpI+KOsEcgEgIPFoREkACRgqzxS72+8DAXz9PfV+etUJMN48
; Fxs/2gXAS9ZQGIZIwJA9D2wONfAKT6uAilgkDQJgw0O2JBGkkwWyly9s/sAhMRCwpjGUJjoRC1h81m
; i8fS7tBUGQIHsBwyGz+OgtMbsHAUQ3toDExChr+fAy0BJUqh9YgIOtTd8JsCSMKUnw45xAJflwkCt6
; 63p2cdEXAmA5N7t6aEv4qCbBD3MD1Zrf4DPi6FDvvKV1viGjvyHBEQ2nALF+AiufH18xlQfTKUI5+b
; NT4sCAe2NpTVjzC9jGLUCcr5lRl1BuEcUcGjbmpljs9o0FyV93+Ff/DKM1u3dQtwBRnsK+axESllNE
; KXfQYMPFK/m+av02608dM90CYKM7SccyEl4XJcKW4byCWsznsW9alnLLEpaZm549Fqfr3Fuqvmv9Tr
; wEwJEPOPph8MnLxv+Kl+AlpVAs9vvDrD423J85k9rqKcB3rd9GDEUeAiJ9PdYp5JFBZrx6wjbxB924
; yEQtdaT42g5sIMXu9GUOjHkL8MNBgoLU7NpB8wkI3+gSRwLjIwMsxcu6Tf/PaRWReveCz2yfi6UFOL
; JoHQY+k1eA75NvI+YGBQSEeztZ+PplFucPnYIewUWUSwZsocImkri0zZeTrcSfzh0QziMgMMm3ERIk
; AsRJ5cyx8ayMT3NLO0TxAgCOzUOIkpIPg7G7A5kj8PYx+MICApd8G0uCmgBngIwkX2E1ZiYz84nXVi
; XlFbD04QjRwiHhvJXDCzU+dkvcgIGfmz0C33ZKWUBgk28jlqyLFJCNzG0XiCivx2EpAALW4kVk7g+L
; u8Tjw/PmIaFL51jo4lkrOhzH4IsQUBX05DtZf/IPczECRNjXkLo7cleT4JoSRGe7uLokrjDBVaZFCF
; hRiXcCvaH+xFHTrwLqDh0wte5wlYuKKBdx/IjpFwF1h/avjsS7qYiG0/XHfjd1CajaupmuysR74Slj
; GQRAwqu2bKYEyQ/IsIQcNiFKFQCLZlBGwktV++b5SqAiwsVkonr7NmrFVlr9vRVrwo1pCIIgCIIgCI
; IgCIIgCIIgCIIgCIIgCIIgCPIZquXL0/U0dygAAAAASUVORK5CYII=
; thumbnail end
; THUMBNAIL_BLOCK_END

; external perimeters extrusion width = 0.42mm
; perimeters extrusion width = 0.45mm
; infill extrusion width = 0.45mm
; solid infill extrusion width = 0.45mm
; top infill extrusion width = 0.42mm
; support material extrusion width = 0.42mm
; first layer extrusion width = 0.50mm

; EXECUTABLE_BLOCK_START
M486 S0
M486 AГенератор.stl_id_0_copy_0
M486 S-1
M73 P0 R7
M201 X8000 Y8000 Z300 E5000
M203 X500 Y500 Z30 E40
M204 P8000 R5000 T8000 ; sets acceleration (P, T) and retract acceleration (R), mm/sec^2
M205 X7.00 Y7.00 Z0.40 E5.00 ; sets the jerk limits, mm/sec
;TYPE:Custom
SET_GCODE_VARIABLE MACRO=PRINTER_PARAM VARIABLE=fan0_min VALUE=30 ;compensate for fan speed
SET_VELOCITY_LIMIT ACCEL_TO_DECEL=2500 ;revert accel_to_decel back to 2500
M220 S100 ;Reset Feedrate
M221 S100 ;Reset Flowrate

M140 S55 ;Set bed temp
G28 X Y ;Home XY axes
M190 S55 ;Wait for bed temp to stabilize
G28 Z ;Home Z axis & load bed mesh
BED_MESH_CALIBRATE PROBE_COUNT=5,5 ;Auto bed level

M104 S210 ;Set nozzle temp
G92 E0 ;Reset Extruder
G1 X-2.0 Y20 Z0.3 F5000.0 ;Move to start position
M109 S210 ;Wait for nozzle temp to stabilize
G1 Z0.2 ;Lower nozzle to printing height
G1 Y145.0 F1500.0 E15 ;Draw the first line
G1 X-1.7 F5000.0 ;Move to side a little
M73 P1 R7
G1 Y30 F1500.0 E15 ;Draw the second line
G92 E0 ;Reset Extruder
G90
G21
M83 ; use relative distances for extrusion
; filament start gcode
M900 K0.115; Override pressure advance value
M106 S0
;LAYER_CHANGE
;Z:0.2
;HEIGHT:0.2
;BEFORE_LAYER_CHANGE
;0.2
G92 E0

G1 E-1 F2400
M73 P2 R6
;_SET_FAN_SPEED_CHANGING_LAYER
M204 P1000
M205 X7 Y7
; printing object Генератор.stl id:0 copy 0
M204 T1000
M486 S0
G1 Z.4 F24000
G1 X130.147 Y107.71
G1 Z.4
G1 Z.2
G1 E1 F2700
;TYPE:Inner wall
;WIDTH:0.499999
G1 F3000
G1 X130.248 Y108.802 E.03669
G1 X130.287 Y109.672 E.02915
G1 X130.285 Y110.491 E.02739
G1 X130.23 Y111.572 E.03618
G1 X130.104 Y112.75 E.03962
G1 X129.984 Y113.52 E.02608
G1 X129.744 Y114.68 E.0396
G1 X129.438 Y115.823 E.03959
G1 X129.2 Y116.566 E.02608
G1 X128.783 Y117.677 E.03971
G1 X128.474 Y118.394 E.02608
G1 X127.952 Y119.459 E.03967
G1 X127.523 Y120.23 E.02952
G1 X126.952 Y121.153 E.0363
G1 X126.51 Y121.796 E.02611
G1 X125.792 Y122.742 E.03971
G1 X125.29 Y123.339 E.02608
G1 X124.485 Y124.21 E.03967
G1 X123.853 Y124.826 E.02952
G1 X123.042 Y125.545 E.03626
G1 X122.352 Y126.097 E.02954
G1 X121.475 Y126.735 E.03626
G1 X120.736 Y127.218 E.02954
G1 X119.801 Y127.767 E.03626
G1 X119.019 Y128.176 E.02954
G1 X118.034 Y128.633 E.0363
G1 X117.312 Y128.928 E.02611
G1 X116.192 Y129.323 E.03971
G1 X115.445 Y129.547 E.02608
G1 X114.292 Y129.832 E.03971
G1 X113.524 Y129.983 E.0262
G1 X112.75 Y130.104 E.0262
G1 X111.572 Y130.23 E.03959
G1 X110.391 Y130.287 E.03955
G1 X109.509 Y130.285 E.02952
G1 X108.428 Y130.23 E.03618
G1 X107.25 Y130.104 E.03962
G1 X106.48 Y129.984 E.02608
G1 X105.32 Y129.744 E.0396
G1 X104.177 Y129.438 E.03959
G1 X103.434 Y129.2 E.02608
G1 X102.323 Y128.783 E.03971
G1 X101.606 Y128.474 E.02608
G1 X100.541 Y127.952 E.03967
G1 X99.77 Y127.523 E.02952
G1 X98.847 Y126.952 E.0363
G1 X98.204 Y126.51 E.02611
G1 X97.258 Y125.792 E.03971
G1 X96.661 Y125.29 E.02608
G1 X95.79 Y124.485 E.03967
G1 X95.174 Y123.853 E.02952
G1 X94.455 Y123.042 E.03626
G1 X93.903 Y122.352 E.02954
G1 X93.265 Y121.475 E.03626
G1 X92.782 Y120.736 E.02954
G1 X92.233 Y119.801 E.03626
G1 X91.824 Y119.019 E.02954
G1 X91.367 Y118.034 E.0363
G1 X91.072 Y117.312 E.02611
G1 X90.677 Y116.192 E.03971
G1 X90.453 Y115.445 E.02608
G1 X90.168 Y114.292 E.03971
G1 X90.017 Y113.524 E.0262
G1 X89.896 Y112.75 E.0262
G1 X89.77 Y111.572 E.03959
G1 X89.713 Y110.391 E.03955
G1 X89.715 Y109.509 E.02952
G1 X89.77 Y108.428 E.03618
G1 X89.896 Y107.25 E.03962
G1 X90.016 Y106.48 E.02608
G1 X90.256 Y105.32 E.0396
G1 X90.562 Y104.177 E.03959
G1 X90.8 Y103.434 E.02608
G1 X91.217 Y102.323 E.03971
G1 X91.528 Y101.603 E.0262
G1 X91.865 Y100.897 E.0262
G1 X92.428 Y99.852 E.03967
G1 X92.887 Y99.098 E.02952
G1 X93.492 Y98.201 E.03618
G1 X94.208 Y97.258 E.03962
G1 X94.712 Y96.658 E.0262
G1 X95.238 Y96.078 E.0262
G1 X96.075 Y95.241 E.03959
G1 X96.96 Y94.454 E.03959
G1 X97.567 Y93.964 E.02608
G1 X98.525 Y93.265 E.03967
G1 X99.264 Y92.782 E.02951
G1 X100.199 Y92.233 E.03626
G1 X100.981 Y91.824 E.02954
G1 X101.966 Y91.367 E.0363
G1 X102.688 Y91.072 E.02611
G1 X103.808 Y90.677 E.03971
G1 X104.555 Y90.453 E.02608
G1 X105.708 Y90.168 E.03971
G1 X106.476 Y90.017 E.0262
G1 X107.25 Y89.896 E.0262
G1 X108.428 Y89.77 E.03959
G1 X109.61 Y89.712 E.03959
G1 X110.393 Y89.712 E.0262
M73 P3 R6
G1 X111.176 Y89.743 E.0262
G1 X112.356 Y89.846 E.03959
G1 X113.527 Y90.018 E.03959
G1 X114.296 Y90.169 E.0262
G1 X115.058 Y90.349 E.0262
G1 X116.199 Y90.679 E.03971
G1 X116.937 Y90.931 E.02608
G1 X118.037 Y91.368 E.0396
G1 X119.11 Y91.869 E.03959
G1 X119.803 Y92.234 E.0262
G1 X120.481 Y92.625 E.0262
G1 X121.477 Y93.266 E.03959
G1 X122.43 Y93.962 E.03948
G1 X123.345 Y94.714 E.0396
G1 X123.922 Y95.238 E.02608
G1 X124.759 Y96.075 E.03959
G1 X125.546 Y96.96 E.03959
G1 X126.036 Y97.567 E.02608
G1 X126.735 Y98.525 E.03967
G1 X127.218 Y99.264 E.02951
G1 X127.767 Y100.199 E.03626
G1 X128.176 Y100.981 E.02954
G1 X128.633 Y101.966 E.0363
G1 X128.928 Y102.688 E.02611
G1 X129.323 Y103.808 E.03971
G1 X129.547 Y104.555 E.02608
G1 X129.832 Y105.708 E.03971
G1 X129.983 Y106.476 E.0262
G1 X130.104 Y107.25 E.0262
G1 X130.143 Y107.67 E.01408
G1 X130.623 Y107.665 F24000
;TYPE:Outer wall
G1 F3000
G1 X130.726 Y108.779 E.0374
G1 X130.766 Y109.674 E.02998
G1 X130.763 Y110.504 E.02777
G1 X130.707 Y111.609 E.03701
G1 X130.579 Y112.812 E.04046
G1 X130.455 Y113.605 E.02686
G1 X130.21 Y114.79 E.04045
G1 X129.897 Y115.958 E.04045
G1 X129.652 Y116.723 E.02686
G1 X129.227 Y117.856 E.04049
G1 X128.909 Y118.594 E.02686
G1 X128.376 Y119.68 E.04048
G1 X127.936 Y120.472 E.03031
G1 X127.353 Y121.414 E.03705
G1 X126.898 Y122.077 E.02687
G1 X126.166 Y123.041 E.04049
G1 X125.65 Y123.656 E.02686
G1 X124.828 Y124.544 E.04047
G1 X124.179 Y125.176 E.03031
G1 X123.35 Y125.911 E.03703
G1 X122.643 Y126.478 E.03031
G1 X121.747 Y127.129 E.03704
G1 X120.988 Y127.624 E.03031
G1 X120.034 Y128.186 E.03704
G1 X119.23 Y128.605 E.03032
G1 X118.226 Y129.072 E.03705
G1 X117.482 Y129.375 E.02687
G1 X116.34 Y129.778 E.04049
G1 X115.571 Y130.009 E.02686
G1 X114.396 Y130.299 E.04049
G1 X113.607 Y130.454 E.0269
G1 X112.812 Y130.579 E.0269
G1 X111.61 Y130.707 E.04045
G1 X110.402 Y130.766 E.04043
G1 X109.496 Y130.763 E.03031
G1 X108.391 Y130.707 E.03701
G1 X107.188 Y130.579 E.04046
G1 X106.395 Y130.455 E.02686
G1 X105.21 Y130.21 E.04045
G1 X104.042 Y129.897 E.04045
G1 X103.277 Y129.652 E.02686
G1 X102.144 Y129.227 E.04049
G1 X101.406 Y128.909 E.02686
G1 X100.32 Y128.376 E.04048
G1 X99.528 Y127.936 E.03031
G1 X98.586 Y127.353 E.03705
G1 X97.923 Y126.898 E.02687
G1 X96.959 Y126.166 E.04049
G1 X96.344 Y125.65 E.02686
G1 X95.456 Y124.828 E.04047
G1 X94.824 Y124.179 E.03031
G1 X94.089 Y123.35 E.03703
G1 X93.522 Y122.643 E.03031
G1 X92.871 Y121.747 E.03704
G1 X92.376 Y120.988 E.03031
G1 X91.814 Y120.034 E.03704
G1 X91.395 Y119.23 E.03032
G1 X90.928 Y118.226 E.03705
G1 X90.625 Y117.482 E.02687
G1 X90.222 Y116.34 E.04049
G1 X89.991 Y115.571 E.02686
G1 X89.701 Y114.396 E.04049
G1 X89.546 Y113.607 E.0269
G1 X89.421 Y112.812 E.0269
G1 X89.293 Y111.61 E.04045
G1 X89.234 Y110.402 E.04043
G1 X89.237 Y109.496 E.03031
G1 X89.293 Y108.391 E.037
G1 X89.421 Y107.188 E.04046
G1 X89.545 Y106.395 E.02686
G1 X89.79 Y105.21 E.04045
G1 X90.103 Y104.042 E.04045
G1 X90.348 Y103.277 E.02686
G1 X90.773 Y102.144 E.04049
G1 X91.092 Y101.405 E.0269
G1 X91.439 Y100.68 E.0269
G1 X92.013 Y99.614 E.04048
G1 X92.484 Y98.84 E.03031
G1 X93.102 Y97.923 E.03701
G1 X93.834 Y96.959 E.04046
G1 X94.351 Y96.343 E.0269
G1 X94.892 Y95.748 E.0269
G1 X95.747 Y94.893 E.04045
G1 X96.65 Y94.089 E.04045
G1 X97.275 Y93.584 E.02686
G1 X98.253 Y92.871 E.04048
G1 X99.012 Y92.376 E.0303
G1 X99.966 Y91.814 E.03704
G1 X100.77 Y91.395 E.03032
G1 X101.774 Y90.928 E.03705
G1 X102.518 Y90.625 E.02687
G1 X103.66 Y90.222 E.04049
G1 X104.429 Y89.991 E.02686
G1 X105.604 Y89.701 E.04049
G1 X106.393 Y89.546 E.0269
G1 X107.188 Y89.421 E.0269
G1 X108.39 Y89.293 E.04045
G1 X109.598 Y89.234 E.04045
G1 X110.403 Y89.234 E.0269
G1 X111.206 Y89.265 E.0269
G1 X112.411 Y89.371 E.04045
G1 X113.608 Y89.546 E.04045
G1 X114.397 Y89.701 E.0269
G1 X115.18 Y89.886 E.0269
G1 X116.343 Y90.222 E.04049
G1 X117.103 Y90.482 E.02686
G1 X118.227 Y90.929 E.04045
G1 X119.323 Y91.44 E.04045
G1 X120.034 Y91.815 E.0269
G1 X120.731 Y92.217 E.0269
G1 X121.748 Y92.872 E.04045
G1 X122.724 Y93.584 E.04041
G1 X123.658 Y94.352 E.04045
G1 X124.252 Y94.892 E.02686
G1 X125.107 Y95.747 E.04045
G1 X125.911 Y96.65 E.04045
G1 X126.416 Y97.275 E.02686
G1 X127.129 Y98.253 E.04048
G1 X127.624 Y99.012 E.0303
G1 X128.186 Y99.966 E.03704
G1 X128.605 Y100.77 E.03032
G1 X129.072 Y101.774 E.03705
G1 X129.375 Y102.518 E.02687
G1 X129.778 Y103.66 E.04049
G1 X130.009 Y104.429 E.02686
G1 X130.299 Y105.604 E.04049
G1 X130.454 Y106.393 E.0269
G1 X130.579 Y107.188 E.0269
G1 X130.619 Y107.625 E.01469
G1 E-1 F2400
;WIPE_START
G1 F12000
G1 X130.726 Y108.779
G1 X130.763 Y109.62
;WIPE_END
G1 Z.4 F24000
G1 X97.176 Y101.52 Z.4
G1 Z.2
G1 E1 F2700
;TYPE:Inner wall
G1 F3000
G1 X97.35 Y101.254 E.01063
G1 X97.776 Y100.669 E.02421
G1 X98.229 Y100.104 E.02421
G1 X98.707 Y99.561 E.02421
G1 X99.211 Y99.042 E.0242
G1 X99.738 Y98.546 E.02421
G1 X100.569 Y97.858 E.03606
G1 X101.333 Y97.299 E.03169
G1 X102.368 Y96.649 E.04087
G1 X103.012 Y96.301 E.02448
G1 X103.664 Y95.987 E.02421
G1 X104.331 Y95.705 E.0242
G1 X105.009 Y95.454 E.02421
G1 X105.699 Y95.235 E.0242
G1 X106.399 Y95.049 E.02421
G1 X107.176 Y94.884 E.02657
G1 X107.84 Y94.774 E.02252
G1 X108.878 Y94.663 E.0349
G1 X109.622 Y94.626 E.02492
G1 X110.346 Y94.626 E.02421
G1 X110.906 Y94.651 E.01875
G1 X111.789 Y94.726 E.02965
G1 X112.506 Y94.827 E.0242
G1 X113.217 Y94.962 E.0242
M73 P4 R6
G1 X113.861 Y95.115 E.02213
G1 X114.616 Y95.331 E.02629
G1 X115.26 Y95.558 E.02284
G1 X116.106 Y95.889 E.03037
G1 X116.956 Y96.285 E.03134
G1 X117.934 Y96.831 E.03749
G1 X118.723 Y97.338 E.03134
G1 X119.403 Y97.831 E.0281
G1 X119.965 Y98.287 E.0242
G1 X120.505 Y98.769 E.02421
G1 X121.071 Y99.327 E.02658
G1 X121.746 Y100.074 E.03369
G1 X122.171 Y100.601 E.02263
G1 X122.631 Y101.228 E.02602
G1 X123.03 Y101.832 E.02421
G1 X123.4 Y102.454 E.0242
G1 X123.74 Y103.093 E.02421
G1 X124.05 Y103.747 E.02421
G1 X124.328 Y104.415 E.02421
G1 X124.575 Y105.095 E.02421
G1 X124.79 Y105.786 E.02421
G1 X124.987 Y106.556 E.02658
G1 X125.148 Y107.374 E.02787
G1 X125.231 Y107.903 E.01791
G1 X125.331 Y108.835 E.03134
G1 X125.376 Y109.712 E.0294
G1 X125.372 Y110.411 E.02337
G1 X125.323 Y111.22 E.0271
G1 X125.229 Y112.126 E.03047
G1 X125.142 Y112.664 E.01823
G1 X124.954 Y113.582 E.03135
G1 X124.748 Y114.357 E.0268
G1 X124.54 Y115.005 E.02278
G1 X124.274 Y115.724 E.02563
G1 X123.989 Y116.389 E.0242
G1 X123.672 Y117.04 E.02421
G1 X123.326 Y117.675 E.0242
G1 X122.95 Y118.294 E.02421
G1 X122.546 Y118.894 E.0242
G1 X122.113 Y119.474 E.0242
G1 X121.654 Y120.034 E.02421
G1 X121.169 Y120.571 E.02421
G1 X120.66 Y121.085 E.0242
G1 X120.126 Y121.574 E.02422
G1 X119.571 Y122.037 E.0242
G1 X118.994 Y122.474 E.0242
G1 X118.397 Y122.884 E.02421
G1 X117.781 Y123.264 E.0242
G1 X117.148 Y123.616 E.02422
G1 X116.178 Y124.083 E.03602
G1 X115.508 Y124.358 E.02423
G1 X114.819 Y124.604 E.02446
G1 X114.127 Y124.814 E.0242
G1 X113.425 Y124.992 E.02421
G1 X112.716 Y125.137 E.0242
G1 X112.054 Y125.239 E.02239
G1 X111.281 Y125.325 E.02601
G1 X110.559 Y125.368 E.02421
G1 X109.835 Y125.377 E.0242
G1 X109.112 Y125.353 E.0242
G1 X108.391 Y125.294 E.02421
G1 X107.35 Y125.145 E.03515
G1 X106.432 Y124.956 E.03135
G1 X105.556 Y124.722 E.03032
G1 X104.537 Y124.375 E.03601
G1 X103.859 Y124.099 E.02448
G1 X103.203 Y123.795 E.0242
G1 X102.561 Y123.46 E.0242
G1 X101.936 Y123.095 E.02421
G1 X101.329 Y122.701 E.02421
G1 X100.685 Y122.235 E.02657
G1 X100.173 Y121.829 E.02187
G1 X99.628 Y121.354 E.02418
G1 X98.859 Y120.6 E.03602
G1 X98.367 Y120.058 E.02448
G1 X97.906 Y119.5 E.02421
G1 X97.473 Y118.92 E.0242
G1 X97.067 Y118.321 E.0242
G1 X96.69 Y117.703 E.02421
G1 X96.342 Y117.068 E.0242
G1 X96.025 Y116.418 E.02421
G1 X95.738 Y115.753 E.02421
G1 X95.484 Y115.076 E.0242
G1 X95.261 Y114.387 E.02421
G1 X95.071 Y113.689 E.0242
G1 X94.914 Y112.983 E.02421
G1 X94.78 Y112.199 E.02658
G1 X94.669 Y111.198 E.03369
G1 X94.629 Y110.468 E.02444
G1 X94.624 Y109.745 E.02421
G1 X94.653 Y109.022 E.0242
G1 X94.716 Y108.301 E.02421
G1 X94.813 Y107.583 E.0242
G1 X94.943 Y106.872 E.0242
G1 X95.107 Y106.167 E.02421
G1 X95.284 Y105.541 E.02174
G1 X95.452 Y105.031 E.01797
G1 X95.781 Y104.164 E.03101
G1 X95.987 Y103.67 E.01792
G1 X96.247 Y103.119 E.02038
G1 X96.584 Y102.482 E.0241
G1 X96.953 Y101.859 E.0242
G1 X97.154 Y101.554 E.01223
G1 X97.575 Y101.783 F24000
;TYPE:Outer wall
G1 F3000
G1 X97.75 Y101.518 E.01064
G1 X98.163 Y100.951 E.02345
G1 X98.602 Y100.404 E.02345
G1 X99.066 Y99.878 E.02345
G1 X99.554 Y99.375 E.02345
G1 X100.065 Y98.895 E.02345
G1 X100.862 Y98.237 E.03456
G1 X101.608 Y97.691 E.03093
G1 X102.62 Y97.056 E.03993
G1 X103.239 Y96.722 E.02354
G1 X103.871 Y96.419 E.02345
G1 X104.517 Y96.146 E.02345
G1 X105.175 Y95.903 E.02345
G1 X105.843 Y95.692 E.02345
G1 X106.521 Y95.512 E.02346
G1 X107.275 Y95.352 E.02577
G1 X107.905 Y95.248 E.02135
G1 X108.928 Y95.139 E.03443
G1 X109.644 Y95.104 E.02398
G1 X110.346 Y95.104 E.02346
G1 X110.883 Y95.129 E.018
G1 X111.744 Y95.202 E.0289
G1 X112.439 Y95.301 E.02345
G1 X113.127 Y95.432 E.02345
G1 X113.749 Y95.581 E.02138
G1 X114.483 Y95.79 E.02553
G1 X115.1 Y96.009 E.0219
G1 X115.92 Y96.33 E.02943
G1 X116.749 Y96.716 E.03059
G1 X117.688 Y97.241 E.03599
G1 X118.457 Y97.736 E.03059
G1 X119.119 Y98.216 E.02735
G1 X119.663 Y98.658 E.02345
G1 X120.186 Y99.126 E.02345
G1 X120.734 Y99.667 E.02577
G1 X121.391 Y100.395 E.03277
G1 X121.797 Y100.901 E.02172
G1 X122.244 Y101.51 E.02526
G1 X122.63 Y102.095 E.02345
G1 X122.988 Y102.698 E.02345
G1 X123.317 Y103.317 E.02345
G1 X123.617 Y103.951 E.02345
G1 X123.886 Y104.599 E.02345
G1 X124.125 Y105.258 E.02345
G1 X124.333 Y105.928 E.02345
G1 X124.523 Y106.674 E.02577
G1 X124.757 Y107.968 E.04395
G1 X124.855 Y108.877 E.03059
G1 X124.898 Y109.732 E.02864
G1 X124.894 Y110.408 E.02262
G1 X124.845 Y111.189 E.02615
G1 X124.754 Y112.067 E.02953
G1 X124.67 Y112.583 E.01748
G1 X124.487 Y113.479 E.03059
G1 X124.287 Y114.231 E.02604
G1 X124.085 Y114.858 E.02203
G1 X123.826 Y115.555 E.02487
G1 X123.549 Y116.2 E.02345
G1 X123.242 Y116.83 E.02345
G1 X122.906 Y117.446 E.02345
G1 X122.542 Y118.045 E.02345
G1 X122.149 Y118.626 E.02345
G1 X121.73 Y119.188 E.02345
G1 X121.285 Y119.73 E.02345
G1 X120.814 Y120.25 E.02345
G1 X120.32 Y120.747 E.02345
G1 X119.803 Y121.221 E.02346
G1 X119.264 Y121.67 E.02344
G1 X118.705 Y122.093 E.02345
G1 X118.127 Y122.489 E.02345
G1 X117.53 Y122.857 E.02345
G1 X116.916 Y123.197 E.02346
G1 X115.971 Y123.651 E.03507
G1 X115.327 Y123.915 E.02329
G1 X114.659 Y124.153 E.0237
G1 X113.988 Y124.356 E.02345
G1 X113.308 Y124.528 E.02345
G1 X112.621 Y124.668 E.02345
G1 X111.981 Y124.766 E.02164
G1 X111.231 Y124.849 E.02526
G1 X110.531 Y124.891 E.02345
G1 X109.83 Y124.899 E.02345
G1 X109.129 Y124.874 E.02345
G1 X108.43 Y124.817 E.02345
G1 X107.735 Y124.727 E.02345
G1 X107.044 Y124.604 E.02345
G1 X106.538 Y124.489 E.01735
G1 X105.684 Y124.261 E.02957
G1 X104.692 Y123.922 E.03506
G1 X104.04 Y123.656 E.02354
G1 X103.404 Y123.361 E.02345
G1 X102.783 Y123.036 E.02345
G1 X102.178 Y122.682 E.02345
G1 X101.59 Y122.3 E.02345
G1 X100.966 Y121.848 E.02577
G1 X100.471 Y121.454 E.02114
G1 X99.943 Y120.993 E.02345
G1 X99.194 Y120.259 E.03508
G1 X98.722 Y119.737 E.02354
G1 X98.276 Y119.196 E.02345
G1 X97.856 Y118.634 E.02345
G1 X97.464 Y118.053 E.02345
G1 X97.099 Y117.454 E.02345
G1 X96.762 Y116.839 E.02345
G1 X96.455 Y116.209 E.02345
G1 X96.178 Y115.564 E.02345
G1 X95.932 Y114.908 E.02345
G1 X95.716 Y114.241 E.02345
G1 X95.533 Y113.564 E.02345
G1 X95.381 Y112.879 E.02346
G1 X95.252 Y112.119 E.02577
G1 X95.144 Y111.146 E.03277
G1 X95.107 Y110.443 E.02353
G1 X95.102 Y109.742 E.02345
G1 X95.131 Y109.041 E.02345
G1 X95.192 Y108.343 E.02345
G1 X95.287 Y107.648 E.02345
G1 X95.414 Y106.958 E.02345
G1 X95.573 Y106.275 E.02345
G1 X95.744 Y105.672 E.02098
G1 X95.905 Y105.185 E.01716
G1 X96.224 Y104.343 E.03009
G1 X96.42 Y103.874 E.017
G1 X96.679 Y103.325 E.0203
G1 X97.007 Y102.707 E.02342
G1 X97.365 Y102.103 E.02345
G1 X97.553 Y101.817 E.01147
G1 E-1 F2400
;WIPE_START
G1 F12000
G1 X97.75 Y101.518
G1 X98.163 Y100.951
G1 X98.602 Y100.404
G1 X98.76 Y100.224
;WIPE_END
G1 Z.4 F24000
G1 X126.14 Y97.941 Z.4
G1 Z.2
G1 E1 F2700
;TYPE:Bottom surface
;WIDTH:0.501377
G1 F6300
G1 X123.674 Y95.476 E.11695
G1 X123.12 Y94.974 E.02509
G1 X122.22 Y94.233 E.0391
G1 X121.283 Y93.549 E.03893
G1 X120.766 Y93.217 E.02061
G1 X126.798 Y99.248 E.28613
G1 X127.467 Y100.365 E.04369
M73 P5 R6
G1 X127.687 Y100.786 E.01593
G1 X119.21 Y92.309 E.40214
G1 X117.967 Y91.714 E.04625
G1 X128.286 Y102.033 E.48958
G1 X128.608 Y102.81 E.0282
G1 X128.713 Y103.108 E.0106
G1 X116.884 Y91.279 E.5612
G1 X115.908 Y90.952 E.03453
G1 X129.052 Y104.095 E.62356
G1 X129.303 Y104.995 E.03133
G1 X114.996 Y90.688 E.67873
G1 X114.149 Y90.489 E.0292
G1 X129.511 Y105.851 E.72882
G1 X129.664 Y106.652 E.02735
G1 X113.349 Y90.338 E.77398
G1 X112.59 Y90.227 E.02575
G1 X129.777 Y107.414 E.81539
G1 X129.855 Y108.14 E.0245
G1 X123.235 Y101.52 E.31405
G1 X122.91 Y101.028 E.01979
G1 X122.473 Y100.431 E.02482
G1 X122.007 Y99.851 E.02496
G1 X121.318 Y99.089 E.03447
G1 X120.76 Y98.538 E.02628
G1 X120.187 Y98.026 E.02578
G1 X119.627 Y97.571 E.0242
G1 X119.044 Y97.141 E.02432
G1 X118.474 Y96.76 E.02299
G1 X111.861 Y90.147 E.31372
G1 X111.151 Y90.085 E.02392
G1 X116.986 Y95.92 E.27681
G1 X116.442 Y95.659 E.02022
G1 X115.81 Y95.392 E.02302
G1 X110.478 Y90.06 E.25296
G1 X109.825 Y90.055 E.02192
G1 X114.801 Y95.031 E.23607
G1 X113.892 Y94.771 E.0317
G1 X109.197 Y90.076 E.22276
G1 X108.578 Y90.106 E.02077
G1 X113.055 Y94.583 E.21239
G1 X112.272 Y94.448 E.02666
G1 X107.986 Y90.162 E.20333
G1 X107.401 Y90.225 E.01976
G1 X111.534 Y94.358 E.19608
G1 X110.833 Y94.305 E.02357
M73 P6 R6
G1 X106.835 Y90.308 E.18965
G1 X106.283 Y90.404 E.0188
G1 X110.162 Y94.283 E.18401
G1 X109.519 Y94.288 E.02158
G1 X105.743 Y90.512 E.17913
G1 X105.223 Y90.641 E.01796
G1 X108.901 Y94.319 E.17448
G1 X108.313 Y94.379 E.01984
G1 X104.704 Y90.769 E.17123
G1 X104.202 Y90.916 E.01753
G1 X107.731 Y94.445 E.16741
G1 X107.174 Y94.536 E.01894
G1 X103.712 Y91.074 E.16424
G1 X103.232 Y91.243 E.01705
G1 X106.637 Y94.648 E.16153
G1 X106.112 Y94.771 E.01811
G1 X102.756 Y91.415 E.15922
G1 X102.295 Y91.603 E.01668
G1 X105.6 Y94.907 E.15677
G1 X105.107 Y95.063 E.01733
G1 X101.845 Y91.801 E.15476
G1 X101.402 Y92.007 E.01638
G1 X104.626 Y95.23 E.15293
G1 X104.155 Y95.407 E.01689
G1 X100.966 Y92.219 E.15127
G1 X100.54 Y92.441 E.01612
G1 X103.699 Y95.6 E.14986
G1 X103.255 Y95.804 E.0164
G1 X100.125 Y92.674 E.14849
G1 X99.716 Y92.914 E.01589
G1 X102.818 Y96.016 E.14716
G1 X102.397 Y96.243 E.01605
G1 X99.314 Y93.16 E.1463
G1 X98.921 Y93.416 E.01571
G1 X101.987 Y96.482 E.14546
G1 X101.586 Y96.729 E.0158
G1 X98.538 Y93.68 E.14465
G1 X98.163 Y93.954 E.01557
G1 X101.19 Y96.982 E.14364
G1 X100.809 Y97.249 E.01562
G1 X97.788 Y94.227 E.14334
G1 X97.428 Y94.516 E.01547
G1 X100.438 Y97.526 E.14279
G1 X100.073 Y97.809 E.0155
G1 X97.074 Y94.811 E.14227
G1 X96.731 Y95.116 E.01541
G1 X99.723 Y98.108 E.14194
G1 X99.38 Y98.413 E.01541
G1 X96.388 Y95.421 E.14192
G1 X96.06 Y95.741 E.01538
G1 X99.045 Y98.726 E.14162
G1 X98.723 Y99.053 E.01538
G1 X95.736 Y96.065 E.14173
G1 X95.415 Y96.393 E.01538
M73 P7 R6
G1 X98.406 Y99.384 E.14191
G1 X98.102 Y99.729 E.01541
G1 X95.107 Y96.733 E.14212
G1 X94.805 Y97.08 E.01542
G1 X97.807 Y100.082 E.14242
G1 X97.518 Y100.442 E.01547
G1 X94.509 Y97.432 E.14275
G1 X94.228 Y97.799 E.01551
G1 X97.245 Y100.816 E.14314
G1 X96.978 Y101.197 E.01561
G1 X93.948 Y98.168 E.14374
G1 X93.675 Y98.543 E.01557
G1 X96.721 Y101.589 E.14449
G1 X96.476 Y101.992 E.01584
G1 X93.414 Y98.93 E.14528
G1 X93.154 Y99.319 E.01568
G1 X96.238 Y102.403 E.14632
G1 X96.014 Y102.827 E.01609
G1 X92.909 Y99.722 E.14729
G1 X92.668 Y100.13 E.01588
G1 X95.801 Y103.262 E.1486
G1 X95.596 Y103.706 E.0164
G1 X92.441 Y100.551 E.14968
G1 X92.214 Y100.972 E.01605
G1 X95.41 Y104.168 E.1516
G1 X95.226 Y104.632 E.01676
G1 X92.001 Y101.408 E.15297
G1 X91.795 Y101.85 E.01636
G1 X95.061 Y105.116 E.15497
G1 X94.908 Y105.611 E.01738
G1 X91.599 Y102.303 E.15697
G1 X91.416 Y102.768 E.01678
G1 X94.767 Y106.118 E.15895
G1 X94.644 Y106.644 E.0181
G1 X91.239 Y103.24 E.1615
G1 X91.069 Y103.718 E.01703
G1 X94.537 Y107.186 E.16452
G1 X94.445 Y107.742 E.01892
G1 X90.912 Y104.209 E.16763
G1 X90.891 Y104.274 E.00229
G1 X90.772 Y104.717 E.01541
G1 X94.371 Y108.316 E.17071
G1 X94.318 Y108.912 E.02007
G1 X90.635 Y105.229 E.17472
G1 X90.516 Y105.757 E.01818
G1 X94.289 Y109.531 E.17902
G1 X94.284 Y110.174 E.02158
G1 X90.405 Y106.295 E.18404
G1 X90.306 Y106.845 E.01874
G1 X94.306 Y110.844 E.18973
G1 X94.363 Y111.55 E.02376
G1 X90.224 Y107.41 E.19639
G1 X90.161 Y107.996 E.01976
G1 X94.447 Y112.282 E.20333
G1 X94.581 Y113.065 E.02663
M73 P8 R6
G1 X90.105 Y108.589 E.21235
G1 X90.074 Y109.206 E.02073
G1 X94.775 Y113.907 E.22301
G1 X95.041 Y114.821 E.03194
G1 X90.057 Y109.837 E.23642
G1 X90.061 Y110.489 E.02186
G1 X95.4 Y115.828 E.25329
G1 X95.708 Y116.55 E.02635
G1 X95.931 Y117.008 E.01709
G1 X89.877 Y110.954 E.28722
G1 E-1 F2400
;WIPE_START
G1 F12000
G1 X91.291 Y112.368
;WIPE_END
G1 Z.4 F24000
G1 X130.123 Y109.057 Z.4
G1 Z.2
G1 E1 F2700
G1 F6300
G1 X124.084 Y103.017 E.28654
G1 X124.363 Y103.608 E.02193
G1 X124.604 Y104.186 E.021
G1 X129.94 Y109.522 E.25315
G1 X129.943 Y110.173 E.02184
G1 X124.965 Y105.196 E.23615
G1 X125.225 Y106.104 E.03168
G1 X129.926 Y110.805 E.22301
G1 X129.895 Y111.422 E.02073
G1 X125.412 Y106.939 E.21266
G1 X125.553 Y107.728 E.02689
G1 X129.838 Y112.014 E.2033
G1 X129.775 Y112.599 E.01976
G1 X125.643 Y108.467 E.19606
G1 X125.696 Y109.169 E.02362
G1 X129.692 Y113.165 E.18957
G1 X129.593 Y113.714 E.01873
G1 X125.718 Y109.839 E.18385
G1 X125.712 Y110.482 E.02156
G1 X129.483 Y114.252 E.17886
G1 X129.41 Y114.6 E.01195
G1 X129.362 Y114.78 E.00623
G1 X125.673 Y111.091 E.17501
G1 X125.628 Y111.693 E.02027
G1 X129.225 Y115.291 E.17068
G1 X129.085 Y115.799 E.01769
G1 X125.556 Y112.27 E.16743
G1 X125.462 Y112.824 E.01885
G1 X128.928 Y116.29 E.16445
G1 X128.758 Y116.768 E.01702
G1 X125.353 Y113.364 E.16151
G1 X125.229 Y113.889 E.01808
G1 X128.581 Y117.24 E.15899
G1 X128.397 Y117.705 E.01677
M73 P9 R6
G1 X125.091 Y114.399 E.15686
G1 X124.937 Y114.893 E.01736
G1 X128.202 Y118.158 E.15492
G1 X128.162 Y118.25 E.00336
G1 X127.992 Y118.597 E.01295
G1 X124.77 Y115.374 E.15288
G1 X124.594 Y115.846 E.0169
G1 X127.779 Y119.032 E.15113
G1 X127.559 Y119.46 E.01615
G1 X124.399 Y116.3 E.1499
G1 X124.196 Y116.746 E.01642
G1 X127.327 Y119.877 E.14854
G1 X127.086 Y120.284 E.01588
G1 X123.984 Y117.182 E.14716
G1 X123.756 Y117.602 E.01604
G1 X126.838 Y120.684 E.14622
G1 X126.586 Y121.08 E.01575
G1 X123.521 Y118.015 E.1454
G1 X123.276 Y118.418 E.01583
G1 X126.322 Y121.465 E.14452
G1 X126.047 Y121.839 E.01556
G1 X123.017 Y118.808 E.14378
G1 X122.752 Y119.192 E.01564
G1 X125.768 Y122.207 E.14306
G1 X125.486 Y122.573 E.01551
G1 X122.475 Y119.563 E.14283
G1 X122.188 Y119.924 E.01548
G1 X125.19 Y122.926 E.14242
G1 X124.887 Y123.271 E.01541
G1 X121.895 Y120.279 E.14194
G1 X121.587 Y120.62 E.0154
G1 X124.575 Y123.608 E.14176
G1 X124.263 Y123.945 E.01539
G1 X121.272 Y120.954 E.14189
G1 X120.949 Y121.279 E.01538
G1 X123.936 Y124.266 E.1417
G1 X123.607 Y124.585 E.01538
G1 X120.614 Y121.592 E.14202
G1 X120.272 Y121.899 E.0154
G1 X123.264 Y124.89 E.14191
G1 X122.92 Y125.195 E.01541
G1 X119.919 Y122.193 E.14239
G1 X119.556 Y122.479 E.01549
G1 X122.565 Y125.488 E.14275
G1 X122.205 Y125.776 E.01547
G1 X119.187 Y122.758 E.14319
G1 X118.801 Y123.021 E.01565
G1 X121.832 Y126.052 E.14377
G1 X121.457 Y126.325 E.01557
G1 X118.411 Y123.279 E.1445
G1 X118.01 Y123.526 E.01581
G1 X121.072 Y126.589 E.14529
G1 X120.68 Y126.845 E.01571
G1 X117.595 Y123.76 E.14634
G1 X117.172 Y123.985 E.01608
G1 X120.277 Y127.09 E.14728
G1 X119.868 Y127.33 E.01589
M73 P10 R6
G1 X116.734 Y124.196 E.14869
G1 X116.295 Y124.405 E.01631
G1 X119.453 Y127.562 E.14979
G1 X119.027 Y127.785 E.01612
G1 X115.836 Y124.594 E.15139
G1 X115.366 Y124.773 E.01686
G1 X118.59 Y127.997 E.15296
G1 X118.147 Y128.202 E.01638
G1 X114.886 Y124.941 E.15471
G1 X114.389 Y125.093 E.01743
G1 X117.697 Y128.4 E.15692
G1 X117.237 Y128.588 E.01668
G1 X113.879 Y125.231 E.15929
G1 X113.356 Y125.356 E.01805
G1 X116.759 Y128.76 E.16147
G1 X116.28 Y128.929 E.01705
G1 X112.817 Y125.465 E.16431
G1 X112.258 Y125.554 E.019
G1 X115.789 Y129.086 E.16756
G1 X115.288 Y129.233 E.01753
G1 X111.682 Y125.627 E.17108
G1 X111.087 Y125.681 E.02003
G1 X114.768 Y129.361 E.17463
G1 X114.248 Y129.49 E.01796
G1 X110.47 Y125.712 E.17921
G1 X109.83 Y125.72 E.02148
G1 X113.707 Y129.598 E.18395
G1 X113.155 Y129.694 E.0188
G1 X109.159 Y125.697 E.1896
G1 X108.456 Y125.643 E.02364
G1 X112.59 Y129.776 E.1961
G1 X112.004 Y129.839 E.01976
G1 X107.717 Y125.552 E.20337
G1 X106.935 Y125.418 E.02663
G1 X111.411 Y129.895 E.21237
G1 X110.793 Y129.925 E.02077
G1 X106.096 Y125.228 E.22284
G1 X105.175 Y124.955 E.03221
G1 X110.164 Y129.944 E.23667
G1 X109.513 Y129.942 E.02183
G1 X104.166 Y124.595 E.25367
G1 X103.711 Y124.409 E.01649
G1 X102.998 Y124.075 E.02642
G1 X108.83 Y129.907 E.2767
G1 X108.128 Y129.853 E.02363
G1 X101.486 Y123.212 E.3151
G1 X101.121 Y122.974 E.01461
G1 X100.465 Y122.499 E.02716
G1 X99.939 Y122.08 E.02256
G1 X99.38 Y121.592 E.02489
G1 X98.602 Y120.828 E.03658
G1 X98.105 Y120.279 E.02485
G1 X97.633 Y119.706 E.02491
G1 X97.19 Y119.114 E.02482
G1 X96.775 Y118.5 E.02485
G1 X90.147 Y111.872 E.31444
G1 X90.224 Y112.598 E.0245
M73 P11 R6
G1 X107.402 Y129.776 E.81492
G1 X106.639 Y129.662 E.02586
G1 X90.338 Y113.361 E.77335
G1 X90.492 Y114.162 E.02738
G1 X105.829 Y129.499 E.72761
G1 X105.4 Y129.41 E.0147
G1 X104.979 Y129.298 E.01461
G1 X90.701 Y115.02 E.67737
G1 X90.953 Y115.92 E.03137
G1 X104.079 Y129.046 E.62273
G1 X103.547 Y128.876 E.01875
G1 X103.088 Y128.704 E.01643
G1 X91.293 Y116.909 E.55958
G1 X91.723 Y117.987 E.03894
G1 X102.011 Y128.275 E.48809
G1 X100.77 Y127.682 E.04616
G1 X92.325 Y119.237 E.40064
G1 X92.533 Y119.635 E.01506
G1 X93.223 Y120.784 E.04495
G1 X99.216 Y126.777 E.28432
G1 X98.404 Y126.232 E.03279
G1 X97.472 Y125.524 E.03928
G1 X96.887 Y125.033 E.0256
G1 X96.042 Y124.251 E.03865
G1 X93.883 Y122.092 E.10244
; stop printing object Генератор.stl id:0 copy 0
M106 S255
;LAYER_CHANGE
;Z:0.4
;HEIGHT:0.2
;BEFORE_LAYER_CHANGE
;0.4
G92 E0

G1 E-1 F2400
;WIPE_START
G1 F12000
G1 X95.297 Y123.506
;WIPE_END
M486 S-1
;_SET_FAN_SPEED_CHANGING_LAYER
M204 P5000
; printing object Генератор.stl id:0 copy 0
M204 T5000
M486 S0
G1 Z.6 F24000
G1 X130.56 Y107.724 Z.6
G1 Z.4
G1 E1 F2700
;TYPE:Inner wall
;WIDTH:0.449999
G1 F15074.133
G1 X130.638 Y108.477 E.02254
G1 X130.692 Y109.669 E.03555
G1 X130.692 Y110.399 E.02175
G1 X130.641 Y111.507 E.03304
G1 X130.557 Y112.401 E.02674
G1 X130.381 Y113.597 E.03601
G1 X130.227 Y114.382 E.02382
G1 X130.043 Y115.16 E.02382
G1 X129.707 Y116.322 E.03604
G1 X129.449 Y117.076 E.02373
G1 X129.003 Y118.198 E.03597
G1 X128.538 Y119.201 E.03295
G1 X128.12 Y120 E.02683
G1 X127.721 Y120.691 E.02379
G1 X127.066 Y121.708 E.03604
G1 X126.603 Y122.357 E.02373
G1 X125.854 Y123.303 E.03595
G1 X125.054 Y124.203 E.03586
G1 X124.202 Y125.054 E.03587
G1 X123.377 Y125.791 E.03296
G1 X122.68 Y126.357 E.02674
G1 X121.703 Y127.069 E.03601
G1 X121.035 Y127.509 E.02382
G1 X120.351 Y127.922 E.02382
G1 X119.289 Y128.495 E.03595
G1 X118.195 Y129.005 E.03595
G1 X117.457 Y129.306 E.02375
G1 X116.411 Y129.677 E.03304
G1 X115.552 Y129.938 E.02676
G1 X114.476 Y130.206 E.03301
G1 X113.593 Y130.382 E.02683
G1 X112.804 Y130.505 E.02379
G1 X111.604 Y130.634 E.03595
G1 X110.398 Y130.692 E.03595
G1 X109.601 Y130.692 E.02375
G1 X108.493 Y130.641 E.03304
G1 X107.599 Y130.557 E.02674
G1 X106.403 Y130.381 E.03601
G1 X105.618 Y130.227 E.02382
G1 X104.84 Y130.043 E.02382
G1 X103.678 Y129.707 E.03604
G1 X102.924 Y129.449 E.02373
G1 X101.802 Y129.003 E.03597
G1 X100.799 Y128.538 E.03295
G1 X100 Y128.12 E.02683
G1 X99.309 Y127.721 E.02379
G1 X98.292 Y127.066 E.03604
G1 X97.643 Y126.603 E.02373
G1 X96.697 Y125.854 E.03595
G1 X95.797 Y125.054 E.03586
G1 X94.946 Y124.202 E.03587
G1 X94.209 Y123.377 E.03296
G1 X93.643 Y122.68 E.02674
G1 X92.931 Y121.703 E.03601
G1 X92.491 Y121.035 E.02382
G1 X92.078 Y120.351 E.02382
G1 X91.505 Y119.289 E.03595
G1 X90.995 Y118.195 E.03595
G1 X90.694 Y117.457 E.02375
G1 X90.323 Y116.411 E.03304
G1 X90.062 Y115.552 E.02676
G1 X89.794 Y114.476 E.03301
G1 X89.618 Y113.593 E.02683
G1 X89.495 Y112.804 E.02379
G1 X89.366 Y111.604 E.03595
G1 X89.308 Y110.398 E.03595
G1 X89.308 Y109.601 E.02375
G1 X89.359 Y108.493 E.03304
G1 X89.443 Y107.599 E.02674
G1 X89.619 Y106.403 E.03601
G1 X89.773 Y105.618 E.02382
G1 X89.957 Y104.84 E.02382
G1 X90.293 Y103.678 E.03604
G1 X90.551 Y102.924 E.02373
G1 X90.997 Y101.802 E.03597
G1 X91.462 Y100.799 E.03295
G1 X91.88 Y100 E.02683
G1 X92.279 Y99.309 E.02379
G1 X92.934 Y98.292 E.03604
G1 X93.397 Y97.643 E.02373
G1 X94.146 Y96.696 E.03597
G1 X94.88 Y95.869 E.03295
G1 X95.509 Y95.224 E.02683
G1 X96.09 Y94.676 E.02379
G1 X97.007 Y93.891 E.03594
G1 X97.968 Y93.161 E.03595
G1 X98.627 Y92.708 E.02382
G1 X99.304 Y92.282 E.02382
G1 X100.355 Y91.689 E.03595
G1 X101.438 Y91.158 E.03594
G1 X102.173 Y90.841 E.02383
G1 X102.919 Y90.553 E.02382
G1 X104.065 Y90.173 E.03596
G1 X105.133 Y89.885 E.03296
G1 X106.01 Y89.692 E.02674
G1 X107.202 Y89.494 E.03601
G1 X107.993 Y89.401 E.02373
G1 X109.198 Y89.319 E.03597
G1 X110.304 Y89.307 E.03295
G1 X111.201 Y89.339 E.02674
G1 X112.403 Y89.444 E.03592
G1 X113.597 Y89.619 E.03595
G1 X114.382 Y89.773 E.02382
G1 X115.16 Y89.957 E.02382
G1 X116.322 Y90.293 E.03604
G1 X117.076 Y90.551 E.02373
G1 X118.198 Y90.997 E.03597
G1 X119.201 Y91.462 E.03295
G1 X120 Y91.88 E.02683
G1 X120.691 Y92.279 E.02379
G1 X121.708 Y92.934 E.03604
G1 X122.357 Y93.397 E.02373
G1 X123.304 Y94.146 E.03597
G1 X124.131 Y94.88 E.03295
G1 X124.776 Y95.509 E.02683
G1 X125.324 Y96.09 E.02379
G1 X126.109 Y97.007 E.03594
G1 X126.839 Y97.968 E.03595
G1 X127.292 Y98.627 E.02382
G1 X127.718 Y99.304 E.02382
G1 X128.311 Y100.355 E.03595
G1 X128.963 Y101.725 E.04521
G1 X129.334 Y102.626 E.029
G1 X129.661 Y103.556 E.02938
G1 X129.957 Y104.526 E.0302
G1 X130.218 Y105.588 E.03256
G1 X130.391 Y106.464 E.02662
G1 X130.524 Y107.365 E.02711
G1 X130.556 Y107.684 E.00956
G1 X130.972 Y107.682 F24000
M204 P4000
;TYPE:Outer wall
;WIDTH:0.419999
G1 F4020
G1 X131.051 Y108.456 E.02147
G1 F3900
G1 X131.106 Y109.669 E.0335
G1 F3720
G1 X131.106 Y110.409 E.02042
G1 X131.053 Y111.536 E.03113
G1 F3840
G1 X130.967 Y112.45 E.02533
G1 X130.789 Y113.667 E.03394
G1 X130.631 Y114.469 E.02255
G1 F3720
G1 X130.443 Y115.265 E.02257
G1 X130.102 Y116.446 E.03392
G1 X129.837 Y117.219 E.02255
G1 F3840
G1 X129.383 Y118.361 E.03391
G1 X128.909 Y119.384 E.03111
G1 X128.483 Y120.199 E.02537
G1 X128.074 Y120.907 E.02256
M73 P12 R6
G1 X127.408 Y121.941 E.03394
G1 X126.933 Y122.605 E.02253
G1 F3720
G1 X126.171 Y123.569 E.0339
G1 X125.355 Y124.487 E.03389
G1 X124.487 Y125.355 E.03387
G1 X123.645 Y126.106 E.03113
G1 X122.932 Y126.685 E.02534
G1 X121.939 Y127.409 E.03391
G1 X121.256 Y127.859 E.02257
G1 X120.556 Y128.281 E.02255
G1 X119.474 Y128.864 E.03391
G1 X118.36 Y129.384 E.03392
G1 F3840
G1 X117.604 Y129.693 E.02253
G1 X116.54 Y130.07 E.03115
G1 X115.662 Y130.337 E.02532
G1 X114.567 Y130.609 E.03113
G1 X113.665 Y130.789 E.02538
G1 X112.858 Y130.916 E.02254
G1 X111.636 Y131.046 E.03391
G1 X110.408 Y131.106 E.03392
G1 F3720
G1 X109.591 Y131.106 E.02254
G1 X108.464 Y131.053 E.03113
G1 F3840
G1 X107.55 Y130.967 E.02533
G1 X106.333 Y130.789 E.03394
G1 X105.531 Y130.631 E.02255
G1 F3720
G1 X104.735 Y130.443 E.02257
G1 X103.554 Y130.102 E.03392
G1 X102.781 Y129.837 E.02255
G1 F3840
G1 X101.639 Y129.383 E.03391
G1 X100.616 Y128.909 E.03111
G1 X99.801 Y128.483 E.02537
G1 X99.093 Y128.074 E.02256
G1 X98.059 Y127.408 E.03394
G1 X97.395 Y126.933 E.02253
G1 F3720
G1 X96.431 Y126.171 E.0339
G1 X95.513 Y125.355 E.03389
G1 X94.645 Y124.487 E.03387
G1 X93.894 Y123.645 E.03113
G1 X93.315 Y122.932 E.02534
G1 X92.591 Y121.939 E.03391
G1 X92.141 Y121.256 E.02257
G1 X91.719 Y120.556 E.02255
G1 X91.136 Y119.474 E.03391
G1 X90.616 Y118.36 E.03392
G1 F3840
G1 X90.307 Y117.604 E.02253
G1 X89.93 Y116.54 E.03115
G1 X89.663 Y115.662 E.02532
G1 X89.391 Y114.567 E.03113
G1 X89.211 Y113.665 E.02538
G1 X89.084 Y112.858 E.02254
G1 X88.954 Y111.636 E.03391
G1 X88.894 Y110.408 E.03392
G1 F3720
G1 X88.894 Y109.591 E.02254
G1 X88.947 Y108.464 E.03113
G1 F3840
G1 X89.033 Y107.55 E.02533
G1 X89.211 Y106.333 E.03394
G1 X89.369 Y105.531 E.02255
G1 X89.557 Y104.735 E.02257
G1 X89.898 Y103.554 E.03392
G1 X90.163 Y102.781 E.02255
G1 X90.617 Y101.639 E.03391
G1 X91.091 Y100.616 E.03111
G1 X91.517 Y99.801 E.02537
G1 X91.926 Y99.093 E.02256
G1 X92.592 Y98.059 E.03394
G1 X93.067 Y97.395 E.02253
G1 X93.829 Y96.431 E.0339
G1 X94.577 Y95.587 E.03112
G1 X95.219 Y94.929 E.02537
G1 X95.813 Y94.368 E.02254
G1 X96.747 Y93.569 E.03391
G1 X97.725 Y92.825 E.03391
G1 X98.4 Y92.363 E.02257
G1 X99.092 Y91.927 E.02257
G1 X100.162 Y91.323 E.0339
G1 X101.265 Y90.782 E.0339
G1 X102.016 Y90.458 E.02257
G1 X102.779 Y90.163 E.02257
G1 X103.946 Y89.777 E.03392
G1 X105.035 Y89.483 E.03112
G1 X105.931 Y89.286 E.02531
G1 X107.144 Y89.084 E.03393
G1 X107.955 Y88.989 E.02253
G1 X109.182 Y88.906 E.03393
G1 X110.309 Y88.893 E.0311
G1 X111.227 Y88.926 E.02535
G1 X112.451 Y89.033 E.0339
G1 X113.667 Y89.211 E.03391
G1 X114.469 Y89.369 E.02255
G1 X115.265 Y89.557 E.02257
G1 X116.446 Y89.898 E.03392
G1 X117.219 Y90.163 E.02255
G1 X118.361 Y90.617 E.03391
G1 X119.384 Y91.091 E.03111
G1 X120.199 Y91.517 E.02537
G1 X120.907 Y91.926 E.02256
G1 X121.941 Y92.592 E.03394
G1 X122.605 Y93.067 E.02253
G1 X123.569 Y93.829 E.0339
G1 X124.413 Y94.577 E.03112
G1 X125.071 Y95.219 E.02537
G1 X125.632 Y95.813 E.02254
G1 X126.431 Y96.747 E.03391
G1 X127.175 Y97.725 E.03391
G1 X127.637 Y98.4 E.02257
G1 X128.073 Y99.092 E.02257
G1 X128.677 Y100.162 E.0339
G1 X129.344 Y101.565 E.04286
G1 F4140
G1 X129.722 Y102.483 E.02739
G1 X130.056 Y103.434 E.02781
G1 F3960
G1 X130.358 Y104.426 E.02861
G1 X130.624 Y105.507 E.03072
G1 X130.8 Y106.4 E.02511
G1 X130.935 Y107.321 E.02568
G1 F4140
G1 X130.968 Y107.642 E.0089
G1 E-1 F2400
;WIPE_START
G1 F12000
G1 X131.051 Y108.456
G1 X131.105 Y109.636
;WIPE_END
G1 Z.6 F24000
G1 X97.329 Y101.653 Z.6
G1 Z.4
G1 E1 F2700
M204 P5000
;TYPE:Inner wall
;WIDTH:0.449999
G1 F15074.133
G1 X97.727 Y101.078 E.02082
G1 X98.16 Y100.51 E.02127
G1 X98.62 Y99.964 E.02127
G1 X99.105 Y99.44 E.02127
G1 X99.614 Y98.939 E.02127
G1 X100.041 Y98.553 E.01714
G1 X100.498 Y98.177 E.01762
G1 X101.224 Y97.624 E.02721
G1 X101.679 Y97.316 E.01636
G1 X102.144 Y97.023 E.01635
G1 X102.953 Y96.566 E.02769
G1 X103.751 Y96.173 E.02649
G1 X104.294 Y95.943 E.01756
G1 X104.806 Y95.747 E.01635
G1 X105.691 Y95.453 E.02777
G1 X106.449 Y95.248 E.02339
G1 X107.083 Y95.118 E.01928
G1 X107.978 Y94.965 E.02705
G1 X108.507 Y94.904 E.01586
G1 X109.438 Y94.84 E.02778
G1 X110.271 Y94.83 E.02482
G1 X110.902 Y94.856 E.01881
G1 X111.768 Y94.93 E.02589
G1 X112.475 Y95.03 E.02127
G1 X113.176 Y95.163 E.02127
G1 X113.814 Y95.315 E.01952
G1 X114.557 Y95.527 E.02302
G1 X115.225 Y95.755 E.02103
G1 X115.897 Y96.019 E.02151
G1 X116.548 Y96.312 E.02127
G1 X117.185 Y96.636 E.02127
G1 X117.806 Y96.988 E.02127
G1 X118.409 Y97.37 E.02126
G1 X118.994 Y97.78 E.02127
G1 X119.559 Y98.216 E.02128
G1 X120.361 Y98.915 E.03168
G1 X120.872 Y99.416 E.02131
G1 X121.242 Y99.814 E.0162
G1 X121.823 Y100.489 E.02652
G1 X122.379 Y101.228 E.02755
G1 X122.682 Y101.68 E.01622
G1 X123.228 Y102.567 E.03103
G1 X123.558 Y103.187 E.0209
G1 X123.83 Y103.761 E.01892
G1 X124.138 Y104.491 E.02362
G1 X124.367 Y105.123 E.02002
G1 X124.593 Y105.845 E.02252
G1 X124.773 Y106.536 E.02127
G1 X124.919 Y107.235 E.02127
G1 X125.033 Y107.94 E.02127
G1 X125.113 Y108.649 E.02128
G1 X125.166 Y109.573 E.02755
G1 X125.167 Y110.334 E.02269
G1 X125.13 Y111.146 E.0242
G1 X125.066 Y111.795 E.01944
G1 X124.955 Y112.563 E.0231
G1 X124.818 Y113.264 E.02127
G1 X124.688 Y113.797 E.01637
G1 X124.446 Y114.642 E.02616
G1 X124.249 Y115.209 E.01789
G1 X123.946 Y115.979 E.02466
G1 X123.56 Y116.799 E.02698
G1 X123.274 Y117.343 E.01832
G1 X123.002 Y117.814 E.01619
G1 X122.49 Y118.61 E.02817
G1 X122.18 Y119.043 E.01587
G1 X121.604 Y119.772 E.02769
G1 X121.019 Y120.432 E.02626
G1 X120.516 Y120.938 E.02127
G1 X119.99 Y121.421 E.02127
G1 X119.441 Y121.878 E.02127
G1 X118.699 Y122.431 E.02755
G1 X118.043 Y122.864 E.02344
G1 X117.585 Y123.137 E.01587
G1 X116.768 Y123.58 E.02769
G1 X116.086 Y123.899 E.02242
G1 X115.427 Y124.17 E.02123
G1 X114.753 Y124.41 E.02131
G1 X114.07 Y124.617 E.02127
G1 X113.377 Y124.793 E.02128
G1 X112.591 Y124.944 E.02384
G1 X111.59 Y125.09 E.03013
G1 X110.906 Y125.146 E.02046
G1 X110.234 Y125.171 E.02003
G1 X109.698 Y125.167 E.01596
G1 X108.849 Y125.128 E.02531
G1 X108.221 Y125.066 E.01881
G1 X106.816 Y124.833 E.04243
G1 X106.297 Y124.715 E.01586
G1 X105.614 Y124.526 E.02111
G1 X104.935 Y124.303 E.02127
G1 X104.268 Y124.049 E.02127
G1 X103.613 Y123.764 E.02128
G1 X102.665 Y123.282 E.03168
G1 X102.143 Y122.978 E.01798
G1 X101.443 Y122.53 E.02477
G1 X100.974 Y122.196 E.01715
G1 X100.306 Y121.673 E.02529
G1 X99.765 Y121.201 E.02138
G1 X99.249 Y120.707 E.02127
G1 X98.757 Y120.19 E.02127
G1 X98.404 Y119.781 E.01608
G1 X98.007 Y119.29 E.0188
G1 X97.452 Y118.531 E.02802
G1 X97.154 Y118.069 E.01636
G1 X96.527 Y116.978 E.03749
G1 X96.21 Y116.33 E.02148
G1 X95.928 Y115.675 E.02127
G1 X95.676 Y115.006 E.02127
G1 X95.457 Y114.327 E.02127
G1 X95.269 Y113.638 E.02127
G1 X95.114 Y112.941 E.02127
G1 X94.992 Y112.237 E.02126
G1 X94.904 Y111.529 E.02127
G1 X94.849 Y110.817 E.02127
G1 X94.833 Y109.714 E.03283
G1 X94.884 Y108.676 E.03096
G1 X94.963 Y107.966 E.02128
G1 X95.162 Y106.831 E.03432
G1 X95.307 Y106.214 E.0189
G1 X95.5 Y105.528 E.02121
G1 X95.727 Y104.851 E.02127
G1 X95.985 Y104.185 E.02127
G1 X96.274 Y103.532 E.02127
G1 X96.593 Y102.894 E.02127
G1 X96.943 Y102.271 E.02127
G1 X97.308 Y101.686 E.02053
G1 X97.671 Y101.884 F24000
M204 P4000
;TYPE:Outer wall
;WIDTH:0.419999
G1 F12000
G1 X98.067 Y101.313 E.01917
G1 X98.489 Y100.762 E.01917
G1 X98.936 Y100.23 E.01916
G1 X99.408 Y99.721 E.01917
G1 X99.903 Y99.234 E.01916
G1 X100.318 Y98.861 E.01538
G1 X100.76 Y98.497 E.01582
G1 X101.47 Y97.956 E.0246
G1 X101.909 Y97.66 E.01462
G1 X102.357 Y97.378 E.01461
G1 X103.149 Y96.93 E.02511
G1 X103.93 Y96.546 E.024
G1 X104.455 Y96.324 E.01573
G1 X104.949 Y96.135 E.01461
G1 X105.816 Y95.847 E.02519
G1 X106.555 Y95.648 E.02113
G1 X107.165 Y95.524 E.01719
G1 X108.036 Y95.375 E.02438
G1 X108.546 Y95.316 E.01416
G1 X109.457 Y95.253 E.02519
G1 X110.271 Y95.244 E.02246
G1 X110.882 Y95.269 E.01688
G1 X111.729 Y95.342 E.02344
G1 X112.417 Y95.439 E.01917
G1 X113.099 Y95.569 E.01917
G1 X113.717 Y95.717 E.01754
G1 X114.442 Y95.924 E.02079
G1 X115.091 Y96.146 E.01894
G1 X115.745 Y96.404 E.01939
G1 X116.378 Y96.689 E.01917
G1 X116.997 Y97.004 E.01917
G1 X117.601 Y97.348 E.01917
G1 X118.188 Y97.719 E.01916
G1 X118.757 Y98.118 E.01917
G1 X119.306 Y98.543 E.01917
G1 X120.089 Y99.227 E.02868
G1 X120.582 Y99.711 E.01907
G1 X120.939 Y100.095 E.01447
G1 X121.506 Y100.756 E.02403
G1 X122.049 Y101.476 E.02489
G1 X122.338 Y101.91 E.01438
G1 X122.868 Y102.771 E.02789
G1 X123.193 Y103.381 E.01907
G1 X123.456 Y103.938 E.01699
G1 X123.756 Y104.65 E.02134
G1 X123.979 Y105.264 E.01801
G1 X124.198 Y105.967 E.02032
G1 X124.372 Y106.639 E.01916
G1 X124.514 Y107.319 E.01917
G1 X124.625 Y108.005 E.01917
G1 X124.702 Y108.695 E.01917
G1 X124.753 Y109.596 E.02489
G1 X124.754 Y110.334 E.02037
G1 X124.717 Y111.124 E.02181
G1 X124.654 Y111.754 E.01747
G1 X124.546 Y112.502 E.02086
G1 X124.413 Y113.184 E.01917
G1 X124.286 Y113.699 E.01463
G1 X124.049 Y114.524 E.0237
G1 X123.858 Y115.073 E.01603
G1 X123.562 Y115.825 E.0223
G1 X123.186 Y116.622 E.02432
G1 X122.911 Y117.145 E.0163
G1 X122.649 Y117.599 E.01446
G1 X122.148 Y118.378 E.02556
G1 X121.848 Y118.795 E.01416
G1 X121.284 Y119.509 E.02511
G1 X120.712 Y120.154 E.02379
G1 X120.223 Y120.647 E.01917
G1 X119.71 Y121.116 E.01917
G1 X119.177 Y121.561 E.01917
G1 X118.453 Y122.099 E.02489
G1 X117.815 Y122.519 E.02107
G1 X117.376 Y122.78 E.0141
G1 X116.576 Y123.213 E.02511
G1 X115.912 Y123.524 E.02023
G1 X115.27 Y123.787 E.01913
G1 X114.614 Y124.02 E.0192
G1 X113.95 Y124.222 E.01917
G1 X113.276 Y124.392 E.01917
G1 X112.514 Y124.537 E.02141
G1 X111.564 Y124.677 E.02648
G1 X110.872 Y124.734 E.01917
G1 X110.219 Y124.757 E.01801
G1 X109.703 Y124.754 E.01424
G1 X108.874 Y124.715 E.02291
G1 X108.265 Y124.655 E.01688
G1 X107.391 Y124.52 E.02438
G1 X106.394 Y124.313 E.02812
G1 X105.724 Y124.127 E.01916
G1 X105.064 Y123.91 E.01917
G1 X104.415 Y123.663 E.01916
G1 X103.779 Y123.385 E.01917
G1 X102.852 Y122.914 E.02868
G1 X102.352 Y122.621 E.01598
G1 X101.668 Y122.184 E.0224
G1 X101.215 Y121.859 E.01538
G1 X100.561 Y121.347 E.02292
G1 X100.037 Y120.89 E.0192
G1 X99.535 Y120.409 E.01916
G1 X99.057 Y119.905 E.01917
G1 X98.717 Y119.511 E.01436
G1 X98.333 Y119.035 E.01688
G1 X97.789 Y118.291 E.02542
G1 X97.502 Y117.846 E.01462
G1 X96.887 Y116.776 E.03405
G1 X96.582 Y116.149 E.01923
G1 X96.308 Y115.511 E.01916
G1 X96.063 Y114.861 E.01917
G1 X95.85 Y114.2 E.01917
G1 X95.668 Y113.53 E.01917
G1 X95.518 Y112.851 E.01917
G1 X95.4 Y112.167 E.01916
G1 X95.314 Y111.478 E.01917
G1 X95.261 Y110.785 E.01917
G1 X95.247 Y109.722 E.02934
G1 X95.297 Y108.703 E.02814
G1 X95.374 Y108.013 E.01917
G1 X95.478 Y107.41 E.01687
G1 X95.709 Y106.31 E.03102
G1 X95.898 Y105.641 E.01917
G1 X96.119 Y104.983 E.01917
G1 X96.37 Y104.335 E.01917
G1 X96.652 Y103.7 E.01917
G1 X96.963 Y103.079 E.01917
G1 X97.303 Y102.474 E.01917
G1 X97.65 Y101.918 E.01806
G1 E-1 F2400
;WIPE_START
G1 F12000
G1 X98.067 Y101.313
G1 X98.489 Y100.762
G1 X98.856 Y100.325
;WIPE_END
G1 Z.6 F24000
G1 X126.369 Y122.455 Z.6
G1 Z.4
G1 E1 F2700
M204 P5000
;TYPE:Internal solid infill
;WIDTH:0.450635
G1 F15050.619
G1 X123.988 Y124.836 E.10049
G1 X123.179 Y125.559 E.03235
G1 X122.494 Y126.115 E.02633
G1 X121.53 Y126.818 E.03561
G1 X121.236 Y127.011 E.01047
G1 X126.999 Y121.249 E.24313
G1 X127.46 Y120.532 E.02543
G1 X127.89 Y119.781 E.02582
G1 X119.798 Y127.873 E.34143
G1 X119.151 Y128.222 E.0219
M73 P13 R6
G1 X118.629 Y128.465 E.0172
G1 X128.468 Y118.627 E.41511
G1 X128.723 Y118.077 E.01807
G1 X128.909 Y117.609 E.01503
G1 X117.6 Y128.918 E.47714
G1 X116.685 Y129.256 E.0291
G1 X129.262 Y116.679 E.53065
G1 X129.53 Y115.835 E.02643
G1 X115.83 Y129.534 E.57801
G1 X115.037 Y129.751 E.02455
G1 X129.76 Y115.028 E.62121
G1 X129.937 Y114.274 E.02309
G1 X114.277 Y129.934 E.6607
G1 X113.557 Y130.078 E.02192
G1 X130.078 Y113.557 E.69704
G1 X130.178 Y112.881 E.02039
G1 X112.873 Y130.186 E.73012
G1 X112.221 Y130.261 E.01957
G1 X130.267 Y112.214 E.7614
G1 X130.327 Y111.578 E.01907
G1 X111.575 Y130.33 E.79116
G1 X110.969 Y130.359 E.0181
G1 X118.209 Y123.12 E.30543
G1 X118.874 Y122.682 E.02376
G1 X119.627 Y122.121 E.02801
G1 X120.166 Y121.672 E.02093
G1 X120.729 Y121.157 E.02276
G1 X121.218 Y120.665 E.0207
G1 X121.712 Y120.121 E.02192
G1 X122.18 Y119.552 E.02199
G1 X122.617 Y118.967 E.02177
G1 X123.118 Y118.21 E.02709
G1 X130.36 Y110.968 E.30554
G1 X130.387 Y110.365 E.01802
G1 X123.846 Y116.906 E.27596
G1 X124.218 Y116.119 E.02596
G1 X124.327 Y115.848 E.00871
G1 X130.387 Y109.788 E.25567
G1 X130.369 Y109.23 E.01666
G1 X124.669 Y114.929 E.24046
G1 X124.926 Y114.096 E.02602
G1 X130.342 Y108.68 E.2285
G1 X130.3 Y108.145 E.016
G1 X125.116 Y113.33 E.21873
G1 X125.257 Y112.612 E.02181
G1 X130.244 Y107.625 E.21044
G1 X130.183 Y107.109 E.01548
G1 X125.356 Y111.936 E.20365
G1 X125.422 Y111.293 E.01928
G1 X130.105 Y106.611 E.19757
G1 X130.014 Y106.125 E.01475
G1 X125.461 Y110.679 E.19213
G1 X125.472 Y110.09 E.01755
G1 X129.918 Y105.644 E.18759
G1 X129.806 Y105.18 E.01424
G1 X125.468 Y109.518 E.18301
G1 X125.438 Y108.972 E.01633
G1 X129.691 Y104.719 E.17943
G1 X129.563 Y104.27 E.01392
G1 X125.396 Y108.437 E.17581
G1 X125.338 Y107.918 E.01557
G1 X129.426 Y103.83 E.1725
G1 X129.29 Y103.39 E.01374
G1 X125.258 Y107.421 E.17008
G1 X125.168 Y106.934 E.01477
G1 X129.135 Y102.968 E.16734
G1 X128.979 Y102.547 E.01339
G1 X125.067 Y106.459 E.16503
G1 X124.949 Y106 E.01413
G1 X128.808 Y102.142 E.16279
G1 X128.637 Y101.736 E.01313
G1 X124.822 Y105.551 E.16096
G1 X124.686 Y105.111 E.01376
G1 X128.455 Y101.342 E.15902
G1 X128.265 Y100.955 E.01286
G1 X124.533 Y104.687 E.15745
G1 X124.376 Y104.268 E.01335
G1 X128.076 Y100.568 E.15611
G1 X127.871 Y100.196 E.01266
G1 X124.206 Y103.861 E.15463
G1 X124.027 Y103.463 E.01301
G1 X127.663 Y99.827 E.15341
G1 X127.455 Y99.459 E.01263
G1 X123.842 Y103.072 E.15244
G1 X123.642 Y102.695 E.01272
G1 X127.232 Y99.105 E.15146
G1 X127.008 Y98.753 E.01246
G1 X123.438 Y102.322 E.1506
G1 X123.223 Y101.96 E.01255
G1 X126.773 Y98.411 E.14976
G1 X126.592 Y98.146 E.00957
G1 X126.535 Y98.072 E.00278
G1 X123 Y101.607 E.14914
G1 X122.77 Y101.261 E.0124
M73 P14 R6
G1 X126.286 Y97.744 E.14837
G1 X126.037 Y97.417 E.01228
G1 X122.531 Y100.923 E.14792
G1 X122.284 Y100.593 E.01229
G1 X125.783 Y97.095 E.14762
G1 X125.517 Y96.784 E.0122
G1 X122.034 Y100.267 E.14696
G1 X121.77 Y99.954 E.01221
G1 X125.251 Y96.473 E.14685
G1 X125.097 Y96.294 E.00705
G1 X124.979 Y96.168 E.00514
G1 X121.502 Y99.646 E.14671
G1 X121.225 Y99.346 E.01217
G1 X124.699 Y95.872 E.14659
G1 X124.413 Y95.581 E.01216
G1 X120.94 Y99.055 E.14655
G1 X120.649 Y98.769 E.01216
G1 X124.121 Y95.297 E.14649
G1 X123.825 Y95.016 E.01217
G1 X120.345 Y98.497 E.14683
G1 X120.037 Y98.227 E.01219
G1 X123.519 Y94.745 E.14691
G1 X123.214 Y94.474 E.01219
G1 X119.727 Y97.961 E.14712
G1 X119.402 Y97.709 E.01226
G1 X122.897 Y94.214 E.14746
G1 X122.575 Y93.959 E.01225
G1 X119.072 Y97.462 E.14779
G1 X118.734 Y97.225 E.01235
G1 X122.253 Y93.705 E.1485
G1 X121.921 Y93.461 E.01231
G1 X118.387 Y96.995 E.14909
G1 X118.034 Y96.771 E.01247
G1 X121.584 Y93.221 E.14979
G1 X121.236 Y92.993 E.01243
G1 X117.669 Y96.56 E.15049
G1 X117.3 Y96.352 E.01263
G1 X120.885 Y92.767 E.15125
G1 X120.534 Y92.541 E.01245
G1 X116.918 Y96.157 E.15258
G1 X116.529 Y95.969 E.01287
G1 X120.169 Y92.33 E.15355
G1 X119.801 Y92.121 E.01261
G1 X116.132 Y95.79 E.15483
G1 X115.723 Y95.622 E.01318
G1 X119.423 Y91.923 E.15609
G1 X119.043 Y91.726 E.01276
G1 X115.308 Y95.461 E.15761
G1 X114.878 Y95.314 E.01354
G1 X118.649 Y91.543 E.1591
G1 X118.256 Y91.36 E.01295
G1 X114.44 Y95.176 E.16099
G1 X113.993 Y95.046 E.01387
G1 X117.852 Y91.188 E.16278
G1 X117.439 Y91.024 E.01325
G1 X113.529 Y94.933 E.16495
G1 X113.056 Y94.83 E.01445
G1 X117.026 Y90.86 E.1675
G1 X116.599 Y90.71 E.0135
G1 X112.572 Y94.738 E.16991
G1 X112.069 Y94.664 E.01517
G1 X116.167 Y90.566 E.1729
G1 X115.719 Y90.437 E.01389
G1 X111.553 Y94.603 E.17578
G1 X111.023 Y94.557 E.01588
G1 X115.272 Y90.307 E.17928
G1 X114.814 Y90.189 E.01412
G1 X110.472 Y94.53 E.18317
G1 X109.901 Y94.525 E.01705
G1 X114.348 Y90.079 E.18762
G1 X113.867 Y89.983 E.01463
G1 X109.309 Y94.541 E.19232
G1 X108.693 Y94.58 E.0184
G1 X113.378 Y89.895 E.19766
G1 X112.875 Y89.821 E.01516
G1 X108.049 Y94.647 E.2036
G1 X107.371 Y94.749 E.02047
G1 X112.372 Y89.748 E.211
G1 X111.842 Y89.701 E.01587
G1 X106.648 Y94.895 E.21914
G1 X105.885 Y95.082 E.02343
G1 X111.312 Y89.655 E.22896
G1 X110.762 Y89.628 E.01644
G1 X105.057 Y95.333 E.24068
G1 X104.134 Y95.679 E.0294
G1 X110.198 Y89.616 E.25583
G1 X109.616 Y89.621 E.01736
G1 X102.642 Y96.595 E.29423
G1 E-1 F2400
;WIPE_START
G1 F12000
G1 X104.057 Y95.18
;WIPE_END
G1 Z.6 F24000
G1 X117.328 Y123.424 Z.6
G1 Z.4
G1 E1 F2700
G1 F15050.619
G1 X110.365 Y130.387 E.29379
G1 X109.788 Y130.387 E.0172
G1 X115.849 Y124.327 E.2557
G1 X114.927 Y124.671 E.02935
G1 X109.229 Y130.369 E.24041
G1 X108.678 Y130.344 E.01645
M73 P15 R6
G1 X114.096 Y124.926 E.22858
G1 X113.332 Y125.113 E.02346
G1 X108.144 Y130.301 E.21889
G1 X107.618 Y130.251 E.01577
G1 X112.62 Y125.248 E.21105
G1 X111.94 Y125.353 E.02055
G1 X107.115 Y130.177 E.20355
G1 X106.612 Y130.103 E.01516
G1 X111.295 Y125.42 E.19759
G1 X110.679 Y125.46 E.01844
G1 X106.124 Y130.015 E.19218
G1 X105.643 Y129.919 E.01462
G1 X110.086 Y125.477 E.18743
G1 X109.516 Y125.47 E.01699
G1 X105.177 Y129.809 E.18307
G1 X104.719 Y129.69 E.01411
G1 X108.969 Y125.441 E.17929
G1 X108.437 Y125.396 E.01592
G1 X104.272 Y129.561 E.17573
G1 X103.824 Y129.432 E.01389
G1 X107.92 Y125.336 E.17279
G1 X107.426 Y125.254 E.01495
G1 X103.393 Y129.287 E.17015
G1 X102.966 Y129.137 E.0135
G1 X106.931 Y125.172 E.16731
G1 X106.461 Y125.065 E.01438
G1 X102.553 Y128.973 E.16489
G1 X102.14 Y128.809 E.01325
G1 X106 Y124.949 E.16286
G1 X105.549 Y124.824 E.01398
G1 X101.737 Y128.636 E.16083
G1 X101.343 Y128.454 E.01295
G1 X105.114 Y124.683 E.15909
G1 X104.685 Y124.535 E.01352
G1 X100.949 Y128.271 E.15763
G1 X100.57 Y128.073 E.01275
G1 X104.268 Y124.376 E.15602
G1 X103.862 Y124.205 E.01314
G1 X100.191 Y127.876 E.15486
G1 X99.824 Y127.666 E.01261
G1 X103.461 Y124.029 E.15343
G1 X103.079 Y123.835 E.01279
G1 X99.459 Y127.455 E.15272
G1 X99.108 Y127.229 E.01245
G1 X102.696 Y123.641 E.15139
G1 X102.323 Y123.437 E.01268
G1 X98.757 Y127.003 E.15045
G1 X98.409 Y126.775 E.01243
G1 X101.96 Y123.224 E.14981
G1 X101.606 Y123.001 E.01247
G1 X98.073 Y126.534 E.14909
M73 P15 R5
G1 X97.827 Y126.359 E.00901
G1 X97.74 Y126.29 E.00329
G1 X101.258 Y122.773 E.1484
G1 X100.921 Y122.533 E.01233
G1 X97.418 Y126.036 E.14779
G1 X97.096 Y125.781 E.01225
G1 X100.593 Y122.285 E.1475
G1 X100.27 Y122.031 E.01225
G1 X96.781 Y125.52 E.1472
G1 X96.476 Y125.249 E.01218
G1 X99.953 Y121.771 E.14672
G1 X99.645 Y121.502 E.01219
G1 X96.17 Y124.977 E.14661
G1 X95.873 Y124.698 E.01217
G1 X99.347 Y121.224 E.14656
G1 X99.053 Y120.942 E.01217
G1 X95.585 Y124.41 E.14631
G1 X95.297 Y124.121 E.01216
G1 X98.771 Y120.647 E.14658
G1 X98.491 Y120.35 E.01217
G1 X95.017 Y123.824 E.14658
G1 X94.745 Y123.519 E.01218
G1 X98.224 Y120.04 E.14679
G1 X97.962 Y119.726 E.01221
G1 X94.473 Y123.215 E.14719
G1 X94.213 Y122.898 E.01222
G1 X97.709 Y119.403 E.14747
G1 X97.463 Y119.072 E.0123
G1 X93.955 Y122.58 E.148
G1 X93.708 Y122.251 E.01229
G1 X97.223 Y118.735 E.14834
G1 X96.995 Y118.387 E.01242
G1 X93.464 Y121.917 E.14896
G1 X93.221 Y121.584 E.01231
G1 X96.77 Y118.035 E.14974
G1 X96.563 Y117.666 E.01263
G1 X92.99 Y121.238 E.15074
G1 X92.761 Y120.891 E.01242
G1 X96.355 Y117.296 E.15164
G1 X96.157 Y116.918 E.01274
G1 X92.544 Y120.532 E.15246
G1 X92.328 Y120.171 E.01254
G1 X95.968 Y116.53 E.15359
G1 X95.792 Y116.13 E.01304
G1 X92.126 Y119.796 E.15466
G1 X91.924 Y119.422 E.0127
G1 X95.62 Y115.725 E.15595
G1 X95.463 Y115.306 E.01336
G1 X91.727 Y119.042 E.15762
G1 X91.544 Y118.649 E.01294
G1 X95.314 Y114.878 E.15907
G1 X95.173 Y114.442 E.01367
G1 X91.36 Y118.255 E.16087
G1 X91.186 Y117.853 E.01307
G1 X95.049 Y113.99 E.16299
G1 X94.932 Y113.53 E.01416
M73 P16 R5
G1 X91.018 Y117.444 E.16513
G1 X90.863 Y117.022 E.0134
G1 X94.828 Y113.058 E.16726
G1 X94.74 Y112.569 E.01482
G1 X90.712 Y116.597 E.16993
G1 X90.567 Y116.166 E.01358
G1 X94.664 Y112.069 E.17283
G1 X94.6 Y111.556 E.01541
G1 X90.433 Y115.723 E.17579
G1 X90.307 Y115.272 E.01396
G1 X94.558 Y111.021 E.17936
G1 X94.532 Y110.47 E.01644
G1 X90.192 Y114.811 E.18311
G1 X90.08 Y114.347 E.01425
G1 X94.525 Y109.901 E.18756
G1 X94.537 Y109.312 E.01757
G1 X89.984 Y113.866 E.19212
G1 X89.894 Y113.38 E.01476
G1 X94.578 Y108.696 E.19762
G1 X94.647 Y108.049 E.0194
G1 X89.816 Y112.881 E.20386
G1 X89.755 Y112.365 E.01549
G1 X94.757 Y107.363 E.21105
G1 X94.891 Y106.652 E.02158
G1 X89.699 Y111.844 E.21906
G1 X89.657 Y111.309 E.01601
G1 X95.082 Y105.884 E.22888
G1 X95.338 Y105.052 E.02597
G1 X89.631 Y110.759 E.2408
G1 X89.613 Y110.201 E.01668
G1 X95.676 Y104.138 E.25581
G1 X96.001 Y103.394 E.0242
G1 X96.161 Y103.076 E.01062
G1 X89.613 Y109.624 E.27626
G1 X89.64 Y109.02 E.01804
G1 X96.904 Y101.756 E.30645
G1 X97.484 Y100.893 E.03104
G1 X97.927 Y100.313 E.02177
G1 X98.401 Y99.75 E.02195
G1 X98.896 Y99.216 E.02173
G1 X99.413 Y98.708 E.02161
G1 X99.853 Y98.312 E.01768
G1 X100.528 Y97.757 E.02607
G1 X101.116 Y97.324 E.02178
G1 X101.766 Y96.894 E.02325
G1 X109.023 Y89.637 E.30618
G1 X108.404 Y89.679 E.0185
G1 X89.674 Y108.41 E.79026
G1 X89.734 Y107.773 E.01907
G1 X107.773 Y89.734 E.76108
G1 X107.112 Y89.818 E.01986
G1 X89.824 Y107.106 E.7294
G1 X89.925 Y106.429 E.02042
G1 X106.421 Y89.933 E.69599
G1 X105.706 Y90.071 E.02172
G1 X90.066 Y105.712 E.65988
G1 X90.243 Y104.958 E.02312
G1 X104.95 Y90.25 E.62051
G1 X104.161 Y90.463 E.0244
G1 X90.474 Y104.15 E.57744
G1 X90.744 Y103.304 E.02648
G1 X103.299 Y90.748 E.52973
G1 X102.385 Y91.086 E.02908
G1 X91.099 Y102.372 E.47617
G1 X91.277 Y101.923 E.01443
G1 X91.542 Y101.352 E.01876
G1 X101.357 Y91.538 E.41409
G1 X100.497 Y91.959 E.02856
G1 X100.18 Y92.138 E.01088
G1 X92.122 Y100.196 E.33995
G1 X92.54 Y99.468 E.02503
G1 X93.021 Y98.72 E.02654
G1 X98.74 Y93.002 E.24126
G1 X98.146 Y93.408 E.02146
G1 X97.198 Y94.129 E.03552
G1 X96.294 Y94.903 E.03551
G1 X95.73 Y95.435 E.02314
G1 X93.673 Y97.492 E.08678
; stop printing object Генератор.stl id:0 copy 0
;LAYER_CHANGE
;Z:0.6
;HEIGHT:0.2
;BEFORE_LAYER_CHANGE
;0.6
G92 E0

G1 E-1 F2400
;WIPE_START
G1 F12000
G1 X95.087 Y96.077
;WIPE_END
M486 S-1
;_SET_FAN_SPEED_CHANGING_LAYER
; printing object Генератор.stl id:0 copy 0
M486 S0
G1 Z.8 F24000
G1 X130.673 Y107.753 Z.8
G1 Z.6
G1 E1 F2700
;TYPE:Inner wall
;WIDTH:0.449999
G1 F15074.133
G1 X130.753 Y108.781 E.0307
G1 X130.792 Y109.668 E.02644
G1 X130.792 Y110.403 E.02191
G1 X130.761 Y111.206 E.02393
G1 X130.655 Y112.417 E.03621
G1 X130.547 Y113.21 E.02384
G1 X130.324 Y114.406 E.03621
G1 X130.138 Y115.191 E.02403
G1 X129.802 Y116.353 E.03603
G1 X129.543 Y117.11 E.02384
G1 X129.094 Y118.24 E.03621
G1 X128.763 Y118.968 E.02384
G1 X128.207 Y120.05 E.03622
G1 X127.807 Y120.743 E.02384
G1 X127.148 Y121.765 E.03622
G1 X126.683 Y122.416 E.02384
G1 X125.931 Y123.368 E.03612
G1 X125.127 Y124.271 E.03604
G1 X124.271 Y125.127 E.03603
G1 X123.365 Y125.933 E.03612
G1 X122.737 Y126.439 E.02404
G1 X121.76 Y127.152 E.03602
G1 X121.089 Y127.593 E.02393
G1 X120.395 Y128.012 E.02413
G1 X119.333 Y128.584 E.03593
G1 X118.234 Y129.097 E.03612
G1 X117.487 Y129.402 E.02404
G1 X116.347 Y129.804 E.03602
G1 X115.58 Y130.034 E.02384
G1 X114.4 Y130.326 E.03621
G1 X113.608 Y130.481 E.02403
G1 X112.411 Y130.656 E.03602
G1 X111.608 Y130.734 E.02404
G1 X110.4 Y130.792 E.03602
G1 X109.597 Y130.792 E.02394
G1 X108.794 Y130.761 E.02393
G1 X107.583 Y130.655 E.03621
G1 X106.79 Y130.547 E.02385
G1 X105.594 Y130.324 E.03621
G1 X104.809 Y130.138 E.02403
G1 X103.65 Y129.803 E.03594
G1 X102.507 Y129.399 E.03612
M73 P17 R5
G1 X101.763 Y129.096 E.02394
G1 X101.032 Y128.763 E.02393
G1 X99.95 Y128.207 E.03622
G1 X99.257 Y127.807 E.02384
G1 X98.235 Y127.148 E.03622
G1 X97.584 Y126.683 E.02384
G1 X96.632 Y125.931 E.03612
G1 X95.729 Y125.127 E.03604
G1 X94.873 Y124.271 E.03603
G1 X94.067 Y123.365 E.03612
G1 X93.561 Y122.737 E.02404
G1 X92.848 Y121.76 E.03602
G1 X92.407 Y121.089 E.02393
G1 X91.988 Y120.395 E.02413
G1 X91.416 Y119.333 E.03593
G1 X90.903 Y118.234 E.03612
G1 X90.598 Y117.487 E.02404
G1 X90.196 Y116.347 E.03602
G1 X89.966 Y115.58 E.02384
G1 X89.674 Y114.4 E.03621
G1 X89.519 Y113.608 E.02403
G1 X89.344 Y112.411 E.03602
G1 X89.266 Y111.608 E.02404
G1 X89.208 Y110.4 E.03602
G1 X89.208 Y109.597 E.02394
G1 X89.239 Y108.794 E.02393
G1 X89.345 Y107.583 E.03621
G1 X89.453 Y106.79 E.02385
G1 X89.676 Y105.594 E.03621
G1 X89.862 Y104.809 E.02403
G1 X90.197 Y103.65 E.03594
G1 X90.601 Y102.507 E.03612
G1 X90.904 Y101.763 E.02394
G1 X91.237 Y101.032 E.02393
G1 X91.793 Y99.95 E.03622
G1 X92.193 Y99.257 E.02384
G1 X92.852 Y98.235 E.03622
G1 X93.317 Y97.584 E.02384
G1 X94.069 Y96.632 E.03612
G1 X94.873 Y95.729 E.03604
G1 X95.729 Y94.873 E.03603
G1 X96.635 Y94.067 E.03612
G1 X97.263 Y93.561 E.02404
G1 X98.24 Y92.848 E.03602
G1 X98.911 Y92.407 E.02393
G1 X99.605 Y91.988 E.02413
G1 X100.667 Y91.416 E.03593
G1 X101.766 Y90.903 E.03612
G1 X102.507 Y90.601 E.02385
G1 X103.653 Y90.196 E.03621
G1 X104.423 Y89.965 E.02393
G1 X105.201 Y89.765 E.02393
G1 X106.389 Y89.52 E.03612
G1 X107.589 Y89.344 E.03612
G1 X108.392 Y89.266 E.02403
G1 X109.6 Y89.208 E.03602
G1 X110.403 Y89.208 E.02394
G1 X111.206 Y89.239 E.02393
G1 X112.417 Y89.345 E.03621
G1 X113.21 Y89.453 E.02384
G1 X114.406 Y89.676 E.03621
G1 X115.191 Y89.862 E.02403
G1 X116.353 Y90.198 E.03603
G1 X117.11 Y90.457 E.02384
G1 X118.24 Y90.906 E.03621
G1 X118.968 Y91.237 E.02384
G1 X120.05 Y91.793 E.03622
G1 X120.743 Y92.193 E.02384
G1 X122.048 Y93.058 E.04664
G1 X122.859 Y93.661 E.03008
G1 X123.727 Y94.379 E.03357
G1 X124.372 Y94.974 E.02616
G1 X125.343 Y95.972 E.04147
G1 X125.993 Y96.71 E.02929
G1 X126.6 Y97.483 E.02925
G1 X127.189 Y98.297 E.02994
G1 X127.696 Y99.081 E.02779
G1 X128.187 Y99.931 E.02925
G1 X128.657 Y100.824 E.03007
G1 X129.122 Y101.829 E.03299
G1 X129.441 Y102.625 E.02555
G1 X129.824 Y103.719 E.03451
G1 X130.048 Y104.476 E.02353
G1 X130.28 Y105.42 E.02896
G1 X130.492 Y106.47 E.0319
G1 X130.665 Y107.649 E.03549
G1 X130.67 Y107.713 E.00194
G1 X131.085 Y107.721 F24000
M204 P4000
;TYPE:Outer wall
;WIDTH:0.419999
G1 F12000
G1 X131.166 Y108.761 E.02877
G1 X131.206 Y109.668 E.02504
G1 X131.206 Y110.411 E.02052
G1 X131.174 Y111.232 E.02267
G1 X131.066 Y112.463 E.0341
G1 X130.955 Y113.276 E.02264
G1 X130.729 Y114.491 E.0341
G1 X130.538 Y115.296 E.02282
G1 X130.197 Y116.477 E.03392
G1 X129.931 Y117.253 E.02264
G1 X129.475 Y118.402 E.0341
G1 X129.135 Y119.149 E.02264
G1 X128.57 Y120.248 E.0341
G1 X128.16 Y120.958 E.02264
G1 X127.491 Y121.997 E.0341
G1 X127.014 Y122.665 E.02264
G1 X126.248 Y123.633 E.03407
G1 X125.428 Y124.555 E.03404
G1 X124.555 Y125.428 E.03404
G1 X123.633 Y126.248 E.03407
G1 X122.989 Y126.767 E.02282
G1 X121.996 Y127.492 E.03392
G1 X121.309 Y127.943 E.02267
G1 X120.6 Y128.371 E.02285
G1 X119.519 Y128.954 E.03389
G1 X118.4 Y129.476 E.03407
G1 X117.634 Y129.788 E.02282
G1 X116.475 Y130.197 E.03392
G1 X115.689 Y130.433 E.02264
G1 X114.489 Y130.729 E.0341
G1 X113.678 Y130.889 E.02282
G1 X112.461 Y131.067 E.03392
G1 X111.638 Y131.147 E.02282
G1 X110.41 Y131.206 E.03392
G1 X109.589 Y131.206 E.02267
G1 X108.768 Y131.174 E.02267
G1 X107.537 Y131.066 E.0341
G1 X106.724 Y130.955 E.02264
G1 X105.509 Y130.729 E.0341
G1 X104.704 Y130.538 E.02282
G1 X103.524 Y130.197 E.03389
G1 X102.36 Y129.786 E.03407
G1 X101.599 Y129.475 E.02267
G1 X100.851 Y129.135 E.02267
G1 X99.752 Y128.57 E.0341
G1 X99.042 Y128.16 E.02264
G1 X98.003 Y127.491 E.0341
G1 X97.335 Y127.014 E.02264
G1 X96.367 Y126.248 E.03407
G1 X95.445 Y125.428 E.03404
G1 X94.572 Y124.555 E.03404
G1 X93.752 Y123.633 E.03407
G1 X93.233 Y122.989 E.02282
G1 X92.508 Y121.996 E.03392
G1 X92.057 Y121.309 E.02267
G1 X91.629 Y120.6 E.02285
G1 X91.046 Y119.519 E.03389
G1 X90.524 Y118.4 E.03407
G1 X90.212 Y117.634 E.02282
G1 X89.803 Y116.475 E.03392
G1 X89.567 Y115.689 E.02264
G1 X89.271 Y114.489 E.0341
G1 X89.111 Y113.678 E.02282
G1 X88.933 Y112.461 E.03392
G1 X88.853 Y111.638 E.02282
G1 X88.794 Y110.41 E.03392
G1 X88.794 Y109.589 E.02267
G1 X88.826 Y108.768 E.02267
G1 X88.934 Y107.537 E.0341
G1 X89.045 Y106.724 E.02264
G1 X89.271 Y105.509 E.0341
G1 X89.462 Y104.704 E.02282
G1 X89.803 Y103.524 E.03389
G1 X90.214 Y102.36 E.03407
G1 X90.525 Y101.599 E.02267
G1 X90.865 Y100.851 E.02267
G1 X91.43 Y99.752 E.0341
G1 X91.84 Y99.042 E.02264
G1 X92.509 Y98.003 E.0341
G1 X92.986 Y97.335 E.02264
G1 X93.752 Y96.367 E.03407
G1 X94.572 Y95.445 E.03404
G1 X95.445 Y94.572 E.03404
G1 X96.367 Y93.752 E.03407
G1 X97.011 Y93.233 E.02282
G1 X98.004 Y92.508 E.03392
G1 X98.691 Y92.057 E.02267
G1 X99.4 Y91.629 E.02285
G1 X100.481 Y91.046 E.03389
G1 X101.6 Y90.524 E.03407
G1 X102.36 Y90.214 E.02264
G1 X103.525 Y89.803 E.0341
G1 X104.312 Y89.567 E.02267
G1 X105.108 Y89.362 E.02267
G1 X106.317 Y89.112 E.03407
G1 X107.539 Y88.933 E.03407
G1 X108.362 Y88.853 E.02282
G1 X109.59 Y88.794 E.03392
G1 X110.411 Y88.794 E.02267
G1 X111.232 Y88.826 E.02267
G1 X112.463 Y88.934 E.0341
G1 X113.276 Y89.045 E.02264
G1 X114.491 Y89.271 E.0341
G1 X115.296 Y89.462 E.02282
G1 X116.477 Y89.803 E.03392
G1 X117.253 Y90.069 E.02264
G1 X118.402 Y90.525 E.0341
G1 X119.149 Y90.865 E.02264
G1 X120.248 Y91.43 E.0341
G1 X120.958 Y91.84 E.02264
G1 X122.292 Y92.724 E.04414
G1 X123.121 Y93.341 E.02852
G1 X124.005 Y94.073 E.03165
G1 X124.665 Y94.682 E.02478
G1 X125.652 Y95.697 E.03908
G1 X126.315 Y96.45 E.02769
G1 X126.934 Y97.239 E.02765
G1 X127.535 Y98.069 E.02829
G1 X128.05 Y98.867 E.02619
G1 X128.551 Y99.734 E.02765
G1 X129.032 Y100.649 E.02851
G1 X129.505 Y101.673 E.03111
G1 X129.831 Y102.487 E.02422
G1 X130.22 Y103.6 E.03252
G1 X130.449 Y104.373 E.02223
G1 X130.685 Y105.336 E.02737
G1 X130.901 Y106.41 E.03022
G1 X131.076 Y107.602 E.03324
G1 X131.082 Y107.681 E.00221
G1 E-1 F2400
;WIPE_START
G1 F12000
G1 X131.166 Y108.761
G1 X131.206 Y109.668
G1 X131.206 Y109.677
;WIPE_END
G1 Z.8 F24000
G1 X97.323 Y101.662 Z.8
G1 Z.6
G1 E1 F2700
M204 P5000
;TYPE:Inner wall
;WIDTH:0.449999
G1 F15074.133
G1 X97.727 Y101.078 E.02116
G1 X98.16 Y100.51 E.02127
G1 X98.62 Y99.964 E.02127
G1 X99.105 Y99.44 E.02127
G1 X99.614 Y98.939 E.02127
G1 X100.145 Y98.462 E.02127
G1 X100.699 Y98.011 E.02127
G1 X101.274 Y97.587 E.02127
G1 X101.867 Y97.19 E.02127
G1 X102.447 Y96.841 E.02018
G1 X103.107 Y96.483 E.02236
G1 X103.751 Y96.173 E.02127
G1 X104.408 Y95.895 E.02127
G1 X105.078 Y95.647 E.02127
G1 X105.759 Y95.431 E.02127
G1 X106.449 Y95.248 E.02127
G1 X107.147 Y95.097 E.02128
G1 X108.198 Y94.934 E.03168
G1 X108.86 Y94.871 E.0198
G1 X109.629 Y94.831 E.02295
G1 X110.343 Y94.83 E.02127
G1 X110.897 Y94.856 E.0165
G1 X111.768 Y94.93 E.02604
G1 X112.367 Y95.014 E.01802
G1 X113.263 Y95.189 E.02721
G1 X114.241 Y95.431 E.03001
G1 X114.896 Y95.638 E.02046
G1 X115.566 Y95.884 E.02127
G1 X116.526 Y96.306 E.03122
G1 X117.369 Y96.739 E.02821
G1 X117.828 Y97.006 E.01584
G1 X118.611 Y97.509 E.02771
G1 X119.279 Y97.995 E.02461
G1 X119.834 Y98.444 E.02127
G1 X120.367 Y98.92 E.02128
G1 X121.086 Y99.642 E.03036
G1 X121.596 Y100.213 E.02281
G1 X122.015 Y100.735 E.01994
G1 X122.464 Y101.347 E.0226
G1 X122.857 Y101.943 E.02127
G1 X123.149 Y102.434 E.01702
G1 X123.558 Y103.187 E.02551
G1 X123.863 Y103.832 E.02127
G1 X124.138 Y104.491 E.02127
G1 X124.382 Y105.163 E.02127
G1 X124.593 Y105.845 E.02127
G1 X124.773 Y106.536 E.02127
G1 X124.923 Y107.251 E.02178
G1 X125.076 Y108.287 E.03118
G1 X125.126 Y108.844 E.01665
G1 X125.171 Y109.719 E.0261
G1 X125.168 Y110.332 E.01828
G1 X125.099 Y111.494 E.03468
G1 X125.012 Y112.21 E.02148
G1 X124.891 Y112.914 E.02127
G1 X124.737 Y113.611 E.02127
G1 X124.551 Y114.301 E.02127
G1 X124.333 Y114.98 E.02127
G1 X124.083 Y115.649 E.02127
G1 X123.801 Y116.306 E.02127
G1 X123.489 Y116.948 E.02128
G1 X122.969 Y117.876 E.03168
G1 X122.58 Y118.483 E.02148
G1 X122.167 Y119.066 E.02127
G1 X121.727 Y119.628 E.02127
G1 X121.261 Y120.169 E.02127
G1 X120.77 Y120.688 E.02127
G1 X120.393 Y121.051 E.01559
G1 X119.718 Y121.653 E.02694
G1 X119.277 Y122.004 E.01679
G1 X118.58 Y122.515 E.02575
G1 X117.58 Y123.14 E.03513
G1 X116.793 Y123.558 E.02654
G1 X115.982 Y123.941 E.02672
G1 X115.484 Y124.144 E.01602
G1 X114.596 Y124.457 E.02803
G1 X114.086 Y124.609 E.01584
G1 X113.168 Y124.836 E.0282
G1 X112.639 Y124.938 E.01602
G1 X111.709 Y125.075 E.02802
G1 X111.173 Y125.124 E.01603
G1 X110.233 Y125.171 E.02803
G1 X109.136 Y125.145 E.03267
G1 X108.193 Y125.063 E.02821
G1 X107.666 Y124.989 E.01584
G1 X106.276 Y124.709 E.04225
G1 X105.614 Y124.526 E.02046
G1 X104.935 Y124.303 E.02127
G1 X104.268 Y124.049 E.02127
G1 X103.613 Y123.764 E.02128
G1 X102.665 Y123.282 E.03168
G1 X102.143 Y122.978 E.01799
G1 X101.443 Y122.53 E.02475
G1 X100.916 Y122.152 E.0193
G1 X100.303 Y121.67 E.02324
G1 X99.765 Y121.201 E.02127
G1 X99.249 Y120.707 E.02127
G1 X98.757 Y120.19 E.02127
G1 X98.007 Y119.289 E.0349
G1 X97.452 Y118.53 E.02803
G1 X96.888 Y117.621 E.03186
G1 X96.527 Y116.978 E.02195
G1 X96.21 Y116.33 E.02148
G1 X95.928 Y115.675 E.02127
G1 X95.676 Y115.006 E.02127
G1 X95.457 Y114.327 E.02127
G1 X95.269 Y113.638 E.02127
G1 X95.114 Y112.941 E.02127
G1 X94.992 Y112.237 E.02127
G1 X94.877 Y111.189 E.0314
G1 X94.831 Y110.25 E.02803
G1 X94.833 Y109.701 E.01634
G1 X94.887 Y108.649 E.03137
G1 X94.963 Y107.967 E.02046
G1 X95.076 Y107.261 E.02128
G1 X95.305 Y106.222 E.03168
G1 X95.5 Y105.528 E.02148
G1 X95.727 Y104.851 E.02127
G1 X95.985 Y104.185 E.02127
G1 X96.274 Y103.532 E.02127
G1 X96.593 Y102.894 E.02127
G1 X96.943 Y102.271 E.02127
G1 X97.301 Y101.696 E.02019
G1 X97.671 Y101.884 F24000
M204 P4000
;TYPE:Outer wall
;WIDTH:0.419999
G1 F12000
G1 X98.067 Y101.313 E.01917
G1 X98.489 Y100.762 E.01917
G1 X98.936 Y100.23 E.01916
G1 X99.408 Y99.721 E.01917
G1 X99.903 Y99.234 E.01917
G1 X100.421 Y98.771 E.01917
G1 X100.96 Y98.332 E.01916
G1 X101.519 Y97.92 E.01917
G1 X102.097 Y97.534 E.01917
G1 X102.66 Y97.195 E.01815
G1 X103.303 Y96.847 E.02018
G1 X103.93 Y96.546 E.01917
G1 X104.569 Y96.275 E.01917
G1 X105.221 Y96.035 E.01917
G1 X105.883 Y95.826 E.01916
G1 X106.555 Y95.648 E.01917
G1 X107.234 Y95.502 E.01917
G1 X108.261 Y95.343 E.02868
G1 X108.899 Y95.282 E.01767
G1 X109.649 Y95.244 E.02072
G1 X110.343 Y95.244 E.01917
G1 X110.877 Y95.269 E.01474
G1 X111.729 Y95.342 E.02358
G1 X112.308 Y95.424 E.01615
G1 X113.181 Y95.594 E.02453
G1 X114.109 Y95.824 E.02638
G1 X114.772 Y96.033 E.01916
G1 X115.423 Y96.273 E.01917
G1 X116.063 Y96.543 E.01917
G1 X116.69 Y96.843 E.01917
G1 X117.615 Y97.361 E.02925
G1 X118.381 Y97.853 E.02513
G1 X119.034 Y98.328 E.02226
G1 X119.573 Y98.765 E.01916
G1 X120.091 Y99.228 E.01917
G1 X120.793 Y99.934 E.02745
G1 X121.286 Y100.487 E.02045
G1 X121.693 Y100.994 E.01794
G1 X122.13 Y101.59 E.02039
G1 X122.512 Y102.17 E.01917
G1 X122.794 Y102.645 E.01523
G1 X123.193 Y103.381 E.02309
G1 X123.489 Y104.009 E.01917
G1 X123.756 Y104.65 E.01917
G1 X123.993 Y105.303 E.01917
G1 X124.198 Y105.967 E.01916
G1 X124.372 Y106.639 E.01916
G1 X124.516 Y107.324 E.01931
G1 X124.667 Y108.347 E.02854
G1 X124.715 Y108.88 E.01475
G1 X124.758 Y109.736 E.02364
G1 X124.754 Y110.33 E.01639
G1 X124.687 Y111.468 E.03145
G1 X124.601 Y112.159 E.01923
G1 X124.483 Y112.844 E.01917
G1 X124.334 Y113.522 E.01917
G1 X124.152 Y114.192 E.01917
G1 X123.939 Y114.854 E.01917
G1 X123.695 Y115.504 E.01917
G1 X123.421 Y116.142 E.01916
G1 X123.117 Y116.767 E.01917
G1 X122.608 Y117.673 E.02868
G1 X122.232 Y118.26 E.01923
G1 X121.83 Y118.826 E.01917
G1 X121.402 Y119.373 E.01917
G1 X120.948 Y119.899 E.01916
G1 X120.47 Y120.403 E.01917
G1 X120.107 Y120.752 E.01391
G1 X119.446 Y121.341 E.02442
G1 X119.02 Y121.68 E.01502
G1 X118.338 Y122.179 E.02331
G1 X117.371 Y122.783 E.03147
G1 X116.605 Y123.19 E.02392
G1 X115.816 Y123.562 E.02408
G1 X115.336 Y123.758 E.01431
G1 X114.467 Y124.064 E.02543
G1 X113.976 Y124.21 E.01414
G1 X113.076 Y124.433 E.02558
G1 X112.567 Y124.531 E.01431
G1 X111.655 Y124.665 E.02541
G1 X111.139 Y124.712 E.01431
G1 X110.218 Y124.757 E.02542
G1 X109.161 Y124.732 E.02919
G1 X108.237 Y124.652 E.02559
G1 X107.729 Y124.58 E.01414
G1 X106.856 Y124.412 E.02453
G1 X105.724 Y124.127 E.03221
G1 X105.064 Y123.91 E.01917
G1 X104.415 Y123.663 E.01917
G1 X103.779 Y123.385 E.01917
G1 X102.852 Y122.914 E.02868
G1 X102.352 Y122.621 E.016
G1 X101.668 Y122.183 E.02239
G1 X101.158 Y121.817 E.01734
G1 X100.56 Y121.346 E.02099
G1 X100.037 Y120.89 E.01917
G1 X99.535 Y120.409 E.01916
G1 X99.057 Y119.905 E.01917
G1 X98.333 Y119.034 E.03125
G1 X97.789 Y118.29 E.02542
G1 X97.502 Y117.846 E.01459
G1 X96.887 Y116.776 E.03405
G1 X96.582 Y116.149 E.01923
G1 X96.308 Y115.511 E.01916
G1 X96.063 Y114.861 E.01917
G1 X95.85 Y114.2 E.01917
G1 X95.668 Y113.53 E.01917
G1 X95.518 Y112.851 E.01917
G1 X95.4 Y112.167 E.01917
G1 X95.314 Y111.478 E.01917
G1 X95.261 Y110.785 E.01917
G1 X95.245 Y110.237 E.01512
G1 X95.266 Y109.18 E.02919
G1 X95.347 Y108.256 E.02559
G1 X95.417 Y107.748 E.01414
G1 X95.709 Y106.309 E.04051
G1 X95.898 Y105.641 E.01916
G1 X96.119 Y104.983 E.01917
G1 X96.37 Y104.335 E.01917
G1 X96.652 Y103.7 E.01917
G1 X96.963 Y103.079 E.01917
G1 X97.303 Y102.474 E.01917
G1 X97.65 Y101.918 E.01806
G1 E-1 F2400
;WIPE_START
G1 F12000
G1 X98.067 Y101.313
G1 X98.489 Y100.762
G1 X98.856 Y100.325
;WIPE_END
G1 Z.8 F24000
G1 X100.571 Y93.681 Z.8
G1 Z.6
G1 E1 F2700
M204 P5000
;TYPE:Internal solid infill
;WIDTH:0.389344
G1 F17713.474
G1 X101.543 Y93.156 E.02799
G1 X102.476 Y92.717 E.02614
G1 X103.203 Y92.419 E.01992
G1 X104.05 Y92.115 E.0228
G1 X104.867 Y91.862 E.02167
G1 X105.645 Y91.66 E.02038
G1 X106.496 Y91.48 E.02204
G1 X107.327 Y91.342 E.02137
G1 X108.091 Y91.248 E.01951
G1 X107.776 Y90.932 E.0113
G1 X106.667 Y91.095 E.02842
G1 X105.661 Y91.301 E.02603
G1 X104.855 Y91.505 E.02107
G1 X104.153 Y91.715 E.01858
G1 X103.199 Y92.05 E.02563
G1 X102.41 Y92.367 E.02155
G1 X101.622 Y92.732 E.02201
G1 X100.858 Y93.126 E.02181
G1 X100.401 Y93.376 E.01318
G1 X99.327 Y94.046 E.0321
G1 X98.24 Y94.828 E.03394
G1 X97.672 Y95.285 E.01849
G1 X96.83 Y96.034 E.02855
G1 X96.105 Y96.756 E.02595
G1 X95.528 Y97.395 E.02182
G1 X94.598 Y98.542 E.03743
G1 X94.178 Y99.13 E.01833
G1 X93.561 Y100.087 E.02885
G1 X93.2 Y100.713 E.01832
G1 X92.702 Y101.678 E.02753
G1 X92.374 Y102.393 E.01994
G1 X92.097 Y103.072 E.01858
G1 X91.744 Y104.067 E.02677
G1 X91.5 Y104.892 E.0218
G1 X91.287 Y105.725 E.02178
G1 X91.027 Y107.082 E.03503
G1 X91.332 Y107.387 E.01094
G1 X91.444 Y106.694 E.0178
G1 X91.581 Y105.996 E.01801
G1 X91.747 Y105.303 E.01807
G1 X92.051 Y104.241 E.02799
G1 X92.328 Y103.445 E.02138
G1 X92.638 Y102.661 E.02136
G1 X92.983 Y101.891 E.02137
G1 X93.364 Y101.14 E.02136
G1 X93.776 Y100.404 E.02137
G1 X94.222 Y99.689 E.02137
G1 X94.698 Y98.994 E.02136
G1 X95.206 Y98.321 E.02136
G1 X95.563 Y97.884 E.0143
G1 X96.291 Y97.062 E.02785
G1 X96.901 Y96.447 E.02194
G1 X97.529 Y95.867 E.02167
G1 X98.164 Y95.33 E.02107
G1 X98.831 Y94.817 E.02135
G1 X99.35 Y94.449 E.01612
G1 X99.951 Y94.055 E.01821
G1 X100.537 Y93.701 E.01736
G1 X100.759 Y94.009 F24000
;WIDTH:0.449999
G1 F15074.133
G1 X101.716 Y93.492 E.03239
G1 X102.633 Y93.059 E.03022
G1 X103.345 Y92.768 E.02291
G1 X104.176 Y92.469 E.02629
G1 X104.977 Y92.223 E.02496
G1 X105.739 Y92.025 E.02345
G1 X106.573 Y91.847 E.0254
G1 X107.388 Y91.712 E.02461
G1 X108.208 Y91.614 E.02461
G1 X108.937 Y91.559 E.02175
G1 X107.917 Y90.54 E.04294
G1 X106.601 Y90.723 E.03959
G1 X105.477 Y90.955 E.03418
G1 X104.751 Y91.142 E.02234
G1 X104.032 Y91.357 E.02235
G1 X102.941 Y91.742 E.03445
G1 X102.255 Y92.023 E.02208
G1 X101.215 Y92.508 E.03418
G1 X100.21 Y93.049 E.034
G1 X99.562 Y93.44 E.02254
G1 X98.936 Y93.852 E.02235
G1 X98.006 Y94.53 E.03426
G1 X97.424 Y94.999 E.02227
G1 X96.567 Y95.762 E.03417
G1 X95.762 Y96.567 E.03392
G1 X95.005 Y97.418 E.03392
G1 X94.293 Y98.318 E.03418
G1 X93.862 Y98.921 E.02208
G1 X93.236 Y99.893 E.03445
G1 X92.866 Y100.535 E.02207
G1 X92.336 Y101.564 E.03445
G1 X92.026 Y102.247 E.02234
G1 X91.742 Y102.941 E.02235
G1 X91.36 Y104.023 E.03418
G1 X91.043 Y105.12 E.034
G1 X90.871 Y105.847 E.02227
G1 X90.629 Y107.218 E.04144
G1 X91.617 Y108.205 E.0416
M73 P18 R5
G1 X91.688 Y107.568 E.01911
G1 X91.815 Y106.752 E.0246
G1 X91.952 Y106.072 E.02067
G1 X92.114 Y105.395 E.02073
G1 X92.412 Y104.349 E.03239
G1 X92.683 Y103.568 E.02462
G1 X92.987 Y102.8 E.0246
G1 X93.327 Y102.046 E.02462
G1 X93.699 Y101.309 E.0246
G1 X94.104 Y100.589 E.02462
G1 X94.54 Y99.888 E.02461
G1 X95.008 Y99.207 E.0246
G1 X95.505 Y98.548 E.0246
G1 X95.854 Y98.126 E.0163
G1 X96.571 Y97.315 E.03223
G1 X97.167 Y96.712 E.02528
G1 X97.783 Y96.143 E.02496
G1 X98.406 Y95.618 E.02426
G1 X99.06 Y95.115 E.02459
G1 X100.153 Y94.374 E.03933
G1 X100.725 Y94.029 E.01989
G1 X100.962 Y94.362 F24000
G1 F15074.133
G1 X101.902 Y93.854 E.03184
G1 X102.803 Y93.429 E.02968
G1 X103.499 Y93.145 E.02237
G1 X104.312 Y92.852 E.02575
G1 X105.096 Y92.612 E.02442
G1 X105.841 Y92.42 E.02291
G1 X106.657 Y92.246 E.02486
G1 X107.454 Y92.114 E.02407
G1 X108.256 Y92.018 E.02407
G1 X109.062 Y91.958 E.02406
G1 X109.887 Y91.934 E.02459
G1 X108.07 Y90.117 E.07654
G1 X106.53 Y90.322 E.04627
G1 X105.385 Y90.558 E.03483
G1 X104.641 Y90.75 E.02287
G1 X103.906 Y90.97 E.02288
G1 X102.797 Y91.362 E.03504
G1 X102.092 Y91.65 E.02267
G1 X101.032 Y92.144 E.03483
G1 X100.008 Y92.696 E.03464
G1 X99.345 Y93.096 E.02307
G1 X98.704 Y93.518 E.02288
G1 X97.759 Y94.207 E.03485
G1 X97.161 Y94.689 E.02286
G1 X96.288 Y95.466 E.03482
G1 X95.466 Y96.288 E.03462
G1 X94.693 Y97.156 E.03462
G1 X93.968 Y98.073 E.03483
G1 X93.525 Y98.692 E.02267
G1 X92.889 Y99.681 E.03504
G1 X92.508 Y100.34 E.02266
G1 X91.97 Y101.386 E.03504
G1 X91.652 Y102.085 E.02287
G1 X91.362 Y102.797 E.02288
G1 X90.972 Y103.899 E.03483
G1 X90.65 Y105.017 E.03465
G1 X90.472 Y105.763 E.02285
G1 X90.257 Y106.917 E.03497
G1 X90.199 Y107.364 E.01341
G1 X91.957 Y109.121 E.07402
G1 X92.003 Y108.416 E.02105
G1 X92.092 Y107.613 E.02407
G1 X92.217 Y106.815 E.02405
G1 X92.351 Y106.153 E.02013
G1 X92.509 Y105.493 E.02019
G1 X92.802 Y104.465 E.03185
G1 X93.067 Y103.701 E.02408
G1 X93.366 Y102.951 E.02406
G1 X93.698 Y102.214 E.02407
G1 X94.062 Y101.493 E.02405
G1 X94.458 Y100.789 E.02407
G1 X94.886 Y100.103 E.02406
G1 X95.343 Y99.438 E.02405
G1 X95.83 Y98.793 E.02406
G1 X96.872 Y97.589 E.04744
G1 X97.456 Y96.998 E.02474
G1 X98.059 Y96.443 E.02441
G1 X98.668 Y95.93 E.02372
G1 X99.308 Y95.437 E.02405
G1 X100.371 Y94.718 E.03824
G1 X100.927 Y94.382 E.01935
G1 X101.164 Y94.715 F24000
G1 F15074.133
G1 X102.089 Y94.215 E.0313
G1 X102.974 Y93.799 E.02914
G1 X103.652 Y93.522 E.02182
G1 X104.449 Y93.236 E.02521
G1 X105.215 Y93.001 E.02387
G1 X105.942 Y92.814 E.02238
G1 X106.741 Y92.644 E.02432
G1 X107.52 Y92.516 E.02353
G1 X108.304 Y92.422 E.02352
G1 X109.092 Y92.364 E.02351
G1 X109.881 Y92.341 E.02352
G1 X110.896 Y92.367 E.03023
G1 X108.231 Y89.702 E.11223
G1 X107.668 Y89.745 E.01682
G1 X106.46 Y89.921 E.03638
G1 X105.293 Y90.162 E.03548
G1 X104.532 Y90.358 E.0234
G1 X103.779 Y90.583 E.02341
G1 X102.652 Y90.981 E.03562
G1 X101.929 Y91.276 E.02326
G1 X100.849 Y91.78 E.03548
G1 X99.807 Y92.342 E.03529
G1 X99.128 Y92.751 E.0236
G1 X98.472 Y93.183 E.02341
G1 X97.511 Y93.884 E.03543
G1 X96.898 Y94.378 E.02345
G1 X96.008 Y95.17 E.03547
G1 X95.17 Y96.008 E.03533
G1 X94.381 Y96.894 E.03533
G1 X93.642 Y97.828 E.03547
G1 X93.188 Y98.464 E.02326
G1 X92.541 Y99.469 E.03563
G1 X92.151 Y100.145 E.02325
G1 X91.603 Y101.209 E.03563
G1 X91.278 Y101.924 E.0234
G1 X90.981 Y102.652 E.02341
G1 X90.585 Y103.775 E.03548
G1 X90.256 Y104.913 E.03529
G1 X90.074 Y105.679 E.02344
G1 X89.855 Y106.854 E.0356
G1 X89.77 Y107.51 E.01971
G1 X92.342 Y110.082 E.10834
G1 X92.357 Y109.231 E.02535
G1 X92.409 Y108.443 E.02353
G1 X92.497 Y107.658 E.02352
G1 X92.619 Y106.878 E.02351
G1 X92.904 Y105.592 E.03923
G1 X93.192 Y104.582 E.03131
G1 X93.452 Y103.835 E.02354
G1 X93.744 Y103.102 E.02352
G1 X94.069 Y102.381 E.02353
G1 X94.425 Y101.677 E.02351
G1 X94.813 Y100.989 E.02353
G1 X95.231 Y100.319 E.02352
G1 X95.678 Y99.669 E.02351
G1 X96.154 Y99.039 E.02352
G1 X97.174 Y97.863 E.04636
G1 X97.745 Y97.285 E.0242
G1 X98.334 Y96.742 E.02387
G1 X98.93 Y96.241 E.02319
G1 X99.556 Y95.76 E.02351
G1 X100.59 Y95.062 E.03716
G1 X101.13 Y94.736 E.01881
G1 X89.486 Y107.753 F24000
;WIDTH:0.462854
G1 F14612.685
G1 X92.352 Y110.62 E.12455
G1 X92.385 Y111.246 E.01928
G1 X89.585 Y108.446 E.1217
G1 X89.55 Y109.005 E.01721
G1 X92.443 Y111.898 E.12576
G1 X92.531 Y112.58 E.02111
G1 X89.533 Y109.582 E.13028
G1 X89.537 Y110.18 E.01837
G1 X92.651 Y113.294 E.13534
G1 X92.812 Y114.048 E.02369
G1 X89.558 Y110.795 E.14137
G1 X89.596 Y111.427 E.01944
G1 X93.021 Y114.852 E.14883
G1 X93.292 Y115.717 E.02785
G1 X89.657 Y112.082 E.15795
G1 X89.746 Y112.764 E.02114
G1 X93.648 Y116.666 E.16957
G1 X94.128 Y117.74 E.03615
G1 X89.861 Y113.473 E.18545
G1 X90.011 Y114.217 E.02334
G1 X95.402 Y119.608 E.23425
G1 E-1 F2400
;WIPE_START
G1 F12000
G1 X93.987 Y118.193
;WIPE_END
G1 Z.8 F24000
G1 X109.19 Y127.457 Z.8
G1 Z.6
G1 E1 F2700
G1 F14612.685
G1 X112.106 Y130.373 E.12672
G1 X111.557 Y130.419 E.0169
G1 X108.754 Y127.615 E.12182
G1 X108.101 Y127.556 E.02015
G1 X110.991 Y130.446 E.12558
G1 X110.418 Y130.467 E.01763
G1 X107.42 Y127.469 E.13025
G1 X106.706 Y127.349 E.02224
G1 X109.821 Y130.464 E.13536
G1 X109.208 Y130.445 E.01885
G1 X105.952 Y127.189 E.14147
G1 X105.149 Y126.98 E.02551
G1 X108.573 Y130.403 E.14878
G1 X107.917 Y130.341 E.02025
G1 X104.283 Y126.707 E.15791
G1 X103.335 Y126.353 E.0311
G1 X107.239 Y130.258 E.16966
G1 X106.527 Y130.139 E.02219
G1 X102.261 Y125.873 E.18536
G1 X101.577 Y125.521 E.02366
G1 X100.968 Y125.174 E.02151
G1 X105.784 Y129.99 E.20926
G1 X105.381 Y129.905 E.01265
G1 X105.336 Y129.949 E.00194
G1 X105.091 Y129.891 E.00774
G1 X90.196 Y114.996 E.64729
G1 X90.292 Y115.386 E.01237
G1 X90.245 Y115.434 E.00207
G1 X90.327 Y115.721 E.00918
G1 X104.271 Y129.665 E.60593
G1 X103.744 Y129.512 E.01686
G1 X103.405 Y129.393 E.01103
G1 X90.607 Y116.595 E.55614
G1 X90.944 Y117.525 E.0304
G1 X102.475 Y129.057 E.50111
G1 X101.436 Y128.612 E.03473
G1 X91.399 Y118.574 E.43619
G1 X91.689 Y119.196 E.0211
G1 X91.995 Y119.764 E.01983
G1 X100.247 Y128.016 E.35858
G1 X99.416 Y127.546 E.02932
G1 X98.761 Y127.124 E.02396
G1 X92.861 Y121.224 E.25636
M73 P19 R5
G1 X93.099 Y121.586 E.01331
G1 X93.803 Y122.551 E.0367
G1 X94.3 Y123.168 E.02434
G1 X95.022 Y123.98 E.03338
G1 X97.519 Y126.476 E.10851
G1 X112.609 Y128.666 F24000
;WIDTH:0.389178
G1 F17721.96
G1 X112.912 Y128.968 E.01084
G1 X114.05 Y128.765 E.02928
G1 X114.963 Y128.541 E.02384
G1 X115.789 Y128.303 E.02178
G1 X116.601 Y128.021 E.02177
G1 X117.402 Y127.711 E.02176
G1 X118.185 Y127.358 E.02176
G1 X118.945 Y126.98 E.02151
G1 X119.599 Y126.625 E.01885
G1 X120.233 Y126.242 E.01877
G1 X120.845 Y125.839 E.01857
G1 X121.76 Y125.173 E.02868
G1 X122.328 Y124.715 E.01848
G1 X123.133 Y124.001 E.02726
G1 X123.745 Y123.395 E.02183
G1 X124.702 Y122.343 E.03602
G1 X125.402 Y121.459 E.02859
G1 X125.823 Y120.87 E.01832
G1 X126.374 Y120.016 E.02576
G1 X126.801 Y119.288 E.02139
G1 X127.202 Y118.512 E.02213
G1 X127.569 Y117.735 E.02177
G1 X127.893 Y116.939 E.02176
G1 X128.189 Y116.133 E.02176
G1 X128.59 Y114.788 E.03556
G1 X128.758 Y114.078 E.01847
G1 X128.968 Y112.956 E.02894
G1 X129.067 Y112.224 E.01871
G1 X128.754 Y111.911 E.01122
G1 X128.658 Y112.683 E.01971
G1 X128.518 Y113.514 E.02135
G1 X128.341 Y114.35 E.02166
G1 X128.13 Y115.154 E.02105
G1 X127.944 Y115.767 E.01624
G1 X127.715 Y116.436 E.01791
G1 X127.302 Y117.479 E.02843
G1 X127.008 Y118.122 E.01791
G1 X126.537 Y119.047 E.02629
G1 X126.143 Y119.732 E.02004
G1 X125.662 Y120.487 E.02267
G1 X125.179 Y121.177 E.02135
G1 X124.663 Y121.844 E.02136
G1 X124.118 Y122.487 E.02136
G1 X123.708 Y122.935 E.01538
G1 X122.948 Y123.7 E.02733
G1 X122.312 Y124.272 E.02166
G1 X121.672 Y124.801 E.02106
G1 X120.998 Y125.307 E.02134
G1 X120.304 Y125.784 E.02135
G1 X119.587 Y126.229 E.02137
G1 X118.841 Y126.646 E.02166
G1 X118.099 Y127.02 E.02106
G1 X117.453 Y127.312 E.01796
G1 X116.793 Y127.581 E.01807
G1 X115.75 Y127.952 E.02803
G1 X115.063 Y128.156 E.01815
G1 X114.112 Y128.395 E.02487
G1 X113.297 Y128.56 E.02106
G1 X112.649 Y128.659 E.01662
G1 E-1 F2400
;WIPE_START
G1 F12000
G1 X113.297 Y128.56
G1 X114.112 Y128.395
G1 X114.609 Y128.27
;WIPE_END
G1 Z.8 F24000
G1 X126.593 Y116.032 Z.8
G1 Z.6
G1 E1 F2700
;WIDTH:0.449999
G1 F15074.133
G1 X126.2 Y117.026 E.03183
G1 X125.927 Y117.62 E.01946
G1 X125.481 Y118.497 E.02932
G1 X125.111 Y119.136 E.02198
G1 X124.66 Y119.846 E.02506
G1 X124.205 Y120.491 E.02351
G1 X123.722 Y121.116 E.02353
G1 X123.211 Y121.718 E.02352
G1 X122.835 Y122.124 E.0165
G1 X122.112 Y122.851 E.03054
G1 X121.517 Y123.387 E.02386
G1 X120.916 Y123.882 E.02319
G1 X120.284 Y124.356 E.02351
G1 X119.632 Y124.801 E.02352
G1 X118.961 Y125.217 E.02353
G1 X118.261 Y125.608 E.02386
G1 X117.566 Y125.957 E.02319
G1 X116.967 Y126.224 E.01953
G1 X116.355 Y126.472 E.01965
G1 X115.363 Y126.825 E.03137
G1 X114.727 Y127.012 E.01975
G1 X113.828 Y127.239 E.02763
G1 X113.065 Y127.391 E.02318
G1 X112.284 Y127.511 E.02351
G1 X111.499 Y127.596 E.02353
G1 X110.711 Y127.645 E.02352
G1 X109.921 Y127.66 E.02353
G1 X112.493 Y130.233 E.10835
G1 X113.539 Y130.08 E.03151
G1 X114.312 Y129.928 E.02345
G1 X115.473 Y129.641 E.03562
G1 X116.221 Y129.417 E.02326
G1 X117.342 Y129.021 E.03544
G1 X118.071 Y128.724 E.02345
G1 X119.151 Y128.22 E.03547
G1 X120.193 Y127.658 E.03529
G1 X120.872 Y127.249 E.0236
G1 X121.528 Y126.817 E.02341
G1 X122.489 Y126.116 E.03543
G1 X123.102 Y125.622 E.02345
G1 X123.992 Y124.83 E.03547
G1 X124.83 Y123.992 E.03533
G1 X125.619 Y123.106 E.03533
G1 X126.358 Y122.172 E.03547
G1 X126.812 Y121.536 E.02326
G1 X127.459 Y120.531 E.03563
G1 X127.849 Y119.855 E.02325
G1 X128.397 Y118.791 E.03563
G1 X128.72 Y118.08 E.02325
G1 X129.161 Y116.969 E.03563
G1 X129.414 Y116.23 E.02326
G1 X129.744 Y115.087 E.03544
G1 X129.926 Y114.321 E.02344
G1 X130.145 Y113.146 E.03562
G1 X130.251 Y112.372 E.02326
G1 X130.303 Y111.77 E.01799
G1 X127.633 Y109.104 E.11242
G1 X127.658 Y110.177 E.03198
G1 X127.633 Y110.966 E.02352
G1 X127.572 Y111.754 E.02352
G1 X127.476 Y112.538 E.02353
G1 X127.345 Y113.316 E.02351
G1 X127.177 Y114.1 E.02387
G1 X126.98 Y114.852 E.02318
G1 X126.606 Y115.994 E.03578
G1 X126.976 Y116.17 F24000
G1 F15074.133
G1 X126.577 Y117.181 E.03238
G1 X126.297 Y117.791 E.02001
G1 X125.842 Y118.685 E.02987
G1 X125.464 Y119.339 E.02252
G1 X125.003 Y120.065 E.0256
G1 X124.538 Y120.725 E.02405
G1 X124.044 Y121.365 E.02407
G1 X123.522 Y121.981 E.02407
G1 X123.133 Y122.401 E.01704
G1 X122.398 Y123.141 E.03108
G1 X121.789 Y123.69 E.02441
G1 X121.174 Y124.196 E.02372
G1 X120.529 Y124.681 E.02405
G1 X119.862 Y125.137 E.02406
G1 X119.175 Y125.563 E.02407
G1 X118.46 Y125.963 E.0244
G1 X117.748 Y126.321 E.02372
G1 X117.133 Y126.596 E.02007
G1 X116.505 Y126.851 E.0202
G1 X115.496 Y127.21 E.03191
G1 X114.842 Y127.403 E.0203
G1 X113.925 Y127.635 E.02818
G1 X113.144 Y127.791 E.02372
G1 X112.346 Y127.913 E.02405
G1 X111.543 Y128 E.02407
G1 X110.878 Y128.042 E.01983
G1 X112.636 Y129.8 E.07405
G1 X113.471 Y129.678 E.02512
G1 X114.224 Y129.53 E.02286
G1 X115.365 Y129.248 E.03503
G1 X116.094 Y129.03 E.02267
G1 X117.198 Y128.64 E.03485
G1 X117.908 Y128.35 E.02286
G1 X118.968 Y127.856 E.03483
G1 X119.992 Y127.304 E.03464
G1 X120.655 Y126.904 E.02307
G1 X121.296 Y126.482 E.02288
G1 X122.241 Y125.793 E.03485
G1 X122.839 Y125.311 E.02286
G1 X123.712 Y124.534 E.03482
G1 X124.534 Y123.712 E.03462
G1 X125.307 Y122.844 E.03462
G1 X126.032 Y121.927 E.03483
G1 X126.475 Y121.308 E.02267
G1 X127.111 Y120.319 E.03504
G1 X127.492 Y119.66 E.02266
G1 X128.03 Y118.614 E.03504
G1 X128.345 Y117.921 E.02267
G1 X128.779 Y116.828 E.03504
G1 X129.026 Y116.108 E.02267
G1 X129.35 Y114.983 E.03485
G1 X129.528 Y114.237 E.02285
G1 X129.743 Y113.081 E.03503
G1 X129.846 Y112.327 E.02267
G1 X129.881 Y111.928 E.01193
G1 X128.065 Y110.112 E.0765
G1 X128.04 Y110.98 E.02587
G1 X127.978 Y111.785 E.02406
G1 X127.88 Y112.587 E.02407
G1 X127.747 Y113.384 E.02406
G1 X127.575 Y114.185 E.02441
G1 X127.373 Y114.956 E.02372
G1 X126.989 Y116.132 E.03687
G1 X127.359 Y116.308 F24000
G1 F15074.133
G1 X126.953 Y117.336 E.03292
G1 X126.666 Y117.963 E.02055
G1 X126.203 Y118.873 E.03041
G1 X125.816 Y119.543 E.02306
G1 X125.346 Y120.284 E.02615
G1 X124.871 Y120.96 E.0246
G1 X124.366 Y121.614 E.02462
G1 X123.832 Y122.245 E.02461
G1 X123.431 Y122.678 E.01758
G1 X122.683 Y123.431 E.03162
G1 X122.061 Y123.992 E.02495
G1 X121.433 Y124.511 E.02426
G1 X120.773 Y125.007 E.02459
G1 X120.091 Y125.473 E.02461
G1 X119.389 Y125.909 E.02462
G1 X118.658 Y126.319 E.02495
G1 X117.93 Y126.684 E.02426
G1 X117.299 Y126.968 E.02061
G1 X116.654 Y127.229 E.02074
G1 X115.628 Y127.595 E.03245
G1 X114.957 Y127.794 E.02084
G1 X114.022 Y128.03 E.02873
G1 X113.223 Y128.19 E.02426
G1 X112.407 Y128.316 E.02459
G1 X111.794 Y128.383 E.01838
G1 X112.779 Y129.368 E.0415
G1 X113.402 Y129.277 E.01874
G1 X114.135 Y129.133 E.02227
G1 X115.258 Y128.855 E.03444
G1 X115.968 Y128.643 E.02208
G1 X117.053 Y128.26 E.03427
G1 X117.745 Y127.977 E.02227
G1 X118.785 Y127.492 E.03418
G1 X119.79 Y126.951 E.034
G1 X120.438 Y126.56 E.02254
G1 X121.064 Y126.148 E.02235
G1 X121.994 Y125.47 E.03426
G1 X122.576 Y125.001 E.02227
G1 X123.433 Y124.238 E.03417
G1 X124.238 Y123.433 E.03392
G1 X124.995 Y122.582 E.03392
G1 X125.707 Y121.682 E.03418
G1 X126.138 Y121.079 E.02208
G1 X126.764 Y120.107 E.03445
G1 X127.134 Y119.465 E.02207
G1 X127.664 Y118.436 E.03445
G1 X127.97 Y117.761 E.02208
G1 X128.397 Y116.687 E.03445
G1 X128.637 Y115.985 E.02208
G1 X128.957 Y114.88 E.03427
G1 X129.129 Y114.153 E.02227
G1 X129.341 Y113.016 E.03444
G1 X129.459 Y112.081 E.02806
G1 X128.442 Y111.065 E.04283
G1 X128.384 Y111.817 E.02247
G1 X128.284 Y112.637 E.02462
G1 X128.148 Y113.451 E.0246
G1 X127.973 Y114.271 E.02496
G1 X127.767 Y115.059 E.02426
G1 X127.372 Y116.27 E.03795
G1 X127.709 Y99.339 F24000
;WIDTH:0.454789
G1 F14898.823
G1 X121.258 Y92.888 E.27492
G1 X120.584 Y92.454 E.02418
G1 X119.791 Y92.003 E.02749
G1 X127.984 Y100.196 E.3492
G1 X128.311 Y100.804 E.02079
G1 X128.576 Y101.371 E.01885
G1 X118.618 Y91.413 E.4244
G1 X118.12 Y91.187 E.01648
G1 X117.604 Y90.982 E.01673
G1 X129.028 Y102.406 E.48691
G1 X129.364 Y103.324 E.02947
G1 X116.669 Y90.629 E.5411
G1 X115.819 Y90.361 E.02684
G1 X129.646 Y104.188 E.58931
G1 X129.865 Y104.99 E.02507
G1 X115.007 Y90.132 E.63327
G1 X114.943 Y90.117 E.00199
G1 X114.897 Y90.163 E.00196
G1 X114.324 Y90.031 E.01774
G1 X119.25 Y94.957 E.20995
G1 X118.603 Y94.578 E.02257
G1 X117.933 Y94.223 E.02286
G1 X113.594 Y89.883 E.18495
G1 X112.891 Y89.763 E.02148
G1 X116.852 Y93.724 E.16881
G1 X115.902 Y93.357 E.03068
G1 X112.217 Y89.672 E.15705
G1 X111.572 Y89.609 E.01955
G1 X115.038 Y93.075 E.1477
G1 X114.237 Y92.857 E.02501
G1 X110.944 Y89.564 E.14035
G1 X110.335 Y89.537 E.01838
G1 X113.486 Y92.688 E.13433
G1 X112.776 Y92.561 E.02174
G1 X109.747 Y89.532 E.12911
G1 X109.18 Y89.547 E.0171
G1 X112.1 Y92.467 E.12444
G1 X111.451 Y92.4 E.01966
M73 P20 R5
G1 X108.478 Y89.427 E.12671
G1 X124.418 Y100.126 F24000
G1 F14898.823
G1 X129.964 Y105.671 E.23634
G1 X130.119 Y106.409 E.02274
G1 X125.776 Y102.065 E.18514
G1 X126.275 Y103.147 E.0359
G1 X130.235 Y107.108 E.16881
G1 X130.328 Y107.782 E.02053
G1 X126.643 Y104.098 E.15703
G1 X126.925 Y104.962 E.02738
G1 X130.396 Y108.434 E.14798
G1 X130.434 Y109.054 E.01873
G1 X127.143 Y105.762 E.14029
G1 X127.311 Y106.513 E.02319
G1 X130.462 Y109.664 E.13431
G1 X130.468 Y110.253 E.01774
G1 X127.439 Y107.224 E.12911
G1 X127.534 Y107.901 E.02061
G1 X130.456 Y110.823 E.12455
G1 X130.43 Y111.379 E.01678
G1 X127.397 Y108.347 E.12924
G1 E-1 F2400
;WIPE_START
G1 F12000
G1 X128.811 Y109.761
;WIPE_END
G1 Z.8 F24000
G1 X120.485 Y96.068 Z.8
G1 Z.6
G1 E1 F2700
;TYPE:Top surface
;WIDTH:0.42239
G1 F15000
G1 X123.929 Y99.512 E.13523
G1 X125.013 Y101.132 F24000
G1 F15000
G1 X118.866 Y94.986 E.24136
G1 X117.7 Y94.356 F24000
G1 F15000
G1 X125.646 Y102.302 E.31201
G1 X126.091 Y103.284 F24000
G1 F15000
G1 X116.715 Y93.908 E.36817
G1 X115.843 Y93.572 F24000
G1 F15000
G1 X126.429 Y104.158 E.41569
G1 X126.691 Y104.957 F24000
G1 F15000
G1 X115.043 Y93.309 E.45739
G1 X114.3 Y93.102 F24000
G1 F15000
G1 X118.464 Y97.267 E.16352
G1 X117.139 Y96.479 F24000
G1 F15000
G1 X113.6 Y92.94 E.13896
G1 X112.937 Y92.813 F24000
G1 F15000
G1 X116.105 Y95.981 E.12441
G1 X115.214 Y95.626 F24000
G1 F15000
G1 X112.304 Y92.716 E.11427
G1 X111.697 Y92.647 F24000
G1 F15000
G1 X114.409 Y95.358 E.10647
G1 X113.669 Y95.155 F24000
G1 F15000
G1 X111.113 Y92.599 E.10036
G1 X110.55 Y92.572 F24000
G1 F15000
G1 X112.987 Y95.01 E.09571
G1 X112.329 Y94.888 F24000
G1 F15000
G1 X110.004 Y92.564 E.09126
G1 X109.475 Y92.571 F24000
G1 F15000
G1 X111.707 Y94.803 E.08764
G1 X111.115 Y94.747 F24000
G1 F15000
G1 X108.962 Y92.595 E.08452
G1 X108.462 Y92.632 F24000
G1 F15000
G1 X110.55 Y94.719 E.08197
G1 X110.004 Y94.71 F24000
G1 F15000
G1 X107.975 Y92.681 E.07968
G1 X107.501 Y92.743 F24000
G1 F15000
G1 X109.476 Y94.718 E.07755
G1 X108.963 Y94.742 F24000
G1 F15000
G1 X107.038 Y92.817 E.07557
G1 X106.586 Y92.901 F24000
G1 F15000
G1 X108.471 Y94.787 E.07405
G1 X107.992 Y94.844 F24000
G1 F15000
G1 X106.143 Y92.996 E.07258
G1 X105.71 Y93.099 F24000
G1 F15000
G1 X107.527 Y94.916 E.07133
G1 X107.067 Y94.992 F24000
G1 F15000
G1 X105.286 Y93.212 E.0699
G1 X104.872 Y93.334 F24000
G1 F15000
G1 X106.624 Y95.087 E.06881
G1 X106.192 Y95.192 F24000
G1 F15000
G1 X104.466 Y93.465 E.0678
G1 X104.068 Y93.604 F24000
G1 F15000
G1 X105.768 Y95.304 E.06676
G1 X105.359 Y95.431 F24000
G1 F15000
G1 X103.678 Y93.75 E.06601
G1 X103.295 Y93.904 F24000
G1 F15000
G1 X104.955 Y95.564 E.06517
G1 X104.563 Y95.709 F24000
G1 F15000
G1 X102.92 Y94.066 E.06451
G1 X102.552 Y94.235 F24000
G1 F15000
G1 X104.178 Y95.861 E.06386
G1 X103.801 Y96.02 F24000
G1 F15000
G1 X102.191 Y94.41 E.06322
G1 X101.837 Y94.593 F24000
G1 F15000
G1 X103.436 Y96.191 E.06277
G1 X103.073 Y96.365 F24000
G1 F15000
G1 X101.49 Y94.782 E.06217
G1 X101.149 Y94.978 F24000
G1 F15000
G1 X102.724 Y96.553 E.06185
G1 X102.377 Y96.743 F24000
G1 F15000
G1 X100.814 Y95.18 E.06138
G1 X100.486 Y95.388 F24000
G1 F15000
G1 X102.042 Y96.944 E.0611
G1 X101.711 Y97.15 F24000
G1 F15000
G1 X100.164 Y95.603 E.06075
G1 X99.848 Y95.824 F24000
G1 F15000
G1 X101.389 Y97.365 E.06051
G1 X101.073 Y97.585 F24000
G1 F15000
G1 X99.539 Y96.051 E.06025
G1 X99.235 Y96.284 F24000
G1 F15000
G1 X100.764 Y97.813 E.06005
G1 X100.463 Y98.048 F24000
G1 F15000
G1 X98.937 Y96.523 E.05991
G1 X98.646 Y96.768 F24000
G1 F15000
G1 X100.167 Y98.289 E.05975
G1 X99.88 Y98.538 F24000
M73 P21 R5
G1 F15000
G1 X98.36 Y97.019 E.05968
G1 X98.08 Y97.275 F24000
G1 F15000
G1 X99.597 Y98.792 E.05957
G1 X99.323 Y99.055 F24000
G1 F15000
G1 X97.805 Y97.538 E.05959
G1 X97.537 Y97.806 F24000
G1 F15000
G1 X99.052 Y99.321 E.0595
G1 X98.793 Y99.599 F24000
G1 F15000
G1 X97.275 Y98.08 E.05964
G1 X97.018 Y98.36 F24000
G1 F15000
G1 X98.535 Y99.877 E.05958
G1 X98.29 Y100.169 F24000
G1 F15000
G1 X96.767 Y98.646 E.0598
G1 X96.522 Y98.938 F24000
G1 F15000
G1 X98.046 Y100.461 E.05983
G1 X97.814 Y100.766 F24000
G1 F15000
G1 X96.283 Y99.235 E.06009
G1 X96.05 Y99.539 F24000
G1 F15000
G1 X97.584 Y101.073 E.06023
G1 X97.364 Y101.39 F24000
G1 F15000
G1 X95.823 Y99.849 E.06052
G1 X95.602 Y100.164 F24000
G1 F15000
G1 X97.15 Y101.712 E.06076
G1 X96.943 Y102.042 F24000
G1 F15000
G1 X95.388 Y100.486 E.06109
G1 X95.179 Y100.814 F24000
G1 F15000
G1 X96.744 Y102.379 E.06144
G1 X96.551 Y102.723 F24000
G1 F15000
G1 X94.977 Y101.149 E.06181
G1 X94.781 Y101.49 F24000
G1 F15000
G1 X96.367 Y103.076 E.06228
G1 X96.188 Y103.434 F24000
G1 F15000
G1 X94.592 Y101.837 E.06268
G1 X94.41 Y102.192 F24000
G1 F15000
G1 X96.022 Y103.804 E.06331
G1 X95.859 Y104.177 F24000
G1 F15000
G1 X94.234 Y102.553 E.0638
G1 X94.066 Y102.921 F24000
G1 F15000
G1 X95.709 Y104.564 E.06452
G1 X95.565 Y104.956 F24000
G1 F15000
G1 X93.904 Y103.296 E.0652
G1 X93.75 Y103.679 F24000
G1 F15000
G1 X95.43 Y105.359 E.06597
G1 X95.306 Y105.771 F24000
G1 F15000
G1 X93.604 Y104.069 E.06686
G1 X93.465 Y104.467 F24000
G1 F15000
G1 X95.188 Y106.19 E.06767
G1 X95.091 Y106.63 F24000
G1 F15000
G1 X93.335 Y104.873 E.06898
G1 X93.212 Y105.288 F24000
G1 F15000
G1 X94.994 Y107.069 E.06996
G1 X94.912 Y107.524 F24000
G1 F15000
G1 X93.099 Y105.711 E.07119
G1 X92.995 Y106.143 F24000
G1 F15000
G1 X94.84 Y107.988 E.07245
G1 X94.786 Y108.471 F24000
G1 F15000
G1 X92.901 Y106.586 E.07401
G1 X92.817 Y107.039 F24000
G1 F15000
G1 X94.745 Y108.967 E.0757
G1 X94.717 Y109.475 F24000
G1 F15000
G1 X92.744 Y107.502 E.07748
G1 X92.681 Y107.976 F24000
G1 F15000
G1 X94.708 Y110.003 E.07959
G1 X94.72 Y110.551 F24000
G1 F15000
G1 X92.631 Y108.463 E.08202
G1 X92.595 Y108.963 F24000
G1 F15000
G1 X94.751 Y111.119 E.08468
G1 X94.805 Y111.71 F24000
G1 F15000
G1 X92.572 Y109.477 E.0877
G1 X92.563 Y110.005 F24000
G1 F15000
G1 X94.886 Y112.327 E.09122
G1 X94.999 Y112.977 F24000
G1 F15000
G1 X92.573 Y110.551 E.09528
G1 X92.599 Y111.114 F24000
G1 F15000
G1 X95.152 Y113.667 E.10027
G1 X95.356 Y114.408 F24000
G1 F15000
G1 X92.647 Y111.698 E.10639
G1 X92.716 Y112.304 F24000
G1 F15000
G1 X95.625 Y115.214 E.11425
G1 X95.983 Y116.108 F24000
G1 F15000
G1 X92.813 Y112.938 E.12446
G1 X92.94 Y113.601 F24000
G1 F15000
G1 X96.48 Y117.142 E.13904
G1 X97.261 Y118.459 F24000
G1 F15000
G1 X93.102 Y114.3 E.16331
G1 E-1 F2400
;WIPE_START
G1 F12000
G1 X94.516 Y115.714
;WIPE_END
G1 Z.8 F24000
G1 X126.898 Y105.7 Z.8
G1 Z.6
G1 E1 F2700
G1 F15000
G1 X122.732 Y101.535 E.16356
G1 X123.521 Y102.86 F24000
G1 F15000
G1 X127.061 Y106.4 E.13902
G1 X127.188 Y107.064 F24000
G1 F15000
G1 X124.021 Y103.897 E.12437
G1 X124.374 Y104.786 F24000
G1 F15000
G1 X127.283 Y107.696 E.11424
G1 X127.354 Y108.303 F24000
G1 F15000
G1 X124.641 Y105.59 E.10655
G1 X124.843 Y106.329 F24000
G1 F15000
G1 X127.401 Y108.887 E.10043
G1 X127.428 Y109.451 F24000
G1 F15000
G1 X124.997 Y107.019 E.09548
G1 X125.106 Y107.665 F24000
G1 F15000
G1 X127.436 Y109.995 E.0915
G1 X127.429 Y110.525 F24000
G1 F15000
G1 X125.198 Y108.294 E.08759
G1 X125.25 Y108.883 F24000
G1 F15000
G1 X127.406 Y111.038 E.08463
G1 X127.368 Y111.537 F24000
G1 F15000
G1 X125.28 Y109.45 E.08199
G1 X125.29 Y109.996 F24000
G1 F15000
G1 X127.318 Y112.024 E.07965
G1 X127.257 Y112.499 F24000
G1 F15000
G1 X125.283 Y110.525 E.07752
G1 X125.25 Y111.029 F24000
G1 F15000
G1 X127.183 Y112.962 E.0759
G1 X127.099 Y113.414 F24000
G1 F15000
G1 X125.217 Y111.533 E.0739
G1 X125.158 Y112.01 F24000
G1 F15000
G1 X127.004 Y113.857 E.0725
G1 X126.9 Y114.289 F24000
G1 F15000
G1 X125.088 Y112.477 E.07116
G1 X125.01 Y112.935 F24000
G1 F15000
G1 X126.787 Y114.713 E.06981
G1 X126.666 Y115.128 F24000
G1 F15000
G1 X124.913 Y113.375 E.06882
G1 X124.809 Y113.808 F24000
G1 F15000
G1 X126.535 Y115.534 E.06778
G1 X126.397 Y115.933 F24000
M73 P22 R5
G1 F15000
G1 X124.695 Y114.231 E.06683
G1 X124.569 Y114.641 F24000
G1 F15000
G1 X126.25 Y116.323 E.06603
G1 X126.096 Y116.705 F24000
G1 F15000
G1 X124.437 Y115.046 E.06513
G1 X124.291 Y115.437 F24000
G1 F15000
G1 X125.934 Y117.08 E.06454
G1 X125.766 Y117.448 F24000
G1 F15000
G1 X124.14 Y115.822 E.06384
G1 X123.979 Y116.198 F24000
G1 F15000
G1 X125.59 Y117.809 E.06327
G1 X125.407 Y118.163 F24000
G1 F15000
G1 X123.809 Y116.565 E.06275
G1 X123.634 Y116.926 F24000
G1 F15000
G1 X125.218 Y118.51 E.06222
G1 X125.022 Y118.851 F24000
G1 F15000
G1 X123.445 Y117.274 E.06194
G1 X123.252 Y117.618 F24000
G1 F15000
G1 X124.82 Y119.186 E.06158
G1 X124.612 Y119.514 F24000
G1 F15000
G1 X123.058 Y117.96 E.06101
G1 X122.849 Y118.288 F24000
G1 F15000
G1 X124.397 Y119.836 E.0608
G1 X124.176 Y120.152 F24000
G1 F15000
G1 X122.637 Y118.612 E.06046
G1 X122.414 Y118.926 F24000
G1 F15000
G1 X123.949 Y120.461 E.06029
G1 X123.716 Y120.765 F24000
G1 F15000
G1 X122.187 Y119.236 E.06004
G1 X121.952 Y119.537 F24000
G1 F15000
G1 X123.477 Y121.063 E.05991
G1 X123.233 Y121.355 F24000
G1 F15000
G1 X121.71 Y119.833 E.05977
G1 X121.462 Y120.121 F24000
G1 F15000
G1 X122.982 Y121.641 E.05968
G1 X122.725 Y121.921 F24000
G1 F15000
G1 X121.207 Y120.402 E.05962
G1 X120.946 Y120.678 F24000
G1 F15000
G1 X122.463 Y122.195 E.05957
G1 X122.195 Y122.463 F24000
G1 F15000
G1 X120.676 Y120.945 E.05962
G1 X120.403 Y121.208 F24000
G1 F15000
G1 X121.92 Y122.726 E.0596
G1 X121.64 Y122.983 F24000
G1 F15000
G1 X120.12 Y121.462 E.05971
G1 X119.833 Y121.712 F24000
G1 F15000
G1 X121.355 Y123.233 E.05974
G1 X121.063 Y123.478 F24000
G1 F15000
G1 X119.536 Y121.952 E.05995
G1 X119.237 Y122.189 F24000
G1 F15000
G1 X120.765 Y123.717 E.06002
G1 X120.462 Y123.95 F24000
G1 F15000
G1 X118.926 Y122.414 E.06031
G1 X118.613 Y122.638 F24000
G1 F15000
G1 X120.152 Y124.177 E.06044
G1 X119.836 Y124.398 F24000
G1 F15000
G1 X118.287 Y122.849 E.06081
G1 X117.959 Y123.058 F24000
G1 F15000
G1 X119.514 Y124.613 E.06105
G1 X119.186 Y124.821 F24000
G1 F15000
G1 X117.621 Y123.256 E.06146
G1 X117.276 Y123.448 F24000
G1 F15000
G1 X118.851 Y125.023 E.06187
G1 X118.51 Y125.219 F24000
G1 F15000
G1 X116.92 Y123.629 E.06246
G1 X116.564 Y123.809 F24000
G1 F15000
G1 X118.163 Y125.408 E.06278
G1 X117.809 Y125.591 F24000
G1 F15000
G1 X116.196 Y123.978 E.06332
G1 X115.823 Y124.142 F24000
G1 F15000
G1 X117.448 Y125.766 E.0638
G1 X117.08 Y125.935 F24000
G1 F15000
G1 X115.436 Y124.291 E.06456
G1 X115.045 Y124.437 F24000
G1 F15000
G1 X116.704 Y126.096 E.06518
G1 X116.322 Y126.25 F24000
G1 F15000
G1 X114.641 Y124.569 E.06601
G1 X114.229 Y124.694 F24000
G1 F15000
G1 X115.931 Y126.397 E.06685
G1 X115.533 Y126.535 F24000
G1 F15000
G1 X113.809 Y124.811 E.06771
G1 X113.374 Y124.913 F24000
G1 F15000
G1 X115.127 Y126.665 E.06882
G1 X114.712 Y126.787 F24000
G1 F15000
G1 X112.933 Y125.008 E.06986
G1 X112.477 Y125.089 F24000
G1 F15000
G1 X114.289 Y126.9 E.07113
G1 X113.856 Y127.004 F24000
G1 F15000
G1 X112.009 Y125.157 E.07253
G1 X111.531 Y125.216 F24000
G1 F15000
G1 X113.414 Y127.099 E.07397
G1 X112.962 Y127.183 F24000
G1 F15000
G1 X111.035 Y125.256 E.07567
G1 X110.523 Y125.281 F24000
G1 F15000
G1 X112.498 Y127.256 E.07757
G1 X112.023 Y127.318 F24000
G1 F15000
G1 X109.996 Y125.291 E.07961
G1 X109.453 Y125.284 F24000
G1 F15000
G1 X111.537 Y127.369 E.08185
G1 X111.038 Y127.406 F24000
G1 F15000
G1 X108.882 Y125.251 E.08464
G1 X108.289 Y125.194 F24000
G1 F15000
G1 X110.523 Y127.428 E.08773
G1 X109.995 Y127.436 F24000
G1 F15000
G1 X107.67 Y125.111 E.0913
G1 X107.014 Y124.992 F24000
G1 F15000
G1 X109.45 Y127.428 E.09565
G1 X108.886 Y127.4 F24000
G1 F15000
G1 X106.33 Y124.845 E.10034
G1 X105.594 Y124.645 F24000
G1 F15000
G1 X108.302 Y127.354 E.10637
G1 X107.695 Y127.283 F24000
G1 F15000
G1 X104.788 Y124.377 E.11414
G1 X103.892 Y124.017 F24000
G1 F15000
G1 X107.062 Y127.187 E.12447
G1 X106.4 Y127.061 F24000
G1 F15000
G1 X102.85 Y123.511 E.1394
G1 X101.538 Y122.736 F24000
G1 F15000
G1 X105.7 Y126.898 E.16346
G1 X104.957 Y126.691 F24000
G1 F15000
G1 X93.309 Y115.043 E.45739
G1 X93.572 Y115.844 F24000
G1 F15000
G1 X104.158 Y126.429 E.41568
G1 X103.282 Y126.09 F24000
G1 F15000
G1 X93.91 Y116.718 E.36801
G1 X94.357 Y117.702 F24000
G1 F15000
G1 X102.299 Y125.644 E.31185
G1 X101.13 Y125.011 F24000
G1 F15000
G1 X94.987 Y118.869 E.24122
G1 X96.071 Y120.489 F24000
G1 F15000
G1 X99.508 Y123.926 E.13497
G1 E-1 F2400
;WIPE_START
G1 F12000
M73 P23 R5
G1 X98.094 Y122.512
;WIPE_END
G1 Z.8 F24000
G1 X122.048 Y93.372 Z.8
G1 Z.6
G1 E1 F2700
;TYPE:Internal solid infill
;WIDTH:0.389606
G1 F17700.095
G1 X122.552 Y93.805 E.01686
G1 X124.005 Y95.148 E.0502
G1 X124.848 Y95.991 E.03025
G1 X125.667 Y96.86 E.03027
G1 X126.602 Y97.922 E.0359
; stop printing object Генератор.stl id:0 copy 0
;LAYER_CHANGE
;Z:0.8
;HEIGHT:0.2
;BEFORE_LAYER_CHANGE
;0.8
G92 E0

G1 E-1 F2400
;WIPE_START
G1 F12000
G1 X125.667 Y96.86
G1 X125.266 Y96.434
;WIPE_END
M486 S-1
;_SET_FAN_SPEED_CHANGING_LAYER
; printing object Генератор.stl id:0 copy 0
M486 S0
G1 Z1 F24000
G1 X130.672 Y107.816 Z1
G1 Z.8
G1 E1 F2700
;TYPE:Inner wall
;WIDTH:0.449999
G1 F15074.133
G1 X130.737 Y108.441 E.01872
G1 X130.781 Y109.241 E.02385
G1 X130.792 Y110.403 E.03463
G1 X130.734 Y111.615 E.03612
G1 X130.656 Y112.411 E.02385
G1 X130.48 Y113.614 E.03621
G1 X130.325 Y114.403 E.02394
G1 X130.14 Y115.185 E.02393
G1 X129.803 Y116.35 E.03612
G1 X129.4 Y117.49 E.03603
G1 X128.932 Y118.606 E.03603
G1 X128.398 Y119.695 E.03612
G1 X128.012 Y120.396 E.02384
G1 X127.373 Y121.43 E.03621
G1 X126.909 Y122.106 E.02441
G1 X126.185 Y123.059 E.03565
G1 X125.669 Y123.674 E.02394
G1 X125.129 Y124.269 E.02393
G1 X124.271 Y125.127 E.03612
G1 X123.365 Y125.933 E.03612
G1 X122.74 Y126.437 E.02393
G1 X122.095 Y126.917 E.02393
G1 X121.089 Y127.593 E.03612
G1 X120.045 Y128.21 E.03612
G1 X119.319 Y128.591 E.02442
G1 X118.234 Y129.097 E.03565
G1 X117.493 Y129.399 E.02385
G1 X116.347 Y129.804 E.03621
G1 X115.577 Y130.035 E.02393
G1 X114.799 Y130.235 E.02393
G1 X113.608 Y130.481 E.03621
G1 X112.799 Y130.607 E.02442
G1 X111.609 Y130.734 E.03565
G1 X110.809 Y130.781 E.02385
G1 X109.597 Y130.792 E.03612
G1 X108.388 Y130.734 E.03603
G1 X107.183 Y130.605 E.03612
G1 X106.373 Y130.477 E.02442
G1 X105.204 Y130.236 E.03556
G1 X104.033 Y129.922 E.03613
G1 X103.268 Y129.676 E.02393
G1 X102.512 Y129.402 E.02393
G1 X101.394 Y128.932 E.03612
G1 X100.305 Y128.398 E.03612
G1 X99.604 Y128.012 E.02385
G1 X98.57 Y127.373 E.03621
G1 X97.91 Y126.921 E.02385
G1 X96.941 Y126.185 E.03621
G1 X96.326 Y125.669 E.02393
G1 X95.731 Y125.129 E.02393
G1 X94.873 Y124.271 E.03612
G1 X94.067 Y123.365 E.03612
G1 X93.553 Y122.727 E.02442
G1 X92.848 Y121.76 E.03565
G1 X92.407 Y121.089 E.02394
G1 X91.991 Y120.401 E.02393
G1 X91.416 Y119.333 E.03612
G1 X90.903 Y118.234 E.03612
G1 X90.601 Y117.493 E.02384
G1 X90.196 Y116.347 E.03621
G1 X89.965 Y115.577 E.02394
G1 X89.765 Y114.799 E.02393
G1 X89.519 Y113.608 E.03621
G1 X89.393 Y112.799 E.02442
G1 X89.266 Y111.609 E.03565
G1 X89.219 Y110.809 E.02385
G1 X89.208 Y109.597 E.03612
G1 X89.266 Y108.388 E.03603
G1 X89.395 Y107.183 E.03612
G1 X89.523 Y106.373 E.02442
G1 X89.764 Y105.204 E.03556
G1 X90.078 Y104.033 E.03613
G1 X90.324 Y103.268 E.02393
G1 X90.598 Y102.512 E.02393
G1 X91.068 Y101.394 E.03612
G1 X91.602 Y100.305 E.03612
G1 X91.988 Y99.604 E.02384
G1 X92.627 Y98.57 E.03621
G1 X93.079 Y97.91 E.02385
G1 X93.815 Y96.941 E.03621
G1 X94.331 Y96.326 E.02393
G1 X94.871 Y95.731 E.02393
G1 X95.729 Y94.873 E.03612
G1 X96.635 Y94.067 E.03612
G1 X97.273 Y93.553 E.02442
G1 X98.24 Y92.848 E.03565
G1 X98.911 Y92.407 E.02394
G1 X99.599 Y91.991 E.02393
G1 X100.667 Y91.416 E.03612
G1 X101.766 Y90.903 E.03612
G1 X102.507 Y90.601 E.02384
G1 X103.653 Y90.196 E.03621
G1 X104.423 Y89.965 E.02394
G1 X105.201 Y89.765 E.02393
G1 X106.392 Y89.519 E.03621
G1 X107.201 Y89.393 E.02441
G1 X108.391 Y89.266 E.03565
G1 X109.191 Y89.219 E.02385
G1 X110.403 Y89.208 E.03612
G1 X111.63 Y89.268 E.0366
G1 X112.817 Y89.395 E.03556
G1 X113.608 Y89.519 E.02385
G1 X114.796 Y89.764 E.03613
G1 X115.967 Y90.078 E.03612
G1 X116.732 Y90.324 E.02393
G1 X117.505 Y90.605 E.0245
G1 X118.606 Y91.068 E.03556
G1 X119.695 Y91.602 E.03612
G1 X120.396 Y91.988 E.02385
G1 X121.43 Y92.627 E.03621
G1 X122.09 Y93.079 E.02385
G1 X123.059 Y93.815 E.03621
G1 X123.674 Y94.331 E.02393
G1 X124.269 Y94.871 E.02393
G1 X125.127 Y95.729 E.03612
G1 X125.933 Y96.635 E.03612
G1 X126.437 Y97.26 E.02393
G1 X126.917 Y97.905 E.02393
G1 X127.593 Y98.911 E.03613
G1 X128.21 Y99.955 E.03611
G1 X128.591 Y100.681 E.02442
G1 X129.097 Y101.766 E.03565
G1 X129.399 Y102.507 E.02385
G1 X129.804 Y103.653 E.03621
G1 X130.035 Y104.423 E.02394
G1 X130.235 Y105.201 E.02393
G1 X130.516 Y106.616 E.04296
G1 X130.648 Y107.583 E.02908
G1 X130.668 Y107.776 E.00579
G1 X131.08 Y107.774 F24000
M204 P4000
;TYPE:Outer wall
;WIDTH:0.419999
G1 F12000
G1 X131.167 Y108.722 E.02625
G1 X131.195 Y109.237 E.01423
G1 X131.206 Y110.411 E.03241
G1 X131.146 Y111.645 E.03407
G1 X131.067 Y112.461 E.02264
G1 X130.888 Y113.684 E.0341
G1 X130.729 Y114.49 E.02267
G1 X130.54 Y115.29 E.02267
G1 X130.197 Y116.476 E.03407
G1 X129.786 Y117.639 E.03404
G1 X129.309 Y118.777 E.03404
G1 X128.765 Y119.886 E.03407
G1 X128.369 Y120.604 E.02264
G1 X127.72 Y121.656 E.0341
G1 X127.245 Y122.348 E.02317
G1 X126.508 Y123.317 E.03357
G1 X125.98 Y123.946 E.02267
G1 X125.428 Y124.554 E.02267
G1 X124.555 Y125.428 E.03407
G1 X123.633 Y126.248 E.03407
G1 X122.993 Y126.764 E.02267
G1 X122.334 Y127.255 E.02267
G1 X121.309 Y127.943 E.03407
G1 X120.246 Y128.571 E.03407
G1 X119.503 Y128.962 E.02317
G1 X118.4 Y129.476 E.03357
G1 X117.64 Y129.786 E.02264
G1 X116.475 Y130.197 E.0341
G1 X115.688 Y130.433 E.02267
G1 X114.892 Y130.638 E.02267
G1 X113.682 Y130.888 E.0341
G1 X112.852 Y131.017 E.02317
G1 X111.643 Y131.146 E.03357
G1 X110.823 Y131.194 E.02264
G1 X109.589 Y131.206 E.03407
G1 X108.356 Y131.146 E.03404
G1 X107.129 Y131.015 E.03407
G1 X106.299 Y130.884 E.02317
G1 X105.109 Y130.638 E.03354
G1 X103.916 Y130.319 E.03407
G1 X103.134 Y130.068 E.02267
G1 X102.362 Y129.787 E.02267
G1 X101.223 Y129.309 E.03407
G1 X100.114 Y128.765 E.03407
G1 X99.396 Y128.369 E.02264
G1 X98.344 Y127.72 E.0341
G1 X97.667 Y127.256 E.02264
G1 X96.683 Y126.508 E.0341
G1 X96.054 Y125.98 E.02267
G1 X95.446 Y125.428 E.02267
G1 X94.572 Y124.555 E.03407
G1 X93.752 Y123.633 E.03407
G1 X93.225 Y122.979 E.02317
G1 X92.508 Y121.996 E.03357
G1 X92.057 Y121.309 E.02267
G1 X91.632 Y120.606 E.02267
G1 X91.046 Y119.519 E.03407
G1 X90.524 Y118.4 E.03407
G1 X90.214 Y117.64 E.02264
G1 X89.803 Y116.475 E.0341
G1 X89.567 Y115.688 E.02267
G1 X89.362 Y114.892 E.02267
G1 X89.112 Y113.682 E.0341
G1 X88.983 Y112.852 E.02317
G1 X88.854 Y111.643 E.03357
G1 X88.806 Y110.823 E.02264
G1 X88.794 Y109.589 E.03407
G1 X88.854 Y108.356 E.03404
G1 X88.985 Y107.129 E.03407
G1 X89.116 Y106.299 E.02317
G1 X89.362 Y105.109 E.03354
G1 X89.681 Y103.916 E.03407
G1 X89.932 Y103.134 E.02267
G1 X90.213 Y102.362 E.02267
G1 X90.691 Y101.223 E.03407
G1 X91.235 Y100.114 E.03407
G1 X91.631 Y99.396 E.02264
G1 X92.28 Y98.344 E.0341
G1 X92.744 Y97.667 E.02264
G1 X93.492 Y96.683 E.0341
G1 X94.02 Y96.054 E.02267
G1 X94.572 Y95.446 E.02267
G1 X95.445 Y94.572 E.03407
G1 X96.367 Y93.752 E.03407
G1 X97.021 Y93.225 E.02317
G1 X98.004 Y92.508 E.03357
G1 X98.691 Y92.057 E.02267
G1 X99.394 Y91.632 E.02267
G1 X100.481 Y91.046 E.03407
G1 X101.6 Y90.524 E.03407
G1 X102.36 Y90.214 E.02264
G1 X103.525 Y89.803 E.0341
G1 X104.312 Y89.567 E.02267
G1 X105.108 Y89.362 E.02267
G1 X106.318 Y89.112 E.0341
G1 X107.148 Y88.983 E.02317
G1 X108.357 Y88.854 E.03357
G1 X109.177 Y88.806 E.02264
G1 X110.411 Y88.794 E.03407
G1 X111.663 Y88.856 E.03457
G1 X112.871 Y88.985 E.03354
G1 X113.682 Y89.112 E.02264
G1 X114.891 Y89.362 E.03407
G1 X116.084 Y89.681 E.03407
G1 X116.866 Y89.932 E.02267
G1 X117.656 Y90.22 E.0232
G1 X118.777 Y90.691 E.03354
G1 X119.886 Y91.235 E.03407
G1 X120.604 Y91.631 E.02264
G1 X121.656 Y92.28 E.0341
G1 X122.333 Y92.744 E.02264
G1 X123.317 Y93.492 E.0341
G1 X123.946 Y94.02 E.02267
G1 X124.554 Y94.572 E.02267
G1 X125.428 Y95.445 E.03407
G1 X126.248 Y96.367 E.03407
G1 X126.764 Y97.007 E.02267
G1 X127.255 Y97.666 E.02267
G1 X127.943 Y98.691 E.03407
G1 X128.571 Y99.754 E.03407
G1 X128.962 Y100.497 E.02317
G1 X129.476 Y101.6 E.03357
G1 X129.786 Y102.36 E.02264
G1 X130.197 Y103.525 E.0341
G1 X130.433 Y104.312 E.02267
G1 X130.638 Y105.108 E.02267
G1 X130.924 Y106.552 E.04063
G1 X131.059 Y107.539 E.02749
G1 X131.077 Y107.734 E.0054
G1 E-1 F2400
;WIPE_START
G1 F12000
G1 X131.167 Y108.722
G1 X131.195 Y109.237
G1 X131.199 Y109.729
;WIPE_END
G1 Z1 F24000
G1 X96.075 Y100.838 Z1
G1 Z.8
G1 E1 F2700
M204 P5000
;TYPE:Inner wall
;WIDTH:0.449999
G1 F15074.133
G1 X96.267 Y100.545 E.01042
G1 X96.703 Y99.94 E.02222
G1 X97.403 Y99.077 E.0331
G1 X97.89 Y98.54 E.02158
G1 X98.434 Y97.991 E.02303
G1 X98.991 Y97.478 E.02254
G1 X99.836 Y96.783 E.03259
G1 X100.447 Y96.335 E.02259
G1 X101.068 Y95.921 E.02221
G1 X101.686 Y95.548 E.0215
G1 X102.557 Y95.085 E.02942
G1 X103.371 Y94.701 E.0268
G1 X104.016 Y94.438 E.02073
G1 X104.764 Y94.17 E.02369
G1 X105.488 Y93.949 E.02254
G1 X106.159 Y93.784 E.02058
G1 X107.137 Y93.577 E.02978
G1 X107.757 Y93.482 E.01868
G1 X108.756 Y93.373 E.02994
G1 X109.363 Y93.342 E.0181
G1 X110.35 Y93.337 E.0294
G1 X111.343 Y93.382 E.0296
G1 X112.125 Y93.463 E.02341
G1 X112.862 Y93.574 E.02221
G1 X113.594 Y93.718 E.02222
G1 X114.67 Y93.994 E.0331
G1 X115.388 Y94.221 E.02241
G1 X116.041 Y94.46 E.02073
G1 X116.776 Y94.765 E.02369
G1 X117.45 Y95.083 E.02221
G1 X118.109 Y95.432 E.02222
G1 X119.062 Y96.004 E.0331
G1 X119.684 Y96.427 E.02241
G1 X120.281 Y96.874 E.02222
G1 X120.989 Y97.467 E.02751
G1 X121.432 Y97.868 E.01782
G1 X122.147 Y98.581 E.03007
G1 X122.8 Y99.323 E.02943
G1 X123.176 Y99.789 E.01783
G1 X123.838 Y100.699 E.03354
G1 X124.227 Y101.305 E.02143
G1 X124.601 Y101.95 E.02222
G1 X125.317 Y103.421 E.04873
G1 X125.546 Y103.985 E.01813
G1 X125.888 Y104.949 E.03049
G1 X126.218 Y106.147 E.03701
G1 X126.427 Y107.148 E.03046
G1 X126.52 Y107.768 E.01865
G1 X126.619 Y108.745 E.02927
G1 X126.656 Y109.33 E.01745
G1 X126.667 Y110.34 E.0301
G1 X126.623 Y111.291 E.02834
G1 X126.557 Y111.955 E.01988
G1 X126.406 Y112.944 E.0298
G1 X126.291 Y113.53 E.01779
G1 X126.021 Y114.619 E.03342
G1 X125.689 Y115.645 E.03213
G1 X125.418 Y116.347 E.02241
G1 X125.166 Y116.923 E.01873
G1 X124.79 Y117.699 E.02568
G1 X124.431 Y118.352 E.02221
G1 X124.037 Y118.998 E.02254
G1 X123.537 Y119.724 E.02624
G1 X122.952 Y120.5 E.02894
G1 X122.124 Y121.441 E.03735
G1 X121.431 Y122.138 E.02927
G1 X120.869 Y122.644 E.02253
G1 X120.301 Y123.11 E.02189
G1 X119.705 Y123.558 E.02221
G1 X119.089 Y123.978 E.02222
G1 X118.138 Y124.553 E.0331
G1 X117.473 Y124.905 E.02241
G1 X116.799 Y125.224 E.02221
G1 X116.097 Y125.519 E.02269
G1 X115.065 Y125.885 E.03263
G1 X114.444 Y126.068 E.01928
G1 X113.843 Y126.221 E.01848
G1 X112.862 Y126.418 E.02979
G1 X112.266 Y126.515 E.018
G1 X111.768 Y126.58 E.01496
G1 X110.659 Y126.657 E.03311
G1 X109.648 Y126.668 E.0301
G1 X108.675 Y126.615 E.02902
G1 X107.694 Y126.513 E.02938
G1 X107.075 Y126.413 E.01868
G1 X106.225 Y126.24 E.02584
G1 X105.502 Y126.055 E.02221
G1 X104.789 Y125.838 E.02221
G1 X104.086 Y125.589 E.02221
G1 X103.395 Y125.309 E.02221
G1 X102.707 Y124.994 E.02254
G1 X101.734 Y124.48 E.03278
G1 X101.09 Y124.093 E.0224
G1 X100.468 Y123.68 E.02221
G1 X99.866 Y123.24 E.02222
G1 X99.007 Y122.536 E.0331
G1 X98.55 Y122.117 E.01847
G1 X97.915 Y121.487 E.02664
G1 X97.187 Y120.669 E.03262
G1 X96.806 Y120.19 E.01823
G1 X96.281 Y119.476 E.02638
G1 X95.874 Y118.857 E.02208
G1 X95.555 Y118.324 E.01851
G1 X95.137 Y117.556 E.02603
G1 X94.81 Y116.874 E.02254
G1 X94.437 Y115.973 E.02905
G1 X94.141 Y115.147 E.02613
G1 X93.927 Y114.433 E.0222
G1 X93.775 Y113.831 E.01851
G1 X93.595 Y112.979 E.02592
G1 X93.478 Y112.243 E.02221
G1 X93.394 Y111.491 E.02254
G1 X93.344 Y110.624 E.02586
G1 X93.33 Y109.64 E.02932
G1 X93.363 Y108.895 E.02221
G1 X93.429 Y108.153 E.02221
G1 X93.53 Y107.403 E.02254
G1 X93.737 Y106.322 E.03278
G1 X93.92 Y105.592 E.02241
G1 X94.133 Y104.878 E.02221
G1 X94.378 Y104.173 E.02221
G1 X94.654 Y103.481 E.02221
G1 X94.961 Y102.801 E.02221
G1 X95.27 Y102.191 E.02039
G1 X95.854 Y101.174 E.03492
G1 X96.053 Y100.871 E.0108
G1 X96.421 Y101.064 F24000
M204 P4000
;TYPE:Outer wall
;WIDTH:0.419999
G1 F12000
G1 X96.612 Y100.772 E.00963
G1 X97.038 Y100.183 E.02007
G1 X97.726 Y99.336 E.0301
G1 X98.196 Y98.818 E.01928
G1 X98.727 Y98.282 E.02083
G1 X99.27 Y97.783 E.02036
G1 X100.098 Y97.103 E.02956
G1 X100.691 Y96.668 E.02029
G1 X101.297 Y96.265 E.02006
G1 X101.899 Y95.902 E.0194
G1 X102.751 Y95.45 E.02661
G1 X103.544 Y95.077 E.02419
G1 X104.172 Y94.822 E.01869
G1 X104.903 Y94.56 E.02143
G1 X105.609 Y94.344 E.02036
G1 X106.257 Y94.185 E.01843
G1 X107.213 Y93.983 E.02695
G1 X107.815 Y93.891 E.01679
G1 X108.796 Y93.785 E.02722
G1 X109.384 Y93.755 E.01625
G1 X110.348 Y93.751 E.0266
G1 X111.318 Y93.794 E.02678
G1 X112.081 Y93.874 E.02118
G1 X112.8 Y93.983 E.02006
G1 X113.513 Y94.124 E.02007
G1 X114.567 Y94.395 E.03002
G1 X115.262 Y94.615 E.02012
G1 X115.898 Y94.849 E.01869
G1 X116.616 Y95.147 E.02143
G1 X117.273 Y95.457 E.02006
G1 X117.916 Y95.797 E.02007
G1 X118.848 Y96.358 E.03002
G1 X119.451 Y96.769 E.02012
G1 X120.033 Y97.205 E.02007
G1 X120.723 Y97.784 E.02484
G1 X121.149 Y98.17 E.01586
G1 X121.851 Y98.869 E.02734
G1 X122.487 Y99.594 E.02663
G1 X123.21 Y100.525 E.0325
G1 X123.763 Y101.348 E.02737
G1 X124.244 Y102.157 E.02596
G1 X124.938 Y103.587 E.04387
G1 X125.161 Y104.134 E.01628
G1 X125.496 Y105.081 E.02773
G1 X125.816 Y106.243 E.03326
G1 X126.021 Y107.227 E.02771
G1 X126.111 Y107.827 E.01676
G1 X126.207 Y108.782 E.02648
G1 X126.243 Y109.344 E.01553
G1 X126.253 Y110.336 E.02737
G1 X126.21 Y111.267 E.02574
G1 X126.145 Y111.913 E.01791
G1 X125.998 Y112.879 E.02697
G1 X125.749 Y114.03 E.03248
G1 X125.295 Y115.518 E.04292
G1 X125.032 Y116.198 E.02012
G1 X124.787 Y116.757 E.01684
G1 X124.419 Y117.516 E.02328
G1 X124.068 Y118.153 E.02006
G1 X123.684 Y118.783 E.02036
G1 X123.197 Y119.489 E.02367
G1 X122.625 Y120.246 E.02617
G1 X121.821 Y121.159 E.03357
G1 X121.141 Y121.843 E.0266
G1 X120.593 Y122.336 E.02036
G1 X120.039 Y122.791 E.01977
G1 X119.457 Y123.227 E.02006
G1 X118.856 Y123.637 E.02007
G1 X117.924 Y124.198 E.03002
G1 X117.28 Y124.539 E.02012
G1 X116.622 Y124.85 E.02006
G1 X115.947 Y125.133 E.0202
G1 X114.926 Y125.496 E.0299
G1 X113.744 Y125.819 E.03381
G1 X112.786 Y126.012 E.02696
G1 X112.213 Y126.105 E.01604
G1 X111.232 Y126.21 E.02722
G1 X110.642 Y126.243 E.01628
G1 X109.651 Y126.254 E.02737
G1 X108.701 Y126.202 E.02625
G1 X107.743 Y126.102 E.02658
G1 X107.142 Y126.004 E.0168
G1 X106.31 Y125.836 E.02343
G1 X105.605 Y125.655 E.02006
G1 X104.91 Y125.443 E.02006
G1 X104.225 Y125.2 E.02006
G1 X103.551 Y124.926 E.02006
G1 X102.88 Y124.618 E.02036
G1 X101.925 Y124.113 E.02981
G1 X101.303 Y123.739 E.02004
G1 X100.697 Y123.336 E.02006
G1 X100.11 Y122.907 E.02007
G1 X99.269 Y122.216 E.03002
G1 X98.83 Y121.812 E.01647
G1 X98.216 Y121.204 E.02385
G1 X97.496 Y120.394 E.0299
G1 X97.13 Y119.933 E.01625
G1 X96.616 Y119.234 E.02393
G1 X96.219 Y118.63 E.01994
G1 X95.911 Y118.112 E.01663
G1 X95.502 Y117.361 E.0236
G1 X95.183 Y116.695 E.02036
G1 X94.819 Y115.815 E.02628
G1 X94.531 Y115.011 E.02357
G1 X94.323 Y114.315 E.02005
G1 X94.176 Y113.73 E.01663
G1 X94 Y112.897 E.0235
G1 X93.887 Y112.179 E.02006
G1 X93.804 Y111.445 E.02036
G1 X93.757 Y110.601 E.02332
G1 X93.744 Y109.64 E.02652
G1 X93.776 Y108.914 E.02006
G1 X93.841 Y108.19 E.02006
G1 X93.94 Y107.458 E.02036
G1 X94.144 Y106.4 E.02973
G1 X94.321 Y105.693 E.02012
G1 X94.529 Y104.996 E.02006
G1 X94.768 Y104.31 E.02006
G1 X95.038 Y103.634 E.02006
G1 X95.337 Y102.972 E.02006
G1 X95.639 Y102.378 E.01838
G1 X96.212 Y101.382 E.03171
G1 X96.399 Y101.097 E.00939
M73 P24 R5
G1 E-1 F2400
;WIPE_START
G1 F12000
G1 X96.612 Y100.772
G1 X97.038 Y100.183
G1 X97.595 Y99.497
;WIPE_END
G1 Z1 F24000
G1 X93.765 Y114.293 Z1
G1 Z.8
G1 E1 F2700
M204 P5000
;TYPE:Internal solid infill
;WIDTH:0.457878
G1 F14787.914
G1 X90.83 Y117.227 E.12601
G1 X90.677 Y116.794 E.01397
G1 X93.497 Y113.974 E.12106
G1 X93.389 Y113.495 E.01491
G1 X90.524 Y116.36 E.12301
G1 X90.385 Y115.913 E.01422
G1 X93.29 Y113.007 E.12475
G1 X93.21 Y112.5 E.01559
G1 X90.251 Y115.46 E.12709
G1 X90.13 Y114.993 E.01463
G1 X93.142 Y111.982 E.12931
G1 X93.085 Y111.452 E.01618
G1 X90.019 Y114.518 E.13165
G1 X89.918 Y114.032 E.01508
G1 X93.054 Y110.896 E.13465
G1 X93.025 Y110.338 E.01696
G1 X89.818 Y113.545 E.13771
G1 X89.74 Y113.036 E.01563
G1 X93.025 Y109.751 E.14105
G1 X93.047 Y109.143 E.01849
G1 X89.674 Y112.515 E.14482
G1 X89.618 Y111.984 E.01621
G1 X93.091 Y108.512 E.14911
G1 X93.161 Y107.855 E.02007
G1 X89.573 Y111.443 E.15408
G1 X89.548 Y110.881 E.01708
G1 X93.265 Y107.164 E.15959
G1 X93.404 Y106.438 E.02246
G1 X89.537 Y110.305 E.16605
G1 X89.535 Y110.011 E.00892
G1 X89.541 Y109.714 E.00902
G1 X93.586 Y105.669 E.17368
G1 X93.825 Y104.844 E.02609
G1 X89.563 Y109.105 E.18298
G1 X89.577 Y108.827 E.00847
G1 X89.606 Y108.476 E.01069
G1 X94.142 Y103.94 E.19477
G1 X94.376 Y103.353 E.01919
G1 X94.57 Y102.924 E.01428
G1 X89.669 Y107.826 E.21047
G1 X89.756 Y107.152 E.02064
G1 X95.685 Y101.222 E.2546
G1 E-1 F2400
;WIPE_START
G1 F12000
G1 X94.271 Y102.637
;WIPE_END
G1 Z1 F24000
G1 X114.753 Y93.892 Z1
G1 Z.8
G1 E1 F2700
G1 F14787.914
G1 X117.648 Y90.997 E.12433
G1 X117.228 Y90.829 E.01372
G1 X114.438 Y93.619 E.1198
G1 X113.972 Y93.499 E.01464
G1 X116.798 Y90.673 E.12138
G1 X116.36 Y90.525 E.01406
G1 X113.495 Y93.389 E.12299
G1 X113.006 Y93.291 E.01515
G1 X115.915 Y90.382 E.12491
G1 X115.454 Y90.257 E.01452
G1 X112.5 Y93.211 E.12685
G1 X111.983 Y93.141 E.01583
G1 X114.991 Y90.133 E.12916
G1 X114.518 Y90.019 E.01477
G1 X111.452 Y93.085 E.13165
G1 X110.901 Y93.049 E.01676
G1 X114.032 Y89.918 E.13441
G1 X113.545 Y89.818 E.01509
G1 X110.331 Y93.032 E.13801
G1 X109.748 Y93.029 E.01771
G1 X113.036 Y89.74 E.1412
G1 X112.515 Y89.674 E.01594
G1 X109.142 Y93.047 E.14484
G1 X108.512 Y93.09 E.01917
G1 X111.984 Y89.619 E.14907
G1 X111.439 Y89.576 E.01658
G1 X107.856 Y93.16 E.15389
G1 X107.168 Y93.261 E.02111
G1 X110.88 Y89.549 E.15939
G1 X110.582 Y89.535 E.00905
G1 X110.305 Y89.537 E.0084
G1 X106.441 Y93.401 E.16591
G1 X105.665 Y93.591 E.02428
G1 X109.714 Y89.541 E.17389
G1 X109.43 Y89.543 E.00862
G1 X109.109 Y89.56 E.00978
G1 X104.842 Y93.827 E.18323
G1 X103.943 Y94.139 E.02889
G1 X108.477 Y89.605 E.1947
G1 X108.204 Y89.628 E.00832
G1 X107.826 Y89.669 E.01154
G1 X102.924 Y94.571 E.21052
G1 X102.548 Y94.744 E.01256
G1 X101.732 Y95.176 E.02801
G1 X107.152 Y89.756 E.23272
G1 X106.444 Y89.877 E.02181
G1 X100.139 Y96.182 E.27073
G1 X99.649 Y96.542 E.01846
G1 X98.795 Y97.243 E.03355
G1 X98.22 Y97.772 E.02372
G1 X97.708 Y98.287 E.02206
G1 X97.176 Y98.873 E.02402
G1 X96.468 Y99.744 E.03408
G1 X96.186 Y100.135 E.01465
G1 X89.81 Y106.511 E.27377
G1 X89.958 Y105.776 E.02275
G1 X105.711 Y90.024 E.67643
G1 X104.938 Y90.21 E.02414
M73 P25 R5
G1 X90.131 Y105.017 E.63581
G1 X90.345 Y104.215 E.0252
G1 X104.214 Y90.347 E.59551
G1 X103.345 Y90.628 E.02772
G1 X90.615 Y103.358 E.54662
G1 X90.969 Y102.417 E.03052
G1 X102.422 Y90.965 E.49176
G1 X101.888 Y91.183 E.0175
G1 X101.38 Y91.42 E.01703
G1 X91.41 Y101.39 E.4281
G1 X92.003 Y100.21 E.04008
G1 X100.197 Y92.016 E.35188
G1 X99.751 Y92.257 E.01541
G1 X98.745 Y92.882 E.03596
G1 X92.871 Y98.756 E.25224
G1 X93.327 Y98.088 E.02455
G1 X94.053 Y97.132 E.03646
G1 X94.561 Y96.527 E.02399
G1 X95.038 Y96.001 E.02155
G1 X97.503 Y93.537 E.10582
G1 X118.295 Y93.208 F24000
;WIDTH:0.501672
G1 F13376.23
G1 X119.085 Y93.618 E.02985
G1 X120.162 Y94.264 E.04219
G1 X120.856 Y94.732 E.02809
G1 X121.551 Y95.255 E.02919
G1 X122.316 Y95.887 E.03332
G1 X122.846 Y96.365 E.02395
G1 X123.626 Y97.145 E.03702
G1 X124.357 Y97.97 E.03701
G1 X124.806 Y98.524 E.02395
G1 X125.539 Y99.542 E.04209
G1 X125.847 Y100.012 E.01887
G1 X126.401 Y100.946 E.03644
G1 X126.74 Y101.598 E.02469
G1 X127.207 Y102.596 E.03697
G1 X126.35 Y101.796 F24000
;WIDTH:0.449999
G1 F15074.133
G1 X126.589 Y102.27 E.01582
G1 X127.067 Y103.403 E.0366
G1 X127.734 Y102.735 E.02811
G1 X127.132 Y101.404 E.04352
G1 X126.787 Y100.749 E.02206
G1 X126.215 Y99.78 E.03351
G1 X125.587 Y98.845 E.03354
G1 X125.15 Y98.258 E.02182
G1 X124.69 Y97.688 E.02182
G1 X123.942 Y96.847 E.03354
G1 X123.146 Y96.051 E.03354
G1 X122.603 Y95.558 E.02182
G1 X122.042 Y95.088 E.02182
G1 X121.137 Y94.4 E.03386
G1 X120.542 Y93.992 E.0215
G1 X119.574 Y93.395 E.03386
G1 X118.942 Y93.046 E.02149
G1 X118.209 Y92.687 E.02434
G1 X117.561 Y93.335 E.0273
G1 X118.178 Y93.628 E.02036
G1 X118.883 Y93.999 E.02372
G1 X119.94 Y94.634 E.03671
G1 X120.613 Y95.09 E.02422
G1 X121.293 Y95.599 E.02531
G1 X122.036 Y96.221 E.02885
G1 X122.548 Y96.682 E.02053
G1 X123.315 Y97.447 E.03226
G1 X124.028 Y98.255 E.03212
G1 X124.462 Y98.791 E.02053
G1 X124.877 Y99.347 E.02067
G1 X125.482 Y100.246 E.03226
G1 X126.026 Y101.162 E.03175
G1 X126.332 Y101.76 E.02
G1 X125.987 Y101.98 F24000
G1 F15074.133
G1 X126.22 Y102.442 E.01542
G1 X126.435 Y102.93 E.01589
G1 X126.905 Y104.14 E.03865
G1 X128.213 Y102.832 E.05512
G1 X127.977 Y102.255 E.01857
G1 X127.497 Y101.223 E.0339
G1 X127.143 Y100.55 E.02265
G1 X126.56 Y99.563 E.03416
G1 X125.92 Y98.61 E.03419
G1 X125.472 Y98.008 E.02235
G1 X125.001 Y97.424 E.02235
G1 X124.238 Y96.567 E.03418
G1 X123.426 Y95.756 E.03418
G1 X122.871 Y95.252 E.02235
G1 X122.296 Y94.769 E.02235
G1 X121.375 Y94.07 E.03445
G1 X120.764 Y93.65 E.02208
G1 X119.78 Y93.043 E.03445
G1 X119.131 Y92.685 E.02208
G1 X118.127 Y92.193 E.0333
G1 X116.848 Y93.472 E.05387
G1 X117.322 Y93.672 E.01534
G1 X118.004 Y93.996 E.02248
G1 X118.693 Y94.359 E.02319
G1 X119.729 Y94.982 E.03603
G1 X120.383 Y95.426 E.02354
G1 X121.049 Y95.924 E.02476
G1 X121.774 Y96.532 E.02819
G1 X122.269 Y96.979 E.01986
G1 X123.023 Y97.731 E.03171
G1 X123.721 Y98.522 E.03144
G1 X124.141 Y99.04 E.01986
G1 X124.545 Y99.582 E.02013
G1 X125.139 Y100.466 E.03171
G1 X125.674 Y101.366 E.0312
G1 X125.969 Y101.945 E.01933
G1 X125.624 Y102.164 F24000
G1 F15074.133
G1 X125.851 Y102.614 E.01501
G1 X126.063 Y103.094 E.01562
G1 X126.445 Y104.052 E.03072
G1 X126.724 Y104.897 E.0265
G1 X128.687 Y102.934 E.08269
G1 X128.378 Y102.16 E.0248
G1 X127.862 Y101.043 E.03668
G1 X127.498 Y100.352 E.02324
G1 X126.904 Y99.346 E.03481
G1 X126.252 Y98.375 E.03483
G1 X125.794 Y97.759 E.02288
G1 X125.311 Y97.161 E.02288
G1 X124.534 Y96.288 E.03483
G1 X123.707 Y95.461 E.03483
G1 X123.139 Y94.945 E.02287
G1 X122.55 Y94.451 E.02288
G1 X121.614 Y93.74 E.03504
G1 X120.986 Y93.309 E.02267
G1 X119.985 Y92.692 E.03504
G1 X119.319 Y92.324 E.02267
G1 X118.268 Y91.809 E.03483
G1 X118.034 Y91.711 E.00759
G1 X116.121 Y93.623 E.08057
G1 X117.123 Y94.029 E.0322
G1 X117.763 Y94.332 E.02108
G1 X118.502 Y94.718 E.02487
G1 X119.519 Y95.331 E.03535
G1 X120.154 Y95.762 E.02287
G1 X120.804 Y96.25 E.02421
G1 X121.512 Y96.844 E.02752
G1 X121.99 Y97.275 E.0192
G1 X122.731 Y98.014 E.03116
G1 X123.413 Y98.789 E.03076
G1 X123.819 Y99.29 E.01919
G1 X124.507 Y100.235 E.03482
G1 X124.796 Y100.685 E.01594
G1 X125.322 Y101.57 E.03066
G1 X125.606 Y102.129 E.01866
G1 X126.514 Y105.682 F24000
G1 F15074.133
G1 X129.156 Y103.04 E.11128
G1 X128.755 Y102.006 E.03303
G1 X128.226 Y100.862 E.03756
G1 X127.854 Y100.154 E.02383
G1 X127.249 Y99.129 E.03546
G1 X126.585 Y98.14 E.03548
G1 X126.115 Y97.51 E.0234
G1 X125.622 Y96.898 E.02341
G1 X124.83 Y96.008 E.03548
G1 X123.988 Y95.166 E.03548
G1 X123.406 Y94.638 E.0234
G1 X122.804 Y94.133 E.02341
G1 X121.852 Y93.41 E.03562
G1 X121.208 Y92.968 E.02326
G1 X120.19 Y92.34 E.03562
G1 X119.507 Y91.963 E.02326
G1 X118.437 Y91.439 E.03548
G1 X117.939 Y91.229 E.01609
G1 X115.377 Y93.791 E.10791
G1 X116.261 Y94.108 E.02796
G1 X116.965 Y94.404 E.02275
G1 X117.588 Y94.699 E.02054
G1 X118.312 Y95.078 E.02434
G1 X119.309 Y95.679 E.03467
G1 X119.925 Y96.099 E.0222
G1 X120.56 Y96.575 E.02365
G1 X121.25 Y97.155 E.02685
G1 X121.711 Y97.572 E.01853
G1 X122.439 Y98.298 E.03061
G1 X123.106 Y99.056 E.03008
G1 X123.497 Y99.539 E.01852
G1 X123.88 Y100.052 E.01905
G1 X124.453 Y100.905 E.03062
G1 X124.969 Y101.774 E.03011
G1 X125.69 Y103.258 E.04913
G1 X126.065 Y104.199 E.03018
G1 X126.309 Y104.926 E.02285
G1 X126.504 Y105.643 E.02213
G1 E-1 F2400
;WIPE_START
G1 F12000
G1 X126.309 Y104.926
G1 X126.065 Y104.199
G1 X125.884 Y103.744
;WIPE_END
G1 Z1 F24000
G1 X122.015 Y126.66 Z1
G1 Z.8
G1 E1 F2700
;WIDTH:0.388394
G1 F17762.171
G1 X123.14 Y125.667 E.03794
G1 X124.009 Y124.848 E.03017
G1 X125.395 Y123.435 E.05004
G1 X126.631 Y122.048 E.04696
G1 X120.676 Y127.695 F24000
;WIDTH:0.452907
G1 F14967.215
G1 X127.133 Y121.238 E.27395
G1 X127.748 Y120.242 E.03512
G1 X127.992 Y119.8 E.01514
G1 X119.796 Y127.995 E.34771
G1 X119.183 Y128.318 E.02076
G1 X118.642 Y128.57 E.01794
G1 X128.579 Y118.633 E.4216
G1 X129.017 Y117.615 E.03325
G1 X117.61 Y129.022 E.48396
G1 X116.694 Y129.358 E.02925
G1 X129.358 Y116.694 E.53726
G1 X129.512 Y116.256 E.01393
G1 X129.633 Y115.839 E.01302
G1 X115.833 Y129.639 E.58547
G1 X115.033 Y129.859 E.02489
G1 X129.863 Y115.03 E.62916
G1 X129.883 Y114.943 E.00268
G1 X129.837 Y114.897 E.00196
G1 X129.964 Y114.348 E.01688
G1 X114.283 Y130.03 E.6653
G1 X113.552 Y130.181 E.02238
M73 P26 R5
G1 X120.061 Y123.672 E.27613
G1 X120.488 Y123.352 E.01602
G1 X121.069 Y122.875 E.02255
G1 X121.638 Y122.363 E.02296
G1 X122.165 Y121.845 E.02217
G1 X122.684 Y121.287 E.02287
G1 X123.19 Y120.691 E.02345
G1 X123.684 Y120.049 E.02431
G1 X130.117 Y113.616 E.27292
G1 X130.231 Y112.922 E.02109
G1 X124.753 Y118.4 E.23242
G1 X125.046 Y117.867 E.01826
G1 X125.379 Y117.194 E.02253
G1 X130.323 Y112.25 E.20977
G1 X130.393 Y111.6 E.0196
G1 X125.808 Y116.186 E.19454
G1 X125.972 Y115.761 E.01364
G1 X126.124 Y115.289 E.01489
G1 X130.433 Y110.981 E.18278
G1 X130.46 Y110.374 E.01823
G1 X126.381 Y114.453 E.17306
G1 X126.57 Y113.684 E.02377
G1 X130.464 Y109.79 E.16517
G1 X130.458 Y109.216 E.01723
G1 X126.712 Y112.962 E.15893
G1 X126.821 Y112.273 E.02092
G1 X130.433 Y108.661 E.15325
G1 X130.391 Y108.123 E.01619
G1 X126.898 Y111.617 E.14822
G1 X126.946 Y110.989 E.01889
G1 X130.338 Y107.597 E.14391
G1 X130.277 Y107.078 E.01567
G1 X126.971 Y110.384 E.14024
G1 X126.977 Y109.798 E.01758
G1 X130.2 Y106.575 E.13674
G1 X130.107 Y106.089 E.01485
G1 X126.959 Y109.237 E.13356
G1 X126.921 Y108.695 E.0163
G1 X130.007 Y105.608 E.13095
G1 X129.902 Y105.133 E.01459
G1 X126.873 Y108.162 E.12851
G1 X126.81 Y107.645 E.01563
G1 X129.784 Y104.672 E.12614
G1 X129.655 Y104.221 E.01408
G1 X126.736 Y107.14 E.12388
G1 X126.642 Y106.654 E.01486
G1 X129.522 Y103.774 E.12217
G1 X129.372 Y103.345 E.01365
G1 X126.387 Y106.329 E.12662
G1 E-1 F2400
;WIPE_START
G1 F12000
G1 X127.801 Y104.915
;WIPE_END
G1 Z1 F24000
G1 X118.943 Y124.21 Z1
G1 Z.8
G1 E1 F2700
G1 F14967.215
G1 X112.917 Y130.236 E.25568
G1 X112.251 Y130.322 E.02012
G1 X117.203 Y125.37 E.21007
G1 X116.18 Y125.814 E.03345
G1 X111.602 Y130.391 E.19421
G1 X110.976 Y130.437 E.01882
G1 X115.281 Y126.132 E.18264
G1 X114.449 Y126.384 E.02607
G1 X110.377 Y130.457 E.17279
G1 X109.789 Y130.465 E.01763
G1 X113.679 Y126.575 E.16505
G1 X112.965 Y126.709 E.02181
G1 X109.22 Y130.454 E.15886
G1 X108.665 Y130.429 E.01668
G1 X112.272 Y126.822 E.15304
G1 X111.616 Y126.899 E.01982
G1 X108.124 Y130.39 E.14814
G1 X107.597 Y130.337 E.01588
G1 X110.986 Y126.949 E.14376
G1 X110.382 Y126.973 E.01811
G1 X107.078 Y130.277 E.14019
G1 X106.575 Y130.2 E.01526
G1 X109.802 Y126.974 E.13689
G1 X109.24 Y126.955 E.01685
G1 X106.088 Y130.107 E.13371
G1 X105.608 Y130.007 E.01472
G1 X108.694 Y126.922 E.13092
G1 X108.161 Y126.875 E.01605
G1 X105.135 Y129.901 E.1284
G1 X104.677 Y129.778 E.0142
G1 X107.642 Y126.814 E.12578
G1 X107.143 Y126.733 E.01517
G1 X104.22 Y129.656 E.124
G1 X103.777 Y129.519 E.01391
G1 X106.654 Y126.642 E.12207
G1 X106.175 Y126.542 E.0147
G1 X103.196 Y129.52 E.12637
G1 X93.022 Y117.906 F24000
;WIDTH:0.501016
G1 F13395.375
G1 X93.259 Y118.408 E.01858
G1 X93.663 Y119.163 E.0287
G1 X94.089 Y119.888 E.02819
G1 X94.543 Y120.586 E.02792
G1 X95.037 Y121.268 E.02823
G1 X95.618 Y122.007 E.03153
G1 X96.366 Y122.848 E.03772
G1 X96.974 Y123.461 E.02892
G1 X97.616 Y124.057 E.02936
G1 X98.231 Y124.571 E.02687
G1 X99.117 Y125.248 E.03739
G1 X99.695 Y125.644 E.02348
G1 X100.644 Y126.231 E.0374
G1 X101.26 Y126.566 E.02348
G1 X102.248 Y127.053 E.03696
G1 X102.602 Y127.207 E.01294
G1 X102.035 Y125.099 F24000
;WIDTH:0.449999
G1 F15074.133
G1 X101.532 Y124.833 E.01695
G1 X100.873 Y124.437 E.02291
G1 X100.234 Y124.013 E.02284
G1 X99.615 Y123.561 E.02285
G1 X98.744 Y122.846 E.03355
G1 X98.274 Y122.416 E.01897
G1 X97.607 Y121.754 E.02801
G1 X96.881 Y120.938 E.03253
G1 X96.487 Y120.442 E.01887
G1 X95.951 Y119.715 E.0269
G1 X95.534 Y119.08 E.02264
G1 X95.207 Y118.533 E.01899
G1 X94.762 Y117.717 E.02768
G1 X94.423 Y117.006 E.02346
G1 X94.013 Y116.012 E.03203
G1 X93.654 Y114.939 E.03371
G1 X91.057 Y117.535 E.10937
G1 X91.276 Y118.071 E.01724
G1 X91.78 Y119.151 E.03548
G1 X92.345 Y120.199 E.03548
G1 X92.751 Y120.872 E.0234
G1 X93.183 Y121.528 E.02341
G1 X93.876 Y122.479 E.03506
G1 X94.378 Y123.102 E.02383
G1 X95.17 Y123.992 E.03547
G1 X96.012 Y124.834 E.03548
G1 X96.594 Y125.362 E.0234
G1 X97.196 Y125.867 E.02341
G1 X98.148 Y126.59 E.03562
G1 X98.792 Y127.032 E.02326
G1 X99.81 Y127.66 E.03562
G1 X100.493 Y128.037 E.02326
G1 X101.563 Y128.561 E.03547
G1 X102.661 Y129.022 E.03548
G1 X103.037 Y129.159 E.01192
G1 X105.676 Y126.52 E.11118
G1 X104.66 Y126.224 E.03153
G1 X103.917 Y125.961 E.02347
G1 X103.26 Y125.694 E.02113
G1 X102.52 Y125.355 E.02424
G1 X102.07 Y125.118 E.01515
G1 X101.844 Y125.459 F24000
G1 F15074.133
G1 X101.341 Y125.193 E.01695
G1 X100.663 Y124.786 E.02358
M73 P27 R5
G1 X100.008 Y124.352 E.02339
G1 X99.374 Y123.889 E.02339
G1 X98.485 Y123.161 E.03422
G1 X97.999 Y122.715 E.01965
G1 X97.311 Y122.034 E.02885
G1 X96.577 Y121.208 E.0329
G1 X96.168 Y120.695 E.01954
G1 X95.622 Y119.953 E.02745
G1 X95.194 Y119.304 E.02318
G1 X94.857 Y118.741 E.01955
G1 X94.403 Y117.909 E.02823
G1 X94.052 Y117.174 E.02425
G1 X93.637 Y116.167 E.03244
G1 X93.471 Y115.697 E.01484
G1 X91.537 Y117.632 E.08149
G1 X92.144 Y118.968 E.04371
G1 X92.699 Y119.997 E.03483
G1 X93.095 Y120.654 E.02287
G1 X93.518 Y121.296 E.02288
G1 X94.199 Y122.232 E.03448
G1 X94.689 Y122.839 E.02324
G1 X95.466 Y123.712 E.03481
G1 X96.293 Y124.539 E.03483
G1 X96.861 Y125.055 E.02287
G1 X97.45 Y125.549 E.02288
G1 X98.386 Y126.26 E.03503
G1 X99.014 Y126.691 E.02267
G1 X100.015 Y127.308 E.03504
G1 X100.681 Y127.676 E.02267
G1 X101.731 Y128.191 E.03483
G1 X102.932 Y128.688 E.03872
G1 X104.898 Y126.722 E.0828
G1 X103.781 Y126.344 E.03513
G1 X103.107 Y126.071 E.02166
G1 X102.35 Y125.725 E.02479
G1 X101.88 Y125.478 E.01583
G1 X101.654 Y125.819 F24000
G1 F15074.133
G1 X101.151 Y125.553 E.01695
G1 X100.453 Y125.135 E.02425
G1 X99.783 Y124.691 E.02393
G1 X99.134 Y124.218 E.02393
G1 X98.227 Y123.476 E.0349
G1 X97.724 Y123.015 E.02033
G1 X97.015 Y122.314 E.0297
G1 X96.273 Y121.479 E.03328
G1 X95.85 Y120.948 E.02021
G1 X95.292 Y120.192 E.02799
G1 X94.854 Y119.527 E.02372
G1 X94.507 Y118.948 E.0201
G1 X94.044 Y118.1 E.02877
G1 X93.778 Y117.546 E.01832
G1 X93.307 Y116.437 E.03589
G1 X92.016 Y117.728 E.05441
G1 X92.508 Y118.785 E.03472
G1 X93.052 Y119.795 E.03418
G1 X93.44 Y120.437 E.02234
G1 X93.852 Y121.064 E.02236
G1 X94.523 Y121.984 E.03389
G1 X95 Y122.576 E.02265
G1 X95.762 Y123.433 E.03416
G1 X96.574 Y124.244 E.03418
G1 X97.129 Y124.748 E.02235
G1 X97.704 Y125.231 E.02235
G1 X98.625 Y125.93 E.03445
G1 X99.236 Y126.35 E.02208
G1 X100.22 Y126.957 E.03445
G1 X100.869 Y127.315 E.02208
G1 X101.9 Y127.82 E.03418
G1 X102.833 Y128.212 E.03015
G1 X104.141 Y126.904 E.05508
G1 X103.645 Y126.728 E.01569
G1 X102.954 Y126.448 E.0222
G1 X102.18 Y126.095 E.02533
G1 X101.69 Y125.838 E.0165
G1 X101.464 Y126.179 F24000
G1 F15074.133
G1 X100.961 Y125.913 E.01695
G1 X100.243 Y125.484 E.02492
G1 X99.558 Y125.03 E.02447
G1 X98.894 Y124.546 E.02448
G1 X97.969 Y123.79 E.03558
G1 X97.448 Y123.315 E.02101
G1 X96.719 Y122.594 E.03054
G1 X95.969 Y121.749 E.03367
G1 X95.531 Y121.202 E.02088
G1 X94.962 Y120.431 E.02854
G1 X94.513 Y119.751 E.02425
G1 X94.157 Y119.156 E.02066
G1 X93.685 Y118.292 E.02931
G1 X93.164 Y117.156 E.03724
G1 X92.505 Y117.815 E.02777
G1 X92.872 Y118.602 E.02587
G1 X93.406 Y119.593 E.03354
G1 X93.784 Y120.22 E.02181
G1 X94.187 Y120.833 E.02183
G1 X94.846 Y121.736 E.03331
G1 X95.31 Y122.313 E.02206
G1 X96.058 Y123.153 E.03351
G1 X96.854 Y123.949 E.03354
G1 X97.397 Y124.442 E.02182
G1 X97.958 Y124.912 E.02182
G1 X98.863 Y125.6 E.03386
G1 X99.458 Y126.008 E.0215
G1 X100.426 Y126.605 E.03386
G1 X101.058 Y126.954 E.02149
G1 X102.068 Y127.449 E.03353
G1 X102.739 Y127.731 E.02165
G1 X103.4 Y127.069 E.02787
G1 X102.774 Y126.815 E.02014
G1 X102.01 Y126.465 E.02502
G1 X101.499 Y126.198 E.01718
; stop printing object Генератор.stl id:0 copy 0
;LAYER_CHANGE
;Z:1
;HEIGHT:0.2
;BEFORE_LAYER_CHANGE
;1
G92 E0

G1 E-1 F2400
;WIPE_START
G1 F12000
G1 X102.01 Y126.465
G1 X102.774 Y126.815
G1 X103.314 Y127.034
;WIPE_END
M486 S-1
;_SET_FAN_SPEED_CHANGING_LAYER
; printing object Генератор.stl id:0 copy 0
M486 S0
G1 Z1.2 F24000
G1 X130.683 Y107.882 Z1.2
G1 Z1
G1 E1 F2700
;TYPE:Inner wall
G1 F8791
G1 X130.689 Y107.929 E.00141
G1 X130.736 Y108.428 E.01496
G1 X130.781 Y109.241 E.02423
G1 X130.792 Y110.403 E.03463
G1 X130.734 Y111.612 E.03603
G1 X130.605 Y112.817 E.03612
G1 X130.481 Y113.608 E.02385
G1 X130.236 Y114.796 E.03612
G1 X129.922 Y115.967 E.03612
G1 X129.676 Y116.732 E.02393
G1 X129.402 Y117.488 E.02394
G1 X128.932 Y118.606 E.03612
G1 X128.398 Y119.695 E.03612
G1 X128.012 Y120.396 E.02385
G1 X127.373 Y121.43 E.03621
G1 X126.921 Y122.09 E.02384
G1 X126.185 Y123.059 E.03621
G1 X125.671 Y123.672 E.02385
G1 X124.845 Y124.564 E.03621
G1 X124.273 Y125.125 E.02385
G1 X123.365 Y125.933 E.03621
G1 X122.742 Y126.435 E.02384
G1 X121.76 Y127.152 E.03621
G1 X121.089 Y127.593 E.02394
G1 X120.401 Y128.009 E.02393
G1 X119.331 Y128.586 E.03622
G1 X118.608 Y128.931 E.02384
G1 X117.49 Y129.4 E.03612
G1 X116.347 Y129.804 E.03612
G1 X115.58 Y130.034 E.02384
G1 X114.4 Y130.325 E.0362
G1 X113.583 Y130.485 E.02479
G1 X112.411 Y130.656 E.03527
G1 X111.612 Y130.734 E.02394
G1 X110.809 Y130.781 E.02393
G1 X109.597 Y130.792 E.03612
G1 X108.388 Y130.734 E.03603
G1 X107.183 Y130.605 E.03611
G1 X106.361 Y130.475 E.0248
G1 X105.204 Y130.236 E.03518
G1 X104.033 Y129.922 E.03613
G1 X103.267 Y129.676 E.02394
G1 X102.512 Y129.402 E.02393
G1 X101.394 Y128.932 E.03612
G1 X100.305 Y128.398 E.03612
G1 X99.604 Y128.012 E.02385
G1 X98.57 Y127.373 E.03621
G1 X97.91 Y126.921 E.02384
G1 X96.941 Y126.185 E.03621
G1 X96.328 Y125.671 E.02385
G1 X95.436 Y124.845 E.03621
G1 X94.875 Y124.273 E.02385
G1 X94.067 Y123.365 E.03621
G1 X93.565 Y122.742 E.02384
G1 X92.848 Y121.76 E.03621
G1 X92.407 Y121.089 E.02394
G1 X91.991 Y120.401 E.02393
G1 X91.414 Y119.331 E.03622
G1 X91.069 Y118.608 E.02384
G1 X90.6 Y117.49 E.03612
G1 X90.196 Y116.347 E.03612
G1 X89.966 Y115.58 E.02384
G1 X89.675 Y114.4 E.0362
G1 X89.515 Y113.583 E.02479
G1 X89.344 Y112.411 E.03527
G1 X89.266 Y111.612 E.02394
G1 X89.219 Y110.809 E.02393
G1 X89.208 Y109.597 E.03612
G1 X89.266 Y108.388 E.03603
G1 X89.395 Y107.183 E.03611
G1 X89.525 Y106.361 E.0248
G1 X89.764 Y105.204 E.03518
G1 X90.078 Y104.033 E.03613
G1 X90.324 Y103.267 E.02394
G1 X90.598 Y102.512 E.02393
G1 X91.068 Y101.394 E.03612
G1 X91.602 Y100.305 E.03612
G1 X91.988 Y99.604 E.02385
G1 X92.627 Y98.57 E.03621
G1 X93.079 Y97.91 E.02384
G1 X93.815 Y96.941 E.03621
G1 X94.329 Y96.328 E.02385
G1 X95.155 Y95.436 E.03621
G1 X95.727 Y94.875 E.02385
G1 X96.635 Y94.067 E.03621
G1 X97.258 Y93.565 E.02384
G1 X98.24 Y92.848 E.03621
G1 X98.911 Y92.407 E.02394
G1 X99.599 Y91.991 E.02393
G1 X100.669 Y91.414 E.03622
G1 X101.392 Y91.069 E.02384
G1 X102.51 Y90.6 E.03612
G1 X103.653 Y90.196 E.03612
G1 X104.42 Y89.966 E.02385
G1 X105.6 Y89.675 E.0362
G1 X106.417 Y89.515 E.02479
G1 X107.588 Y89.344 E.03526
G1 X108.417 Y89.264 E.0248
G1 X109.6 Y89.208 E.03527
G1 X110.4 Y89.208 E.02384
G1 X111.643 Y89.269 E.03708
G1 X112.817 Y89.395 E.03517
G1 X113.608 Y89.519 E.02385
G1 X114.796 Y89.764 E.03612
G1 X115.967 Y90.078 E.03612
G1 X116.732 Y90.324 E.02393
G1 X117.488 Y90.598 E.02394
G1 X118.606 Y91.068 E.03612
G1 X119.695 Y91.602 E.03612
G1 X120.396 Y91.988 E.02385
G1 X121.43 Y92.627 E.03621
G1 X122.09 Y93.079 E.02384
G1 X123.059 Y93.815 E.03621
G1 X123.672 Y94.329 E.02385
G1 X124.564 Y95.155 E.03621
G1 X125.125 Y95.727 E.02385
G1 X125.933 Y96.635 E.03621
G1 X126.435 Y97.258 E.02384
G1 X127.152 Y98.24 E.03621
G1 X127.593 Y98.911 E.02394
G1 X128.009 Y99.599 E.02393
G1 X128.586 Y100.669 E.03622
G1 X128.931 Y101.392 E.02384
G1 X129.4 Y102.51 E.03612
G1 X129.804 Y103.653 E.03612
G1 X130.034 Y104.42 E.02385
G1 X130.325 Y105.6 E.0362
G1 X130.485 Y106.417 E.02479
G1 X130.677 Y107.842 E.04283
G1 X131.092 Y107.826 F24000
M204 P4000
;TYPE:Outer wall
;WIDTH:0.419999
G1 F8791
G1 X131.101 Y107.888 E.00173
G1 X131.149 Y108.404 E.0143
G1 X131.195 Y109.237 E.023
G1 X131.206 Y110.411 E.03241
G1 X131.146 Y111.644 E.03404
G1 X131.015 Y112.871 E.03407
G1 X130.888 Y113.682 E.02264
G1 X130.638 Y114.891 E.03407
G1 X130.319 Y116.084 E.03407
G1 X130.068 Y116.866 E.02267
G1 X129.787 Y117.638 E.02267
G1 X129.309 Y118.777 E.03407
G1 X128.765 Y119.886 E.03407
G1 X128.369 Y120.604 E.02264
G1 X127.72 Y121.656 E.03409
G1 X127.256 Y122.333 E.02264
G1 X126.508 Y123.317 E.0341
G1 X125.981 Y123.945 E.02264
G1 X125.142 Y124.852 E.0341
G1 X124.556 Y125.427 E.02264
G1 X123.633 Y126.248 E.03409
G1 X122.994 Y126.764 E.02264
G1 X121.996 Y127.492 E.0341
G1 X121.309 Y127.943 E.02267
G1 X120.606 Y128.368 E.02267
G1 X119.518 Y128.954 E.0341
G1 X118.778 Y129.308 E.02264
G1 X117.639 Y129.786 E.03407
G1 X116.475 Y130.197 E.03407
G1 X115.689 Y130.433 E.02264
G1 X114.489 Y130.729 E.0341
G1 X113.653 Y130.893 E.02352
G1 X112.461 Y131.067 E.03322
G1 X111.644 Y131.146 E.02267
G1 X110.823 Y131.194 E.02267
G1 X109.589 Y131.206 E.03407
G1 X108.356 Y131.146 E.03404
G1 X107.129 Y131.015 E.03406
G1 X106.287 Y130.882 E.02353
G1 X105.109 Y130.638 E.03319
G1 X103.916 Y130.319 E.03407
G1 X103.134 Y130.068 E.02267
G1 X102.362 Y129.787 E.02267
G1 X101.223 Y129.309 E.03407
G1 X100.114 Y128.765 E.03407
G1 X99.396 Y128.369 E.02264
G1 X98.344 Y127.72 E.0341
G1 X97.667 Y127.256 E.02264
G1 X96.683 Y126.508 E.0341
G1 X96.055 Y125.981 E.02264
G1 X95.148 Y125.142 E.0341
G1 X94.573 Y124.556 E.02264
G1 X93.752 Y123.633 E.03409
G1 X93.236 Y122.994 E.02264
G1 X92.508 Y121.996 E.0341
G1 X92.057 Y121.309 E.02267
G1 X91.632 Y120.606 E.02267
G1 X91.046 Y119.518 E.0341
G1 X90.692 Y118.778 E.02264
G1 X90.214 Y117.639 E.03407
G1 X89.803 Y116.475 E.03407
G1 X89.567 Y115.689 E.02264
G1 X89.271 Y114.489 E.0341
G1 X89.107 Y113.653 E.02352
G1 X88.933 Y112.461 E.03322
G1 X88.854 Y111.644 E.02267
G1 X88.806 Y110.823 E.02267
G1 X88.794 Y109.589 E.03407
G1 X88.854 Y108.356 E.03404
G1 X88.985 Y107.129 E.03406
G1 X89.118 Y106.287 E.02353
G1 X89.362 Y105.109 E.03319
G1 X89.681 Y103.916 E.03407
G1 X89.932 Y103.134 E.02267
G1 X90.213 Y102.362 E.02267
G1 X90.691 Y101.223 E.03407
G1 X91.235 Y100.114 E.03407
G1 X91.631 Y99.396 E.02264
G1 X92.28 Y98.344 E.03409
G1 X92.744 Y97.667 E.02264
G1 X93.492 Y96.683 E.0341
G1 X94.019 Y96.055 E.02264
G1 X94.858 Y95.148 E.0341
G1 X95.444 Y94.573 E.02264
G1 X96.367 Y93.752 E.03409
G1 X97.006 Y93.236 E.02264
G1 X98.004 Y92.508 E.0341
G1 X98.691 Y92.057 E.02267
G1 X99.394 Y91.632 E.02267
G1 X100.482 Y91.046 E.0341
G1 X101.222 Y90.692 E.02264
G1 X102.361 Y90.214 E.03407
G1 X103.525 Y89.803 E.03407
G1 X104.311 Y89.567 E.02264
G1 X105.511 Y89.271 E.0341
G1 X106.347 Y89.107 E.02352
G1 X107.539 Y88.933 E.03321
G1 X108.387 Y88.852 E.02353
G1 X109.59 Y88.794 E.03322
G1 X110.41 Y88.794 E.02264
G1 X111.675 Y88.857 E.03495
G1 X112.871 Y88.985 E.03318
G1 X113.682 Y89.112 E.02264
G1 X114.891 Y89.362 E.03407
G1 X116.084 Y89.681 E.03407
G1 X116.866 Y89.932 E.02267
G1 X117.638 Y90.213 E.02267
G1 X118.777 Y90.691 E.03407
G1 X119.886 Y91.235 E.03407
G1 X120.604 Y91.631 E.02264
G1 X121.656 Y92.28 E.03409
G1 X122.333 Y92.744 E.02264
G1 X123.317 Y93.492 E.0341
G1 X123.945 Y94.019 E.02264
G1 X124.852 Y94.858 E.0341
G1 X125.427 Y95.444 E.02264
G1 X126.248 Y96.367 E.03409
G1 X126.764 Y97.006 E.02264
G1 X127.492 Y98.004 E.0341
G1 X127.943 Y98.691 E.02267
G1 X128.368 Y99.394 E.02267
G1 X128.954 Y100.482 E.0341
G1 X129.308 Y101.222 E.02264
G1 X129.786 Y102.361 E.03407
G1 X130.197 Y103.525 E.03407
G1 X130.433 Y104.311 E.02264
G1 X130.729 Y105.511 E.0341
G1 X130.893 Y106.347 E.02352
G1 X131.087 Y107.787 E.04007
G1 E-1 F2400
;WIPE_START
G1 F12000
G1 X131.101 Y107.888
G1 X131.149 Y108.404
G1 X131.195 Y109.237
G1 X131.2 Y109.782
;WIPE_END
G1 Z1.2 F24000
G1 X96.068 Y100.847 Z1.2
G1 Z1
G1 E1 F2700
M204 P5000
;TYPE:Inner wall
;WIDTH:0.449999
G1 F8791
G1 X96.267 Y100.545 E.01077
G1 X96.703 Y99.94 E.02221
G1 X97.043 Y99.511 E.01631
G1 X97.904 Y98.525 E.039
G1 X98.434 Y97.991 E.02241
G1 X98.999 Y97.471 E.02286
G1 X99.821 Y96.795 E.03172
G1 X100.447 Y96.335 E.02314
G1 X101.086 Y95.91 E.02286
G1 X101.669 Y95.567 E.02013
G1 X102.548 Y95.088 E.02983
G1 X103.097 Y94.827 E.01812
G1 X104.026 Y94.435 E.03004
G1 X104.96 Y94.111 E.02944
G1 X105.522 Y93.943 E.01746
G1 X106.514 Y93.696 E.03044
G1 X107.142 Y93.576 E.01905
G1 X108.034 Y93.443 E.02687
G1 X108.761 Y93.373 E.02174
G1 X109.543 Y93.333 E.02333
G1 X110.336 Y93.337 E.02363
G1 X111.355 Y93.382 E.03037
G1 X112.125 Y93.463 E.02306
G1 X112.862 Y93.574 E.02221
G1 X113.594 Y93.718 E.02221
G1 X114.318 Y93.895 E.02221
G1 X115.372 Y94.223 E.0329
G1 X116.082 Y94.475 E.02242
G1 X116.775 Y94.765 E.0224
G1 X117.45 Y95.084 E.02222
G1 X118.371 Y95.583 E.0312
G1 X119.068 Y96.008 E.0243
G1 X119.684 Y96.427 E.02221
G1 X120.298 Y96.887 E.02286
G1 X120.978 Y97.458 E.02644
G1 X121.681 Y98.103 E.02841
G1 X122.139 Y98.572 E.01954
G1 X122.711 Y99.21 E.02553
G1 X123.179 Y99.798 E.02236
G1 X123.772 Y100.604 E.02982
G1 X124.111 Y101.125 E.01851
G1 X124.774 Y102.272 E.03946
G1 X125.108 Y102.946 E.02241
G1 X125.408 Y103.629 E.02222
G1 X125.798 Y104.67 E.0331
G1 X126.023 Y105.388 E.02241
G1 X126.213 Y106.109 E.02221
G1 X126.371 Y106.837 E.02221
G1 X126.496 Y107.572 E.02221
G1 X126.62 Y108.71 E.03408
G1 X126.656 Y109.33 E.0185
G1 X126.667 Y110.34 E.0301
G1 X126.623 Y111.291 E.02834
G1 X126.546 Y112.054 E.02286
G1 X126.41 Y112.917 E.02602
G1 X126.219 Y113.866 E.02884
G1 X126.024 Y114.608 E.02286
G1 X125.556 Y115.991 E.04347
G1 X125.166 Y116.923 E.0301
G1 X124.789 Y117.699 E.02569
G1 X124.429 Y118.338 E.02185
G1 X123.908 Y119.192 E.02979
G1 X123.563 Y119.692 E.01812
G1 X122.952 Y120.5 E.03015
G1 X122.551 Y120.972 E.01846
G1 X121.963 Y121.615 E.02595
G1 X121.431 Y122.138 E.02221
G1 X120.877 Y122.637 E.02221
G1 X120.272 Y123.134 E.02334
G1 X119.405 Y123.768 E.03199
G1 X118.866 Y124.119 E.01916
G1 X118.334 Y124.436 E.01844
G1 X117.451 Y124.908 E.02983
G1 X116.457 Y125.372 E.03267
G1 X115.763 Y125.646 E.02221
G1 X115.058 Y125.888 E.02221
G1 X114.456 Y126.065 E.01869
G1 X113.597 Y126.28 E.02638
G1 X112.858 Y126.419 E.0224
G1 X111.898 Y126.563 E.02891
G1 X110.659 Y126.657 E.03702
G1 X109.648 Y126.668 E.0301
G1 X108.675 Y126.615 E.02902
G1 X107.695 Y126.513 E.02936
G1 X107.063 Y126.411 E.01906
G1 X106.225 Y126.24 E.02549
G1 X105.502 Y126.055 E.02221
G1 X104.789 Y125.838 E.02221
G1 X104.086 Y125.589 E.02221
G1 X103.395 Y125.309 E.02221
G1 X102.698 Y124.989 E.02287
G1 X101.734 Y124.48 E.03246
G1 X101.09 Y124.093 E.0224
G1 X100.468 Y123.68 E.02221
G1 X99.849 Y123.227 E.02286
G1 X99.007 Y122.536 E.03246
G1 X98.452 Y122.027 E.0224
G1 X97.9 Y121.472 E.02334
G1 X97.187 Y120.669 E.03199
G1 X96.817 Y120.204 E.01769
G1 X96.281 Y119.476 E.02692
G1 X95.874 Y118.857 E.02208
G1 X95.555 Y118.324 E.0185
G1 X95.137 Y117.556 E.02603
G1 X94.81 Y116.874 E.02252
G1 X94.432 Y115.961 E.02945
G1 X94.141 Y115.147 E.02575
G1 X93.93 Y114.446 E.02181
G1 X93.745 Y113.71 E.02261
G1 X93.595 Y112.979 E.02221
G1 X93.475 Y112.221 E.02286
M73 P28 R5
G1 X93.376 Y111.245 E.02922
G1 X93.343 Y110.647 E.01785
G1 X93.33 Y109.64 E.03
G1 X93.365 Y108.873 E.02286
G1 X93.474 Y107.789 E.03246
G1 X93.589 Y107.051 E.02224
G1 X93.739 Y106.315 E.02237
G1 X93.92 Y105.592 E.02221
G1 X94.133 Y104.878 E.02221
G1 X94.386 Y104.153 E.02287
G1 X94.801 Y103.145 E.03246
G1 X95.125 Y102.467 E.0224
G1 X95.477 Y101.81 E.02221
G1 X95.858 Y101.168 E.02221
G1 X96.046 Y100.881 E.01025
G1 X96.414 Y101.074 F24000
M204 P4000
;TYPE:Outer wall
;WIDTH:0.419999
G1 F8791
G1 X96.612 Y100.772 E.00996
G1 X97.038 Y100.183 E.02006
G1 X97.367 Y99.768 E.0146
G1 X98.213 Y98.8 E.03549
G1 X98.727 Y98.282 E.02012
G1 X99.278 Y97.776 E.02066
G1 X100.084 Y97.115 E.02875
G1 X100.691 Y96.668 E.0208
G1 X101.315 Y96.254 E.02066
G1 X101.878 Y95.924 E.01801
G1 X102.737 Y95.455 E.02699
G1 X103.27 Y95.203 E.01627
G1 X104.182 Y94.818 E.02731
G1 X105.094 Y94.502 E.02664
G1 X105.634 Y94.341 E.01554
G1 X106.608 Y94.099 E.02769
G1 X107.218 Y93.983 E.01714
G1 X108.092 Y93.852 E.02438
G1 X108.8 Y93.785 E.01963
G1 X109.564 Y93.746 E.02109
G1 X110.334 Y93.751 E.02126
G1 X111.33 Y93.795 E.0275
G1 X112.081 Y93.874 E.02085
G1 X112.8 Y93.983 E.02006
G1 X113.513 Y94.124 E.02006
G1 X114.219 Y94.297 E.02006
G1 X114.938 Y94.508 E.02066
G1 X115.906 Y94.852 E.02836
G1 X116.616 Y95.147 E.0212
G1 X117.273 Y95.457 E.02007
G1 X118.174 Y95.946 E.02827
G1 X118.85 Y96.36 E.02188
G1 X119.451 Y96.769 E.02006
G1 X120.05 Y97.218 E.02066
G1 X120.712 Y97.775 E.02386
G1 X121.398 Y98.404 E.02568
G1 X121.843 Y98.861 E.01759
G1 X122.402 Y99.485 E.02313
G1 X122.854 Y100.055 E.02008
G1 X123.434 Y100.843 E.02699
G1 X123.763 Y101.348 E.01663
G1 X124.414 Y102.476 E.03592
G1 X124.737 Y103.129 E.02012
G1 X125.03 Y103.795 E.02007
G1 X125.411 Y104.815 E.03002
G1 X125.628 Y105.511 E.02012
G1 X125.813 Y106.214 E.02006
G1 X125.966 Y106.925 E.02006
G1 X126.088 Y107.641 E.02006
G1 X126.207 Y108.742 E.03055
G1 X126.243 Y109.344 E.01663
G1 X126.253 Y110.336 E.02737
G1 X126.21 Y111.268 E.02574
G1 X126.135 Y112.012 E.02066
G1 X126.002 Y112.853 E.02347
G1 X125.815 Y113.779 E.02608
G1 X125.624 Y114.503 E.02066
G1 X125.17 Y115.842 E.03901
G1 X124.787 Y116.757 E.02737
G1 X124.419 Y117.516 E.02329
G1 X124.069 Y118.135 E.0196
G1 X123.56 Y118.969 E.02696
G1 X123.225 Y119.454 E.01627
G1 X122.625 Y120.246 E.02742
G1 X122.236 Y120.705 E.01659
G1 X121.66 Y121.333 E.02353
G1 X121.141 Y121.843 E.02006
G1 X120.601 Y122.329 E.02006
G1 X120.018 Y122.807 E.02079
G1 X119.161 Y123.434 E.02931
G1 X118.125 Y124.08 E.03367
G1 X117.262 Y124.54 E.027
G1 X116.289 Y124.995 E.02963
G1 X115.612 Y125.261 E.02006
G1 X114.924 Y125.496 E.02006
G1 X114.34 Y125.668 E.0168
G1 X113.499 Y125.879 E.02392
G1 X112.782 Y126.012 E.02012
G1 X111.845 Y126.153 E.02615
G1 X110.642 Y126.243 E.03328
G1 X109.651 Y126.254 E.02737
G1 X108.701 Y126.202 E.02625
G1 X107.743 Y126.102 E.02656
G1 X107.13 Y126.003 E.01714
G1 X106.31 Y125.836 E.0231
G1 X105.605 Y125.655 E.02006
G1 X104.91 Y125.443 E.02006
G1 X104.225 Y125.2 E.02006
G1 X103.551 Y124.926 E.02006
G1 X102.871 Y124.613 E.02066
G1 X101.925 Y124.113 E.02952
G1 X101.303 Y123.739 E.02004
G1 X100.697 Y123.336 E.02006
G1 X100.093 Y122.893 E.02066
G1 X99.269 Y122.216 E.02944
G1 X98.732 Y121.723 E.02012
G1 X98.201 Y121.188 E.02079
G1 X97.496 Y120.394 E.02931
G1 X97.141 Y119.947 E.01575
G1 X96.616 Y119.234 E.02442
G1 X96.219 Y118.63 E.01995
G1 X95.911 Y118.112 E.01663
G1 X95.502 Y117.361 E.02361
G1 X95.183 Y116.696 E.02034
G1 X94.815 Y115.803 E.02665
G1 X94.531 Y115.011 E.02322
G1 X94.327 Y114.327 E.01969
G1 X94.146 Y113.609 E.02043
G1 X94 Y112.897 E.02006
G1 X93.884 Y112.157 E.02066
G1 X93.788 Y111.204 E.02643
G1 X93.756 Y110.629 E.0159
G1 X93.744 Y109.64 E.02728
G1 X93.778 Y108.892 E.02066
G1 X93.885 Y107.831 E.02944
G1 X93.998 Y107.116 E.01997
G1 X94.144 Y106.398 E.02021
G1 X94.321 Y105.693 E.02006
G1 X94.529 Y104.996 E.02006
G1 X94.776 Y104.289 E.02066
G1 X95.183 Y103.303 E.02944
G1 X95.498 Y102.646 E.02012
G1 X95.841 Y102.005 E.02006
G1 X96.213 Y101.38 E.02006
G1 X96.392 Y101.107 E.009
G1 E-1 F2400
;WIPE_START
G1 F12000
G1 X96.612 Y100.772
G1 X97.038 Y100.183
G1 X97.367 Y99.768
G1 X97.592 Y99.51
;WIPE_END
G1 Z1.2 F24000
G1 X115.854 Y94.072 Z1.2
G1 Z1
G1 E1 F2700
M204 P5000
;TYPE:Sparse infill
;WIDTH:0.45
G1 F8791
G1 X115.162 Y93.825 E.0219
G1 X114.303 Y93.578 E.0266
G1 X110.238 Y89.513 E.17126
G1 X109.607 Y89.513 E.0188
G1 X108.439 Y89.569 E.03483
G1 X107.625 Y89.647 E.02436
G1 X106.408 Y89.828 E.03665
G1 X109.608 Y93.028 E.13482
G1 X108.786 Y93.065 E.02453
G1 X108.02 Y93.137 E.02289
G1 X107.273 Y93.242 E.02248
G1 X106.496 Y93.387 E.02354
G1 X105.949 Y93.514 E.01672
G1 X103.137 Y90.702 E.11848
G1 X102.62 Y90.884 E.01634
G1 X101.517 Y91.348 E.03564
G1 X100.808 Y91.687 E.0234
G1 X100.268 Y91.978 E.01827
G1 X102.88 Y94.59 E.11006
G1 X101.898 Y95.079 E.03267
G1 X100.939 Y95.641 E.03313
G1 X100.247 Y96.102 E.02476
G1 X97.738 Y93.593 E.10573
G1 X97.444 Y93.807 E.01083
G1 X96.832 Y94.3 E.0234
G1 X95.935 Y95.098 E.03577
G1 X95.513 Y95.513 E.01762
G1 X97.997 Y97.997 E.10465
G1 X97.688 Y98.308 E.01306
G1 X96.942 Y99.147 E.03344
G1 X96.468 Y99.745 E.02273
G1 X96.104 Y100.249 E.01852
G1 X93.593 Y97.738 E.10576
G1 X93.327 Y98.088 E.0131
G1 X92.883 Y98.736 E.0234
G1 X92.252 Y99.758 E.03577
G1 X91.973 Y100.263 E.01718
G1 X94.59 Y102.88 E.11021
G1 X94.102 Y104.04 E.0375
G1 X93.846 Y104.773 E.02313
G1 X93.627 Y105.504 E.02271
G1 X93.515 Y105.951 E.01372
G1 X90.698 Y103.133 E.1187
G1 X90.613 Y103.366 E.00741
G1 X90.371 Y104.119 E.02354
G1 X90.062 Y105.275 E.03564
G1 X89.827 Y106.407 E.03445
G1 X93.026 Y109.606 E.13475
G1 X93.025 Y110.37 E.02274
G1 X93.059 Y111.132 E.02273
G1 X93.172 Y112.258 E.0337
G1 X93.294 Y113.032 E.02335
G1 X93.447 Y113.779 E.02273
G1 X93.58 Y114.305 E.01614
G1 X89.519 Y110.244 E.17104
G1 X89.525 Y110.799 E.01652
G1 X89.571 Y111.588 E.02354
G1 X89.647 Y112.375 E.02354
G1 X89.816 Y113.532 E.03483
G1 X89.973 Y114.334 E.02435
G1 X90.14 Y115.01 E.02074
G1 X104.993 Y129.863 E.62568
G1 X104.119 Y129.629 E.02695
G1 X103.43 Y129.408 E.02155
G1 X104.142 Y125.932 F24000
G1 F8791
G1 X104.687 Y126.126 E.01725
G1 X105.695 Y126.42 E.03125
G1 X109.76 Y130.485 E.17127
G1 X110.799 Y130.475 E.03094
G1 X111.588 Y130.429 E.02354
G1 X112.375 Y130.353 E.02354
G1 X113.592 Y130.172 E.03666
G1 X110.392 Y126.972 E.1348
G1 X111.041 Y126.947 E.01934
G1 X111.817 Y126.881 E.02322
G1 X112.549 Y126.786 E.02197
G1 X113.628 Y126.586 E.03269
G1 X114.049 Y126.484 E.01291
G1 X116.863 Y129.298 E.11854
G1 X117.38 Y129.116 E.01634
G1 X118.483 Y128.652 E.03564
G1 X119.192 Y128.313 E.0234
G1 X119.732 Y128.022 E.01827
G1 X117.121 Y125.411 E.11001
G1 X118.24 Y124.845 E.03736
G1 X118.917 Y124.449 E.02336
G1 X119.749 Y123.894 E.02979
G1 X122.262 Y126.407 E.10588
G1 X122.556 Y126.193 E.01083
G1 X123.168 Y125.7 E.0234
G1 X124.065 Y124.902 E.03577
G1 X124.487 Y124.487 E.01762
G1 X122.003 Y122.003 E.10465
G1 X122.679 Y121.292 E.02921
G1 X123.19 Y120.691 E.0235
G1 X123.641 Y120.11 E.0219
G1 X123.895 Y119.75 E.01314
G1 X126.407 Y122.262 E.10582
G1 X126.673 Y121.912 E.0131
G1 X127.117 Y121.264 E.0234
G1 X127.748 Y120.242 E.03577
G1 X128.027 Y119.737 E.01718
G1 X125.411 Y117.121 E.11016
G1 X125.702 Y116.459 E.02154
G1 X125.969 Y115.769 E.02206
G1 X126.306 Y114.731 E.0325
G1 X126.486 Y114.051 E.02095
G1 X129.302 Y116.867 E.11864
G1 X129.388 Y116.634 E.00741
G1 X129.629 Y115.881 E.02354
G1 X129.938 Y114.726 E.03564
G1 X130.172 Y113.592 E.03447
G1 X126.971 Y110.391 E.13486
G1 X126.977 Y109.793 E.01782
G1 X126.952 Y109.05 E.02215
G1 X126.893 Y108.297 E.02248
G1 X126.8 Y107.541 E.02269
G1 X126.673 Y106.79 E.02269
G1 X126.419 Y105.694 E.0335
G1 X130.481 Y109.756 E.17108
G1 X130.475 Y109.201 E.01652
G1 X130.429 Y108.412 E.02354
G1 X130.353 Y107.625 E.02354
G1 X130.184 Y106.468 E.03483
G1 X130.027 Y105.666 E.02435
G1 X129.86 Y104.99 E.02074
G1 X115.007 Y90.137 E.62568
G1 X115.881 Y90.371 E.02695
G1 X116.57 Y90.592 E.02155
; stop printing object Генератор.stl id:0 copy 0
;LAYER_CHANGE
;Z:1.2
;HEIGHT:0.2
;BEFORE_LAYER_CHANGE
;1.2
G92 E0

G1 E-1 F2400
;WIPE_START
G1 F12000
G1 X115.881 Y90.371
G1 X115.007 Y90.137
G1 X115.27 Y90.4
;WIPE_END
M486 S-1
;_SET_FAN_SPEED_CHANGING_LAYER
; printing object Генератор.stl id:0 copy 0
M486 S0
G1 Z1.4 F24000
G1 X130.689 Y107.928 Z1.4
G1 Z1.2
G1 E1 F2700
M73 P29 R5
;TYPE:Inner wall
;WIDTH:0.449999
G1 F8791
G1 X130.736 Y108.428 E.01496
G1 X130.781 Y109.241 E.02423
G1 X130.792 Y110.403 E.03463
G1 X130.734 Y111.615 E.03613
G1 X130.656 Y112.414 E.02393
G1 X130.547 Y113.21 E.02393
G1 X130.324 Y114.406 E.03621
G1 X130.14 Y115.185 E.02385
G1 X129.802 Y116.353 E.03621
G1 X129.543 Y117.11 E.02384
G1 X129.095 Y118.237 E.03612
G1 X128.584 Y119.333 E.03603
G1 X128.01 Y120.398 E.03604
G1 X127.373 Y121.43 E.03612
G1 X126.921 Y122.09 E.02385
G1 X126.185 Y123.059 E.03621
G1 X125.669 Y123.674 E.02393
G1 X125.129 Y124.269 E.02393
G1 X124.269 Y125.128 E.0362
G1 X123.643 Y125.695 E.02518
G1 X122.74 Y126.437 E.0348
G1 X121.76 Y127.152 E.03613
G1 X121.091 Y127.592 E.02384
G1 X120.044 Y128.21 E.03621
G1 X119.336 Y128.583 E.02385
G1 X118.234 Y129.097 E.03621
G1 X117.493 Y129.399 E.02385
G1 X116.347 Y129.804 E.03621
G1 X115.58 Y130.034 E.02385
G1 X114.4 Y130.325 E.0362
G1 X113.571 Y130.487 E.02518
G1 X112.412 Y130.656 E.03489
G1 X111.612 Y130.734 E.02394
G1 X110.809 Y130.781 E.02393
G1 X109.597 Y130.792 E.03612
G1 X108.385 Y130.734 E.03613
G1 X107.586 Y130.656 E.02393
G1 X106.79 Y130.547 E.02393
G1 X105.594 Y130.324 E.03621
G1 X104.815 Y130.14 E.02385
G1 X103.647 Y129.802 E.03621
G1 X102.89 Y129.543 E.02385
G1 X101.763 Y129.095 E.03612
G1 X100.667 Y128.584 E.03603
G1 X99.602 Y128.01 E.03604
G1 X98.57 Y127.373 E.03612
G1 X97.91 Y126.921 E.02385
G1 X96.941 Y126.185 E.03621
G1 X96.326 Y125.669 E.02393
G1 X95.731 Y125.129 E.02393
G1 X94.872 Y124.269 E.0362
G1 X94.305 Y123.643 E.02518
G1 X93.563 Y122.74 E.0348
G1 X92.848 Y121.76 E.03613
G1 X92.408 Y121.091 E.02385
G1 X91.79 Y120.044 E.03621
G1 X91.417 Y119.336 E.02385
G1 X90.903 Y118.234 E.03621
G1 X90.601 Y117.493 E.02385
G1 X90.196 Y116.347 E.03621
G1 X89.966 Y115.58 E.02385
G1 X89.675 Y114.4 E.0362
G1 X89.513 Y113.571 E.02518
G1 X89.344 Y112.412 E.03489
G1 X89.266 Y111.612 E.02394
G1 X89.219 Y110.809 E.02393
G1 X89.208 Y109.597 E.03612
G1 X89.266 Y108.385 E.03613
G1 X89.344 Y107.586 E.02393
G1 X89.453 Y106.79 E.02393
G1 X89.676 Y105.594 E.03621
G1 X89.86 Y104.815 E.02385
G1 X90.198 Y103.647 E.03621
G1 X90.457 Y102.89 E.02385
G1 X90.905 Y101.763 E.03612
G1 X91.416 Y100.667 E.03603
G1 X91.99 Y99.602 E.03604
G1 X92.627 Y98.57 E.03612
G1 X93.079 Y97.91 E.02385
G1 X93.815 Y96.941 E.03621
G1 X94.331 Y96.326 E.02393
G1 X94.871 Y95.731 E.02393
G1 X95.731 Y94.872 E.0362
G1 X96.357 Y94.305 E.02518
G1 X97.26 Y93.563 E.0348
G1 X98.24 Y92.848 E.03613
G1 X98.909 Y92.408 E.02384
G1 X99.956 Y91.79 E.03621
G1 X100.664 Y91.417 E.02385
G1 X101.766 Y90.903 E.03621
G1 X102.507 Y90.601 E.02385
G1 X103.653 Y90.196 E.03621
G1 X104.42 Y89.966 E.02385
G1 X105.6 Y89.675 E.0362
G1 X106.429 Y89.513 E.02518
G1 X107.588 Y89.344 E.03489
G1 X108.388 Y89.266 E.02394
G1 X109.191 Y89.219 E.02393
G1 X110.406 Y89.208 E.03621
G1 X111.206 Y89.239 E.02385
G1 X112.414 Y89.344 E.03612
G1 X113.614 Y89.52 E.03612
G1 X114.403 Y89.675 E.02393
G1 X115.185 Y89.86 E.02394
G1 X116.353 Y90.198 E.03621
G1 X117.11 Y90.457 E.02384
G1 X118.237 Y90.905 E.03612
G1 X119.333 Y91.416 E.03603
G1 X120.398 Y91.99 E.03604
G1 X121.43 Y92.627 E.03612
G1 X122.09 Y93.079 E.02385
G1 X123.059 Y93.815 E.03621
G1 X123.674 Y94.331 E.02393
G1 X124.269 Y94.871 E.02393
G1 X125.128 Y95.731 E.0362
G1 X125.695 Y96.357 E.02518
G1 X126.437 Y97.26 E.0348
G1 X127.152 Y98.24 E.03613
G1 X127.592 Y98.909 E.02384
G1 X128.21 Y99.956 E.03621
G1 X128.583 Y100.664 E.02385
G1 X129.097 Y101.766 E.03621
G1 X129.399 Y102.507 E.02385
G1 X129.804 Y103.653 E.03621
G1 X130.034 Y104.42 E.02385
G1 X130.325 Y105.6 E.0362
G1 X130.487 Y106.429 E.02518
G1 X130.684 Y107.889 E.04386
G1 X131.1 Y107.883 F24000
M204 P4000
;TYPE:Outer wall
;WIDTH:0.419999
G1 F8791
G1 X131.101 Y107.888 E.00016
G1 X131.149 Y108.404 E.0143
G1 X131.195 Y109.237 E.023
G1 X131.206 Y110.411 E.03241
G1 X131.146 Y111.645 E.03407
G1 X131.067 Y112.462 E.02267
G1 X130.955 Y113.276 E.02267
G1 X130.729 Y114.491 E.0341
G1 X130.54 Y115.29 E.02264
G1 X130.197 Y116.477 E.0341
G1 X129.931 Y117.253 E.02264
G1 X129.475 Y118.401 E.03407
G1 X128.954 Y119.519 E.03404
G1 X128.368 Y120.605 E.03404
G1 X127.72 Y121.656 E.03407
G1 X127.256 Y122.333 E.02264
G1 X126.508 Y123.317 E.0341
G1 X125.98 Y123.946 E.02267
G1 X125.428 Y124.554 E.02267
G1 X124.555 Y125.428 E.03409
G1 X123.913 Y126.009 E.02388
G1 X122.993 Y126.764 E.03283
G1 X121.996 Y127.492 E.03407
G1 X121.31 Y127.943 E.02264
G1 X120.246 Y128.571 E.0341
G1 X119.52 Y128.953 E.02264
G1 X118.4 Y129.476 E.03409
G1 X117.64 Y129.786 E.02264
G1 X116.475 Y130.197 E.0341
G1 X115.689 Y130.433 E.02264
G1 X114.489 Y130.729 E.03409
G1 X113.64 Y130.895 E.02388
G1 X112.461 Y131.067 E.03286
G1 X111.644 Y131.146 E.02267
G1 X110.823 Y131.194 E.02267
G1 X109.589 Y131.206 E.03407
G1 X108.355 Y131.146 E.03407
G1 X107.538 Y131.067 E.02267
G1 X106.724 Y130.955 E.02267
G1 X105.509 Y130.729 E.0341
G1 X104.71 Y130.54 E.02264
G1 X103.523 Y130.197 E.0341
G1 X102.747 Y129.931 E.02264
G1 X101.599 Y129.475 E.03407
G1 X100.481 Y128.954 E.03404
G1 X99.395 Y128.368 E.03404
G1 X98.344 Y127.72 E.03407
G1 X97.667 Y127.256 E.02264
G1 X96.683 Y126.508 E.0341
G1 X96.054 Y125.98 E.02267
G1 X95.446 Y125.428 E.02267
G1 X94.572 Y124.555 E.03409
G1 X93.991 Y123.913 E.02388
G1 X93.236 Y122.993 E.03283
G1 X92.508 Y121.996 E.03407
G1 X92.057 Y121.31 E.02264
G1 X91.429 Y120.246 E.0341
G1 X91.047 Y119.52 E.02264
G1 X90.524 Y118.4 E.03409
G1 X90.214 Y117.64 E.02264
G1 X89.803 Y116.475 E.0341
G1 X89.567 Y115.689 E.02264
G1 X89.271 Y114.489 E.03409
G1 X89.105 Y113.64 E.02388
G1 X88.933 Y112.461 E.03286
G1 X88.854 Y111.644 E.02267
G1 X88.806 Y110.823 E.02267
G1 X88.794 Y109.589 E.03407
G1 X88.854 Y108.355 E.03407
G1 X88.933 Y107.538 E.02267
G1 X89.045 Y106.724 E.02267
G1 X89.271 Y105.509 E.0341
G1 X89.46 Y104.71 E.02264
G1 X89.803 Y103.523 E.0341
G1 X90.069 Y102.747 E.02264
G1 X90.525 Y101.599 E.03407
G1 X91.046 Y100.481 E.03404
G1 X91.632 Y99.395 E.03404
G1 X92.28 Y98.344 E.03407
G1 X92.744 Y97.667 E.02264
G1 X93.492 Y96.683 E.0341
G1 X94.02 Y96.054 E.02267
G1 X94.572 Y95.446 E.02267
G1 X95.445 Y94.572 E.03409
G1 X96.087 Y93.991 E.02388
G1 X97.007 Y93.236 E.03283
G1 X98.004 Y92.508 E.03407
G1 X98.69 Y92.057 E.02264
G1 X99.754 Y91.429 E.0341
G1 X100.48 Y91.047 E.02264
G1 X101.6 Y90.524 E.03409
G1 X102.36 Y90.214 E.02264
G1 X103.525 Y89.803 E.0341
G1 X104.311 Y89.567 E.02264
G1 X105.511 Y89.271 E.03409
G1 X106.36 Y89.105 E.02388
G1 X107.539 Y88.933 E.03286
G1 X108.356 Y88.854 E.02267
G1 X109.177 Y88.806 E.02267
G1 X110.412 Y88.794 E.0341
G1 X111.232 Y88.826 E.02264
G1 X112.462 Y88.934 E.03407
G1 X113.684 Y89.112 E.03407
G1 X114.49 Y89.271 E.02267
G1 X115.29 Y89.46 E.02267
G1 X116.477 Y89.803 E.0341
G1 X117.253 Y90.069 E.02264
G1 X118.401 Y90.525 E.03407
G1 X119.519 Y91.046 E.03404
G1 X120.605 Y91.632 E.03404
G1 X121.656 Y92.28 E.03407
G1 X122.333 Y92.744 E.02264
G1 X123.317 Y93.492 E.0341
G1 X123.946 Y94.02 E.02267
G1 X124.554 Y94.572 E.02267
G1 X125.428 Y95.445 E.03409
G1 X126.009 Y96.087 E.02388
G1 X126.764 Y97.007 E.03283
G1 X127.492 Y98.004 E.03407
G1 X127.943 Y98.69 E.02264
G1 X128.571 Y99.754 E.0341
G1 X128.953 Y100.48 E.02264
G1 X129.476 Y101.6 E.03409
G1 X129.786 Y102.36 E.02264
G1 X130.197 Y103.525 E.0341
G1 X130.433 Y104.311 E.02264
G1 X130.729 Y105.511 E.03409
G1 X130.895 Y106.36 E.02388
G1 X131.095 Y107.843 E.04128
G1 E-1 F2400
;WIPE_START
G1 F12000
G1 X131.101 Y107.888
G1 X131.149 Y108.404
G1 X131.195 Y109.237
G1 X131.2 Y109.839
;WIPE_END
G1 Z1.4 F24000
G1 X96.061 Y100.858 Z1.4
G1 Z1.2
G1 E1 F2700
M204 P5000
;TYPE:Inner wall
;WIDTH:0.449999
G1 F8791
G1 X96.267 Y100.545 E.01114
G1 X96.703 Y99.941 E.02221
G1 X97.043 Y99.511 E.01631
G1 X97.904 Y98.524 E.03901
G1 X98.434 Y97.991 E.0224
G1 X99.019 Y97.453 E.02366
G1 X99.83 Y96.788 E.03127
G1 X100.447 Y96.335 E.0228
G1 X101.068 Y95.921 E.02221
G1 X101.706 Y95.536 E.02221
G1 X102.546 Y95.091 E.02832
G1 X103.371 Y94.701 E.02719
G1 X104.016 Y94.438 E.02073
G1 X104.961 Y94.111 E.0298
G1 X105.522 Y93.943 E.01743
G1 X106.513 Y93.696 E.03043
G1 X107.154 Y93.574 E.01943
G1 X108.034 Y93.443 E.02651
G1 X108.744 Y93.375 E.02123
G1 X109.361 Y93.342 E.01842
G1 X110.363 Y93.337 E.02984
G1 X110.95 Y93.357 E.01747
G1 X111.956 Y93.445 E.0301
G1 X112.862 Y93.574 E.02726
G1 X113.565 Y93.713 E.02135
G1 X114.166 Y93.859 E.01842
G1 X115.127 Y94.141 E.02984
G1 X115.683 Y94.329 E.01747
G1 X116.623 Y94.701 E.0301
G1 X117.45 Y95.083 E.02715
G1 X118.138 Y95.448 E.02319
G1 X119.062 Y96.004 E.03214
G1 X119.684 Y96.427 E.0224
G1 X120.281 Y96.874 E.02221
G1 X120.858 Y97.346 E.02222
G1 X121.447 Y97.887 E.02381
G1 X122.156 Y98.59 E.02974
G1 X122.931 Y99.475 E.03506
G1 X123.393 Y100.069 E.02241
G1 X123.772 Y100.604 E.01954
G1 X124.102 Y101.112 E.01803
G1 X124.608 Y101.977 E.02984
G1 X125.108 Y102.946 E.0325
G1 X125.546 Y103.985 E.03357
G1 X125.888 Y104.949 E.03049
G1 X126.211 Y106.102 E.03566
G1 X126.371 Y106.837 E.02241
G1 X126.496 Y107.572 E.02221
G1 X126.62 Y108.71 E.03408
G1 X126.656 Y109.33 E.0185
G1 X126.667 Y110.34 E.0301
G1 X126.623 Y111.291 E.02834
G1 X126.556 Y111.968 E.02027
M73 P29 R4
G1 X126.467 Y112.559 E.01782
G1 X126.377 Y113.131 E.01723
G1 X126.219 Y113.866 E.02241
G1 X126.03 Y114.588 E.02222
G1 X125.689 Y115.645 E.0331
G1 X125.418 Y116.347 E.02241
G1 X125.119 Y117.03 E.02221
G1 X124.89 Y117.494 E.01542
G1 X124.431 Y118.352 E.02899
G1 X124.043 Y118.989 E.02221
G1 X123.618 Y119.621 E.02269
G1 X122.956 Y120.494 E.03263
G1 X122.124 Y121.441 E.03754
G1 X121.414 Y122.143 E.02974
G1 X120.951 Y122.568 E.01874
G1 X120.203 Y123.183 E.02882
G1 X119.4 Y123.771 E.02968
G1 X118.877 Y124.111 E.01857
G1 X118.132 Y124.556 E.02584
G1 X117.473 Y124.905 E.02221
G1 X116.769 Y125.237 E.02319
G1 X115.983 Y125.556 E.02526
G1 X115.058 Y125.888 E.02927
G1 X114.456 Y126.065 E.01869
G1 X113.619 Y126.276 E.02572
G1 X112.888 Y126.421 E.02221
G1 X112.118 Y126.538 E.02319
G1 X111.257 Y126.62 E.02576
G1 X110.659 Y126.657 E.01786
G1 X109.648 Y126.668 E.0301
G1 X108.662 Y126.614 E.02941
G1 X107.451 Y126.474 E.03631
G1 X106.954 Y126.393 E.01499
G1 X105.853 Y126.146 E.03361
G1 X104.87 Y125.863 E.03048
G1 X104.295 Y125.664 E.01812
G1 X103.395 Y125.309 E.0288
G1 X102.688 Y124.984 E.02319
G1 X101.734 Y124.48 E.03214
G1 X101.09 Y124.093 E.02239
G1 X100.468 Y123.68 E.02221
G1 X99.866 Y123.24 E.02222
G1 X99.007 Y122.536 E.0331
G1 X98.55 Y122.117 E.01846
G1 X97.926 Y121.499 E.02615
G1 X97.424 Y120.948 E.02221
G1 X96.927 Y120.349 E.02319
G1 X96.285 Y119.481 E.03214
G1 X95.881 Y118.868 E.02188
G1 X95.49 Y118.213 E.02272
G1 X95.137 Y117.556 E.02221
G1 X94.801 Y116.854 E.02319
G1 X94.437 Y115.974 E.02838
G1 X94.141 Y115.147 E.02616
G1 X93.93 Y114.446 E.02181
G1 X93.745 Y113.71 E.02261
G1 X93.595 Y112.979 E.02221
G1 X93.478 Y112.243 E.02221
G1 X93.392 Y111.469 E.02319
G1 X93.344 Y110.625 E.02518
G1 X93.33 Y109.64 E.02935
G1 X93.363 Y108.895 E.02222
G1 X93.528 Y107.44 E.04362
G1 X93.715 Y106.434 E.03049
G1 X93.857 Y105.842 E.01812
G1 X94.133 Y104.878 E.02988
G1 X94.339 Y104.287 E.01864
G1 X94.708 Y103.369 E.02945
G1 X95.117 Y102.484 E.02906
G1 X95.477 Y101.809 E.02276
G1 X95.858 Y101.168 E.02221
G1 X96.04 Y100.891 E.00988
G1 X96.407 Y101.084 F24000
M204 P4000
;TYPE:Outer wall
;WIDTH:0.419999
G1 F8791
G1 X96.612 Y100.772 E.01031
G1 X97.038 Y100.183 E.02006
G1 X97.367 Y99.768 E.0146
G1 X98.213 Y98.799 E.03549
G1 X98.727 Y98.282 E.02012
G1 X99.29 Y97.766 E.02108
G1 X100.093 Y97.108 E.02864
G1 X100.691 Y96.668 E.02049
G1 X101.297 Y96.265 E.02006
G1 X101.92 Y95.89 E.02007
G1 X102.739 Y95.456 E.02559
G1 X103.544 Y95.077 E.02455
G1 X104.172 Y94.822 E.01869
G1 X105.095 Y94.502 E.02697
G1 X105.634 Y94.341 E.01551
G1 X106.607 Y94.099 E.02767
G1 X107.23 Y93.98 E.01749
G1 X108.092 Y93.852 E.02405
G1 X108.783 Y93.786 E.01916
G1 X109.382 Y93.755 E.01654
G1 X110.361 Y93.751 E.02701
G1 X110.924 Y93.77 E.01555
G1 X111.912 Y93.856 E.02737
G1 X112.8 Y93.983 E.02474
G1 X113.485 Y94.118 E.01927
G1 X114.067 Y94.261 E.01654
G1 X115.006 Y94.537 E.02701
G1 X115.54 Y94.717 E.01555
G1 X116.463 Y95.083 E.02737
G1 X117.273 Y95.457 E.02463
G1 X117.944 Y95.813 E.02095
G1 X118.848 Y96.359 E.02914
G1 X119.451 Y96.769 E.02012
G1 X120.033 Y97.205 E.02006
G1 X120.595 Y97.666 E.02007
G1 X121.167 Y98.191 E.02141
G1 X121.859 Y98.878 E.02691
G1 X122.619 Y99.746 E.03184
G1 X123.066 Y100.322 E.02012
G1 X123.754 Y101.335 E.03376
G1 X124.247 Y102.18 E.02701
G1 X124.737 Y103.129 E.02947
G1 X125.161 Y104.134 E.03008
G1 X125.496 Y105.081 E.02773
G1 X125.812 Y106.212 E.03239
G1 X125.966 Y106.925 E.02012
G1 X126.088 Y107.641 E.02006
G1 X126.207 Y108.742 E.03055
G1 X126.243 Y109.344 E.01663
G1 X126.253 Y110.336 E.02737
G1 X126.21 Y111.267 E.02574
G1 X126.144 Y111.926 E.01827
G1 X126.058 Y112.495 E.01587
G1 X125.968 Y113.066 E.01596
G1 X125.815 Y113.779 E.02012
G1 X125.63 Y114.482 E.02007
G1 X125.294 Y115.52 E.0301
G1 X125.032 Y116.198 E.02004
G1 X124.74 Y116.864 E.02006
G1 X124.419 Y117.516 E.02006
G1 X124.068 Y118.153 E.02006
G1 X123.69 Y118.774 E.02006
G1 X123.281 Y119.381 E.0202
G1 X122.627 Y120.245 E.0299
G1 X121.821 Y121.159 E.03363
G1 X121.128 Y121.845 E.02691
G1 X120.681 Y122.255 E.01672
G1 X119.948 Y122.857 E.02618
G1 X119.159 Y123.435 E.02698
G1 X118.652 Y123.765 E.0167
G1 X117.922 Y124.199 E.02343
G1 X117.28 Y124.539 E.02006
G1 X116.593 Y124.863 E.02095
G1 X115.828 Y125.173 E.02277
G1 X114.924 Y125.496 E.02649
G1 X114.34 Y125.668 E.0168
G1 X113.52 Y125.874 E.02332
G1 X112.807 Y126.016 E.02006
G1 X112.056 Y126.129 E.02095
G1 X110.642 Y126.243 E.03914
G1 X109.651 Y126.254 E.02737
G1 X108.688 Y126.201 E.02661
G1 X107.518 Y126.066 E.03249
G1 X107.021 Y125.985 E.01389
G1 X105.956 Y125.745 E.03012
G1 X104.991 Y125.467 E.02773
G1 X104.433 Y125.274 E.01628
G1 X103.551 Y124.926 E.02617
G1 X102.861 Y124.609 E.02095
G1 X101.928 Y124.115 E.02914
G1 X101.303 Y123.739 E.02011
G1 X100.697 Y123.336 E.02006
G1 X100.11 Y122.907 E.02007
G1 X99.269 Y122.216 E.03002
G1 X98.83 Y121.812 E.01647
G1 X98.219 Y121.207 E.02371
G1 X97.73 Y120.67 E.02006
G1 X97.246 Y120.085 E.02095
G1 X96.618 Y119.236 E.02914
G1 X96.226 Y118.641 E.01964
G1 X95.845 Y118.002 E.02054
G1 X95.502 Y117.361 E.02006
G1 X95.174 Y116.676 E.02095
G1 X94.82 Y115.816 E.02566
G1 X94.531 Y115.011 E.0236
G1 X94.327 Y114.327 E.01969
G1 X94.146 Y113.609 E.02043
G1 X94 Y112.897 E.02006
G1 X93.887 Y112.179 E.02006
G1 X93.803 Y111.424 E.02095
G1 X93.757 Y110.603 E.02269
G1 X93.744 Y109.64 E.02656
G1 X93.776 Y108.914 E.02007
G1 X93.937 Y107.504 E.03913
G1 X94.12 Y106.516 E.02773
G1 X94.258 Y105.943 E.01628
G1 X94.529 Y104.996 E.02717
G1 X94.729 Y104.423 E.01674
G1 X95.09 Y103.527 E.02665
G1 X95.49 Y102.662 E.02629
G1 X95.841 Y102.005 E.02057
G1 X96.213 Y101.38 E.02006
G1 X96.385 Y101.118 E.00865
G1 E-1 F2400
;WIPE_START
G1 F12000
G1 X96.612 Y100.772
G1 X97.038 Y100.183
G1 X97.367 Y99.768
G1 X97.584 Y99.52
;WIPE_END
G1 Z1.4 F24000
G1 X115.857 Y94.068 Z1.4
G1 Z1.2
G1 E1 F2700
M204 P5000
;TYPE:Sparse infill
;WIDTH:0.45
G1 F8791
G1 X115.498 Y93.936 E.01138
G1 X114.304 Y93.579 E.03711
G1 X110.242 Y89.516 E.17114
G1 X109.201 Y89.525 E.031
G1 X108.412 Y89.571 E.02353
G1 X107.625 Y89.647 E.02355
G1 X106.408 Y89.828 E.03665
G1 X109.607 Y93.027 E.13476
G1 X108.779 Y93.065 E.0247
M73 P30 R4
G1 X108.021 Y93.137 E.02268
G1 X107.273 Y93.242 E.02249
G1 X106.496 Y93.387 E.02354
G1 X105.949 Y93.514 E.01672
G1 X103.137 Y90.702 E.11848
G1 X102.615 Y90.886 E.01647
G1 X101.888 Y91.183 E.02341
G1 X100.8 Y91.691 E.03577
G1 X100.263 Y91.973 E.01806
G1 X102.881 Y94.591 E.11027
G1 X102.548 Y94.744 E.01092
G1 X101.589 Y95.251 E.0323
G1 X100.922 Y95.652 E.02317
G1 X100.247 Y96.102 E.02417
G1 X97.738 Y93.593 E.10573
G1 X97.447 Y93.804 E.01071
G1 X96.557 Y94.536 E.03432
G1 X95.941 Y95.093 E.02473
G1 X95.517 Y95.517 E.01786
G1 X97.997 Y97.997 E.10448
G1 X97.708 Y98.288 E.01222
G1 X96.942 Y99.147 E.03428
G1 X96.468 Y99.745 E.02273
G1 X96.104 Y100.249 E.01852
G1 X93.593 Y97.738 E.10576
G1 X93.327 Y98.088 E.0131
G1 X92.883 Y98.736 E.02341
G1 X92.255 Y99.755 E.03564
G1 X91.978 Y100.268 E.01737
G1 X94.589 Y102.879 E.11
G1 X94.114 Y104.009 E.03651
G1 X93.85 Y104.759 E.02368
G1 X93.631 Y105.489 E.02271
G1 X93.515 Y105.95 E.01417
G1 X90.697 Y103.132 E.11873
G1 X90.489 Y103.739 E.01912
G1 X90.156 Y104.893 E.03577
G1 X89.975 Y105.658 E.02341
G1 X89.834 Y106.414 E.02291
G1 X93.026 Y109.606 E.13448
G1 X93.025 Y110.37 E.02277
G1 X93.087 Y111.49 E.03339
G1 X93.171 Y112.252 E.02286
G1 X93.294 Y113.031 E.02349
G1 X93.44 Y113.748 E.02178
G1 X93.58 Y114.305 E.01712
G1 X89.519 Y110.244 E.17106
G1 X89.525 Y110.799 E.01652
G1 X89.571 Y111.588 E.02354
G1 X89.647 Y112.375 E.02355
G1 X89.814 Y113.519 E.03445
G1 X89.973 Y114.334 E.02473
G1 X90.14 Y115.01 E.02073
G1 X104.999 Y129.869 E.62596
G1 X103.739 Y129.511 E.03902
G1 X103.438 Y129.408 E.00948
G1 X104.142 Y125.933 F24000
G1 F8791
G1 X104.673 Y126.121 E.01679
G1 X105.695 Y126.42 E.03171
G1 X109.76 Y130.485 E.17127
G1 X110.799 Y130.475 E.03094
G1 X111.588 Y130.429 E.02354
G1 X112.375 Y130.353 E.02355
G1 X113.592 Y130.172 E.03665
G1 X110.392 Y126.972 E.13479
G1 X111.041 Y126.947 E.01936
G1 X112.118 Y126.846 E.0322
G1 X112.926 Y126.725 E.02434
G1 X114.049 Y126.484 E.03423
G1 X116.863 Y129.298 E.11853
G1 X117.385 Y129.114 E.01647
G1 X118.112 Y128.817 E.02341
G1 X119.2 Y128.309 E.03577
G1 X119.737 Y128.027 E.01806
G1 X117.119 Y125.409 E.11028
G1 X117.609 Y125.179 E.01612
G1 X118.254 Y124.837 E.02174
G1 X118.91 Y124.453 E.02267
G1 X119.751 Y123.896 E.03003
G1 X122.262 Y126.407 E.10581
G1 X122.553 Y126.196 E.01071
G1 X123.443 Y125.464 E.03432
G1 X124.059 Y124.907 E.02473
G1 X124.483 Y124.483 E.01786
G1 X122.002 Y122.002 E.10453
G1 X122.684 Y121.287 E.02944
G1 X123.19 Y120.691 E.0233
G1 X123.897 Y119.752 E.035
G1 X126.407 Y122.262 E.10574
G1 X126.673 Y121.912 E.0131
G1 X127.117 Y121.264 E.02341
G1 X127.745 Y120.245 E.03564
G1 X128.022 Y119.732 E.01737
G1 X125.412 Y117.122 E.10996
G1 X125.699 Y116.466 E.02133
G1 X125.974 Y115.754 E.02272
G1 X126.319 Y114.686 E.03344
G1 X126.486 Y114.051 E.01955
G1 X129.303 Y116.868 E.11866
G1 X129.511 Y116.261 E.01912
G1 X129.844 Y115.107 E.03577
G1 X130.025 Y114.342 E.02341
G1 X130.166 Y113.586 E.02291
G1 X126.971 Y110.391 E.1346
G1 X126.978 Y109.811 E.01727
G1 X126.952 Y109.05 E.0227
G1 X126.893 Y108.297 E.02248
G1 X126.8 Y107.541 E.02269
G1 X126.673 Y106.791 E.02269
G1 X126.511 Y106.044 E.02276
G1 X126.414 Y105.689 E.01096
G1 X130.481 Y109.756 E.17131
G1 X130.475 Y109.201 E.01652
G1 X130.429 Y108.412 E.02354
G1 X130.353 Y107.625 E.02355
G1 X130.186 Y106.481 E.03445
G1 X130.027 Y105.666 E.02473
G1 X129.86 Y104.99 E.02073
G1 X115.001 Y90.131 E.62596
G1 X116.261 Y90.489 E.03902
G1 X116.562 Y90.592 E.00948
; stop printing object Генератор.stl id:0 copy 0
;LAYER_CHANGE
;Z:1.4
;HEIGHT:0.2
;BEFORE_LAYER_CHANGE
;1.4
G92 E0

G1 E-1 F2400
;WIPE_START
G1 F12000
G1 X116.261 Y90.489
G1 X115.001 Y90.131
G1 X115.264 Y90.393
;WIPE_END
M486 S-1
;_SET_FAN_SPEED_CHANGING_LAYER
; printing object Генератор.stl id:0 copy 0
M486 S0
G1 Z1.6 F24000
G1 X130.689 Y107.986 Z1.6
G1 Z1.4
G1 E1 F2700
;TYPE:Inner wall
;WIDTH:0.449999
G1 F8780
G1 X130.737 Y108.44 E.01361
G1 X130.781 Y109.241 E.02388
G1 X130.792 Y110.403 E.03463
G1 X130.734 Y111.615 E.03612
G1 X130.656 Y112.411 E.02385
G1 X130.48 Y113.611 E.03612
G1 X130.236 Y114.796 E.03604
G1 X129.922 Y115.967 E.03612
G1 X129.677 Y116.73 E.02384
G1 X129.25 Y117.868 E.03621
G1 X128.933 Y118.603 E.02385
G1 X128.399 Y119.694 E.03619
G1 X127.983 Y120.445 E.02556
G1 X127.374 Y121.43 E.03449
G1 X126.887 Y122.136 E.02557
G1 X126.185 Y123.058 E.03451
G1 X125.669 Y123.674 E.02394
G1 X125.129 Y124.269 E.02393
G1 X124.271 Y125.127 E.03612
G1 X123.366 Y125.932 E.0361
G1 X122.697 Y126.47 E.02556
G1 X121.76 Y127.152 E.03451
G1 X121.089 Y127.593 E.02394
G1 X120.401 Y128.009 E.02393
G1 X119.331 Y128.586 E.03621
G1 X118.608 Y128.931 E.02385
G1 X117.49 Y129.4 E.03612
G1 X116.347 Y129.804 E.03612
G1 X115.577 Y130.035 E.02393
G1 X114.799 Y130.235 E.02393
G1 X113.609 Y130.481 E.0362
G1 X112.761 Y130.612 E.02556
G1 X111.609 Y130.734 E.03451
G1 X110.809 Y130.781 E.02385
G1 X109.597 Y130.792 E.03612
G1 X108.385 Y130.734 E.03612
G1 X107.589 Y130.656 E.02385
G1 X106.389 Y130.48 E.03612
G1 X105.204 Y130.236 E.03604
G1 X104.033 Y129.922 E.03612
G1 X103.27 Y129.677 E.02384
G1 X102.132 Y129.25 E.03621
G1 X101.397 Y128.933 E.02385
G1 X100.306 Y128.399 E.03619
G1 X99.555 Y127.983 E.02556
G1 X98.57 Y127.374 E.03449
G1 X97.864 Y126.887 E.02557
G1 X96.942 Y126.185 E.03451
G1 X96.326 Y125.669 E.02394
G1 X95.731 Y125.129 E.02393
G1 X94.873 Y124.271 E.03612
G1 X94.068 Y123.366 E.0361
G1 X93.53 Y122.697 E.02556
G1 X92.848 Y121.76 E.03451
G1 X92.407 Y121.089 E.02394
G1 X91.991 Y120.401 E.02393
G1 X91.414 Y119.331 E.03621
G1 X91.069 Y118.608 E.02385
G1 X90.6 Y117.49 E.03612
G1 X90.196 Y116.347 E.03612
G1 X89.965 Y115.577 E.02393
G1 X89.765 Y114.799 E.02393
G1 X89.519 Y113.609 E.0362
G1 X89.388 Y112.761 E.02556
G1 X89.266 Y111.609 E.03451
G1 X89.219 Y110.809 E.02385
G1 X89.208 Y109.597 E.03612
G1 X89.266 Y108.388 E.03604
G1 X89.395 Y107.183 E.0361
G1 X89.53 Y106.336 E.02556
G1 X89.765 Y105.202 E.03449
G1 X89.98 Y104.371 E.02556
G1 X90.324 Y103.268 E.03442
G1 X90.75 Y102.132 E.03613
G1 X91.067 Y101.397 E.02385
G1 X91.602 Y100.305 E.03621
G1 X91.988 Y99.604 E.02385
G1 X92.626 Y98.57 E.03619
G1 X93.113 Y97.864 E.02556
G1 X93.815 Y96.942 E.03451
G1 X94.331 Y96.326 E.02394
G1 X94.871 Y95.731 E.02393
G1 X95.729 Y94.873 E.03612
G1 X96.635 Y94.067 E.03612
G1 X97.258 Y93.565 E.02385
G1 X98.24 Y92.848 E.03621
G1 X98.909 Y92.408 E.02385
G1 X99.956 Y91.79 E.03621
G1 X100.664 Y91.417 E.02385
G1 X101.766 Y90.903 E.03621
G1 X102.507 Y90.601 E.02385
G1 X103.653 Y90.196 E.03621
G1 X104.423 Y89.965 E.02393
G1 X105.201 Y89.765 E.02393
G1 X106.389 Y89.52 E.03612
G1 X107.588 Y89.344 E.03611
G1 X108.442 Y89.263 E.02556
G1 X109.6 Y89.208 E.03451
G1 X110.4 Y89.208 E.02383
G1 X111.668 Y89.271 E.03783
G1 X112.817 Y89.395 E.03442
G1 X113.608 Y89.519 E.02385
G1 X114.798 Y89.765 E.0362
G1 X115.629 Y89.98 E.02556
G1 X116.732 Y90.324 E.03442
G1 X117.868 Y90.75 E.03613
G1 X118.603 Y91.067 E.02385
G1 X119.695 Y91.602 E.03621
G1 X120.396 Y91.988 E.02385
G1 X121.43 Y92.626 E.03619
G1 X122.136 Y93.113 E.02556
G1 X123.058 Y93.815 E.03451
G1 X123.674 Y94.331 E.02394
G1 X124.269 Y94.871 E.02393
G1 X125.127 Y95.729 E.03612
G1 X125.933 Y96.635 E.03612
G1 X126.435 Y97.258 E.02385
G1 X127.152 Y98.24 E.03621
G1 X127.592 Y98.909 E.02385
G1 X128.21 Y99.956 E.03621
G1 X128.583 Y100.664 E.02385
G1 X129.097 Y101.766 E.03621
G1 X129.399 Y102.507 E.02385
G1 X129.804 Y103.653 E.03621
G1 X130.035 Y104.423 E.02393
G1 X130.235 Y105.201 E.02393
G1 X130.481 Y106.391 E.0362
G1 X130.612 Y107.239 E.02556
G1 X130.685 Y107.946 E.02116
G1 X131.101 Y107.943 F24000
M204 P4000
;TYPE:Outer wall
;WIDTH:0.419999
G1 F8780
G1 X131.15 Y108.416 E.01313
G1 X131.195 Y109.237 E.02267
G1 X131.206 Y110.411 E.03241
G1 X131.146 Y111.645 E.03407
G1 X131.067 Y112.461 E.02264
G1 X130.888 Y113.683 E.03407
G1 X130.638 Y114.892 E.03405
G1 X130.319 Y116.084 E.03407
G1 X130.068 Y116.865 E.02264
G1 X129.634 Y118.022 E.0341
G1 X129.309 Y118.776 E.02264
G1 X128.765 Y119.885 E.03409
G1 X128.34 Y120.654 E.02423
G1 X127.72 Y121.656 E.0325
G1 X127.222 Y122.379 E.02423
G1 X126.508 Y123.317 E.03251
G1 X125.98 Y123.946 E.02267
G1 X125.428 Y124.554 E.02267
G1 X124.555 Y125.428 E.03407
G1 X123.633 Y126.248 E.03406
G1 X122.948 Y126.798 E.02423
G1 X121.996 Y127.492 E.03251
G1 X121.309 Y127.943 E.02267
G1 X120.606 Y128.368 E.02267
G1 X119.518 Y128.954 E.0341
G1 X118.778 Y129.308 E.02264
G1 X117.639 Y129.786 E.03407
G1 X116.475 Y130.197 E.03407
G1 X115.688 Y130.433 E.02267
G1 X114.892 Y130.638 E.02267
G1 X113.682 Y130.888 E.03409
G1 X112.814 Y131.022 E.02423
G1 X111.643 Y131.146 E.03251
G1 X110.823 Y131.194 E.02264
G1 X109.589 Y131.206 E.03407
G1 X108.355 Y131.146 E.03407
G1 X107.539 Y131.067 E.02264
G1 X106.317 Y130.888 E.03407
G1 X105.108 Y130.638 E.03405
G1 X103.916 Y130.319 E.03407
G1 X103.135 Y130.068 E.02264
G1 X101.978 Y129.634 E.0341
G1 X101.224 Y129.309 E.02264
G1 X100.115 Y128.765 E.03409
G1 X99.346 Y128.34 E.02423
G1 X98.344 Y127.72 E.0325
G1 X97.621 Y127.222 E.02423
G1 X96.683 Y126.508 E.03251
G1 X96.054 Y125.98 E.02267
G1 X95.446 Y125.428 E.02267
M73 P31 R4
G1 X94.572 Y124.555 E.03407
G1 X93.752 Y123.633 E.03406
G1 X93.202 Y122.948 E.02423
G1 X92.508 Y121.996 E.03251
G1 X92.057 Y121.309 E.02267
G1 X91.632 Y120.606 E.02267
G1 X91.046 Y119.518 E.0341
G1 X90.692 Y118.778 E.02264
G1 X90.214 Y117.639 E.03407
G1 X89.803 Y116.475 E.03407
G1 X89.567 Y115.688 E.02267
G1 X89.362 Y114.892 E.02267
G1 X89.112 Y113.682 E.03409
G1 X88.978 Y112.814 E.02423
G1 X88.854 Y111.643 E.03251
G1 X88.806 Y110.823 E.02264
G1 X88.794 Y109.589 E.03407
G1 X88.854 Y108.356 E.03404
G1 X88.985 Y107.129 E.03406
G1 X89.123 Y106.261 E.02423
G1 X89.362 Y105.108 E.0325
G1 X89.583 Y104.258 E.02423
G1 X89.932 Y103.134 E.03248
G1 X90.366 Y101.978 E.03407
G1 X90.691 Y101.224 E.02264
G1 X91.235 Y100.114 E.0341
G1 X91.631 Y99.396 E.02264
G1 X92.28 Y98.344 E.03409
G1 X92.778 Y97.621 E.02423
G1 X93.492 Y96.683 E.03251
G1 X94.02 Y96.054 E.02267
G1 X94.572 Y95.446 E.02267
G1 X95.445 Y94.572 E.03407
G1 X96.367 Y93.752 E.03407
G1 X97.006 Y93.236 E.02264
G1 X98.004 Y92.508 E.0341
G1 X98.69 Y92.057 E.02264
G1 X99.754 Y91.429 E.03409
G1 X100.48 Y91.047 E.02264
G1 X101.6 Y90.524 E.0341
G1 X102.36 Y90.214 E.02265
G1 X103.525 Y89.803 E.03409
G1 X104.312 Y89.567 E.02267
G1 X105.108 Y89.362 E.02267
G1 X106.317 Y89.112 E.03407
G1 X107.539 Y88.933 E.03406
G1 X108.413 Y88.85 E.02423
G1 X109.59 Y88.794 E.03251
G1 X110.41 Y88.794 E.02264
G1 X111.701 Y88.859 E.03566
G1 X112.871 Y88.985 E.03248
G1 X113.682 Y89.112 E.02264
G1 X114.892 Y89.362 E.03409
G1 X115.742 Y89.583 E.02423
G1 X116.866 Y89.932 E.03248
G1 X118.022 Y90.366 E.03407
G1 X118.776 Y90.691 E.02264
G1 X119.886 Y91.235 E.0341
G1 X120.604 Y91.631 E.02264
G1 X121.656 Y92.28 E.03409
G1 X122.379 Y92.778 E.02423
G1 X123.317 Y93.492 E.03251
G1 X123.946 Y94.02 E.02267
G1 X124.554 Y94.572 E.02267
G1 X125.428 Y95.445 E.03407
G1 X126.248 Y96.367 E.03407
G1 X126.764 Y97.006 E.02264
G1 X127.492 Y98.004 E.0341
G1 X127.943 Y98.69 E.02264
G1 X128.571 Y99.754 E.03409
G1 X128.953 Y100.48 E.02264
G1 X129.476 Y101.6 E.0341
G1 X129.786 Y102.36 E.02265
G1 X130.197 Y103.525 E.03409
G1 X130.433 Y104.312 E.02267
G1 X130.638 Y105.108 E.02267
G1 X130.888 Y106.318 E.03409
G1 X131.022 Y107.186 E.02423
G1 X131.096 Y107.903 E.0199
G1 E-1 F2400
;WIPE_START
G1 F12000
G1 X131.15 Y108.416
G1 X131.195 Y109.237
G1 X131.201 Y109.899
;WIPE_END
G1 Z1.6 F24000
G1 X96.062 Y100.864 Z1.6
G1 Z1.4
G1 E1 F2700
M204 P5000
;TYPE:Inner wall
;WIDTH:0.449999
G1 F8780
G1 X96.478 Y100.246 E.02218
G1 X96.931 Y99.646 E.02241
G1 X97.407 Y99.072 E.02221
G1 X97.89 Y98.54 E.02138
G1 X98.434 Y97.991 E.02303
G1 X98.982 Y97.485 E.02222
G1 X99.822 Y96.794 E.0324
G1 X100.447 Y96.335 E.02311
G1 X101.068 Y95.921 E.02221
G1 X101.744 Y95.514 E.02351
G1 X102.544 Y95.091 E.02696
G1 X103.371 Y94.701 E.02725
G1 X104.016 Y94.438 E.02073
G1 X104.961 Y94.111 E.0298
G1 X106.136 Y93.784 E.03631
G1 X107.125 Y93.579 E.0301
G1 X108.034 Y93.443 E.02738
G1 X108.777 Y93.372 E.02221
G1 X109.565 Y93.333 E.02351
G1 X110.334 Y93.337 E.02292
G1 X111.379 Y93.384 E.03115
G1 X112.125 Y93.463 E.02234
G1 X112.862 Y93.574 E.02221
G1 X113.594 Y93.718 E.02221
G1 X114.36 Y93.907 E.02351
G1 X115.382 Y94.219 E.03182
G1 X116.088 Y94.478 E.02239
G1 X116.776 Y94.765 E.02221
G1 X117.45 Y95.083 E.02221
G1 X118.147 Y95.453 E.02351
G1 X119.062 Y96.005 E.03182
G1 X119.684 Y96.427 E.02239
G1 X120.281 Y96.874 E.02221
G1 X120.858 Y97.346 E.02222
G1 X121.447 Y97.887 E.02381
G1 X122.148 Y98.582 E.02941
G1 X122.8 Y99.324 E.02941
G1 X123.168 Y99.778 E.01743
G1 X123.772 Y100.605 E.03048
G1 X124.104 Y101.114 E.01812
G1 X124.622 Y101.988 E.03026
G1 X125.119 Y102.97 E.03277
G1 X125.408 Y103.629 E.02144
G1 X125.678 Y104.324 E.02221
G1 X125.888 Y104.949 E.01966
G1 X126.211 Y106.102 E.03566
G1 X126.371 Y106.837 E.02241
G1 X126.496 Y107.572 E.02221
G1 X126.588 Y108.312 E.02221
G1 X126.647 Y109.055 E.02221
G1 X126.672 Y109.801 E.02221
G1 X126.667 Y110.34 E.01607
G1 X126.623 Y111.291 E.02834
G1 X126.557 Y111.955 E.01989
G1 X126.408 Y112.931 E.02941
G1 X126.219 Y113.866 E.02843
G1 X125.953 Y114.838 E.03001
G1 X125.773 Y115.395 E.01743
G1 X125.418 Y116.347 E.03027
G1 X125.171 Y116.911 E.01835
G1 X124.789 Y117.699 E.02607
G1 X124.408 Y118.39 E.0235
G1 X124.043 Y118.99 E.02092
G1 X123.627 Y119.608 E.0222
G1 X123.184 Y120.208 E.02222
G1 X122.527 Y120.999 E.03063
G1 X122.124 Y121.441 E.01782
G1 X121.431 Y122.138 E.02927
G1 X120.844 Y122.665 E.02351
G1 X120.152 Y123.22 E.02641
G1 X119.4 Y123.771 E.0278
G1 X118.866 Y124.119 E.01896
G1 X118.333 Y124.438 E.0185
G1 X117.473 Y124.905 E.02915
G1 X116.886 Y125.182 E.01934
G1 X115.972 Y125.561 E.02947
G1 X115.058 Y125.888 E.0289
G1 X114.444 Y126.068 E.01908
G1 X113.842 Y126.221 E.01851
G1 X112.863 Y126.418 E.02972
G1 X112.23 Y126.52 E.01911
G1 X111.267 Y126.622 E.02884
G1 X110.659 Y126.657 E.01816
G1 X109.648 Y126.668 E.0301
G1 X108.662 Y126.614 E.02941
G1 X108.08 Y126.559 E.01743
G1 X107.08 Y126.413 E.0301
G1 X106.225 Y126.24 E.02599
G1 X105.502 Y126.055 E.02221
G1 X104.789 Y125.838 E.02221
G1 X104.086 Y125.589 E.02221
G1 X103.395 Y125.309 E.02221
G1 X102.717 Y124.999 E.02221
G1 X102.204 Y124.735 E.01719
G1 X101.095 Y124.096 E.03812
G1 X100.468 Y123.68 E.02241
G1 X99.866 Y123.24 E.02222
G1 X99.007 Y122.536 E.0331
G1 X98.55 Y122.117 E.01847
G1 X97.886 Y121.457 E.02787
G1 X97.187 Y120.668 E.0314
G1 X96.784 Y120.162 E.01929
G1 X96.281 Y119.476 E.02531
G1 X95.874 Y118.857 E.02208
G1 X95.555 Y118.324 E.01851
G1 X95.137 Y117.556 E.02603
G1 X94.812 Y116.876 E.02246
G1 X94.433 Y115.962 E.02947
G1 X94.141 Y115.147 E.02578
G1 X93.927 Y114.433 E.0222
G1 X93.775 Y113.831 E.01851
G1 X93.595 Y112.979 E.02592
G1 X93.478 Y112.243 E.02221
G1 X93.391 Y111.459 E.02351
G1 X93.344 Y110.626 E.02484
G1 X93.33 Y109.64 E.02936
G1 X93.363 Y108.895 E.02221
G1 X93.435 Y108.109 E.02351
G1 X93.589 Y107.052 E.03182
G1 X93.739 Y106.315 E.02239
G1 X93.936 Y105.535 E.02398
G1 X94.243 Y104.551 E.03069
G1 X94.512 Y103.826 E.02305
G1 X94.803 Y103.139 E.02221
G1 X95.125 Y102.467 E.02221
G1 X95.477 Y101.809 E.02221
G1 X95.858 Y101.168 E.02222
G1 X96.04 Y100.897 E.00973
G1 X96.405 Y101.094 F24000
M204 P4000
;TYPE:Outer wall
;WIDTH:0.419999
G1 F8780
G1 X96.821 Y100.477 E.02053
G1 X97.261 Y99.895 E.02012
G1 X97.725 Y99.336 E.02006
G1 X98.196 Y98.818 E.0193
G1 X98.727 Y98.282 E.02082
G1 X99.262 Y97.79 E.02007
G1 X100.085 Y97.114 E.02937
G1 X100.691 Y96.668 E.02077
G1 X101.297 Y96.265 E.02006
G1 X101.957 Y95.869 E.02125
G1 X102.737 Y95.457 E.02435
G1 X103.544 Y95.077 E.02461
G1 X104.172 Y94.822 E.0187
G1 X105.095 Y94.502 E.02696
G1 X106.23 Y94.187 E.03249
G1 X107.201 Y93.986 E.02737
G1 X108.092 Y93.852 E.02485
G1 X108.816 Y93.783 E.02006
G1 X109.585 Y93.746 E.02125
G1 X110.332 Y93.75 E.02061
G1 X111.354 Y93.797 E.02823
G1 X112.081 Y93.874 E.02018
G1 X112.8 Y93.983 E.02006
G1 X113.513 Y94.124 E.02006
G1 X114.261 Y94.309 E.02125
G1 X115.261 Y94.615 E.02885
G1 X115.945 Y94.866 E.02012
G1 X116.616 Y95.147 E.02006
G1 X117.273 Y95.457 E.02006
G1 X117.953 Y95.818 E.02125
G1 X118.848 Y96.359 E.02885
G1 X119.451 Y96.769 E.02012
G1 X120.033 Y97.205 E.02006
G1 X120.595 Y97.666 E.02007
G1 X121.167 Y98.191 E.02141
G1 X121.852 Y98.87 E.0266
G1 X122.488 Y99.595 E.02661
G1 X122.841 Y100.032 E.01551
G1 X123.434 Y100.843 E.02773
G1 X123.756 Y101.337 E.01628
G1 X124.264 Y102.195 E.0275
G1 X124.938 Y103.588 E.0427
G1 X125.161 Y104.134 E.01628
G1 X125.496 Y105.081 E.02773
G1 X125.813 Y106.214 E.03247
G1 X125.966 Y106.925 E.02004
G1 X126.088 Y107.641 E.02006
G1 X126.177 Y108.363 E.02006
G1 X126.234 Y109.088 E.02006
G1 X126.259 Y109.815 E.02006
G1 X126.21 Y111.267 E.04011
G1 X126.145 Y111.913 E.01791
G1 X126 Y112.866 E.0266
G1 X125.815 Y113.779 E.0257
G1 X125.554 Y114.729 E.02716
G1 X125.381 Y115.263 E.0155
G1 X125.032 Y116.198 E.02752
G1 X124.792 Y116.745 E.01648
G1 X124.419 Y117.516 E.02364
G1 X124.046 Y118.19 E.02124
G1 X123.69 Y118.774 E.01888
G1 X123.284 Y119.377 E.02006
G1 X122.851 Y119.962 E.02007
G1 X122.209 Y120.735 E.02773
G1 X121.821 Y121.159 E.01587
G1 X121.141 Y121.843 E.0266
G1 X120.568 Y122.357 E.02125
G1 X119.894 Y122.897 E.02384
G1 X119.159 Y123.435 E.02512
G1 X118.641 Y123.772 E.01706
G1 X118.124 Y124.081 E.01663
G1 X117.28 Y124.539 E.02649
G1 X116.71 Y124.808 E.01739
G1 X115.817 Y125.178 E.02667
G1 X114.924 Y125.496 E.02614
G1 X114.327 Y125.671 E.01716
G1 X113.743 Y125.82 E.01663
G1 X112.788 Y126.011 E.02689
G1 X112.177 Y126.11 E.01707
G1 X111.233 Y126.21 E.0262
G1 X110.642 Y126.243 E.01631
G1 X109.651 Y126.254 E.02737
G1 X108.688 Y126.201 E.02661
G1 X108.128 Y126.148 E.01551
G1 X107.147 Y126.005 E.02737
G1 X106.31 Y125.836 E.02357
G1 X105.605 Y125.655 E.02006
G1 X104.91 Y125.443 E.02006
G1 X104.225 Y125.2 E.02006
G1 X103.551 Y124.926 E.02006
G1 X102.89 Y124.623 E.02006
G1 X102.393 Y124.368 E.01542
G1 X101.305 Y123.74 E.03467
G1 X100.697 Y123.336 E.02012
G1 X100.11 Y122.907 E.02007
G1 X99.269 Y122.216 E.03002
G1 X98.83 Y121.812 E.01647
G1 X98.187 Y121.173 E.02501
G1 X97.496 Y120.394 E.02874
G1 X97.107 Y119.905 E.01724
G1 X96.616 Y119.234 E.02294
G1 X96.219 Y118.63 E.01994
G1 X95.911 Y118.112 E.01663
G1 X95.502 Y117.361 E.02361
G1 X95.185 Y116.698 E.02028
G1 X94.815 Y115.805 E.02667
G1 X94.531 Y115.011 E.02326
G1 X94.323 Y114.315 E.02005
G1 X94.176 Y113.73 E.01663
G1 X94 Y112.897 E.0235
G1 X93.887 Y112.179 E.02006
G1 X93.802 Y111.413 E.02125
G1 X93.757 Y110.603 E.02238
G1 X93.744 Y109.64 E.02657
G1 X93.776 Y108.914 E.02006
G1 X93.846 Y108.147 E.02125
G1 X93.999 Y107.112 E.02885
G1 X94.144 Y106.398 E.02012
G1 X94.334 Y105.647 E.02137
G1 X94.638 Y104.675 E.02811
G1 X94.899 Y103.97 E.02073
G1 X95.184 Y103.301 E.02006
G1 X95.498 Y102.646 E.02006
G1 X95.841 Y102.005 E.02006
G1 X96.213 Y101.38 E.02007
G1 X96.383 Y101.127 E.00839
G1 E-1 F2400
;WIPE_START
G1 F12000
G1 X96.821 Y100.477
G1 X97.261 Y99.895
G1 X97.572 Y99.521
;WIPE_END
G1 Z1.6 F24000
G1 X94.066 Y115.857 Z1.6
G1 Z1.4
G1 E1 F2700
M204 P5000
;TYPE:Sparse infill
;WIDTH:0.45
G1 F8780
G1 X93.852 Y115.245 E.01931
G1 X93.579 Y114.304 E.02919
G1 X89.519 Y110.244 E.17102
G1 X89.513 Y109.603 E.01912
G1 X89.571 Y108.412 E.03551
G1 X89.698 Y107.223 E.03561
G1 X89.827 Y106.407 E.02461
G1 X93.026 Y109.606 E.13474
G1 X93.061 Y108.843 E.02276
G1 X93.132 Y108.067 E.02322
G1 X93.29 Y106.992 E.03237
G1 X93.516 Y105.951 E.03171
G1 X90.7 Y103.135 E.11865
G1 X91.033 Y102.246 E.02826
G1 X91.344 Y101.525 E.0234
G1 X91.973 Y100.263 E.04199
G1 X94.589 Y102.879 E.11018
G1 X94.854 Y102.327 E.01824
G1 X95.214 Y101.655 E.0227
G1 X95.603 Y100.999 E.02273
G1 X96.106 Y100.251 E.02684
G1 X93.593 Y97.738 E.10589
G1 X94.053 Y97.132 E.02265
G1 X94.561 Y96.527 E.02355
G1 X95.092 Y95.942 E.02354
G1 X95.517 Y95.517 E.01789
G1 X97.997 Y97.997 E.10447
G1 X98.787 Y97.25 E.03238
G1 X99.649 Y96.542 E.03323
G1 X100.247 Y96.102 E.02212
G1 X97.738 Y93.593 E.10573
G1 X98.414 Y93.099 E.02494
G1 X99.07 Y92.667 E.02341
G1 X100.263 Y91.973 E.04111
G1 X102.881 Y94.591 E.11027
G1 X103.246 Y94.422 E.01198
G1 X103.984 Y94.123 E.02372
G1 X105.046 Y93.76 E.03344
G1 X105.95 Y93.514 E.02788
G1 X103.137 Y90.702 E.11848
G1 X103.748 Y90.486 E.0193
G1 X104.505 Y90.26 E.02354
G1 X105.27 Y90.062 E.02354
G1 X106.408 Y89.828 E.0346
G1 X109.608 Y93.028 E.13481
G1 X110.638 Y93.033 E.03068
G1 X111.404 Y93.079 E.02288
G1 X112.161 Y93.159 E.02265
G1 X112.931 Y93.276 E.0232
G1 X113.661 Y93.421 E.02219
G1 X114.304 Y93.579 E.01972
G1 X110.238 Y89.513 E.17129
G1 X111.644 Y89.576 E.04193
G1 X112.777 Y89.698 E.03394
G1 X113.554 Y89.82 E.02341
G1 X115.004 Y90.134 E.04419
G1 X129.867 Y104.997 E.62612
G1 X130.18 Y106.445 E.04414
G1 X130.309 Y107.279 E.02511
G1 X130.43 Y108.416 E.03408
G1 X130.475 Y109.201 E.02342
G1 X130.481 Y109.756 E.01652
G1 X126.414 Y105.689 E.1713
G1 X126.51 Y106.036 E.01073
G1 X126.671 Y106.782 E.02273
G1 X126.799 Y107.535 E.02275
G1 X126.893 Y108.29 E.02268
M73 P32 R4
G1 X126.952 Y109.05 E.02268
G1 X126.978 Y109.811 E.0227
G1 X126.971 Y110.391 E.01727
G1 X130.172 Y113.592 E.13486
G1 X129.938 Y114.726 E.03447
G1 X129.629 Y115.881 E.03564
G1 X129.3 Y116.865 E.0309
G1 X126.486 Y114.051 E.11857
G1 X126.209 Y115.053 E.03098
G1 X125.966 Y115.776 E.02273
G1 X125.701 Y116.461 E.02187
G1 X125.411 Y117.121 E.02147
G1 X128.026 Y119.736 E.11015
G1 X127.719 Y120.29 E.01887
G1 X127.118 Y121.263 E.03405
G1 X126.64 Y121.957 E.02512
G1 X126.407 Y122.262 E.01142
G1 X123.898 Y119.752 E.10573
G1 X123.421 Y120.4 E.02395
G1 X122.685 Y121.286 E.03432
G1 X122.003 Y122.003 E.02946
G1 X124.483 Y124.483 E.10445
G1 X124.062 Y124.904 E.01775
G1 X123.169 Y125.699 E.03561
G1 X122.263 Y126.408 E.03425
G1 X119.75 Y123.895 E.10584
G1 X118.917 Y124.449 E.0298
G1 X118.26 Y124.834 E.0227
G1 X117.602 Y125.182 E.02216
G1 X117.119 Y125.409 E.01589
G1 X119.732 Y128.022 E.11008
G1 X119.192 Y128.313 E.01827
G1 X118.483 Y128.652 E.0234
G1 X117.38 Y129.116 E.03564
G1 X116.863 Y129.298 E.01634
G1 X114.049 Y126.484 E.11852
G1 X113.66 Y126.58 E.01193
G1 X112.555 Y126.785 E.03348
G1 X111.8 Y126.883 E.0227
G1 X111.041 Y126.947 E.02268
G1 X110.392 Y126.972 E.01934
G1 X113.592 Y130.172 E.13481
G1 X112.721 Y130.309 E.02626
G1 X111.584 Y130.43 E.03408
G1 X110.799 Y130.475 E.02342
G1 X109.76 Y130.485 E.03094
G1 X105.695 Y126.42 E.17127
G1 X104.687 Y126.126 E.03125
G1 X104.142 Y125.932 E.01725
G1 X103.43 Y129.408 F24000
G1 F8780
G1 X104.119 Y129.629 E.02155
G1 X104.993 Y129.863 E.02696
G1 X90.133 Y115.003 E.62598
G1 X90.26 Y115.495 E.01514
G1 X90.596 Y116.563 E.03336
; stop printing object Генератор.stl id:0 copy 0
;LAYER_CHANGE
;Z:1.6
;HEIGHT:0.2
;BEFORE_LAYER_CHANGE
;1.6
G92 E0

G1 E-1 F2400
;WIPE_START
G1 F12000
G1 X90.26 Y115.495
G1 X90.133 Y115.003
G1 X90.396 Y115.266
;WIPE_END
M486 S-1
;_SET_FAN_SPEED_CHANGING_LAYER
; printing object Генератор.stl id:0 copy 0
M486 S0
G1 Z1.8 F24000
G1 X130.693 Y108.033 Z1.8
G1 Z1.6
G1 E1 F2700
;TYPE:Inner wall
;WIDTH:0.449999
G1 F8791
G1 X130.783 Y109.309 E.0381
G1 X130.792 Y110.403 E.03259
G1 X130.734 Y111.612 E.03605
G1 X130.605 Y112.817 E.03612
G1 X130.481 Y113.608 E.02385
G1 X130.236 Y114.796 E.03612
G1 X129.922 Y115.967 E.03612
G1 X129.677 Y116.73 E.02384
G1 X129.25 Y117.868 E.03621
G1 X128.933 Y118.603 E.02385
G1 X128.398 Y119.695 E.03621
G1 X128.012 Y120.396 E.02385
G1 X127.373 Y121.43 E.03621
G1 X126.921 Y122.09 E.02385
G1 X126.185 Y123.059 E.03621
G1 X125.669 Y123.674 E.02394
G1 X125.129 Y124.269 E.02393
G1 X124.271 Y125.127 E.03612
G1 X123.365 Y125.933 E.03612
G1 X122.742 Y126.435 E.02384
G1 X121.76 Y127.152 E.03622
G1 X121.089 Y127.593 E.02391
G1 X120.34 Y128.043 E.02603
G1 X119.334 Y128.584 E.03404
G1 X118.234 Y129.097 E.03613
G1 X117.493 Y129.399 E.02385
G1 X116.347 Y129.804 E.03621
G1 X115.58 Y130.034 E.02385
G1 X114.4 Y130.325 E.03619
G1 X113.546 Y130.491 E.02594
G1 X112.412 Y130.656 E.03413
G1 X111.612 Y130.734 E.02393
G1 X110.74 Y130.783 E.02603
G1 X109.597 Y130.792 E.03404
G1 X108.388 Y130.734 E.03605
G1 X107.183 Y130.605 E.0361
G1 X106.323 Y130.468 E.02594
G1 X105.204 Y130.236 E.03404
G1 X104.033 Y129.922 E.03613
G1 X103.27 Y129.677 E.02384
G1 X102.132 Y129.25 E.03621
G1 X101.397 Y128.933 E.02385
G1 X100.305 Y128.398 E.03621
G1 X99.604 Y128.012 E.02385
G1 X98.57 Y127.373 E.03621
G1 X97.91 Y126.921 E.02385
G1 X96.941 Y126.185 E.03621
G1 X96.326 Y125.669 E.02394
G1 X95.731 Y125.129 E.02393
G1 X94.873 Y124.271 E.03612
G1 X94.067 Y123.365 E.03612
G1 X93.565 Y122.742 E.02384
G1 X92.848 Y121.76 E.03622
G1 X92.407 Y121.089 E.02391
G1 X91.957 Y120.34 E.02603
G1 X91.416 Y119.334 E.03404
G1 X90.903 Y118.234 E.03613
G1 X90.601 Y117.493 E.02385
G1 X90.196 Y116.347 E.03621
G1 X89.966 Y115.58 E.02385
G1 X89.675 Y114.4 E.03619
G1 X89.509 Y113.546 E.02594
G1 X89.344 Y112.412 E.03413
G1 X89.266 Y111.612 E.02393
G1 X89.217 Y110.74 E.02603
G1 X89.208 Y109.597 E.03404
G1 X89.266 Y108.388 E.03605
G1 X89.395 Y107.183 E.0361
G1 X89.532 Y106.323 E.02594
G1 X89.764 Y105.204 E.03404
G1 X90.078 Y104.033 E.03613
G1 X90.323 Y103.27 E.02384
G1 X90.75 Y102.132 E.03621
G1 X91.067 Y101.397 E.02385
G1 X91.602 Y100.305 E.03621
G1 X91.988 Y99.604 E.02385
G1 X92.627 Y98.57 E.03621
G1 X93.079 Y97.91 E.02385
G1 X93.815 Y96.941 E.03621
G1 X94.331 Y96.326 E.02394
G1 X94.871 Y95.731 E.02393
G1 X95.729 Y94.873 E.03612
G1 X96.635 Y94.067 E.03612
G1 X97.258 Y93.565 E.02384
G1 X98.24 Y92.848 E.03622
G1 X98.911 Y92.407 E.02391
G1 X99.66 Y91.957 E.02603
G1 X100.666 Y91.416 E.03404
G1 X101.766 Y90.903 E.03613
G1 X102.507 Y90.601 E.02385
G1 X103.653 Y90.196 E.03621
G1 X104.423 Y89.965 E.02394
G1 X105.201 Y89.765 E.02393
G1 X106.392 Y89.519 E.03621
G1 X107.183 Y89.395 E.02385
G1 X108.391 Y89.266 E.03621
G1 X109.191 Y89.219 E.02384
G1 X110.406 Y89.208 E.03621
G1 X111.206 Y89.239 E.02385
G1 X112.414 Y89.344 E.03612
G1 X113.611 Y89.52 E.03603
G1 X114.796 Y89.764 E.03603
G1 X115.967 Y90.078 E.03612
G1 X116.73 Y90.323 E.02384
G1 X117.868 Y90.75 E.03621
G1 X118.603 Y91.067 E.02385
G1 X119.695 Y91.602 E.03621
G1 X120.396 Y91.988 E.02385
G1 X121.43 Y92.627 E.03621
G1 X122.09 Y93.079 E.02385
G1 X123.059 Y93.815 E.03621
G1 X123.674 Y94.331 E.02394
G1 X124.269 Y94.871 E.02393
G1 X125.127 Y95.729 E.03612
G1 X125.933 Y96.635 E.03612
G1 X126.435 Y97.258 E.02384
G1 X127.152 Y98.24 E.03622
G1 X127.593 Y98.911 E.02391
G1 X128.043 Y99.66 E.02603
G1 X128.584 Y100.666 E.03404
G1 X129.097 Y101.766 E.03613
G1 X129.399 Y102.507 E.02385
G1 X129.804 Y103.653 E.03621
G1 X130.035 Y104.423 E.02394
G1 X130.235 Y105.201 E.02393
G1 X130.481 Y106.392 E.03621
G1 X130.605 Y107.183 E.02385
G1 X130.688 Y107.958 E.02323
G1 X130.69 Y107.993 E.00105
G1 X131.105 Y108.004 F24000
M204 P4000
;TYPE:Outer wall
;WIDTH:0.419999
G1 F8791
G1 X131.197 Y109.305 E.03599
G1 X131.206 Y110.411 E.03051
G1 X131.146 Y111.644 E.03405
G1 X131.015 Y112.871 E.03407
G1 X130.888 Y113.682 E.02264
G1 X130.638 Y114.891 E.03407
G1 X130.319 Y116.084 E.03407
G1 X130.068 Y116.865 E.02264
G1 X129.634 Y118.022 E.0341
G1 X129.309 Y118.776 E.02264
G1 X128.765 Y119.886 E.0341
G1 X128.369 Y120.604 E.02264
G1 X127.72 Y121.656 E.03409
G1 X127.256 Y122.333 E.02264
G1 X126.508 Y123.317 E.0341
G1 X125.98 Y123.946 E.02267
G1 X125.428 Y124.554 E.02266
G1 X124.555 Y125.428 E.03407
G1 X123.633 Y126.248 E.03407
G1 X122.994 Y126.764 E.02264
G1 X121.996 Y127.492 E.0341
G1 X121.309 Y127.943 E.02266
G1 X120.545 Y128.402 E.02461
G1 X119.519 Y128.954 E.03213
G1 X118.4 Y129.476 E.03407
G1 X117.64 Y129.786 E.02264
G1 X116.475 Y130.197 E.0341
G1 X115.689 Y130.433 E.02264
G1 X114.489 Y130.729 E.03409
G1 X113.615 Y130.899 E.02458
G1 X112.461 Y131.067 E.03216
G1 X111.644 Y131.146 E.02267
G1 X110.753 Y131.196 E.02461
G1 X109.589 Y131.206 E.03213
G1 X108.356 Y131.146 E.03405
G1 X107.129 Y131.015 E.03406
G1 X106.249 Y130.875 E.02459
G1 X105.109 Y130.638 E.03213
G1 X103.916 Y130.319 E.03407
G1 X103.135 Y130.068 E.02264
G1 X101.978 Y129.634 E.0341
G1 X101.224 Y129.309 E.02264
G1 X100.114 Y128.765 E.0341
G1 X99.396 Y128.369 E.02264
G1 X98.344 Y127.72 E.03409
G1 X97.667 Y127.256 E.02264
G1 X96.683 Y126.508 E.0341
G1 X96.054 Y125.98 E.02267
G1 X95.446 Y125.428 E.02266
G1 X94.572 Y124.555 E.03407
G1 X93.752 Y123.633 E.03407
G1 X93.236 Y122.994 E.02264
G1 X92.508 Y121.996 E.0341
G1 X92.057 Y121.309 E.02266
G1 X91.598 Y120.545 E.02461
G1 X91.046 Y119.519 E.03213
G1 X90.524 Y118.4 E.03407
G1 X90.214 Y117.64 E.02264
G1 X89.803 Y116.475 E.0341
G1 X89.567 Y115.689 E.02264
G1 X89.271 Y114.489 E.03409
G1 X89.101 Y113.615 E.02458
G1 X88.933 Y112.461 E.03216
G1 X88.854 Y111.644 E.02267
G1 X88.804 Y110.753 E.02461
G1 X88.794 Y109.589 E.03213
G1 X88.854 Y108.356 E.03405
G1 X88.985 Y107.129 E.03406
G1 X89.125 Y106.249 E.02459
G1 X89.362 Y105.109 E.03213
G1 X89.681 Y103.916 E.03407
G1 X89.932 Y103.135 E.02264
G1 X90.366 Y101.978 E.0341
G1 X90.691 Y101.224 E.02264
G1 X91.235 Y100.114 E.0341
G1 X91.631 Y99.396 E.02264
G1 X92.28 Y98.344 E.03409
G1 X92.744 Y97.667 E.02264
G1 X93.492 Y96.683 E.0341
G1 X94.02 Y96.054 E.02267
G1 X94.572 Y95.446 E.02266
G1 X95.445 Y94.572 E.03407
G1 X96.367 Y93.752 E.03407
G1 X97.006 Y93.236 E.02264
G1 X98.004 Y92.508 E.0341
G1 X98.691 Y92.057 E.02266
G1 X99.455 Y91.598 E.02461
G1 X100.481 Y91.046 E.03213
G1 X101.6 Y90.524 E.03407
G1 X102.36 Y90.214 E.02264
G1 X103.525 Y89.803 E.0341
G1 X104.312 Y89.567 E.02267
G1 X105.108 Y89.362 E.02267
G1 X106.318 Y89.112 E.0341
G1 X107.129 Y88.985 E.02264
G1 X108.357 Y88.854 E.0341
G1 X109.177 Y88.806 E.02264
G1 X110.412 Y88.794 E.0341
G1 X111.232 Y88.826 E.02265
G1 X112.462 Y88.934 E.03407
G1 X113.683 Y89.112 E.03404
G1 X114.891 Y89.362 E.03404
G1 X116.084 Y89.681 E.03407
G1 X116.865 Y89.932 E.02264
G1 X118.022 Y90.366 E.0341
G1 X118.776 Y90.691 E.02264
G1 X119.886 Y91.235 E.0341
G1 X120.604 Y91.631 E.02264
G1 X121.656 Y92.28 E.03409
G1 X122.333 Y92.744 E.02264
G1 X123.317 Y93.492 E.0341
G1 X123.946 Y94.02 E.02267
G1 X124.554 Y94.572 E.02266
G1 X125.428 Y95.445 E.03407
G1 X126.248 Y96.367 E.03407
G1 X126.764 Y97.006 E.02264
G1 X127.492 Y98.004 E.0341
G1 X127.943 Y98.691 E.02266
G1 X128.402 Y99.455 E.02461
G1 X128.954 Y100.481 E.03213
G1 X129.476 Y101.6 E.03407
G1 X129.786 Y102.36 E.02264
G1 X130.197 Y103.525 E.0341
G1 X130.433 Y104.312 E.02267
G1 X130.638 Y105.108 E.02267
G1 X130.888 Y106.318 E.0341
G1 X131.015 Y107.129 E.02264
G1 X131.099 Y107.914 E.0218
G1 X131.102 Y107.964 E.00139
G1 E-1 F2400
;WIPE_START
G1 F12000
G1 X131.197 Y109.305
G1 X131.202 Y109.961
;WIPE_END
G1 Z1.8 F24000
G1 X96.055 Y100.875 Z1.8
G1 Z1.6
G1 E1 F2700
M204 P5000
;TYPE:Inner wall
;WIDTH:0.449999
G1 F8791
G1 X96.462 Y100.269 E.02176
G1 X96.931 Y99.646 E.02323
G1 X97.407 Y99.072 E.02221
G1 X97.89 Y98.54 E.02139
G1 X98.434 Y97.991 E.02303
G1 X98.982 Y97.485 E.02222
G1 X99.822 Y96.795 E.03239
G1 X100.447 Y96.335 E.02311
G1 X101.068 Y95.921 E.02221
G1 X101.739 Y95.518 E.02332
G1 X102.554 Y95.086 E.02747
G1 X103.371 Y94.701 E.02692
G1 X104.016 Y94.438 E.02073
G1 X104.961 Y94.111 E.0298
G1 X105.535 Y93.94 E.01782
G1 X106.136 Y93.784 E.0185
G1 X107.138 Y93.577 E.03049
G1 X107.739 Y93.484 E.01812
G1 X108.757 Y93.373 E.03049
G1 X109.36 Y93.343 E.01798
G1 X110.362 Y93.337 E.02987
G1 X110.95 Y93.357 E.0175
G1 X111.956 Y93.445 E.0301
G1 X112.862 Y93.574 E.02726
G1 X113.594 Y93.718 E.02221
G1 X114.318 Y93.895 E.02221
G1 X115.359 Y94.218 E.03247
G1 X116.082 Y94.476 E.02286
G1 X116.776 Y94.765 E.02239
G1 X117.498 Y95.108 E.02384
G1 X118.369 Y95.582 E.02951
G1 X119.068 Y96.008 E.02438
G1 X119.684 Y96.427 E.02221
G1 X120.281 Y96.874 E.02221
G1 X120.858 Y97.346 E.02222
G1 X121.447 Y97.887 E.02381
G1 X122.148 Y98.582 E.02941
G1 X122.8 Y99.324 E.02941
G1 X123.168 Y99.778 E.01743
G1 X123.772 Y100.605 E.03049
G1 X124.11 Y101.122 E.01841
G1 X124.774 Y102.272 E.03956
G1 X125.108 Y102.946 E.02241
G1 X125.546 Y103.985 E.03357
G1 X125.885 Y104.945 E.03034
G1 X126.053 Y105.522 E.01789
G1 X126.211 Y106.103 E.01793
G1 X126.371 Y106.837 E.02239
G1 X126.496 Y107.572 E.02221
G1 X126.588 Y108.312 E.02221
G1 X126.647 Y109.055 E.02221
G1 X126.672 Y109.801 E.02221
G1 X126.667 Y110.339 E.01603
M73 P33 R4
G1 X126.623 Y111.291 E.02839
G1 X126.542 Y112.087 E.02384
G1 X126.411 Y112.916 E.025
G1 X126.219 Y113.866 E.02888
G1 X126.014 Y114.64 E.02384
G1 X125.764 Y115.414 E.02423
G1 X125.418 Y116.347 E.02965
G1 X125.171 Y116.911 E.01834
G1 X124.79 Y117.699 E.02607
G1 X124.431 Y118.352 E.02221
G1 X124.043 Y118.989 E.02221
G1 X123.627 Y119.608 E.02221
G1 X123.184 Y120.208 E.02222
G1 X122.527 Y120.999 E.03063
G1 X122.124 Y121.441 E.01782
G1 X121.431 Y122.138 E.02927
G1 X120.835 Y122.672 E.02384
G1 X120.195 Y123.186 E.02446
G1 X119.4 Y123.771 E.02942
G1 X118.868 Y124.117 E.01887
G1 X118.28 Y124.468 E.02042
G1 X117.465 Y124.9 E.02747
G1 X116.568 Y125.323 E.02952
G1 X116.005 Y125.551 E.01812
G1 X115.058 Y125.888 E.02992
G1 X114.456 Y126.065 E.01869
G1 X113.565 Y126.287 E.02735
G1 X112.824 Y126.426 E.02246
G1 X111.899 Y126.563 E.02786
G1 X111.282 Y126.621 E.01846
G1 X110.593 Y126.659 E.02056
G1 X109.65 Y126.668 E.02809
G1 X108.675 Y126.615 E.02907
G1 X107.696 Y126.513 E.02932
G1 X107.028 Y126.405 E.02018
G1 X106.225 Y126.24 E.02441
G1 X105.502 Y126.055 E.02221
G1 X104.789 Y125.838 E.02221
G1 X104.086 Y125.589 E.02221
G1 X103.395 Y125.309 E.02221
G1 X102.668 Y124.974 E.02384
G1 X101.734 Y124.48 E.0315
G1 X101.09 Y124.093 E.02239
G1 X100.468 Y123.68 E.02221
G1 X99.823 Y123.207 E.02384
G1 X99.006 Y122.535 E.0315
G1 X98.55 Y122.117 E.01845
G1 X97.926 Y121.499 E.02615
G1 X97.389 Y120.906 E.02384
G1 X96.805 Y120.187 E.02758
G1 X96.281 Y119.476 E.0263
G1 X95.875 Y118.86 E.02199
G1 X95.522 Y118.267 E.02057
G1 X95.137 Y117.556 E.02407
G1 X94.814 Y116.884 E.02221
G1 X94.521 Y116.198 E.02222
G1 X94.143 Y115.153 E.0331
G1 X93.93 Y114.446 E.02201
G1 X93.745 Y113.71 E.02261
G1 X93.595 Y112.979 E.02221
G1 X93.471 Y112.189 E.02384
G1 X93.377 Y111.25 E.02811
G1 X93.34 Y110.581 E.01994
G1 X93.33 Y109.64 E.02803
G1 X93.363 Y108.895 E.02222
G1 X93.474 Y107.789 E.0331
G1 X93.59 Y107.046 E.02241
G1 X93.739 Y106.315 E.02221
G1 X93.92 Y105.592 E.02221
G1 X94.133 Y104.878 E.02221
G1 X94.397 Y104.122 E.02384
G1 X94.801 Y103.145 E.0315
G1 X95.125 Y102.467 E.02239
G1 X95.477 Y101.809 E.02221
G1 X95.858 Y101.168 E.02222
G1 X96.032 Y100.908 E.00933
G1 X96.398 Y101.105 F24000
M204 P4000
;TYPE:Outer wall
;WIDTH:0.419999
G1 F8791
G1 X96.805 Y100.5 E.02014
G1 X97.261 Y99.895 E.02088
G1 X97.725 Y99.336 E.02006
G1 X98.196 Y98.818 E.0193
G1 X98.727 Y98.282 E.02082
G1 X99.262 Y97.79 E.02007
G1 X100.085 Y97.114 E.02937
G1 X100.691 Y96.668 E.02077
G1 X101.297 Y96.265 E.02006
G1 X101.951 Y95.873 E.02107
G1 X102.747 Y95.452 E.02483
G1 X103.544 Y95.077 E.02431
G1 X104.172 Y94.822 E.01869
G1 X105.095 Y94.502 E.02697
G1 X105.646 Y94.338 E.01587
G1 X106.23 Y94.187 E.01663
G1 X107.214 Y93.983 E.02773
G1 X107.797 Y93.894 E.01627
G1 X108.796 Y93.785 E.02773
G1 X109.379 Y93.756 E.01612
G1 X110.36 Y93.75 E.02704
G1 X110.924 Y93.77 E.01559
G1 X111.912 Y93.856 E.02737
G1 X112.8 Y93.983 E.02474
G1 X113.513 Y94.124 E.02006
G1 X114.219 Y94.297 E.02006
G1 X114.968 Y94.518 E.02154
G1 X115.943 Y94.865 E.02855
G1 X116.616 Y95.147 E.02011
G1 X117.321 Y95.482 E.02154
G1 X118.171 Y95.945 E.02671
G1 X118.85 Y96.36 E.02196
G1 X119.451 Y96.769 E.02006
G1 X120.033 Y97.205 E.02006
G1 X120.595 Y97.666 E.02007
G1 X121.167 Y98.191 E.02142
G1 X121.852 Y98.87 E.0266
G1 X122.488 Y99.595 E.02661
G1 X122.841 Y100.032 E.01551
G1 X123.434 Y100.843 E.02773
G1 X123.762 Y101.346 E.01655
G1 X124.414 Y102.476 E.03601
G1 X124.737 Y103.129 E.02012
G1 X125.161 Y104.134 E.03008
G1 X125.493 Y105.076 E.02757
G1 X125.654 Y105.631 E.01594
G1 X125.813 Y106.214 E.01668
G1 X125.966 Y106.925 E.02004
G1 X126.088 Y107.641 E.02006
G1 X126.177 Y108.363 E.02006
G1 X126.234 Y109.088 E.02006
G1 X126.259 Y109.815 E.02006
G1 X126.253 Y110.334 E.01434
G1 X126.21 Y111.268 E.02578
G1 X126.13 Y112.044 E.02154
G1 X126.002 Y112.851 E.02253
G1 X125.815 Y113.779 E.02613
G1 X125.615 Y114.534 E.02154
G1 X125.37 Y115.286 E.02182
G1 X125.032 Y116.198 E.02684
G1 X124.792 Y116.745 E.01648
G1 X124.419 Y117.516 E.02364
G1 X124.068 Y118.153 E.02006
G1 X123.69 Y118.774 E.02006
G1 X123.284 Y119.377 E.02006
G1 X122.851 Y119.962 E.02007
G1 X122.209 Y120.735 E.02773
G1 X121.821 Y121.159 E.01586
G1 X121.141 Y121.843 E.0266
G1 X120.56 Y122.364 E.02154
G1 X119.936 Y122.863 E.02203
G1 X119.159 Y123.435 E.02662
G1 X118.643 Y123.77 E.01697
G1 X118.071 Y124.111 E.01838
G1 X117.276 Y124.532 E.02482
G1 X116.4 Y124.945 E.02672
G1 X115.853 Y125.166 E.01627
G1 X114.924 Y125.496 E.0272
G1 X114.34 Y125.668 E.0168
G1 X113.468 Y125.885 E.0248
G1 X112.749 Y126.019 E.02018
G1 X111.846 Y126.153 E.02518
G1 X111.247 Y126.208 E.01659
G1 X110.577 Y126.246 E.01853
G1 X109.652 Y126.254 E.02551
G1 X108.701 Y126.202 E.02629
G1 X107.745 Y126.103 E.02652
G1 X107.094 Y125.997 E.01818
G1 X106.31 Y125.836 E.02211
G1 X105.605 Y125.655 E.02006
G1 X104.91 Y125.443 E.02006
G1 X104.225 Y125.2 E.02006
G1 X103.551 Y124.926 E.02006
G1 X102.842 Y124.599 E.02154
G1 X101.927 Y124.114 E.02855
G1 X101.303 Y123.739 E.02011
G1 X100.697 Y123.336 E.02006
G1 X100.068 Y122.874 E.02154
G1 X99.269 Y122.216 E.02855
G1 X98.83 Y121.812 E.01646
G1 X98.219 Y121.207 E.02371
G1 X97.695 Y120.629 E.02154
G1 X97.127 Y119.927 E.02492
G1 X96.616 Y119.234 E.02374
G1 X96.221 Y118.633 E.01986
G1 X95.877 Y118.055 E.01854
G1 X95.502 Y117.361 E.02178
G1 X95.187 Y116.705 E.02006
G1 X94.902 Y116.036 E.02007
G1 X94.532 Y115.013 E.03002
G1 X94.327 Y114.327 E.01975
G1 X94.146 Y113.609 E.02043
G1 X94 Y112.897 E.02006
G1 X93.88 Y112.125 E.02154
G1 X93.788 Y111.209 E.02541
G1 X93.753 Y110.563 E.01785
G1 X93.744 Y109.64 E.02546
G1 X93.776 Y108.914 E.02007
G1 X93.885 Y107.831 E.03002
G1 X93.999 Y107.111 E.02012
G1 X94.144 Y106.398 E.02006
G1 X94.321 Y105.693 E.02006
G1 X94.529 Y104.996 E.02006
G1 X94.788 Y104.259 E.02154
G1 X95.183 Y103.303 E.02855
G1 X95.498 Y102.646 E.02011
G1 X95.841 Y102.005 E.02006
G1 X96.213 Y101.38 E.02007
G1 X96.375 Y101.139 E.00802
G1 E-1 F2400
;WIPE_START
G1 F12000
G1 X96.805 Y100.5
G1 X97.261 Y99.895
G1 X97.563 Y99.531
;WIPE_END
G1 Z1.8 F24000
G1 X115.854 Y94.07 Z1.8
G1 Z1.6
G1 E1 F2700
M204 P5000
;TYPE:Sparse infill
;WIDTH:0.45
G1 F8791
G1 X115.192 Y93.835 E.02093
G1 X114.303 Y93.578 E.02757
G1 X110.242 Y89.516 E.17107
G1 X109.201 Y89.525 E.031
G1 X108.417 Y89.57 E.0234
G1 X107.223 Y89.698 E.03577
G1 X106.408 Y89.828 E.02458
G1 X109.607 Y93.027 E.13476
G1 X108.779 Y93.065 E.02469
G1 X108.02 Y93.137 E.02271
G1 X107.265 Y93.243 E.02271
G1 X106.496 Y93.387 E.0233
G1 X105.95 Y93.514 E.01672
G1 X103.137 Y90.702 E.11848
G1 X102.615 Y90.886 E.01647
G1 X101.888 Y91.183 E.0234
G1 X100.803 Y91.689 E.03565
G1 X100.267 Y91.977 E.01813
G1 X102.881 Y94.591 E.1101
G1 X102.549 Y94.744 E.01089
G1 X101.631 Y95.228 E.03091
G1 X100.925 Y95.65 E.0245
G1 X100.247 Y96.102 E.02427
G1 X97.738 Y93.593 E.10573
G1 X97.444 Y93.807 E.01084
G1 X96.832 Y94.3 E.0234
G1 X95.938 Y95.096 E.03564
G1 X95.517 Y95.517 E.01775
G1 X97.997 Y97.997 E.10447
G1 X97.193 Y98.853 E.03499
G1 X96.69 Y99.459 E.02345
G1 X96.106 Y100.251 E.02931
G1 X93.593 Y97.738 E.10586
G1 X93.327 Y98.088 E.0131
G1 X92.883 Y98.736 E.0234
G1 X92.252 Y99.758 E.03577
G1 X91.973 Y100.263 E.01719
G1 X94.589 Y102.879 E.1102
G1 X94.116 Y104.003 E.03632
G1 X93.846 Y104.773 E.02431
G1 X93.627 Y105.504 E.02271
G1 X93.515 Y105.951 E.01372
G1 X90.7 Y103.135 E.11862
G1 X90.611 Y103.371 E.00751
G1 X90.371 Y104.119 E.0234
G1 X90.061 Y105.275 E.03565
G1 X89.828 Y106.408 E.03445
G1 X93.026 Y109.606 E.13473
G1 X93.025 Y110.369 E.02272
G1 X93.059 Y111.13 E.0227
G1 X93.168 Y112.225 E.03278
G1 X93.294 Y113.031 E.02428
G1 X93.447 Y113.779 E.02276
G1 X93.58 Y114.305 E.01614
G1 X89.519 Y110.244 E.17108
G1 X89.523 Y110.73 E.01449
G1 X89.571 Y111.589 E.02562
G1 X89.647 Y112.375 E.02352
G1 X89.81 Y113.495 E.0337
G1 X89.973 Y114.335 E.02549
G1 X90.14 Y115.01 E.02072
G1 X104.993 Y129.863 E.62568
G1 X104.119 Y129.629 E.02695
G1 X103.43 Y129.408 E.02155
G1 X104.142 Y125.932 F24000
G1 F8791
G1 X104.687 Y126.126 E.01725
G1 X105.695 Y126.42 E.03125
G1 X109.76 Y130.486 E.17128
G1 X110.73 Y130.477 E.02888
G1 X111.589 Y130.429 E.02562
G1 X112.375 Y130.353 E.02352
G1 X113.591 Y130.171 E.03663
G1 X110.392 Y126.972 E.13477
G1 X111.039 Y126.947 E.01928
G1 X111.817 Y126.881 E.02327
G1 X112.548 Y126.787 E.02196
G1 X113.606 Y126.591 E.03205
G1 X114.049 Y126.484 E.01356
G1 X116.863 Y129.298 E.11855
G1 X117.385 Y129.114 E.01647
G1 X118.112 Y128.817 E.0234
G1 X119.197 Y128.311 E.03565
G1 X119.733 Y128.023 E.01813
G1 X117.121 Y125.411 E.11003
G1 X118.211 Y124.861 E.03638
G1 X118.915 Y124.45 E.02428
G1 X119.751 Y123.896 E.02986
G1 X122.262 Y126.407 E.10581
G1 X122.556 Y126.193 E.01084
G1 X123.168 Y125.7 E.0234
G1 X124.062 Y124.904 E.03564
G1 X124.483 Y124.483 E.01775
G1 X122.003 Y122.003 E.10445
G1 X122.685 Y121.286 E.02946
G1 X123.4 Y120.426 E.03333
G1 X123.898 Y119.752 E.02495
G1 X126.407 Y122.262 E.10571
G1 X126.673 Y121.912 E.0131
G1 X127.117 Y121.264 E.0234
G1 X127.748 Y120.242 E.03577
G1 X128.027 Y119.737 E.01719
G1 X125.411 Y117.121 E.11016
G1 X125.701 Y116.461 E.02147
G1 X125.966 Y115.776 E.02189
G1 X126.297 Y114.762 E.03176
G1 X126.486 Y114.051 E.02192
G1 X129.3 Y116.865 E.11856
G1 X129.389 Y116.629 E.00751
G1 X129.629 Y115.881 E.0234
G1 X129.938 Y114.726 E.03564
G1 X130.172 Y113.592 E.03447
G1 X126.971 Y110.391 E.13486
G1 X126.978 Y109.812 E.01724
G1 X126.952 Y109.051 E.02268
G1 X126.893 Y108.29 E.02276
G1 X126.799 Y107.533 E.02271
G1 X126.671 Y106.782 E.0227
G1 X126.51 Y106.036 E.02272
G1 X126.415 Y105.69 E.01071
G1 X130.481 Y109.756 E.17131
G1 X130.477 Y109.27 E.01449
G1 X130.43 Y108.416 E.02549
G1 X130.302 Y107.223 E.03574
G1 X130.18 Y106.446 E.0234
G1 X129.867 Y104.997 E.04416
G1 X115.007 Y90.137 E.62598
G1 X115.881 Y90.371 E.02695
G1 X116.57 Y90.592 E.02155
M73 P34 R4
; stop printing object Генератор.stl id:0 copy 0
;LAYER_CHANGE
;Z:1.8
;HEIGHT:0.2
;BEFORE_LAYER_CHANGE
;1.8
G92 E0

G1 E-1 F2400
;WIPE_START
G1 F12000
G1 X115.881 Y90.371
G1 X115.007 Y90.137
G1 X115.27 Y90.4
;WIPE_END
M486 S-1
;_SET_FAN_SPEED_CHANGING_LAYER
; printing object Генератор.stl id:0 copy 0
M486 S0
G1 Z2 F24000
G1 X130.706 Y108.103 Z2
G1 Z1.8
G1 E1 F2700
;TYPE:Inner wall
;WIDTH:0.449999
G1 F8791
G1 X130.736 Y108.428 E.00973
G1 X130.781 Y109.241 E.02423
G1 X130.792 Y110.403 E.03463
G1 X130.734 Y111.615 E.03612
G1 X130.656 Y112.411 E.02385
G1 X130.48 Y113.614 E.03621
G1 X130.326 Y114.4 E.02384
G1 X130.034 Y115.579 E.03619
G1 X129.778 Y116.425 E.02632
G1 X129.4 Y117.493 E.03375
G1 X129.097 Y118.234 E.02386
G1 X128.583 Y119.336 E.03621
G1 X128.21 Y120.044 E.02385
G1 X127.592 Y121.091 E.03621
G1 X127.152 Y121.76 E.02384
G1 X126.435 Y122.742 E.03621
G1 X125.933 Y123.365 E.02384
G1 X125.127 Y124.271 E.03612
G1 X124.271 Y125.127 E.03603
G1 X123.366 Y125.932 E.0361
G1 X122.677 Y126.485 E.02632
G1 X121.76 Y127.152 E.03375
G1 X121.091 Y127.592 E.02386
G1 X120.045 Y128.209 E.03619
G1 X119.262 Y128.619 E.02632
G1 X118.235 Y129.097 E.03375
G1 X117.493 Y129.399 E.02386
G1 X116.347 Y129.804 E.03622
G1 X115.577 Y130.035 E.02393
G1 X114.799 Y130.235 E.02393
G1 X113.608 Y130.481 E.03621
G1 X112.817 Y130.605 E.02385
G1 X111.609 Y130.734 E.03621
G1 X110.809 Y130.781 E.02384
G1 X109.597 Y130.792 E.03612
G1 X108.385 Y130.734 E.03612
G1 X107.589 Y130.656 E.02385
G1 X106.386 Y130.48 E.03621
G1 X105.6 Y130.326 E.02384
G1 X104.421 Y130.034 E.03619
G1 X103.575 Y129.778 E.02632
G1 X102.507 Y129.4 E.03375
G1 X101.766 Y129.097 E.02386
G1 X100.664 Y128.583 E.03621
G1 X99.956 Y128.21 E.02385
G1 X98.909 Y127.592 E.03621
G1 X98.24 Y127.152 E.02384
G1 X97.258 Y126.435 E.03621
G1 X96.635 Y125.933 E.02384
G1 X95.729 Y125.127 E.03612
G1 X94.873 Y124.271 E.03603
G1 X94.068 Y123.366 E.0361
G1 X93.515 Y122.677 E.02632
G1 X92.848 Y121.76 E.03375
G1 X92.408 Y121.091 E.02386
G1 X91.791 Y120.045 E.03619
G1 X91.381 Y119.262 E.02632
G1 X90.903 Y118.235 E.03375
G1 X90.601 Y117.493 E.02386
G1 X90.196 Y116.347 E.03622
G1 X89.965 Y115.577 E.02393
G1 X89.765 Y114.799 E.02393
G1 X89.519 Y113.608 E.03621
G1 X89.395 Y112.817 E.02385
G1 X89.266 Y111.609 E.03621
G1 X89.219 Y110.809 E.02384
G1 X89.208 Y109.597 E.03612
G1 X89.266 Y108.385 E.03613
G1 X89.344 Y107.586 E.02393
G1 X89.453 Y106.789 E.02394
G1 X89.676 Y105.594 E.03621
G1 X89.86 Y104.815 E.02385
G1 X90.198 Y103.647 E.03621
G1 X90.457 Y102.89 E.02384
G1 X90.906 Y101.76 E.03621
G1 X91.237 Y101.031 E.02384
G1 X91.793 Y99.951 E.03619
G1 X92.237 Y99.187 E.02632
G1 X92.85 Y98.238 E.03366
G1 X93.565 Y97.258 E.03614
G1 X94.067 Y96.635 E.02384
G1 X94.873 Y95.729 E.03612
G1 X95.729 Y94.873 E.03603
G1 X96.634 Y94.068 E.0361
G1 X97.323 Y93.515 E.02632
G1 X98.24 Y92.848 E.03375
G1 X98.909 Y92.408 E.02386
G1 X99.956 Y91.79 E.03621
G1 X100.667 Y91.416 E.02393
G1 X101.392 Y91.069 E.02394
G1 X102.51 Y90.6 E.03612
G1 X103.652 Y90.196 E.0361
G1 X104.499 Y89.945 E.02632
G1 X105.599 Y89.675 E.03373
G1 X106.467 Y89.507 E.02633
G1 X107.588 Y89.344 E.03375
G1 X108.388 Y89.266 E.02395
G1 X109.191 Y89.219 E.02394
G1 X110.403 Y89.208 E.03612
G1 X111.615 Y89.266 E.03612
G1 X112.411 Y89.344 E.02385
G1 X113.614 Y89.52 E.03621
G1 X114.403 Y89.675 E.02393
G1 X115.185 Y89.86 E.02394
G1 X116.353 Y90.198 E.03621
G1 X117.11 Y90.457 E.02384
G1 X118.24 Y90.906 E.03621
G1 X118.969 Y91.237 E.02384
G1 X120.049 Y91.793 E.03619
G1 X120.813 Y92.237 E.02632
G1 X121.762 Y92.85 E.03366
G1 X122.742 Y93.565 E.03614
G1 X123.365 Y94.067 E.02384
G1 X124.271 Y94.873 E.03612
G1 X125.127 Y95.729 E.03603
G1 X125.932 Y96.634 E.0361
G1 X126.485 Y97.323 E.02632
G1 X127.152 Y98.24 E.03375
G1 X127.592 Y98.909 E.02386
G1 X128.21 Y99.956 E.03621
G1 X128.584 Y100.667 E.02393
G1 X128.931 Y101.392 E.02394
G1 X129.4 Y102.51 E.03612
G1 X129.804 Y103.652 E.0361
G1 X130.055 Y104.499 E.02632
G1 X130.325 Y105.599 E.03373
G1 X130.493 Y106.467 E.02633
G1 X130.689 Y107.928 E.04393
G1 X130.702 Y108.063 E.00404
G1 X131.117 Y108.064 F24000
M204 P4000
;TYPE:Outer wall
;WIDTH:0.419999
G1 F8791
G1 X131.149 Y108.404 E.00942
G1 X131.195 Y109.237 E.023
G1 X131.206 Y110.411 E.03241
G1 X131.146 Y111.645 E.03407
G1 X131.067 Y112.461 E.02265
G1 X130.888 Y113.684 E.03409
G1 X130.729 Y114.489 E.02264
G1 X130.433 Y115.689 E.03409
G1 X130.171 Y116.554 E.02494
G1 X129.786 Y117.64 E.0318
G1 X129.476 Y118.4 E.02265
G1 X128.953 Y119.52 E.0341
G1 X128.571 Y120.246 E.02265
G1 X127.943 Y121.31 E.03409
G1 X127.492 Y121.996 E.02264
G1 X126.764 Y122.994 E.0341
G1 X126.248 Y123.633 E.02264
G1 X125.428 Y124.555 E.03407
G1 X124.555 Y125.428 E.03404
G1 X123.633 Y126.248 E.03406
G1 X122.928 Y126.814 E.02494
G1 X121.996 Y127.492 E.0318
G1 X121.31 Y127.943 E.02265
G1 X120.246 Y128.571 E.03409
G1 X119.445 Y128.99 E.02494
G1 X118.4 Y129.476 E.0318
G1 X117.64 Y129.786 E.02265
G1 X116.475 Y130.197 E.0341
G1 X115.688 Y130.433 E.02267
G1 X114.892 Y130.638 E.02267
G1 X113.682 Y130.888 E.0341
G1 X112.871 Y131.015 E.02265
G1 X111.643 Y131.146 E.03409
G1 X110.823 Y131.194 E.02264
G1 X109.589 Y131.206 E.03407
G1 X108.355 Y131.146 E.03407
G1 X107.539 Y131.067 E.02265
G1 X106.316 Y130.888 E.03409
G1 X105.511 Y130.729 E.02264
G1 X104.311 Y130.433 E.03409
G1 X103.446 Y130.171 E.02494
G1 X102.36 Y129.786 E.0318
G1 X101.6 Y129.476 E.02265
G1 X100.48 Y128.953 E.0341
G1 X99.754 Y128.571 E.02265
G1 X98.69 Y127.943 E.03409
G1 X98.004 Y127.492 E.02264
G1 X97.006 Y126.764 E.0341
G1 X96.367 Y126.248 E.02264
G1 X95.445 Y125.428 E.03407
G1 X94.572 Y124.555 E.03404
G1 X93.752 Y123.633 E.03406
G1 X93.186 Y122.928 E.02494
G1 X92.508 Y121.996 E.0318
G1 X92.057 Y121.31 E.02265
G1 X91.429 Y120.246 E.03409
G1 X91.01 Y119.445 E.02494
G1 X90.524 Y118.4 E.0318
G1 X90.214 Y117.64 E.02265
G1 X89.803 Y116.475 E.0341
G1 X89.567 Y115.688 E.02267
G1 X89.362 Y114.892 E.02267
G1 X89.112 Y113.682 E.0341
G1 X88.985 Y112.871 E.02265
G1 X88.854 Y111.643 E.03409
G1 X88.806 Y110.823 E.02264
G1 X88.794 Y109.589 E.03407
G1 X88.854 Y108.355 E.03407
G1 X88.933 Y107.538 E.02266
G1 X89.045 Y106.723 E.02267
G1 X89.271 Y105.509 E.03409
G1 X89.46 Y104.71 E.02264
G1 X89.803 Y103.523 E.03409
G1 X90.069 Y102.747 E.02264
G1 X90.525 Y101.598 E.0341
G1 X90.865 Y100.851 E.02264
G1 X91.43 Y99.753 E.03409
G1 X91.884 Y98.971 E.02494
G1 X92.509 Y98.004 E.03177
G1 X93.236 Y97.006 E.03407
G1 X93.752 Y96.367 E.02264
G1 X94.572 Y95.445 E.03407
G1 X95.445 Y94.572 E.03404
G1 X96.367 Y93.752 E.03406
G1 X97.072 Y93.186 E.02494
G1 X98.004 Y92.508 E.0318
G1 X98.69 Y92.057 E.02265
G1 X99.754 Y91.429 E.03409
G1 X100.481 Y91.046 E.02267
G1 X101.222 Y90.692 E.02267
G1 X102.361 Y90.214 E.03407
G1 X103.525 Y89.803 E.03406
G1 X104.391 Y89.546 E.02494
G1 X105.51 Y89.271 E.03179
G1 X106.398 Y89.099 E.02494
G1 X107.539 Y88.933 E.0318
G1 X108.356 Y88.854 E.02267
G1 X109.177 Y88.806 E.02267
G1 X110.411 Y88.794 E.03407
G1 X111.645 Y88.854 E.03407
G1 X112.461 Y88.933 E.02265
G1 X113.684 Y89.112 E.03409
G1 X114.49 Y89.271 E.02267
G1 X115.29 Y89.46 E.02267
G1 X116.477 Y89.803 E.03409
G1 X117.253 Y90.069 E.02264
G1 X118.402 Y90.525 E.0341
G1 X119.149 Y90.865 E.02264
G1 X120.247 Y91.43 E.03409
G1 X121.029 Y91.884 E.02494
G1 X121.996 Y92.509 E.03177
G1 X122.994 Y93.236 E.03407
G1 X123.633 Y93.752 E.02264
G1 X124.555 Y94.572 E.03407
G1 X125.428 Y95.445 E.03404
G1 X126.248 Y96.367 E.03406
G1 X126.814 Y97.072 E.02494
G1 X127.492 Y98.004 E.0318
G1 X127.943 Y98.69 E.02265
G1 X128.571 Y99.754 E.03409
G1 X128.954 Y100.481 E.02267
G1 X129.308 Y101.222 E.02267
G1 X129.786 Y102.361 E.03407
G1 X130.197 Y103.525 E.03406
G1 X130.454 Y104.391 E.02494
G1 X130.729 Y105.51 E.03179
G1 X130.901 Y106.398 E.02494
G1 X131.101 Y107.888 E.04149
G1 X131.113 Y108.025 E.00377
G1 E-1 F2400
;WIPE_START
G1 F12000
G1 X131.149 Y108.404
G1 X131.195 Y109.237
G1 X131.202 Y110.022
;WIPE_END
G1 Z2 F24000
G1 X96.039 Y100.898 Z2
G1 Z1.8
G1 E1 F2700
M204 P5000
;TYPE:Inner wall
;WIDTH:0.449999
G1 F8791
G1 X96.267 Y100.545 E.01251
G1 X96.86 Y99.742 E.02974
G1 X97.228 Y99.287 E.01743
G1 X97.899 Y98.531 E.0301
G1 X98.434 Y97.991 E.02265
G1 X99.032 Y97.443 E.02416
G1 X99.841 Y96.779 E.03118
G1 X100.447 Y96.335 E.02239
G1 X101.123 Y95.887 E.02415
G1 X101.707 Y95.535 E.02029
G1 X102.557 Y95.085 E.02868
G1 X103.097 Y94.827 E.01782
G1 X104.028 Y94.434 E.0301
G1 X104.958 Y94.112 E.02931
G1 X105.597 Y93.922 E.01986
G1 X106.51 Y93.697 E.028
G1 X107.189 Y93.567 E.02061
G1 X108.034 Y93.443 E.02544
G1 X108.744 Y93.375 E.02123
G1 X109.359 Y93.343 E.01834
G1 X110.349 Y93.337 E.02949
G1 X111.338 Y93.381 E.0295
G1 X111.943 Y93.443 E.01812
G1 X112.862 Y93.574 E.02764
G1 X113.565 Y93.713 E.02135
G1 X114.169 Y93.859 E.01851
G1 X115.096 Y94.125 E.02871
G1 X115.701 Y94.34 E.01912
G1 X116.635 Y94.706 E.02988
G1 X117.182 Y94.958 E.01795
G1 X118.069 Y95.418 E.02977
G1 X119.077 Y96.014 E.03488
G1 X119.684 Y96.427 E.02186
G1 X120.251 Y96.851 E.02108
G1 X121.133 Y97.588 E.03423
G1 X121.682 Y98.103 E.02242
G1 X122.784 Y99.302 E.04852
G1 X123.216 Y99.84 E.02055
G1 X123.771 Y100.603 E.02811
G1 X124.104 Y101.114 E.01818
G1 X124.608 Y101.978 E.02979
G1 X125.119 Y102.97 E.03323
G1 X125.408 Y103.629 E.02144
G1 X125.678 Y104.324 E.02221
G1 X125.887 Y104.946 E.01955
G1 X126.211 Y106.102 E.03576
G1 X126.371 Y106.837 E.02241
G1 X126.496 Y107.572 E.02221
G1 X126.62 Y108.71 E.03408
G1 X126.656 Y109.33 E.01851
G1 X126.667 Y110.34 E.0301
G1 X126.623 Y111.291 E.02834
G1 X126.556 Y111.949 E.01972
G1 X126.407 Y112.941 E.02988
G1 X126.294 Y113.518 E.01751
G1 X125.916 Y114.969 E.04467
G1 X125.686 Y115.652 E.02144
G1 X125.418 Y116.347 E.02221
G1 X125.119 Y117.03 E.02221
G1 X124.885 Y117.506 E.0158
G1 X124.6 Y118.044 E.01812
G1 X124.081 Y118.926 E.03048
G1 X123.412 Y119.905 E.03531
G1 X122.952 Y120.5 E.02241
G1 X122.47 Y121.068 E.02221
G1 X122.115 Y121.451 E.01553
G1 X121.431 Y122.138 E.02888
G1 X120.827 Y122.679 E.02416
G1 X120.134 Y123.235 E.02645
G1 X119.4 Y123.771 E.02711
G1 X118.877 Y124.111 E.01858
G1 X118.074 Y124.587 E.02779
G1 X117.406 Y124.931 E.02237
G1 X116.57 Y125.322 E.0275
G1 X116.005 Y125.551 E.01818
G1 X115.058 Y125.888 E.02992
G1 X114.444 Y126.068 E.01908
G1 X113.847 Y126.219 E.01834
G1 X112.864 Y126.418 E.02988
G1 X111.78 Y126.578 E.03262
G1 X111.266 Y126.622 E.01538
G1 X110.659 Y126.657 E.01812
G1 X109.648 Y126.668 E.0301
G1 X108.662 Y126.614 E.02941
G1 X108.08 Y126.559 E.01743
G1 X107.067 Y126.411 E.03048
G1 X106.471 Y126.292 E.01812
G1 X105.502 Y126.055 E.02969
G1 X104.82 Y125.848 E.02124
G1 X104.086 Y125.589 E.02317
G1 X103.395 Y125.309 E.02221
G1 X102.717 Y124.999 E.02221
G1 X102.04 Y124.651 E.02269
G1 X101.095 Y124.096 E.03262
G1 X100.557 Y123.739 E.01924
G1 X99.815 Y123.2 E.02733
G1 X99.283 Y122.763 E.0205
G1 X98.54 Y122.108 E.02949
G1 X97.872 Y121.441 E.02813
G1 X97.186 Y120.668 E.03076
G1 X96.769 Y120.143 E.02
G1 X96.281 Y119.476 E.02459
G1 X95.881 Y118.868 E.02169
G1 X95.49 Y118.213 E.02272
G1 X95.137 Y117.556 E.02221
G1 X94.814 Y116.884 E.02221
G1 X94.515 Y116.184 E.02269
G1 X94.142 Y115.149 E.03275
G1 X93.927 Y114.433 E.02227
G1 X93.775 Y113.831 E.01851
G1 X93.595 Y112.979 E.02592
G1 X93.478 Y112.243 E.02221
G1 X93.375 Y111.231 E.03028
G1 X93.343 Y110.647 E.01743
G1 X93.33 Y109.64 E.03
G1 X93.368 Y108.83 E.02416
G1 X93.449 Y108.036 E.02378
G1 X93.528 Y107.44 E.01791
G1 X93.715 Y106.434 E.03048
G1 X93.857 Y105.842 E.01812
G1 X94.133 Y104.878 E.02988
G1 X94.339 Y104.29 E.01856
G1 X94.713 Y103.359 E.02988
G1 X94.955 Y102.823 E.01751
G1 X95.42 Y101.915 E.03038
G1 X95.768 Y101.32 E.02055
G1 X96.018 Y100.932 E.01374
G1 X96.387 Y101.122 F24000
M204 P4000
;TYPE:Outer wall
;WIDTH:0.419999
G1 F8791
G1 X96.612 Y100.772 E.01148
G1 X97.193 Y99.988 E.02691
G1 X97.547 Y99.551 E.01551
G1 X98.204 Y98.809 E.02737
G1 X98.727 Y98.282 E.02047
G1 X99.311 Y97.748 E.02184
G1 X100.103 Y97.099 E.02826
G1 X100.691 Y96.668 E.02011
G1 X101.351 Y96.232 E.02183
G1 X101.92 Y95.89 E.0183
G1 X102.751 Y95.45 E.02594
G1 X103.27 Y95.203 E.01587
G1 X104.184 Y94.817 E.02737
G1 X105.092 Y94.503 E.02651
G1 X105.709 Y94.32 E.01776
G1 X106.604 Y94.1 E.02543
G1 X107.265 Y93.974 E.01858
G1 X108.092 Y93.852 E.02306
G1 X108.783 Y93.786 E.01916
G1 X109.378 Y93.756 E.01645
G1 X110.346 Y93.75 E.0267
G1 X111.313 Y93.794 E.0267
G1 X111.899 Y93.854 E.01628
G1 X112.8 Y93.983 E.0251
G1 X113.485 Y94.118 E.01927
G1 X114.071 Y94.261 E.01664
G1 X114.978 Y94.522 E.02606
G1 X115.562 Y94.729 E.01709
G1 X116.475 Y95.088 E.02706
G1 X117.004 Y95.331 E.01608
G1 X117.871 Y95.781 E.02695
G1 X118.433 Y96.102 E.01785
G1 X119.199 Y96.597 E.02517
G1 X120.003 Y97.182 E.02742
G1 X120.867 Y97.904 E.03107
G1 X121.398 Y98.404 E.02013
G1 X122.469 Y99.57 E.04367
G1 X122.889 Y100.094 E.01852
G1 X123.433 Y100.842 E.02553
G1 X123.756 Y101.337 E.01633
G1 X124.248 Y102.182 E.02696
G1 X124.52 Y102.689 E.01587
G1 X125.031 Y103.798 E.03369
G1 X125.292 Y104.473 E.01999
G1 X125.495 Y105.078 E.0176
G1 X125.812 Y106.212 E.03249
G1 X125.966 Y106.925 E.02012
G1 X126.088 Y107.641 E.02006
G1 X126.207 Y108.742 E.03054
G1 X126.243 Y109.344 E.01663
G1 X126.253 Y110.336 E.02737
G1 X126.21 Y111.268 E.02574
G1 X126.144 Y111.906 E.01772
G1 X125.999 Y112.876 E.02705
G1 X125.89 Y113.431 E.0156
G1 X125.651 Y114.375 E.02686
G1 X125.472 Y114.993 E.01776
G1 X125.294 Y115.522 E.01542
G1 X125.032 Y116.198 E.01998
G1 X124.74 Y116.864 E.02006
G1 X124.514 Y117.323 E.01413
G1 X124.238 Y117.845 E.01628
G1 X123.728 Y118.711 E.02773
G1 X123.072 Y119.67 E.03207
G1 X122.625 Y120.246 E.02012
G1 X122.155 Y120.8 E.02006
G1 X121.812 Y121.169 E.01388
G1 X121.141 Y121.843 E.02624
G1 X120.551 Y122.371 E.02184
G1 X119.876 Y122.912 E.02388
G1 X119.159 Y123.435 E.02449
G1 X118.652 Y123.765 E.0167
G1 X117.866 Y124.23 E.0252
G1 X117.218 Y124.563 E.0201
G1 X116.402 Y124.944 E.02485
G1 X115.853 Y125.166 E.01633
G1 X114.924 Y125.496 E.0272
G1 X113.749 Y125.817 E.0336
G1 X112.789 Y126.012 E.02705
G1 X111.727 Y126.168 E.0296
G1 X111.003 Y126.229 E.02006
G1 X110.276 Y126.258 E.02006
G1 X109.651 Y126.254 E.01727
G1 X108.688 Y126.201 E.02661
G1 X108.128 Y126.148 E.01551
G1 X107.134 Y126.003 E.02773
G1 X106.556 Y125.887 E.01627
G1 X105.605 Y125.655 E.02699
G1 X104.941 Y125.452 E.01917
G1 X104.225 Y125.2 E.02095
G1 X103.551 Y124.926 E.02006
G1 X102.89 Y124.623 E.02006
G1 X102.239 Y124.288 E.0202
G1 X101.305 Y123.74 E.0299
G1 X100.786 Y123.395 E.01718
G1 X100.06 Y122.867 E.02477
G1 X99.546 Y122.444 E.01837
G1 X98.82 Y121.804 E.0267
G1 X98.173 Y121.157 E.02524
G1 X97.496 Y120.394 E.02815
G1 X97.092 Y119.886 E.0179
G1 X96.616 Y119.234 E.02227
G1 X96.227 Y118.641 E.01958
G1 X95.845 Y118.002 E.02054
G1 X95.502 Y117.361 E.02006
G1 X95.187 Y116.705 E.02006
G1 X94.9 Y116.032 E.02019
G1 X94.532 Y115.012 E.02993
G1 X94.323 Y114.315 E.02007
G1 X94.176 Y113.73 E.01663
G1 X94 Y112.897 E.0235
G1 X93.887 Y112.178 E.02007
G1 X93.787 Y111.19 E.02741
G1 X93.756 Y110.629 E.01551
G1 X93.744 Y109.64 E.02728
G1 X93.781 Y108.85 E.02184
G1 X93.86 Y108.078 E.0214
G1 X93.937 Y107.504 E.01597
G1 X94.12 Y106.516 E.02772
G1 X94.258 Y105.943 E.01628
G1 X94.529 Y104.996 E.02717
G1 X94.729 Y104.427 E.01665
G1 X95.095 Y103.517 E.02706
G1 X95.327 Y103.002 E.0156
G1 X95.785 Y102.111 E.02763
G1 X96.123 Y101.531 E.01852
G1 X96.365 Y101.155 E.01233
G1 E-1 F2400
;WIPE_START
G1 F12000
G1 X96.612 Y100.772
G1 X97.193 Y99.988
G1 X97.547 Y99.551
G1 X97.551 Y99.547
;WIPE_END
G1 Z2 F24000
G1 X115.854 Y94.071 Z2
G1 Z1.8
M73 P35 R4
G1 E1 F2700
M204 P5000
;TYPE:Sparse infill
;WIDTH:0.45
G1 F8791
G1 X115.216 Y93.843 E.02017
G1 X114.303 Y93.578 E.02833
G1 X110.242 Y89.517 E.17106
G1 X109.201 Y89.525 E.03102
G1 X108.412 Y89.571 E.02353
G1 X107.625 Y89.647 E.02356
G1 X106.409 Y89.829 E.03662
G1 X109.606 Y93.026 E.13469
G1 X108.779 Y93.065 E.02468
G1 X108.02 Y93.137 E.02269
G1 X107.274 Y93.242 E.02246
G1 X106.496 Y93.387 E.02356
G1 X105.949 Y93.514 E.01672
G1 X103.137 Y90.702 E.11848
G1 X102.62 Y90.885 E.01634
G1 X101.517 Y91.348 E.03564
G1 X100.804 Y91.689 E.02354
G1 X100.263 Y91.973 E.01819
G1 X102.88 Y94.59 E.11025
G1 X102.576 Y94.73 E.00997
G1 X101.589 Y95.251 E.03324
G1 X100.961 Y95.628 E.02183
G1 X100.247 Y96.102 E.02551
G1 X97.737 Y93.592 E.10576
G1 X96.831 Y94.301 E.03426
G1 X95.938 Y95.096 E.0356
G1 X95.517 Y95.517 E.01775
G1 X97.997 Y97.997 E.10447
G1 X97.191 Y98.855 E.03505
G1 X96.703 Y99.441 E.02273
G1 X96.104 Y100.249 E.02996
G1 X93.593 Y97.738 E.10582
G1 X93.101 Y98.411 E.02482
G1 X92.497 Y99.347 E.03319
G1 X91.975 Y100.265 E.03146
G1 X94.589 Y102.879 E.11013
G1 X94.125 Y103.979 E.03555
G1 X93.85 Y104.759 E.02462
G1 X93.631 Y105.489 E.02271
G1 X93.515 Y105.95 E.01418
G1 X90.697 Y103.132 E.11873
G1 X90.489 Y103.739 E.01912
G1 X90.156 Y104.893 E.03577
G1 X89.975 Y105.658 E.02341
G1 X89.834 Y106.414 E.02291
G1 X93.026 Y109.606 E.13448
G1 X93.025 Y110.37 E.02274
G1 X93.059 Y111.132 E.02273
G1 X93.171 Y112.249 E.03344
G1 X93.289 Y113.004 E.02276
G1 X93.44 Y113.75 E.02267
G1 X93.579 Y114.304 E.01703
G1 X89.519 Y110.244 E.17102
G1 X89.525 Y110.799 E.01652
G1 X89.57 Y111.583 E.0234
G1 X89.698 Y112.777 E.03577
G1 X89.82 Y113.554 E.02341
G1 X90.133 Y115.003 E.04416
G1 X104.99 Y129.86 E.62586
G1 X104.502 Y129.739 E.01498
G1 X103.428 Y129.402 E.03351
G1 X104.142 Y125.933 F24000
G1 F8791
G1 X104.665 Y126.119 E.01652
G1 X105.695 Y126.42 E.03198
G1 X109.76 Y130.485 E.17125
G1 X110.799 Y130.475 E.03094
G1 X111.583 Y130.43 E.0234
G1 X112.777 Y130.302 E.03577
G1 X113.592 Y130.172 E.02458
G1 X110.392 Y126.972 E.13481
G1 X111.041 Y126.947 E.01934
G1 X111.8 Y126.883 E.0227
G1 X112.557 Y126.785 E.02272
G1 X113.598 Y126.593 E.03153
G1 X114.049 Y126.484 E.01381
G1 X116.863 Y129.298 E.11856
G1 X117.385 Y129.114 E.01647
G1 X118.113 Y128.817 E.02342
G1 X119.127 Y128.345 E.03332
G1 X119.736 Y128.026 E.02048
G1 X117.121 Y125.411 E.11018
G1 X118.205 Y124.864 E.03616
G1 X118.91 Y124.453 E.02433
G1 X119.75 Y123.895 E.03003
G1 X122.263 Y126.408 E.10586
G1 X123.169 Y125.699 E.03426
G1 X124.062 Y124.904 E.0356
G1 X124.483 Y124.483 E.01775
G1 X122.003 Y122.003 E.10445
G1 X122.689 Y121.281 E.02967
G1 X123.183 Y120.7 E.0227
G1 X123.65 Y120.097 E.02273
G1 X123.892 Y119.747 E.01268
G1 X126.407 Y122.262 E.10597
G1 X126.901 Y121.586 E.02494
G1 X127.333 Y120.93 E.0234
G1 X128.027 Y119.737 E.04111
G1 X125.412 Y117.122 E.11015
G1 X125.697 Y116.473 E.0211
G1 X125.971 Y115.763 E.02267
G1 X126.213 Y115.041 E.0227
G1 X126.486 Y114.051 E.03059
G1 X129.299 Y116.864 E.1185
G1 X129.488 Y116.33 E.01688
G1 X129.739 Y115.498 E.02587
G1 X130.027 Y114.334 E.03574
G1 X130.173 Y113.593 E.02249
G1 X126.971 Y110.391 E.13488
G1 X126.978 Y109.811 E.01727
G1 X126.952 Y109.05 E.0227
G1 X126.893 Y108.297 E.02248
G1 X126.8 Y107.542 E.02267
G1 X126.673 Y106.791 E.02267
G1 X126.512 Y106.045 E.02276
G1 X126.414 Y105.689 E.01099
G1 X130.481 Y109.756 E.17131
G1 X130.475 Y109.201 E.01652
G1 X130.429 Y108.412 E.02354
G1 X130.353 Y107.625 E.02356
G1 X130.192 Y106.518 E.03332
G1 X130.027 Y105.665 E.02589
G1 X129.862 Y104.991 E.02065
G1 X115.001 Y90.131 E.62602
G1 X116.261 Y90.489 E.03902
G1 X116.562 Y90.592 E.00948
; stop printing object Генератор.stl id:0 copy 0
;LAYER_CHANGE
;Z:2
;HEIGHT:0.2
;BEFORE_LAYER_CHANGE
;2
G92 E0

G1 E-1 F2400
;WIPE_START
G1 F12000
G1 X116.261 Y90.489
G1 X115.001 Y90.131
G1 X115.264 Y90.393
;WIPE_END
M486 S-1
;_SET_FAN_SPEED_CHANGING_LAYER
; printing object Генератор.stl id:0 copy 0
M486 S0
G1 Z2.2 F24000
G1 X130.709 Y108.17 Z2.2
G1 Z2
G1 E1 F2700
;TYPE:Inner wall
;WIDTH:0.449999
G1 F8792
G1 X130.737 Y108.441 E.00812
G1 X130.781 Y109.241 E.02384
G1 X130.792 Y110.403 E.03463
G1 X130.734 Y111.615 E.03612
G1 X130.656 Y112.411 E.02385
G1 X130.48 Y113.614 E.03621
G1 X130.325 Y114.403 E.02393
G1 X130.14 Y115.185 E.02393
G1 X129.802 Y116.353 E.03621
G1 X129.543 Y117.11 E.02384
G1 X129.094 Y118.24 E.03622
G1 X128.763 Y118.969 E.02384
G1 X128.207 Y120.05 E.03622
G1 X127.807 Y120.743 E.02384
G1 X127.15 Y121.763 E.03613
G1 X126.435 Y122.742 E.03612
G1 X125.933 Y123.365 E.02384
G1 X125.125 Y124.273 E.03621
G1 X124.564 Y124.845 E.02385
G1 X123.672 Y125.671 E.03621
G1 X123.058 Y126.185 E.02385
G1 X122.09 Y126.921 E.03621
G1 X121.43 Y127.373 E.02385
G1 X120.396 Y128.011 E.03618
G1 X119.61 Y128.442 E.0267
G1 X118.606 Y128.932 E.03329
G1 X117.49 Y129.4 E.03604
G1 X116.348 Y129.804 E.03609
G1 X115.488 Y130.058 E.0267
G1 X114.4 Y130.325 E.03337
G1 X113.611 Y130.48 E.02395
G1 X112.817 Y130.605 E.02394
G1 X111.609 Y130.734 E.03621
G1 X110.809 Y130.781 E.02384
G1 X109.597 Y130.792 E.03612
G1 X108.385 Y130.734 E.03612
G1 X107.589 Y130.656 E.02385
G1 X106.386 Y130.48 E.03621
G1 X105.597 Y130.325 E.02393
G1 X104.815 Y130.14 E.02393
G1 X103.648 Y129.802 E.03621
G1 X102.89 Y129.543 E.02384
G1 X101.76 Y129.094 E.03622
G1 X101.031 Y128.763 E.02384
G1 X99.95 Y128.207 E.03622
G1 X99.257 Y127.807 E.02384
G1 X98.237 Y127.15 E.03613
G1 X97.258 Y126.435 E.03612
G1 X96.635 Y125.933 E.02384
G1 X95.727 Y125.125 E.03621
G1 X95.155 Y124.564 E.02385
G1 X94.329 Y123.672 E.03621
G1 X93.815 Y123.058 E.02385
G1 X93.079 Y122.09 E.03621
G1 X92.627 Y121.43 E.02385
G1 X91.989 Y120.396 E.03618
G1 X91.558 Y119.61 E.0267
G1 X91.068 Y118.606 E.03329
G1 X90.6 Y117.49 E.03604
G1 X90.196 Y116.348 E.03609
G1 X89.942 Y115.488 E.0267
G1 X89.675 Y114.4 E.03337
G1 X89.52 Y113.611 E.02395
G1 X89.395 Y112.817 E.02394
G1 X89.266 Y111.609 E.03621
G1 X89.219 Y110.809 E.02384
G1 X89.208 Y109.597 E.03612
G1 X89.266 Y108.388 E.03604
G1 X89.395 Y107.184 E.03609
G1 X89.537 Y106.298 E.0267
G1 X89.764 Y105.205 E.03328
G1 X90.078 Y104.033 E.03614
G1 X90.323 Y103.27 E.02384
G1 X90.75 Y102.132 E.03621
G1 X91.067 Y101.397 E.02385
G1 X91.602 Y100.305 E.03621
G1 X91.988 Y99.604 E.02385
G1 X92.627 Y98.57 E.03621
G1 X93.079 Y97.91 E.02385
G1 X93.815 Y96.941 E.03621
G1 X94.331 Y96.326 E.02393
G1 X94.871 Y95.731 E.02393
G1 X95.729 Y94.873 E.03613
G1 X96.634 Y94.068 E.03609
G1 X97.333 Y93.507 E.0267
G1 X98.24 Y92.848 E.03337
G1 X98.909 Y92.408 E.02387
G1 X99.956 Y91.79 E.03621
G1 X100.664 Y91.417 E.02385
G1 X101.766 Y90.903 E.03621
G1 X102.507 Y90.6 E.02385
G1 X103.653 Y90.196 E.03621
G1 X104.423 Y89.965 E.02394
G1 X105.201 Y89.765 E.02393
G1 X106.392 Y89.519 E.03621
G1 X107.183 Y89.395 E.02385
G1 X108.391 Y89.266 E.03621
G1 X109.191 Y89.219 E.02384
G1 X110.402 Y89.208 E.0361
G1 X111.706 Y89.275 E.03889
G1 X112.816 Y89.395 E.03325
G1 X113.702 Y89.537 E.02671
G1 X114.796 Y89.764 E.03328
G1 X115.967 Y90.078 E.03614
G1 X116.73 Y90.323 E.02384
G1 X117.868 Y90.75 E.03621
G1 X118.603 Y91.067 E.02385
G1 X119.695 Y91.602 E.03621
G1 X120.396 Y91.988 E.02385
G1 X121.43 Y92.627 E.03621
G1 X122.09 Y93.079 E.02385
G1 X123.059 Y93.815 E.03621
G1 X123.674 Y94.331 E.02393
G1 X124.269 Y94.871 E.02393
G1 X125.127 Y95.729 E.03613
G1 X125.932 Y96.634 E.03609
G1 X126.493 Y97.333 E.0267
G1 X127.152 Y98.24 E.03337
G1 X127.592 Y98.909 E.02387
G1 X128.21 Y99.956 E.03621
G1 X128.583 Y100.664 E.02385
G1 X129.097 Y101.766 E.03621
G1 X129.4 Y102.507 E.02385
G1 X129.804 Y103.653 E.03621
G1 X130.035 Y104.423 E.02394
G1 X130.235 Y105.201 E.02393
G1 X130.515 Y106.613 E.04288
G1 X130.646 Y107.571 E.02881
G1 X130.704 Y108.131 E.01675
G1 X131.113 Y108.129 F24000
M204 P4000
;TYPE:Outer wall
;WIDTH:0.419999
G1 F8792
G1 X131.167 Y108.721 E.01641
G1 X131.195 Y109.237 E.01425
G1 X131.206 Y110.411 E.03241
M73 P36 R4
G1 X131.146 Y111.645 E.03407
G1 X131.067 Y112.462 E.02265
G1 X130.888 Y113.684 E.03409
G1 X130.729 Y114.49 E.02267
G1 X130.54 Y115.29 E.02267
G1 X130.197 Y116.477 E.0341
G1 X129.931 Y117.253 E.02264
G1 X129.475 Y118.402 E.0341
G1 X129.135 Y119.149 E.02264
G1 X128.57 Y120.248 E.0341
G1 X128.16 Y120.958 E.02264
G1 X127.491 Y121.997 E.03407
G1 X126.764 Y122.994 E.03407
G1 X126.248 Y123.633 E.02264
G1 X125.427 Y124.556 E.0341
G1 X124.852 Y125.142 E.02264
G1 X123.945 Y125.981 E.03409
G1 X123.317 Y126.509 E.02264
G1 X122.333 Y127.256 E.03409
G1 X121.656 Y127.72 E.02264
G1 X120.604 Y128.369 E.03409
G1 X119.8 Y128.809 E.02529
G1 X118.777 Y129.309 E.03143
G1 X117.639 Y129.786 E.03404
G1 X116.475 Y130.197 E.03406
G1 X115.596 Y130.458 E.02529
G1 X114.489 Y130.729 E.03145
G1 X113.683 Y130.888 E.02267
G1 X112.871 Y131.015 E.02267
G1 X111.643 Y131.146 E.0341
G1 X110.823 Y131.194 E.02264
G1 X109.589 Y131.206 E.03407
G1 X108.355 Y131.146 E.03407
G1 X107.539 Y131.067 E.02265
G1 X106.316 Y130.888 E.03409
G1 X105.51 Y130.729 E.02267
G1 X104.71 Y130.54 E.02267
G1 X103.523 Y130.197 E.0341
G1 X102.747 Y129.931 E.02264
G1 X101.598 Y129.475 E.0341
G1 X100.851 Y129.135 E.02264
G1 X99.752 Y128.57 E.0341
G1 X99.042 Y128.16 E.02264
G1 X98.003 Y127.491 E.03407
G1 X97.006 Y126.764 E.03407
G1 X96.367 Y126.248 E.02264
G1 X95.444 Y125.427 E.0341
G1 X94.858 Y124.852 E.02264
G1 X94.019 Y123.945 E.03409
G1 X93.491 Y123.317 E.02264
G1 X92.744 Y122.333 E.03409
G1 X92.28 Y121.656 E.02264
G1 X91.631 Y120.604 E.03409
G1 X91.191 Y119.8 E.02529
G1 X90.691 Y118.777 E.03143
G1 X90.214 Y117.639 E.03404
G1 X89.803 Y116.475 E.03406
G1 X89.542 Y115.596 E.02529
G1 X89.271 Y114.489 E.03145
G1 X89.112 Y113.683 E.02267
G1 X88.985 Y112.871 E.02267
G1 X88.854 Y111.643 E.0341
G1 X88.806 Y110.823 E.02264
G1 X88.794 Y109.589 E.03407
G1 X88.854 Y108.356 E.03405
G1 X88.985 Y107.129 E.03406
G1 X89.13 Y106.224 E.02529
G1 X89.362 Y105.109 E.03142
G1 X89.681 Y103.916 E.03407
G1 X89.932 Y103.135 E.02264
G1 X90.366 Y101.978 E.0341
G1 X90.691 Y101.224 E.02265
G1 X91.235 Y100.114 E.03409
G1 X91.631 Y99.396 E.02265
G1 X92.28 Y98.344 E.03409
G1 X92.744 Y97.667 E.02264
G1 X93.492 Y96.683 E.0341
G1 X94.02 Y96.054 E.02267
G1 X94.572 Y95.446 E.02267
G1 X95.445 Y94.572 E.03408
G1 X96.367 Y93.752 E.03406
G1 X97.082 Y93.178 E.02529
G1 X98.004 Y92.508 E.03145
G1 X98.69 Y92.057 E.02265
G1 X99.754 Y91.429 E.03409
G1 X100.48 Y91.047 E.02264
G1 X101.6 Y90.524 E.0341
G1 X102.36 Y90.214 E.02265
G1 X103.525 Y89.803 E.03409
G1 X104.312 Y89.567 E.02267
G1 X105.108 Y89.362 E.02267
G1 X106.318 Y89.112 E.0341
G1 X107.129 Y88.985 E.02264
G1 X108.357 Y88.854 E.0341
G1 X109.177 Y88.806 E.02264
G1 X110.411 Y88.794 E.03406
G1 X111.739 Y88.862 E.03669
G1 X112.871 Y88.985 E.03141
G1 X113.776 Y89.13 E.0253
G1 X114.891 Y89.362 E.03142
G1 X116.084 Y89.681 E.03407
G1 X116.865 Y89.932 E.02264
G1 X118.022 Y90.366 E.0341
G1 X118.776 Y90.691 E.02265
G1 X119.886 Y91.235 E.03409
G1 X120.604 Y91.631 E.02265
G1 X121.656 Y92.28 E.03409
G1 X122.333 Y92.744 E.02264
G1 X123.317 Y93.492 E.0341
G1 X123.946 Y94.02 E.02267
G1 X124.554 Y94.572 E.02267
G1 X125.428 Y95.445 E.03408
G1 X126.248 Y96.367 E.03406
G1 X126.822 Y97.082 E.02529
G1 X127.492 Y98.004 E.03145
G1 X127.943 Y98.69 E.02265
G1 X128.571 Y99.754 E.03409
G1 X128.953 Y100.48 E.02264
G1 X129.476 Y101.6 E.0341
G1 X129.786 Y102.36 E.02265
G1 X130.197 Y103.525 E.03409
G1 X130.433 Y104.312 E.02267
G1 X130.638 Y105.108 E.02267
G1 X130.924 Y106.549 E.04055
G1 X131.057 Y107.527 E.02724
G1 X131.109 Y108.089 E.01556
G1 E-1 F2400
;WIPE_START
G1 F12000
G1 X131.167 Y108.721
G1 X131.195 Y109.237
G1 X131.203 Y110.085
;WIPE_END
G1 Z2.2 F24000
G1 X96.039 Y100.898 Z2.2
G1 Z2
G1 E1 F2700
M204 P5000
;TYPE:Inner wall
;WIDTH:0.449999
G1 F8792
G1 X96.462 Y100.269 E.02259
G1 X96.931 Y99.646 E.02323
G1 X97.407 Y99.072 E.02221
G1 X97.89 Y98.54 E.02138
G1 X98.434 Y97.991 E.02303
G1 X98.982 Y97.485 E.02222
G1 X99.84 Y96.78 E.0331
G1 X100.447 Y96.335 E.02241
G1 X101.081 Y95.912 E.02269
G1 X102.005 Y95.369 E.03192
G1 X102.525 Y95.1 E.01744
G1 X103.371 Y94.701 E.02788
G1 X104.016 Y94.438 E.02074
G1 X104.961 Y94.111 E.0298
G1 X106.136 Y93.784 E.03632
G1 X107.138 Y93.577 E.03049
G1 X107.739 Y93.484 E.01812
G1 X108.757 Y93.373 E.03049
G1 X109.358 Y93.343 E.01793
G1 X110.345 Y93.337 E.02939
G1 X111.384 Y93.384 E.03098
G1 X112.125 Y93.463 E.02221
G1 X112.862 Y93.574 E.02221
G1 X113.668 Y93.736 E.02448
G1 X114.671 Y93.994 E.03086
G1 X115.388 Y94.221 E.02238
G1 X116.088 Y94.478 E.02221
G1 X116.775 Y94.765 E.02221
G1 X117.45 Y95.084 E.02222
G1 X118.371 Y95.583 E.0312
G1 X119.068 Y96.008 E.0243
G1 X119.684 Y96.427 E.02221
G1 X120.281 Y96.874 E.02221
G1 X120.858 Y97.346 E.02222
G1 X121.447 Y97.887 E.02381
G1 X122.148 Y98.582 E.02942
G1 X122.698 Y99.194 E.0245
G1 X123.235 Y99.869 E.02572
G1 X123.771 Y100.603 E.02705
G1 X124.104 Y101.114 E.01819
G1 X124.601 Y101.95 E.02895
G1 X124.907 Y102.534 E.01965
G1 X125.262 Y103.286 E.02476
G1 X125.547 Y103.975 E.02221
G1 X125.801 Y104.676 E.02222
G1 X126.068 Y105.568 E.02774
G1 X126.218 Y106.147 E.01782
G1 X126.427 Y107.149 E.03049
G1 X126.518 Y107.751 E.01812
G1 X126.619 Y108.746 E.0298
G1 X126.656 Y109.33 E.01743
G1 X126.667 Y110.34 E.0301
G1 X126.623 Y111.291 E.02834
G1 X126.556 Y111.948 E.01969
G1 X126.407 Y112.94 E.02988
G1 X126.291 Y113.531 E.01792
G1 X126.008 Y114.661 E.03469
G1 X125.688 Y115.646 E.03086
G1 X125.418 Y116.347 E.02238
G1 X125.119 Y117.03 E.02221
G1 X124.79 Y117.699 E.02221
G1 X124.431 Y118.352 E.02221
G1 X124.043 Y118.989 E.02221
G1 X123.412 Y119.905 E.0331
G1 X122.952 Y120.5 E.02241
G1 X122.47 Y121.068 E.02221
G1 X122.106 Y121.46 E.01592
G1 X121.68 Y121.894 E.01812
G1 X120.933 Y122.584 E.03029
G1 X120.01 Y123.334 E.03541
G1 X119.4 Y123.771 E.02238
G1 X118.774 Y124.178 E.02221
G1 X118.314 Y124.449 E.01592
G1 X117.698 Y124.786 E.02092
G1 X116.878 Y125.185 E.02716
G1 X115.973 Y125.561 E.02917
G1 X115.058 Y125.888 E.02895
G1 X114.37 Y126.09 E.02137
G1 X113.619 Y126.276 E.02304
G1 X112.888 Y126.421 E.02221
G1 X112.244 Y126.518 E.01938
G1 X111.246 Y126.622 E.02989
G1 X110.659 Y126.657 E.01753
G1 X109.648 Y126.668 E.0301
G1 X108.662 Y126.614 E.02941
G1 X108.08 Y126.559 E.01743
G1 X107.067 Y126.411 E.03048
G1 X105.853 Y126.146 E.037
G1 X104.87 Y125.863 E.03049
G1 X104.295 Y125.664 E.01812
G1 X103.395 Y125.309 E.02881
G1 X102.797 Y125.033 E.01961
G1 X101.907 Y124.572 E.02989
G1 X101.397 Y124.278 E.01753
G1 X100.546 Y123.732 E.0301
G1 X99.866 Y123.24 E.025
G1 X99.281 Y122.761 E.02254
G1 X98.531 Y122.099 E.0298
G1 X98.098 Y121.672 E.01812
G1 X97.423 Y120.934 E.02979
G1 X96.719 Y120.08 E.03296
G1 X96.424 Y119.674 E.01496
G1 X96.08 Y119.172 E.01812
G1 X95.544 Y118.305 E.03037
G1 X95.208 Y117.688 E.02092
G1 X94.814 Y116.884 E.02666
G1 X94.522 Y116.198 E.02221
G1 X94.257 Y115.492 E.02248
G1 X93.929 Y114.439 E.03284
G1 X93.745 Y113.71 E.02241
G1 X93.595 Y112.979 E.02221
G1 X93.478 Y112.243 E.02221
G1 X93.388 Y111.426 E.02448
G1 X93.344 Y110.627 E.02382
G1 X93.33 Y109.64 E.02941
G1 X93.363 Y108.895 E.02221
G1 X93.439 Y108.077 E.02448
G1 X93.589 Y107.052 E.03086
G1 X93.739 Y106.315 E.02238
G1 X93.92 Y105.592 E.02221
G1 X94.133 Y104.878 E.02221
G1 X94.405 Y104.102 E.02448
G1 X94.801 Y103.145 E.03086
G1 X95.125 Y102.467 E.02238
G1 X95.477 Y101.809 E.02221
G1 X95.858 Y101.168 E.02222
G1 X96.017 Y100.932 E.00849
G1 X96.382 Y101.129 F24000
M204 P4000
;TYPE:Outer wall
;WIDTH:0.419999
G1 F8792
G1 X96.805 Y100.5 E.02092
G1 X97.261 Y99.895 E.02088
G1 X97.725 Y99.336 E.02006
G1 X98.196 Y98.818 E.0193
G1 X98.727 Y98.282 E.02082
G1 X99.262 Y97.79 E.02007
G1 X100.103 Y97.099 E.03002
G1 X100.691 Y96.668 E.02012
G1 X101.301 Y96.263 E.0202
G1 X102.215 Y95.726 E.02925
G1 X102.714 Y95.467 E.01551
G1 X103.544 Y95.077 E.02531
G1 X104.172 Y94.822 E.0187
G1 X105.095 Y94.502 E.02696
G1 X106.23 Y94.187 E.03249
G1 X107.214 Y93.983 E.02773
G1 X107.797 Y93.894 E.01627
G1 X108.796 Y93.785 E.02773
G1 X109.377 Y93.757 E.01606
G1 X110.342 Y93.75 E.0266
G1 X111.358 Y93.797 E.02808
G1 X112.081 Y93.874 E.02006
G1 X112.8 Y93.983 E.02006
G1 X113.586 Y94.141 E.02213
G1 X114.568 Y94.395 E.02797
G1 X115.262 Y94.615 E.02011
G1 X115.945 Y94.866 E.02006
G1 X116.616 Y95.147 E.02006
G1 X117.273 Y95.457 E.02007
G1 X118.174 Y95.946 E.02827
G1 X118.85 Y96.36 E.02187
G1 X119.451 Y96.769 E.02006
G1 X120.033 Y97.205 E.02006
G1 X120.595 Y97.666 E.02007
G1 X121.167 Y98.191 E.02141
G1 X121.852 Y98.87 E.02661
G1 X122.389 Y99.469 E.02218
G1 X122.911 Y100.127 E.02318
G1 X123.433 Y100.841 E.02442
G1 X123.756 Y101.337 E.01634
G1 X124.243 Y102.157 E.02631
G1 X124.54 Y102.726 E.01769
G1 X124.887 Y103.461 E.02243
G1 X125.164 Y104.133 E.02006
G1 X125.412 Y104.817 E.02007
G1 X125.672 Y105.687 E.02505
G1 X125.816 Y106.243 E.01586
G1 X126.021 Y107.227 E.02773
G1 X126.109 Y107.811 E.01628
G1 X126.207 Y108.783 E.02696
G1 X126.243 Y109.344 E.0155
G1 X126.253 Y110.336 E.02737
G1 X126.21 Y111.268 E.02574
G1 X126.144 Y111.905 E.01769
G1 X125.999 Y112.875 E.02706
G1 X125.887 Y113.444 E.01598
G1 X125.608 Y114.554 E.03159
G1 X125.295 Y115.518 E.02797
G1 X125.032 Y116.198 E.02011
G1 X124.74 Y116.864 E.02006
G1 X124.419 Y117.516 E.02006
G1 X124.068 Y118.153 E.02006
G1 X123.69 Y118.774 E.02007
G1 X123.072 Y119.67 E.03003
G1 X122.625 Y120.246 E.02012
G1 X122.155 Y120.8 E.02006
G1 X121.803 Y121.179 E.01424
G1 X121.39 Y121.599 E.01628
G1 X120.657 Y122.276 E.02751
G1 X119.752 Y123.011 E.03218
G1 X119.159 Y123.435 E.02011
G1 X118.549 Y123.831 E.02006
G1 X118.105 Y124.092 E.01423
G1 X117.505 Y124.42 E.01887
G1 X116.702 Y124.81 E.02461
G1 X115.818 Y125.177 E.0264
G1 X114.924 Y125.496 E.02619
G1 X114.254 Y125.693 E.01929
G1 X113.52 Y125.874 E.02083
G1 X112.807 Y126.016 E.02006
G1 X112.183 Y126.109 E.01741
G1 X111.208 Y126.21 E.02707
G1 X110.642 Y126.243 E.01562
G1 X109.651 Y126.254 E.02737
G1 X108.688 Y126.201 E.02661
G1 X108.128 Y126.148 E.01551
G1 X107.134 Y126.003 E.02772
G1 X105.956 Y125.745 E.03326
G1 X104.991 Y125.467 E.02773
G1 X104.433 Y125.274 E.01627
G1 X103.551 Y124.926 E.02617
G1 X102.971 Y124.658 E.01762
G1 X102.1 Y124.206 E.02707
G1 X101.61 Y123.924 E.01562
G1 X100.775 Y123.388 E.02737
G1 X100.11 Y122.907 E.02265
G1 X99.543 Y122.441 E.02024
G1 X98.811 Y121.795 E.02696
G1 X98.391 Y121.38 E.01628
G1 X97.732 Y120.659 E.02696
G1 X97.043 Y119.823 E.02989
G1 X96.616 Y119.234 E.02006
G1 X96.217 Y118.627 E.02006
G1 X95.9 Y118.093 E.01712
G1 X95.572 Y117.493 E.01887
G1 X95.187 Y116.705 E.02419
G1 X94.902 Y116.036 E.02006
G1 X94.646 Y115.353 E.02014
G1 X94.323 Y114.316 E.02995
G1 X94.146 Y113.609 E.02012
G1 X94 Y112.897 E.02006
G1 X93.887 Y112.179 E.02006
G1 X93.799 Y111.381 E.02213
G1 X93.757 Y110.605 E.02145
G1 X93.744 Y109.64 E.02662
G1 X93.776 Y108.914 E.02006
G1 X93.85 Y108.115 E.02213
G1 X93.999 Y107.112 E.02797
G1 X94.144 Y106.398 E.02011
G1 X94.321 Y105.693 E.02006
G1 X94.529 Y104.996 E.02006
G1 X94.795 Y104.239 E.02213
G1 X95.183 Y103.303 E.02797
G1 X95.498 Y102.646 E.02011
G1 X95.841 Y102.005 E.02006
G1 X96.213 Y101.38 E.02007
G1 X96.36 Y101.162 E.00724
G1 E-1 F2400
;WIPE_START
G1 F12000
G1 X96.805 Y100.5
G1 X97.261 Y99.895
G1 X97.545 Y99.553
;WIPE_END
G1 Z2.2 F24000
G1 X115.865 Y94.071 Z2.2
G1 Z2
G1 E1 F2700
M204 P5000
;TYPE:Sparse infill
;WIDTH:0.45
G1 F8792
G1 X114.757 Y93.701 E.0348
G1 X114.312 Y93.586 E.0137
G1 X110.243 Y89.517 E.17141
G1 X109.201 Y89.525 E.03103
G1 X108.417 Y89.57 E.0234
G1 X107.223 Y89.698 E.03577
G1 X106.408 Y89.828 E.02458
G1 X109.607 Y93.027 E.13476
G1 X108.779 Y93.065 E.02468
G1 X108.02 Y93.137 E.02271
G1 X107.265 Y93.243 E.0227
G1 X106.516 Y93.382 E.0227
G1 X105.95 Y93.515 E.01732
G1 X103.137 Y90.702 E.11848
G1 X102.616 Y90.886 E.01647
G1 X101.888 Y91.183 E.02341
G1 X100.8 Y91.691 E.03577
G1 X100.263 Y91.973 E.01806
G1 X102.88 Y94.59 E.11025
G1 X101.873 Y95.093 E.03352
G1 X100.923 Y95.651 E.03284
G1 X100.247 Y96.102 E.0242
G1 X97.737 Y93.592 E.10577
G1 X96.831 Y94.301 E.03427
G1 X95.939 Y95.095 E.03559
G1 X95.517 Y95.517 E.01776
G1 X97.997 Y97.997 E.10447
G1 X97.193 Y98.853 E.035
G1 X96.69 Y99.459 E.02345
G1 X96.106 Y100.251 E.02931
G1 X93.593 Y97.738 E.10586
G1 X93.327 Y98.088 E.0131
G1 X92.883 Y98.736 E.0234
G1 X92.252 Y99.758 E.03577
G1 X91.973 Y100.263 E.01719
G1 X94.589 Y102.879 E.1102
G1 X94.124 Y103.983 E.03569
G1 X93.846 Y104.773 E.02494
G1 X93.627 Y105.504 E.02271
G1 X93.515 Y105.951 E.01372
G1 X90.7 Y103.135 E.11862
G1 X90.611 Y103.371 E.00751
G1 X90.371 Y104.119 E.0234
G1 X90.061 Y105.275 E.03566
G1 X89.828 Y106.408 E.03446
G1 X93.026 Y109.606 E.13471
G1 X93.025 Y110.37 E.02277
G1 X93.081 Y111.414 E.03112
G1 X93.171 Y112.251 E.02508
G1 X93.294 Y113.033 E.02357
G1 X93.447 Y113.778 E.02267
G1 X93.58 Y114.305 E.01618
G1 X89.519 Y110.244 E.17104
G1 X89.525 Y110.799 E.01652
G1 X89.57 Y111.583 E.0234
G1 X89.698 Y112.777 E.03577
G1 X89.82 Y113.558 E.02354
G1 X89.973 Y114.334 E.02356
G1 X90.138 Y115.008 E.02067
M73 P37 R4
G1 X104.999 Y129.869 E.62603
G1 X105.662 Y130.027 E.02028
G1 X106.437 Y130.179 E.02354
G1 X107.625 Y130.353 E.03577
G1 X108.408 Y130.429 E.02341
G1 X109.76 Y130.485 E.04033
G1 X105.695 Y126.42 E.17127
G1 X106.14 Y126.534 E.0137
G1 X106.903 Y126.694 E.02322
G1 X107.63 Y126.813 E.02196
G1 X108.388 Y126.902 E.02273
G1 X109.509 Y126.972 E.03344
G1 X110.392 Y126.972 E.02632
G1 X113.593 Y130.173 E.13483
G1 X114.334 Y130.027 E.02251
G1 X115.408 Y129.764 E.03294
G1 X116.253 Y129.513 E.02625
G1 X116.863 Y129.298 E.01926
G1 X114.049 Y126.484 E.11853
G1 X115.151 Y126.179 E.03405
G1 X115.848 Y125.94 E.02195
G1 X116.827 Y125.545 E.03144
G1 X117.119 Y125.409 E.0096
G1 X119.735 Y128.025 E.11023
G1 X120.243 Y127.747 E.01724
G1 X121.264 Y127.117 E.03573
G1 X121.912 Y126.673 E.02341
G1 X122.262 Y126.407 E.0131
G1 X119.751 Y123.896 E.10579
G1 X120.183 Y123.586 E.01585
G1 X121.002 Y122.931 E.03122
G1 X121.626 Y122.374 E.02494
G1 X122.003 Y122.003 E.01574
G1 X124.487 Y124.487 E.10464
G1 X124.901 Y124.065 E.01762
G1 X125.7 Y123.168 E.03577
G1 X126.193 Y122.556 E.0234
G1 X126.407 Y122.262 E.01083
G1 X123.892 Y119.747 E.10597
G1 X124.292 Y119.167 E.02098
G1 X124.689 Y118.516 E.02273
G1 X125.056 Y117.848 E.02271
G1 X125.412 Y117.122 E.02407
G1 X128.025 Y119.735 E.11009
G1 X128.488 Y118.835 E.03014
G1 X128.813 Y118.12 E.0234
G1 X129.257 Y117.004 E.03577
G1 X129.303 Y116.868 E.00428
G1 X126.486 Y114.051 E.11867
G1 X126.673 Y113.21 E.02566
G1 X126.838 Y112.175 E.03122
G1 X126.926 Y111.342 E.02494
G1 X126.971 Y110.391 E.02837
G1 X130.173 Y113.593 E.13488
G1 X130.353 Y112.375 E.03668
G1 X130.429 Y111.592 E.02341
G1 X130.487 Y110.397 E.03564
G1 X130.481 Y109.756 E.01912
G1 X126.425 Y105.7 E.17085
G1 X126.103 Y104.617 E.03365
G1 X125.934 Y104.148 E.01485
G1 X129.404 Y103.437 F24000
G1 F8792
G1 X129.74 Y104.505 E.03336
G1 X129.867 Y104.997 E.01514
G1 X115.007 Y90.137 E.62598
G1 X115.881 Y90.371 E.02695
G1 X116.57 Y90.592 E.02155
; stop printing object Генератор.stl id:0 copy 0
;LAYER_CHANGE
;Z:2.2
;HEIGHT:0.2
;BEFORE_LAYER_CHANGE
;2.2
G92 E0

G1 E-1 F2400
;WIPE_START
G1 F12000
G1 X115.881 Y90.371
G1 X115.007 Y90.137
G1 X115.27 Y90.4
;WIPE_END
M486 S-1
;_SET_FAN_SPEED_CHANGING_LAYER
; printing object Генератор.stl id:0 copy 0
M486 S0
G1 Z2.4 F24000
G1 X130.718 Y108.231 Z2.4
G1 Z2.2
G1 E1 F2700
;TYPE:Inner wall
;WIDTH:0.449999
G1 F8792
G1 X130.736 Y108.428 E.00591
G1 X130.781 Y109.241 E.02423
G1 X130.792 Y110.403 E.03463
G1 X130.734 Y111.615 E.03612
G1 X130.656 Y112.412 E.02385
G1 X130.48 Y113.614 E.03621
G1 X130.326 Y114.4 E.02384
G1 X130.034 Y115.579 E.03618
G1 X129.77 Y116.449 E.02708
G1 X129.4 Y117.493 E.03299
G1 X129.097 Y118.234 E.02387
G1 X128.583 Y119.336 E.03621
G1 X128.21 Y120.044 E.02385
G1 X127.593 Y121.089 E.03612
G1 X126.919 Y122.093 E.03604
G1 X126.185 Y123.059 E.03612
G1 X125.669 Y123.674 E.02393
G1 X125.129 Y124.269 E.02393
G1 X124.271 Y125.127 E.03612
G1 X123.365 Y125.933 E.03612
G1 X122.742 Y126.435 E.02384
G1 X121.76 Y127.152 E.03622
G1 X121.089 Y127.593 E.02393
G1 X120.401 Y128.009 E.02393
G1 X119.331 Y128.586 E.03621
G1 X118.608 Y128.931 E.02385
G1 X117.49 Y129.4 E.03612
G1 X116.347 Y129.804 E.03612
G1 X115.58 Y130.034 E.02385
G1 X114.401 Y130.325 E.03618
G1 X113.508 Y130.497 E.02708
G1 X112.412 Y130.656 E.03299
G1 X111.612 Y130.734 E.02395
G1 X110.809 Y130.781 E.02393
G1 X109.597 Y130.792 E.03612
G1 X108.385 Y130.734 E.03612
G1 X107.588 Y130.656 E.02385
G1 X106.386 Y130.48 E.03621
G1 X105.6 Y130.326 E.02384
G1 X104.421 Y130.034 E.03618
G1 X103.551 Y129.77 E.02708
G1 X102.507 Y129.4 E.03299
G1 X101.766 Y129.097 E.02387
G1 X100.664 Y128.583 E.03621
G1 X99.956 Y128.21 E.02385
G1 X98.911 Y127.593 E.03612
G1 X97.907 Y126.919 E.03604
G1 X96.941 Y126.185 E.03612
G1 X96.326 Y125.669 E.02393
G1 X95.731 Y125.129 E.02393
G1 X94.873 Y124.271 E.03612
G1 X94.067 Y123.365 E.03612
G1 X93.565 Y122.742 E.02384
G1 X92.848 Y121.76 E.03622
G1 X92.407 Y121.089 E.02393
G1 X91.991 Y120.401 E.02393
G1 X91.414 Y119.331 E.03621
G1 X91.069 Y118.608 E.02385
G1 X90.6 Y117.49 E.03612
G1 X90.196 Y116.347 E.03612
G1 X89.966 Y115.58 E.02385
G1 X89.675 Y114.401 E.03618
G1 X89.503 Y113.508 E.02708
G1 X89.344 Y112.412 E.03299
G1 X89.266 Y111.612 E.02395
G1 X89.219 Y110.809 E.02393
G1 X89.208 Y109.594 E.03621
G1 X89.239 Y108.794 E.02385
G1 X89.345 Y107.583 E.03621
G1 X89.453 Y106.79 E.02384
G1 X89.676 Y105.594 E.03621
G1 X89.86 Y104.815 E.02384
G1 X90.198 Y103.648 E.03621
G1 X90.457 Y102.89 E.02384
G1 X90.905 Y101.763 E.03612
G1 X91.416 Y100.667 E.03603
G1 X91.99 Y99.602 E.03604
G1 X92.627 Y98.57 E.03612
G1 X93.079 Y97.909 E.02385
G1 X93.815 Y96.941 E.03621
G1 X94.329 Y96.328 E.02385
G1 X95.155 Y95.436 E.03621
G1 X95.726 Y94.875 E.02384
G1 X96.635 Y94.067 E.03621
G1 X97.258 Y93.565 E.02384
G1 X98.24 Y92.848 E.03621
G1 X98.909 Y92.408 E.02385
G1 X99.955 Y91.791 E.03617
G1 X100.76 Y91.37 E.02708
G1 X101.765 Y90.904 E.03299
G1 X102.507 Y90.601 E.02386
G1 X103.653 Y90.196 E.03621
G1 X104.42 Y89.966 E.02385
G1 X105.599 Y89.675 E.03618
G1 X106.492 Y89.503 E.02708
G1 X107.588 Y89.344 E.03299
G1 X108.388 Y89.266 E.02395
G1 X109.191 Y89.219 E.02393
G1 X110.406 Y89.208 E.03621
G1 X111.206 Y89.239 E.02385
G1 X112.417 Y89.345 E.03621
G1 X113.21 Y89.453 E.02384
G1 X114.406 Y89.676 E.03621
G1 X115.185 Y89.86 E.02384
G1 X116.352 Y90.198 E.03621
G1 X117.11 Y90.457 E.02384
G1 X118.237 Y90.905 E.03612
G1 X119.333 Y91.416 E.03603
G1 X120.398 Y91.99 E.03604
G1 X121.43 Y92.627 E.03612
G1 X122.091 Y93.079 E.02385
G1 X123.059 Y93.815 E.03621
G1 X123.672 Y94.329 E.02385
G1 X124.564 Y95.155 E.03621
G1 X125.125 Y95.726 E.02384
G1 X125.933 Y96.635 E.03621
G1 X126.435 Y97.258 E.02384
G1 X127.152 Y98.24 E.03621
G1 X127.592 Y98.909 E.02385
G1 X128.209 Y99.955 E.03617
G1 X128.63 Y100.76 E.02708
G1 X129.096 Y101.765 E.03299
G1 X129.399 Y102.507 E.02386
G1 X129.804 Y103.653 E.03621
G1 X130.034 Y104.42 E.02385
G1 X130.325 Y105.599 E.03618
G1 X130.497 Y106.492 E.02708
G1 X130.689 Y107.928 E.04317
G1 X130.714 Y108.191 E.00785
G1 X131.129 Y108.192 F24000
M204 P4000
;TYPE:Outer wall
;WIDTH:0.419999
G1 F8792
G1 X131.149 Y108.404 E.00588
G1 X131.195 Y109.237 E.023
G1 X131.206 Y110.411 E.03241
G1 X131.146 Y111.645 E.03407
G1 X131.067 Y112.462 E.02265
G1 X130.888 Y113.684 E.03409
G1 X130.729 Y114.489 E.02264
G1 X130.433 Y115.689 E.03409
G1 X130.163 Y116.578 E.02565
G1 X129.786 Y117.64 E.03109
G1 X129.476 Y118.4 E.02265
G1 X128.953 Y119.52 E.03409
G1 X128.571 Y120.246 E.02265
G1 X127.943 Y121.309 E.03406
G1 X127.255 Y122.334 E.03405
G1 X126.508 Y123.317 E.03407
G1 X125.98 Y123.946 E.02267
G1 X125.428 Y124.554 E.02267
G1 X124.555 Y125.428 E.03407
G1 X123.633 Y126.248 E.03407
G1 X122.994 Y126.764 E.02264
G1 X121.995 Y127.492 E.0341
G1 X121.309 Y127.943 E.02266
G1 X120.606 Y128.368 E.02267
G1 X119.518 Y128.954 E.0341
G1 X118.778 Y129.308 E.02265
G1 X117.639 Y129.786 E.03406
G1 X116.475 Y130.197 E.03407
G1 X115.689 Y130.433 E.02264
G1 X114.49 Y130.729 E.03409
G1 X113.577 Y130.905 E.02565
G1 X112.462 Y131.067 E.03109
G1 X111.644 Y131.146 E.02268
G1 X110.823 Y131.194 E.02267
G1 X109.589 Y131.206 E.03407
G1 X108.355 Y131.146 E.03407
G1 X107.538 Y131.067 E.02265
G1 X106.316 Y130.888 E.03409
G1 X105.511 Y130.729 E.02264
G1 X104.311 Y130.433 E.03409
G1 X103.422 Y130.163 E.02565
G1 X102.36 Y129.786 E.03109
G1 X101.6 Y129.476 E.02265
G1 X100.48 Y128.953 E.03409
G1 X99.754 Y128.571 E.02265
G1 X98.691 Y127.943 E.03406
G1 X97.666 Y127.255 E.03405
G1 X96.683 Y126.508 E.03407
G1 X96.054 Y125.98 E.02267
G1 X95.446 Y125.428 E.02267
G1 X94.572 Y124.555 E.03407
G1 X93.752 Y123.633 E.03407
G1 X93.236 Y122.994 E.02264
G1 X92.508 Y121.995 E.0341
G1 X92.057 Y121.309 E.02266
G1 X91.632 Y120.606 E.02267
G1 X91.046 Y119.518 E.0341
G1 X90.692 Y118.778 E.02265
G1 X90.214 Y117.639 E.03406
G1 X89.803 Y116.475 E.03407
G1 X89.567 Y115.689 E.02264
G1 X89.271 Y114.49 E.03409
G1 X89.095 Y113.577 E.02565
G1 X88.933 Y112.462 E.03109
G1 X88.854 Y111.644 E.02268
G1 X88.806 Y110.823 E.02267
G1 X88.794 Y109.588 E.0341
G1 X88.826 Y108.768 E.02264
G1 X88.934 Y107.537 E.0341
G1 X89.045 Y106.724 E.02264
G1 X89.271 Y105.509 E.0341
G1 X89.46 Y104.71 E.02264
G1 X89.803 Y103.523 E.0341
G1 X90.069 Y102.747 E.02264
G1 X90.525 Y101.599 E.03407
G1 X91.046 Y100.481 E.03404
G1 X91.632 Y99.395 E.03405
G1 X92.28 Y98.344 E.03406
G1 X92.744 Y97.667 E.02265
G1 X93.492 Y96.683 E.03409
G1 X94.019 Y96.055 E.02265
G1 X94.858 Y95.148 E.03409
G1 X95.444 Y94.573 E.02264
G1 X96.367 Y93.752 E.0341
G1 X97.006 Y93.236 E.02264
G1 X98.004 Y92.508 E.0341
G1 X98.69 Y92.057 E.02265
G1 X99.754 Y91.429 E.03408
G1 X100.578 Y90.999 E.02565
G1 X101.6 Y90.524 E.03109
G1 X102.36 Y90.214 E.02265
G1 X103.525 Y89.803 E.0341
G1 X104.311 Y89.567 E.02264
G1 X105.51 Y89.271 E.03409
G1 X106.423 Y89.095 E.02565
G1 X107.538 Y88.933 E.03109
G1 X108.356 Y88.854 E.02268
G1 X109.177 Y88.806 E.02267
G1 X110.412 Y88.794 E.0341
G1 X111.232 Y88.826 E.02265
G1 X112.463 Y88.934 E.03409
G1 X113.276 Y89.045 E.02264
G1 X114.491 Y89.271 E.0341
G1 X115.29 Y89.46 E.02264
G1 X116.477 Y89.803 E.0341
G1 X117.253 Y90.069 E.02264
G1 X118.401 Y90.525 E.03407
G1 X119.519 Y91.046 E.03404
G1 X120.605 Y91.632 E.03405
G1 X121.656 Y92.28 E.03406
G1 X122.333 Y92.744 E.02265
G1 X123.317 Y93.492 E.03409
G1 X123.945 Y94.019 E.02265
G1 X124.852 Y94.858 E.03409
G1 X125.427 Y95.444 E.02264
G1 X126.248 Y96.367 E.0341
G1 X126.764 Y97.006 E.02264
G1 X127.492 Y98.004 E.0341
G1 X127.943 Y98.69 E.02265
G1 X128.571 Y99.754 E.03408
G1 X129.001 Y100.578 E.02565
G1 X129.476 Y101.6 E.03109
G1 X129.786 Y102.36 E.02265
G1 X130.197 Y103.525 E.0341
G1 X130.433 Y104.311 E.02264
G1 X130.729 Y105.51 E.03409
G1 X130.905 Y106.423 E.02565
G1 X131.101 Y107.888 E.04079
G1 X131.125 Y108.152 E.00731
G1 E-1 F2400
;WIPE_START
G1 F12000
G1 X131.149 Y108.404
G1 X131.195 Y109.237
G1 X131.203 Y110.15
;WIPE_END
G1 Z2.4 F24000
G1 X96.011 Y100.932 Z2.4
G1 Z2.2
G1 E1 F2700
M204 P5000
;TYPE:Inner wall
;WIDTH:0.449999
G1 F8792
G1 X96.059 Y100.854 E.00269
G1 X96.449 Y100.287 E.02051
G1 X96.931 Y99.646 E.02391
G1 X97.407 Y99.072 E.02221
G1 X97.908 Y98.52 E.02221
G1 X98.434 Y97.991 E.02221
G1 X98.982 Y97.485 E.02222
G1 X99.822 Y96.795 E.03239
G1 X100.447 Y96.335 E.02312
M73 P38 R4
G1 X101.136 Y95.879 E.0246
G1 X101.707 Y95.535 E.01985
G1 X102.636 Y95.043 E.03133
G1 X103.371 Y94.701 E.02415
G1 X104.016 Y94.438 E.02073
G1 X104.961 Y94.111 E.0298
G1 X105.522 Y93.943 E.01743
G1 X106.511 Y93.697 E.03035
G1 X107.213 Y93.563 E.0213
G1 X108.034 Y93.443 E.02472
G1 X108.744 Y93.375 E.02123
G1 X109.357 Y93.344 E.01829
G1 X110.361 Y93.337 E.0299
G1 X110.95 Y93.357 E.01755
G1 X111.969 Y93.446 E.03048
G1 X112.572 Y93.53 E.01812
G1 X113.578 Y93.715 E.03049
G1 X114.67 Y93.994 E.03358
G1 X115.388 Y94.221 E.02241
G1 X116.088 Y94.478 E.02221
G1 X116.623 Y94.701 E.01727
G1 X117.463 Y95.09 E.02757
G1 X118.383 Y95.589 E.03117
G1 X119.068 Y96.008 E.02392
G1 X119.684 Y96.427 E.02221
G1 X120.349 Y96.928 E.02481
G1 X120.976 Y97.456 E.02441
G1 X121.681 Y98.103 E.0285
G1 X122.139 Y98.572 E.01953
G1 X122.8 Y99.324 E.0298
G1 X123.168 Y99.778 E.01743
G1 X123.772 Y100.605 E.03049
G1 X124.099 Y101.109 E.01791
G1 X124.605 Y101.97 E.02975
G1 X124.93 Y102.585 E.02072
G1 X125.316 Y103.419 E.02737
G1 X125.546 Y103.985 E.01819
G1 X126.03 Y105.412 E.0449
G1 X126.213 Y106.109 E.02144
G1 X126.371 Y106.837 E.02221
G1 X126.496 Y107.572 E.02221
G1 X126.62 Y108.71 E.03408
G1 X126.656 Y109.33 E.0185
G1 X126.667 Y110.34 E.0301
G1 X126.623 Y111.291 E.02834
G1 X126.555 Y111.947 E.01967
G1 X126.407 Y112.94 E.02989
G1 X126.294 Y113.518 E.01755
G1 X125.916 Y114.969 E.04467
G1 X125.686 Y115.652 E.02144
G1 X125.418 Y116.347 E.02221
G1 X125.119 Y117.03 E.02221
G1 X124.6 Y118.044 E.03393
G1 X124.088 Y118.915 E.03009
G1 X123.54 Y119.72 E.02903
G1 X122.952 Y120.5 E.02907
G1 X122.543 Y120.982 E.01885
G1 X122.124 Y121.441 E.0185
G1 X121.431 Y122.138 E.02927
G1 X120.81 Y122.693 E.02481
G1 X120.196 Y123.185 E.02344
G1 X119.4 Y123.771 E.02946
G1 X118.866 Y124.119 E.01896
G1 X118.338 Y124.433 E.01829
G1 X117.472 Y124.905 E.02939
G1 X116.882 Y125.185 E.01944
G1 X115.97 Y125.562 E.02941
G1 X115.058 Y125.888 E.02884
G1 X114.456 Y126.065 E.01869
G1 X113.533 Y126.294 E.02832
G1 X112.79 Y126.432 E.02252
G1 X111.9 Y126.563 E.0268
G1 X111.279 Y126.621 E.01858
G1 X110.659 Y126.657 E.0185
G1 X109.648 Y126.668 E.0301
G1 X108.662 Y126.614 E.02941
G1 X108.08 Y126.559 E.01743
G1 X107.067 Y126.411 E.03048
G1 X106.471 Y126.292 E.01812
G1 X105.502 Y126.055 E.02969
G1 X104.797 Y125.841 E.02196
G1 X104.086 Y125.589 E.02245
G1 X103.395 Y125.309 E.02221
G1 X102.639 Y124.96 E.02481
G1 X101.93 Y124.584 E.02391
G1 X101.09 Y124.093 E.029
G1 X100.468 Y123.68 E.02221
G1 X99.866 Y123.24 E.02222
G1 X99.007 Y122.536 E.0331
G1 X98.55 Y122.117 E.01846
G1 X97.916 Y121.489 E.02658
G1 X97.187 Y120.669 E.03268
G1 X96.817 Y120.204 E.01769
G1 X96.281 Y119.476 E.02692
G1 X95.874 Y118.857 E.02208
G1 X95.555 Y118.324 E.01851
G1 X95.137 Y117.556 E.02603
G1 X94.814 Y116.884 E.02221
G1 X94.522 Y116.198 E.02221
G1 X94.26 Y115.5 E.02222
G1 X93.929 Y114.439 E.0331
G1 X93.745 Y113.71 E.02241
G1 X93.595 Y112.979 E.02221
G1 X93.467 Y112.156 E.02481
G1 X93.377 Y111.248 E.02718
G1 X93.343 Y110.647 E.01794
G1 X93.33 Y109.64 E.03
G1 X93.358 Y109.016 E.01861
G1 X93.451 Y108.02 E.0298
G1 X93.528 Y107.44 E.01743
G1 X93.715 Y106.434 E.03049
G1 X93.857 Y105.842 E.01812
G1 X94.14 Y104.883 E.0298
G1 X94.512 Y103.825 E.03339
G1 X94.958 Y102.808 E.0331
G1 X95.297 Y102.136 E.02241
G1 X95.573 Y101.648 E.0167
G1 X95.991 Y100.966 E.02383
G1 X96.364 Y101.147 F24000
M204 P4000
;TYPE:Outer wall
;WIDTH:0.419999
G1 F8792
G1 X96.409 Y101.074 E.00238
G1 X96.789 Y100.522 E.01848
G1 X97.261 Y99.895 E.02164
G1 X97.725 Y99.336 E.02006
G1 X98.214 Y98.798 E.02006
G1 X98.727 Y98.282 E.02006
G1 X99.262 Y97.79 E.02007
G1 X100.085 Y97.114 E.02937
G1 X100.691 Y96.668 E.02078
G1 X101.364 Y96.224 E.02224
G1 X101.92 Y95.89 E.0179
G1 X102.83 Y95.409 E.0284
G1 X103.544 Y95.077 E.02174
G1 X104.172 Y94.822 E.01869
G1 X105.095 Y94.502 E.02697
G1 X105.634 Y94.341 E.01551
G1 X106.605 Y94.1 E.0276
G1 X107.289 Y93.969 E.01922
G1 X108.092 Y93.852 E.02239
G1 X108.783 Y93.786 E.01916
G1 X109.376 Y93.757 E.01639
G1 X110.358 Y93.75 E.02707
G1 X110.924 Y93.77 E.01564
G1 X111.925 Y93.857 E.02772
G1 X112.509 Y93.939 E.01627
G1 X113.498 Y94.121 E.02773
G1 X114.568 Y94.395 E.03047
G1 X115.262 Y94.615 E.02012
G1 X115.945 Y94.866 E.02006
G1 X116.463 Y95.083 E.01548
G1 X117.277 Y95.459 E.02476
G1 X118.185 Y95.952 E.02851
G1 X118.85 Y96.36 E.02152
G1 X119.451 Y96.769 E.02006
G1 X120.1 Y97.258 E.02243
G1 X120.71 Y97.772 E.022
G1 X121.398 Y98.404 E.02578
G1 X121.843 Y98.861 E.01759
G1 X122.488 Y99.595 E.02697
G1 X122.841 Y100.032 E.01551
G1 X123.434 Y100.843 E.02773
G1 X123.75 Y101.331 E.01604
G1 X124.244 Y102.173 E.02694
G1 X124.559 Y102.768 E.01858
G1 X124.937 Y103.585 E.02484
G1 X125.161 Y104.134 E.01634
G1 X125.65 Y105.593 E.04247
G1 X125.814 Y106.216 E.01777
G1 X125.966 Y106.925 E.01999
G1 X126.088 Y107.641 E.02006
G1 X126.207 Y108.742 E.03055
G1 X126.243 Y109.344 E.01663
G1 X126.253 Y110.336 E.02737
G1 X126.21 Y111.268 E.02574
G1 X126.144 Y111.904 E.01767
G1 X125.999 Y112.875 E.02707
G1 X125.89 Y113.431 E.01564
G1 X125.651 Y114.374 E.02684
G1 X125.464 Y115.016 E.01845
G1 X125.293 Y115.522 E.01475
G1 X125.032 Y116.198 E.01998
G1 X124.74 Y116.864 E.02006
G1 X124.238 Y117.845 E.03041
G1 X123.735 Y118.699 E.02736
G1 X123.199 Y119.486 E.02625
G1 X122.625 Y120.246 E.02629
G1 X122.228 Y120.714 E.01695
G1 X121.821 Y121.159 E.01663
G1 X121.141 Y121.843 E.0266
G1 X120.535 Y122.384 E.02243
G1 X119.938 Y122.862 E.0211
G1 X119.159 Y123.435 E.02668
G1 X118.641 Y123.772 E.01705
G1 X118.13 Y124.075 E.01639
G1 X117.279 Y124.539 E.02674
G1 X116.706 Y124.811 E.01751
G1 X115.815 Y125.179 E.0266
G1 X114.924 Y125.496 E.02608
G1 X114.34 Y125.668 E.0168
G1 X113.436 Y125.892 E.02569
G1 X112.715 Y126.025 E.02024
G1 X111.847 Y126.153 E.02421
G1 X111.244 Y126.209 E.0167
G1 X110.642 Y126.243 E.01663
G1 X109.651 Y126.254 E.02737
G1 X108.688 Y126.201 E.02661
G1 X108.128 Y126.148 E.01551
G1 X107.134 Y126.003 E.02772
G1 X106.556 Y125.887 E.01627
G1 X105.605 Y125.655 E.02699
G1 X104.918 Y125.445 E.01983
G1 X104.225 Y125.2 E.02029
G1 X103.551 Y124.926 E.02006
G1 X102.813 Y124.585 E.02243
G1 X102.124 Y124.219 E.02153
G1 X101.303 Y123.739 E.02624
G1 X100.697 Y123.336 E.02006
G1 X100.11 Y122.907 E.02007
G1 X99.269 Y122.216 E.03002
G1 X98.83 Y121.812 E.01647
G1 X98.216 Y121.204 E.02383
G1 X97.496 Y120.394 E.02991
G1 X97.141 Y119.947 E.01575
G1 X96.616 Y119.234 E.02442
G1 X96.219 Y118.63 E.01994
G1 X95.911 Y118.112 E.01663
G1 X95.502 Y117.361 E.0236
G1 X95.187 Y116.705 E.02006
G1 X94.902 Y116.036 E.02006
G1 X94.647 Y115.355 E.02007
G1 X94.323 Y114.316 E.03002
G1 X94.146 Y113.609 E.02012
G1 X94 Y112.897 E.02006
G1 X93.876 Y112.093 E.02243
G1 X93.788 Y111.208 E.02456
G1 X93.756 Y110.629 E.016
G1 X93.744 Y109.64 E.02728
G1 X93.771 Y109.034 E.01673
G1 X93.862 Y108.061 E.02697
G1 X93.937 Y107.504 E.01551
G1 X94.12 Y106.516 E.02773
G1 X94.258 Y105.943 E.01627
G1 X94.535 Y105.006 E.02696
G1 X94.899 Y103.97 E.03029
G1 X95.337 Y102.974 E.03002
G1 X95.666 Y102.323 E.02012
G1 X95.933 Y101.851 E.01496
G1 X96.343 Y101.182 E.02168
G1 E-1 F2400
;WIPE_START
G1 F12000
G1 X96.409 Y101.074
G1 X96.789 Y100.522
G1 X97.261 Y99.895
G1 X97.529 Y99.573
;WIPE_END
G1 Z2.4 F24000
G1 X115.866 Y94.071 Z2.4
G1 Z2.2
G1 E1 F2700
M204 P5000
;TYPE:Sparse infill
;WIDTH:0.45
G1 F8792
G1 X114.772 Y93.705 E.03437
G1 X114.312 Y93.587 E.01413
G1 X110.242 Y89.516 E.17148
G1 X109.201 Y89.525 E.031
G1 X108.412 Y89.571 E.02353
G1 X107.625 Y89.647 E.02357
G1 X106.409 Y89.829 E.0366
G1 X109.607 Y93.027 E.1347
G1 X108.779 Y93.065 E.02469
G1 X108.02 Y93.137 E.0227
G1 X107.274 Y93.242 E.02245
G1 X106.496 Y93.387 E.02357
G1 X105.949 Y93.514 E.01672
G1 X103.137 Y90.702 E.11848
G1 X102.615 Y90.886 E.01647
G1 X101.887 Y91.184 E.02343
G1 X100.896 Y91.644 E.03257
G1 X100.264 Y91.974 E.02123
G1 X102.881 Y94.591 E.11024
G1 X102.548 Y94.744 E.01092
G1 X101.589 Y95.251 E.0323
G1 X100.975 Y95.619 E.02133
G1 X100.247 Y96.102 E.02602
G1 X97.738 Y93.593 E.10573
G1 X97.444 Y93.807 E.01083
G1 X96.832 Y94.3 E.0234
G1 X95.935 Y95.099 E.03577
G1 X95.513 Y95.513 E.01762
G1 X97.997 Y97.997 E.10465
G1 X97.689 Y98.308 E.01304
G1 X97.19 Y98.856 E.02208
G1 X96.69 Y99.459 E.02333
G1 X96.105 Y100.25 E.0293
G1 X93.593 Y97.738 E.10579
G1 X93.327 Y98.088 E.0131
G1 X92.883 Y98.736 E.02341
G1 X92.255 Y99.754 E.03563
G1 X91.978 Y100.268 E.01737
G1 X94.592 Y102.882 E.11013
G1 X94.233 Y103.701 E.02664
G1 X93.965 Y104.416 E.02275
G1 X93.632 Y105.488 E.03344
G1 X93.515 Y105.95 E.0142
G1 X90.697 Y103.132 E.11873
G1 X90.489 Y103.739 E.01912
G1 X90.156 Y104.893 E.03577
G1 X89.975 Y105.658 E.0234
G1 X89.834 Y106.414 E.02291
G1 X93.026 Y109.606 E.13447
G1 X93.025 Y110.37 E.02275
G1 X93.059 Y111.132 E.02272
G1 X93.164 Y112.193 E.03177
G1 X93.294 Y113.03 E.02522
G1 X93.447 Y113.779 E.02279
G1 X93.58 Y114.305 E.01615
G1 X89.519 Y110.244 E.17105
G1 X89.525 Y110.799 E.01652
G1 X89.571 Y111.588 E.02354
G1 X89.647 Y112.375 E.02357
G1 X89.804 Y113.457 E.03257
G1 X89.973 Y114.335 E.02663
G1 X90.14 Y115.01 E.02071
G1 X104.99 Y129.86 E.62556
G1 X104.502 Y129.74 E.01497
G1 X103.428 Y129.403 E.03353
G1 X104.142 Y125.933 F24000
G1 F8792
G1 X104.664 Y126.119 E.01651
G1 X105.695 Y126.42 E.03198
G1 X109.76 Y130.485 E.17125
G1 X110.799 Y130.475 E.03094
G1 X111.588 Y130.429 E.02354
G1 X112.375 Y130.353 E.02357
G1 X113.591 Y130.171 E.0366
G1 X110.392 Y126.972 E.13474
G1 X111.041 Y126.947 E.01934
G1 X111.817 Y126.881 E.02321
G1 X112.548 Y126.787 E.02194
G1 X113.585 Y126.595 E.03141
G1 X114.049 Y126.484 E.01421
G1 X116.863 Y129.298 E.11856
G1 X117.38 Y129.115 E.01634
G1 X118.483 Y128.652 E.03563
G1 X119.192 Y128.313 E.02341
G1 X119.732 Y128.022 E.01827
G1 X117.12 Y125.41 E.11005
G1 X117.602 Y125.182 E.01588
G1 X118.185 Y124.875 E.01962
G1 X118.917 Y124.449 E.02523
G1 X119.751 Y123.896 E.02981
G1 X122.262 Y126.407 E.10581
G1 X122.556 Y126.193 E.01084
G1 X123.168 Y125.7 E.0234
G1 X124.062 Y124.904 E.03564
G1 X124.483 Y124.483 E.01775
G1 X122.003 Y122.003 E.10445
G1 X122.684 Y121.287 E.02944
G1 X123.19 Y120.691 E.02328
G1 X123.662 Y120.08 E.023
G1 X123.892 Y119.747 E.01206
G1 X126.407 Y122.262 E.10594
G1 X126.67 Y121.915 E.01296
G1 X127.335 Y120.926 E.03551
G1 X128.027 Y119.737 E.04098
G1 X125.412 Y117.122 E.11015
G1 X125.697 Y116.473 E.0211
G1 X125.971 Y115.764 E.02266
G1 X126.213 Y115.041 E.02269
G1 X126.486 Y114.051 E.03061
G1 X129.299 Y116.864 E.11851
G1 X129.48 Y116.353 E.01613
G1 X129.74 Y115.498 E.02663
G1 X130.027 Y114.334 E.03572
G1 X130.173 Y113.593 E.02249
G1 X126.971 Y110.391 E.13488
G1 X126.978 Y109.811 E.01727
G1 X126.952 Y109.05 E.0227
G1 X126.893 Y108.297 E.02248
G1 X126.8 Y107.542 E.02266
G1 X126.67 Y106.775 E.02318
G1 X126.419 Y105.694 E.03305
G1 X130.481 Y109.756 E.17108
G1 X130.475 Y109.201 E.01652
M73 P39 R4
G1 X130.429 Y108.412 E.02354
G1 X130.353 Y107.625 E.02357
G1 X130.196 Y106.543 E.03257
G1 X130.027 Y105.665 E.02663
G1 X129.86 Y104.99 E.02071
G1 X115.001 Y90.131 E.62596
G1 X116.261 Y90.489 E.03902
G1 X116.562 Y90.592 E.00948
; stop printing object Генератор.stl id:0 copy 0
;LAYER_CHANGE
;Z:2.4
;HEIGHT:0.2
;BEFORE_LAYER_CHANGE
;2.4
G92 E0

G1 E-1 F2400
;WIPE_START
G1 F12000
G1 X116.261 Y90.489
G1 X115.001 Y90.131
G1 X115.264 Y90.393
;WIPE_END
M486 S-1
;_SET_FAN_SPEED_CHANGING_LAYER
; printing object Генератор.stl id:0 copy 0
M486 S0
G1 Z2.6 F24000
G1 X130.722 Y108.301 Z2.6
G1 Z2.4
G1 E1 F2700
;TYPE:Inner wall
;WIDTH:0.449999
G1 F9421
G1 X130.737 Y108.441 E.00422
G1 X130.781 Y109.241 E.02384
G1 X130.792 Y110.403 E.03463
G1 X130.734 Y111.615 E.03612
G1 X130.656 Y112.412 E.02385
G1 X130.48 Y113.614 E.03621
G1 X130.325 Y114.403 E.02393
G1 X130.14 Y115.185 E.02393
G1 X129.803 Y116.35 E.03612
G1 X129.399 Y117.493 E.03612
G1 X129.097 Y118.234 E.02385
G1 X128.583 Y119.336 E.0362
G1 X128.21 Y120.045 E.02385
G1 X127.592 Y121.091 E.03621
G1 X127.152 Y121.76 E.02385
G1 X126.437 Y122.74 E.03612
G1 X125.669 Y123.674 E.03603
G1 X124.845 Y124.564 E.03613
G1 X124.273 Y125.125 E.02385
G1 X123.365 Y125.933 E.03621
G1 X122.742 Y126.435 E.02384
G1 X121.76 Y127.152 E.03622
G1 X121.089 Y127.593 E.02393
G1 X120.401 Y128.009 E.02393
G1 X119.333 Y128.584 E.03612
G1 X118.234 Y129.097 E.03613
G1 X117.493 Y129.399 E.02384
G1 X116.347 Y129.804 E.03621
G1 X115.577 Y130.035 E.02394
G1 X114.799 Y130.235 E.02394
G1 X113.608 Y130.481 E.03621
G1 X112.817 Y130.605 E.02385
G1 X111.609 Y130.734 E.03621
G1 X110.809 Y130.781 E.02384
G1 X109.597 Y130.792 E.03612
G1 X108.385 Y130.734 E.03612
G1 X107.588 Y130.656 E.02385
G1 X106.386 Y130.48 E.03621
G1 X105.597 Y130.325 E.02393
G1 X104.815 Y130.14 E.02393
G1 X103.65 Y129.803 E.03612
G1 X102.507 Y129.399 E.03612
G1 X101.766 Y129.097 E.02385
G1 X100.664 Y128.583 E.0362
G1 X99.955 Y128.21 E.02385
G1 X98.909 Y127.592 E.03621
G1 X98.24 Y127.152 E.02385
G1 X97.26 Y126.437 E.03612
G1 X96.326 Y125.669 E.03603
G1 X95.436 Y124.845 E.03613
G1 X94.875 Y124.273 E.02385
G1 X94.067 Y123.365 E.03621
G1 X93.565 Y122.742 E.02384
G1 X92.848 Y121.76 E.03622
G1 X92.407 Y121.089 E.02393
G1 X91.991 Y120.401 E.02393
G1 X91.416 Y119.333 E.03612
G1 X90.903 Y118.234 E.03613
G1 X90.601 Y117.493 E.02384
G1 X90.196 Y116.347 E.03621
G1 X89.965 Y115.577 E.02394
G1 X89.765 Y114.799 E.02394
G1 X89.519 Y113.608 E.03621
G1 X89.395 Y112.817 E.02385
G1 X89.266 Y111.609 E.03621
G1 X89.219 Y110.809 E.02384
G1 X89.208 Y109.597 E.03612
G1 X89.266 Y108.385 E.03613
G1 X89.344 Y107.586 E.02393
G1 X89.453 Y106.789 E.02394
G1 X89.676 Y105.594 E.03621
G1 X89.86 Y104.815 E.02385
G1 X90.197 Y103.65 E.03612
G1 X90.601 Y102.507 E.03612
G1 X90.903 Y101.766 E.02385
G1 X91.417 Y100.664 E.0362
G1 X91.79 Y99.956 E.02385
G1 X92.408 Y98.909 E.03621
G1 X92.848 Y98.24 E.02385
G1 X93.563 Y97.26 E.03612
G1 X94.332 Y96.326 E.03604
G1 X95.155 Y95.436 E.03612
G1 X95.727 Y94.875 E.02385
G1 X96.635 Y94.067 E.03621
G1 X97.258 Y93.565 E.02384
G1 X98.24 Y92.848 E.03621
G1 X98.909 Y92.408 E.02385
G1 X99.956 Y91.79 E.0362
G1 X100.664 Y91.417 E.02385
G1 X101.766 Y90.903 E.03621
G1 X102.507 Y90.601 E.02385
G1 X103.653 Y90.196 E.03621
G1 X104.423 Y89.965 E.02394
G1 X105.201 Y89.765 E.02393
G1 X106.392 Y89.519 E.03621
G1 X107.183 Y89.395 E.02385
G1 X108.391 Y89.266 E.03621
G1 X109.191 Y89.219 E.02384
G1 X110.403 Y89.208 E.03612
G1 X111.615 Y89.266 E.03612
G1 X112.413 Y89.344 E.0239
G1 X113.329 Y89.473 E.02755
G1 X114.405 Y89.676 E.03262
G1 X115.185 Y89.86 E.02387
G1 X116.35 Y90.197 E.03612
G1 X117.493 Y90.601 E.03612
G1 X118.234 Y90.903 E.02385
G1 X119.336 Y91.417 E.0362
G1 X120.044 Y91.79 E.02385
G1 X121.091 Y92.408 E.03621
G1 X121.76 Y92.848 E.02385
G1 X122.74 Y93.563 E.03612
G1 X123.674 Y94.332 E.03604
G1 X124.564 Y95.155 E.03612
G1 X125.125 Y95.727 E.02385
G1 X125.933 Y96.635 E.03621
G1 X126.435 Y97.258 E.02384
G1 X127.152 Y98.24 E.03621
G1 X127.592 Y98.909 E.02385
G1 X128.21 Y99.956 E.0362
G1 X128.583 Y100.664 E.02385
G1 X129.097 Y101.766 E.03621
G1 X129.399 Y102.507 E.02385
G1 X129.804 Y103.653 E.03621
G1 X130.035 Y104.423 E.02394
G1 X130.235 Y105.201 E.02393
G1 X130.481 Y106.392 E.03621
G1 X130.605 Y107.183 E.02385
G1 X130.718 Y108.261 E.03229
G1 X131.133 Y108.258 F24000
M204 P4000
;TYPE:Outer wall
;WIDTH:0.419999
G1 F9421
G1 X131.15 Y108.417 E.00444
G1 X131.195 Y109.237 E.02264
G1 X131.206 Y110.411 E.03241
G1 X131.146 Y111.645 E.03407
G1 X131.067 Y112.462 E.02265
G1 X130.888 Y113.684 E.03409
G1 X130.729 Y114.49 E.02267
G1 X130.54 Y115.29 E.02267
G1 X130.197 Y116.476 E.03407
G1 X129.786 Y117.64 E.03407
G1 X129.476 Y118.4 E.02265
G1 X128.953 Y119.52 E.03409
G1 X128.571 Y120.246 E.02265
G1 X127.943 Y121.31 E.03409
G1 X127.492 Y121.996 E.02265
G1 X126.764 Y122.993 E.03406
G1 X125.98 Y123.946 E.03404
G1 X125.142 Y124.852 E.03407
G1 X124.556 Y125.427 E.02264
G1 X123.633 Y126.248 E.03409
G1 X122.994 Y126.764 E.02264
G1 X121.995 Y127.492 E.0341
G1 X121.309 Y127.943 E.02266
G1 X120.606 Y128.368 E.02267
G1 X119.519 Y128.954 E.03407
G1 X118.4 Y129.476 E.03407
G1 X117.64 Y129.786 E.02264
G1 X116.475 Y130.197 E.0341
G1 X115.688 Y130.433 E.02267
G1 X114.892 Y130.638 E.02267
G1 X113.682 Y130.888 E.03409
G1 X112.871 Y131.015 E.02264
G1 X111.643 Y131.146 E.0341
G1 X110.823 Y131.194 E.02264
G1 X109.589 Y131.206 E.03407
G1 X108.355 Y131.146 E.03407
G1 X107.538 Y131.067 E.02265
G1 X106.316 Y130.888 E.03409
G1 X105.51 Y130.729 E.02267
G1 X104.71 Y130.54 E.02267
G1 X103.524 Y130.197 E.03407
G1 X102.36 Y129.786 E.03407
G1 X101.6 Y129.476 E.02265
G1 X100.48 Y128.953 E.03409
G1 X99.754 Y128.571 E.02265
G1 X98.69 Y127.943 E.03409
G1 X98.004 Y127.492 E.02265
G1 X97.007 Y126.764 E.03406
G1 X96.054 Y125.98 E.03404
G1 X95.148 Y125.142 E.03407
G1 X94.573 Y124.556 E.02264
G1 X93.752 Y123.633 E.03409
G1 X93.236 Y122.994 E.02264
G1 X92.508 Y121.995 E.0341
G1 X92.057 Y121.309 E.02266
G1 X91.632 Y120.606 E.02267
G1 X91.046 Y119.519 E.03407
G1 X90.524 Y118.4 E.03407
G1 X90.214 Y117.64 E.02264
G1 X89.803 Y116.475 E.0341
G1 X89.567 Y115.688 E.02267
G1 X89.362 Y114.892 E.02267
G1 X89.112 Y113.682 E.03409
G1 X88.985 Y112.871 E.02264
G1 X88.854 Y111.643 E.0341
G1 X88.806 Y110.823 E.02264
G1 X88.794 Y109.589 E.03407
G1 X88.854 Y108.355 E.03407
G1 X88.933 Y107.538 E.02266
G1 X89.045 Y106.723 E.02267
G1 X89.271 Y105.509 E.03409
G1 X89.46 Y104.71 E.02265
G1 X89.803 Y103.524 E.03406
G1 X90.214 Y102.36 E.03407
G1 X90.524 Y101.6 E.02265
G1 X91.047 Y100.48 E.03409
G1 X91.429 Y99.754 E.02264
G1 X92.057 Y98.69 E.0341
G1 X92.508 Y98.004 E.02265
G1 X93.236 Y97.007 E.03406
G1 X94.02 Y96.054 E.03405
G1 X94.858 Y95.148 E.03407
G1 X95.444 Y94.573 E.02264
G1 X96.367 Y93.752 E.03409
G1 X97.006 Y93.236 E.02264
G1 X98.004 Y92.508 E.0341
G1 X98.69 Y92.057 E.02265
G1 X99.754 Y91.429 E.03409
G1 X100.48 Y91.047 E.02264
G1 X101.6 Y90.524 E.0341
G1 X102.36 Y90.214 E.02264
G1 X103.525 Y89.803 E.0341
G1 X104.312 Y89.567 E.02267
G1 X105.108 Y89.362 E.02267
G1 X106.318 Y89.112 E.0341
G1 X107.129 Y88.985 E.02264
G1 X108.357 Y88.854 E.0341
G1 X109.177 Y88.806 E.02264
G1 X110.411 Y88.794 E.03407
G1 X111.645 Y88.854 E.03407
G1 X112.462 Y88.933 E.02266
G1 X113.396 Y89.065 E.02603
G1 X114.491 Y89.271 E.03074
G1 X115.29 Y89.46 E.02265
G1 X116.476 Y89.803 E.03406
G1 X117.64 Y90.214 E.03407
G1 X118.4 Y90.524 E.02265
G1 X119.52 Y91.047 E.03409
G1 X120.246 Y91.429 E.02264
G1 X121.31 Y92.057 E.0341
G1 X121.996 Y92.508 E.02265
G1 X122.993 Y93.236 E.03406
G1 X123.946 Y94.02 E.03405
G1 X124.852 Y94.858 E.03407
G1 X125.427 Y95.444 E.02264
G1 X126.248 Y96.367 E.03409
G1 X126.764 Y97.006 E.02264
G1 X127.492 Y98.004 E.0341
G1 X127.943 Y98.69 E.02265
G1 X128.571 Y99.754 E.03409
G1 X128.953 Y100.48 E.02264
G1 X129.476 Y101.6 E.0341
G1 X129.786 Y102.36 E.02264
G1 X130.197 Y103.525 E.0341
G1 X130.433 Y104.312 E.02267
G1 X130.638 Y105.108 E.02267
G1 X130.888 Y106.318 E.0341
G1 X131.015 Y107.129 E.02264
G1 X131.129 Y108.218 E.03021
G1 E-1 F2400
;WIPE_START
G1 F12000
G1 X131.15 Y108.417
G1 X131.195 Y109.237
G1 X131.204 Y110.215
;WIPE_END
G1 Z2.6 F24000
G1 X96.016 Y100.927 Z2.6
G1 Z2.4
G1 E1 F2700
M204 P5000
;TYPE:Inner wall
;WIDTH:0.449999
G1 F9421
G1 X96.266 Y100.546 E.01355
G1 X96.703 Y99.94 E.02226
G1 X97.166 Y99.356 E.02222
G1 X97.904 Y98.525 E.0331
G1 X98.434 Y97.991 E.02241
G1 X98.982 Y97.485 E.02222
G1 X99.822 Y96.795 E.03239
G1 X100.447 Y96.335 E.02311
G1 X101.068 Y95.921 E.02221
G1 X101.706 Y95.536 E.02221
G1 X102.449 Y95.136 E.02513
G1 X103.366 Y94.703 E.03022
G1 X104.016 Y94.438 E.02089
G1 X104.961 Y94.111 E.0298
G1 X105.535 Y93.94 E.01782
G1 X106.136 Y93.784 E.0185
G1 X107.138 Y93.577 E.03049
G1 X107.739 Y93.484 E.01812
G1 X108.757 Y93.373 E.03049
G1 X109.356 Y93.344 E.01788
G1 X110.347 Y93.337 E.02952
G1 X111.338 Y93.381 E.02954
G1 X111.951 Y93.444 E.01836
G1 X112.684 Y93.547 E.02205
G1 X113.575 Y93.715 E.02701
G1 X114.169 Y93.859 E.01821
G1 X115.127 Y94.135 E.02968
G1 X116.066 Y94.47 E.0297
G1 X116.611 Y94.696 E.01757
G1 X117.45 Y95.084 E.02753
G1 X118.052 Y95.409 E.02038
G1 X118.915 Y95.914 E.02979
G1 X119.423 Y96.249 E.01812
G1 X120.24 Y96.843 E.03009
G1 X120.87 Y97.356 E.02418
G1 X121.676 Y98.098 E.03265
G1 X122.139 Y98.573 E.01974
G1 X122.8 Y99.324 E.02979
G1 X123.168 Y99.778 E.01743
G1 X123.772 Y100.604 E.03049
G1 X124.104 Y101.114 E.01813
G1 X124.608 Y101.978 E.02979
G1 X124.885 Y102.494 E.01743
G1 X125.108 Y102.946 E.01503
G1 X125.546 Y103.985 E.03357
G1 X125.888 Y104.949 E.03049
G1 X126.211 Y106.102 E.03566
G1 X126.371 Y106.837 E.02241
G1 X126.496 Y107.572 E.02221
G1 X126.588 Y108.312 E.02221
G1 X126.647 Y109.055 E.02221
G1 X126.672 Y109.801 E.02221
G1 X126.667 Y110.34 E.01607
G1 X126.623 Y111.291 E.02834
G1 X126.557 Y111.955 E.01989
G1 X126.406 Y112.944 E.02979
G1 X126.291 Y113.531 E.01782
G1 X125.925 Y114.938 E.04331
G1 X125.686 Y115.652 E.02241
G1 X125.418 Y116.347 E.02221
G1 X125.119 Y117.03 E.02221
G1 X124.885 Y117.506 E.0158
G1 X124.6 Y118.044 E.01813
G1 X124.081 Y118.926 E.03048
G1 X123.412 Y119.905 E.03531
G1 X122.952 Y120.5 E.0224
G1 X122.543 Y120.982 E.01885
G1 X121.963 Y121.615 E.02557
G1 X121.431 Y122.138 E.02221
G1 X120.802 Y122.7 E.02513
G1 X120.197 Y123.185 E.02311
G1 X119.4 Y123.771 E.02948
G1 X118.333 Y124.438 E.03746
G1 X117.473 Y124.905 E.02915
G1 X116.709 Y125.263 E.02513
G1 X115.987 Y125.556 E.02322
G1 X115.058 Y125.888 E.02937
G1 X113.841 Y126.221 E.03758
G1 X112.861 Y126.418 E.02979
G1 X111.78 Y126.578 E.03253
G1 X111.266 Y126.622 E.01538
G1 X110.659 Y126.657 E.01812
G1 X109.648 Y126.668 E.0301
G1 X108.662 Y126.614 E.02941
G1 X108.08 Y126.559 E.01743
G1 X107.067 Y126.411 E.03048
G1 X106.458 Y126.289 E.01851
G1 X105.853 Y126.146 E.0185
G1 X104.882 Y125.867 E.0301
G1 X104.086 Y125.589 E.02511
G1 X103.395 Y125.309 E.02221
G1 X102.463 Y124.87 E.0307
G1 X101.946 Y124.595 E.01744
G1 X101.09 Y124.093 E.02957
G1 X100.557 Y123.739 E.01904
G1 X99.854 Y123.232 E.02582
G1 X99.007 Y122.536 E.03267
G1 X98.452 Y122.027 E.02241
G1 X97.915 Y121.487 E.02269
G1 X97.187 Y120.669 E.03263
G1 X96.817 Y120.204 E.01769
G1 X96.281 Y119.476 E.02692
G1 X95.874 Y118.857 E.02208
G1 X95.555 Y118.324 E.01851
G1 X95.137 Y117.556 E.02603
G1 X94.814 Y116.884 E.02221
G1 X94.521 Y116.198 E.02221
G1 X94.143 Y115.153 E.0331
G1 X93.927 Y114.433 E.0224
G1 X93.779 Y113.838 E.01827
G1 X93.579 Y112.854 E.0299
G1 X93.486 Y112.272 E.01756
G1 X93.376 Y111.254 E.03049
G1 X93.343 Y110.647 E.01812
G1 X93.33 Y109.64 E.03
G1 X93.363 Y108.895 E.02222
G1 X93.449 Y108.033 E.02581
G1 X93.528 Y107.44 E.01782
G1 X93.715 Y106.434 E.03048
G1 X93.857 Y105.842 E.01812
G1 X94.133 Y104.878 E.02988
G1 X94.413 Y104.082 E.02513
G1 X94.702 Y103.384 E.0225
G1 X95.123 Y102.472 E.02992
G1 X95.41 Y101.935 E.01812
G1 X95.858 Y101.168 E.02646
G1 X95.994 Y100.96 E.00742
G1 X96.362 Y101.153 F24000
M204 P4000
;TYPE:Outer wall
;WIDTH:0.419999
G1 F9421
G1 X96.611 Y100.773 E.01254
G1 X97.038 Y100.183 E.02011
G1 X97.49 Y99.613 E.02007
G1 X98.213 Y98.8 E.03002
G1 X98.727 Y98.282 E.02012
G1 X99.262 Y97.79 E.02007
G1 X100.085 Y97.114 E.02937
G1 X100.691 Y96.668 E.02077
G1 X101.297 Y96.265 E.02006
G1 X101.919 Y95.89 E.02006
G1 X102.644 Y95.5 E.02272
G1 X103.542 Y95.077 E.02738
G1 X104.172 Y94.822 E.01874
G1 X105.095 Y94.502 E.02697
G1 X105.646 Y94.338 E.01587
G1 X106.23 Y94.187 E.01663
G1 X107.214 Y93.983 E.02773
G1 X107.797 Y93.894 E.01627
G1 X108.796 Y93.785 E.02773
G1 X109.375 Y93.757 E.016
G1 X110.344 Y93.75 E.02672
G1 X111.313 Y93.794 E.02675
G1 X111.907 Y93.855 E.0165
G1 X112.622 Y93.956 E.01992
G1 X113.495 Y94.12 E.0245
G1 X114.071 Y94.261 E.01636
G1 X115.009 Y94.532 E.02694
G1 X115.927 Y94.859 E.02689
G1 X116.451 Y95.078 E.01567
G1 X117.273 Y95.457 E.02499
G1 X117.854 Y95.773 E.01824
G1 X118.698 Y96.266 E.02696
G1 X119.19 Y96.591 E.01628
G1 X119.992 Y97.174 E.02737
G1 X120.599 Y97.669 E.02159
G1 X121.397 Y98.402 E.0299
G1 X121.843 Y98.861 E.01765
G1 X122.488 Y99.595 E.02696
G1 X122.841 Y100.032 E.01551
G1 X123.434 Y100.843 E.02773
G1 X123.756 Y101.337 E.01628
G1 X124.248 Y102.182 E.02696
G1 X124.514 Y102.677 E.01551
G1 X124.737 Y103.129 E.01392
G1 X125.161 Y104.134 E.03008
G1 X125.496 Y105.081 E.02773
G1 X125.813 Y106.214 E.03247
G1 X125.966 Y106.925 E.02004
G1 X126.088 Y107.641 E.02006
G1 X126.177 Y108.363 E.02006
G1 X126.234 Y109.088 E.02006
G1 X126.259 Y109.815 E.02006
G1 X126.21 Y111.267 E.04011
G1 X126.145 Y111.913 E.01791
G1 X125.998 Y112.879 E.02696
G1 X125.753 Y114.003 E.03172
G1 X125.526 Y114.83 E.02368
G1 X125.294 Y115.52 E.02006
G1 X125.032 Y116.198 E.02006
G1 X124.74 Y116.864 E.02006
G1 X124.514 Y117.323 E.01413
G1 X124.238 Y117.845 E.01628
G1 X123.728 Y118.711 E.02772
G1 X123.072 Y119.67 E.03207
G1 X122.625 Y120.246 E.02012
G1 X122.228 Y120.714 E.01695
G1 X121.66 Y121.333 E.02317
G1 X121.141 Y121.843 E.02006
G1 X120.527 Y122.391 E.02272
G1 X119.939 Y122.862 E.02079
G1 X119.159 Y123.435 E.02669
G1 X118.124 Y124.081 E.03368
G1 X117.28 Y124.539 E.02649
G1 X116.534 Y124.889 E.02272
G1 X115.832 Y125.172 E.02089
G1 X114.924 Y125.496 E.02659
G1 X113.743 Y125.82 E.03379
G1 X112.785 Y126.012 E.02696
G1 X111.727 Y126.168 E.0295
G1 X111.003 Y126.229 E.02006
G1 X110.276 Y126.258 E.02006
G1 X109.651 Y126.254 E.01727
G1 X108.688 Y126.201 E.02661
G1 X108.128 Y126.148 E.01551
G1 X107.134 Y126.003 E.02772
G1 X105.956 Y125.745 E.03326
G1 X105.003 Y125.471 E.02737
G1 X104.225 Y125.2 E.02275
G1 X103.551 Y124.926 E.02007
G1 X102.639 Y124.496 E.0278
G1 X102.143 Y124.232 E.01552
G1 X101.303 Y123.739 E.02688
G1 X100.786 Y123.395 E.01713
G1 X100.107 Y122.904 E.02312
G1 X99.269 Y122.216 E.02991
G1 X98.732 Y121.723 E.02012
G1 X98.216 Y121.204 E.0202
G1 X97.496 Y120.394 E.0299
G1 X97.141 Y119.947 E.01575
G1 X96.616 Y119.234 E.02442
G1 X96.219 Y118.63 E.01994
G1 X95.911 Y118.112 E.01663
G1 X95.502 Y117.361 E.0236
G1 X95.187 Y116.705 E.02006
G1 X94.902 Y116.036 E.02007
G1 X94.532 Y115.013 E.03003
G1 X94.323 Y114.315 E.02011
G1 X94.181 Y113.739 E.01637
G1 X93.985 Y112.777 E.02708
G1 X93.896 Y112.217 E.01566
G1 X93.788 Y111.218 E.02773
G1 X93.756 Y110.629 E.01627
G1 X93.744 Y109.64 E.02728
G1 X93.776 Y108.913 E.02007
G1 X93.861 Y108.074 E.02327
G1 X93.937 Y107.504 E.01587
G1 X94.12 Y106.516 E.02772
G1 X94.258 Y105.943 E.01628
G1 X94.529 Y104.996 E.02717
G1 X94.803 Y104.22 E.02272
G1 X95.084 Y103.543 E.02022
G1 X95.496 Y102.651 E.02711
G1 X95.774 Y102.131 E.01628
G1 X96.213 Y101.38 E.024
G1 X96.34 Y101.187 E.00637
G1 E-1 F2400
M73 P40 R4
;WIPE_START
G1 F12000
G1 X96.611 Y100.773
G1 X97.038 Y100.183
G1 X97.49 Y99.613
G1 X97.523 Y99.576
;WIPE_END
G1 Z2.6 F24000
G1 X93.055 Y111.046 Z2.6
G1 Z2.4
G1 E1 F2700
M204 P5000
;TYPE:Sparse infill
;WIDTH:0.45
G1 F9421
G1 X93.025 Y110.37 E.02017
G1 X93.034 Y109.419 E.02833
G1 X92.733 Y108.964 E.01626
G1 X92.384 Y108.615 E.01471
G1 X90.311 Y107.24 E.07407
G1 X89.962 Y106.891 E.01471
G1 X89.792 Y106.635 E.00915
G1 X89.975 Y105.658 E.02963
G1 X90.156 Y104.893 E.02341
G1 X90.488 Y103.744 E.03563
G1 X90.64 Y103.313 E.0136
G1 X92.384 Y104.47 E.06233
G1 X92.733 Y104.819 E.01471
G1 X93.506 Y105.986 E.0417
G1 X93.631 Y105.489 E.01526
G1 X93.853 Y104.751 E.02294
G1 X94.141 Y103.938 E.02571
G1 X94.484 Y103.114 E.02658
G1 X94.107 Y102.746 E.01569
G1 X92.733 Y100.674 E.07407
G1 X92.384 Y100.325 E.01471
G1 X92.056 Y100.107 E.01173
G1 X92.667 Y99.07 E.03585
G1 X93.099 Y98.414 E.02341
G1 X93.562 Y97.779 E.02339
G1 X94.107 Y98.601 E.02937
G1 X94.456 Y98.95 E.01471
G1 X96.204 Y100.11 E.06248
G1 X96.478 Y99.732 E.0139
G1 X96.938 Y99.153 E.02201
G1 X97.688 Y98.308 E.03366
G1 X97.91 Y98.085 E.00937
G1 X96.878 Y96.529 E.05562
G1 X96.529 Y96.18 E.01471
G1 X95.517 Y95.509 E.03616
G1 X95.935 Y95.098 E.01745
G1 X96.832 Y94.3 E.03576
G1 X97.698 Y93.621 E.03279
G1 X98.252 Y94.456 E.02984
G1 X98.601 Y94.805 E.01471
G1 X100.401 Y95.999 E.06432
G1 X100.922 Y95.652 E.01866
G1 X101.584 Y95.254 E.02299
G1 X102.339 Y94.849 E.02552
G1 X102.646 Y94.705 E.0101
G1 X102.397 Y94.456 E.01048
G1 X101.023 Y92.384 E.07407
G1 X100.674 Y92.034 E.01471
G1 X100.441 Y91.88 E.00833
G1 X100.8 Y91.691 E.01209
G1 X101.888 Y91.183 E.03577
G1 X102.923 Y90.777 E.03311
G1 X104.819 Y92.034 E.06776
G1 X105.168 Y92.384 E.01471
G1 X105.922 Y93.521 E.04065
G1 X106.516 Y93.382 E.01816
G1 X107.265 Y93.243 E.0227
G1 X108.02 Y93.137 E.0227
G1 X108.779 Y93.065 E.02271
G1 X109.739 Y93.027 E.02863
G1 X109.313 Y92.384 E.02298
G1 X108.964 Y92.034 E.01471
G1 X106.891 Y90.66 E.07407
G1 X106.542 Y90.311 E.01471
G1 X106.244 Y89.861 E.01607
G1 X107.223 Y89.698 E.02955
G1 X108.417 Y89.57 E.03577
G1 X109.201 Y89.525 E.0234
G1 X110.161 Y89.518 E.0286
G1 X110.687 Y90.311 E.02835
G1 X111.036 Y90.66 E.01471
G1 X113.109 Y92.034 E.07407
G1 X113.458 Y92.384 E.01471
G1 X114.239 Y93.562 E.04213
G1 X115.254 Y93.856 E.03146
G1 X116.221 Y94.202 E.03058
G1 X116.924 Y94.497 E.02272
G1 X117.609 Y94.822 E.02259
G1 X118.6 Y95.36 E.03357
G1 X119.249 Y95.761 E.02273
G1 X119.878 Y96.191 E.0227
G1 X120.494 Y96.652 E.02291
G1 X121.087 Y97.141 E.0229
G1 X121.902 Y97.891 E.03299
G1 X122.446 Y98.451 E.02327
G1 X123.182 Y99.299 E.03344
G1 X123.65 Y99.902 E.02273
G1 X124.089 Y100.525 E.0227
G1 X124.501 Y101.167 E.02273
G1 X125.053 Y102.145 E.03344
G1 X125.39 Y102.829 E.02273
G1 X125.689 Y103.508 E.0221
G1 X125.971 Y104.238 E.02331
G1 X126.214 Y104.961 E.02273
G1 X126.375 Y105.545 E.01803
G1 X127.267 Y106.891 E.04812
G1 X127.616 Y107.24 E.01471
G1 X129.689 Y108.615 E.07407
G1 X130.038 Y108.964 E.01471
G1 X130.479 Y109.63 E.02379
G1 X130.475 Y109.201 E.01277
G1 X130.43 Y108.417 E.0234
G1 X130.302 Y107.223 E.03577
G1 X130.18 Y106.446 E.0234
G1 X129.938 Y105.27 E.03577
G1 X129.746 Y104.527 E.02286
G1 X129.689 Y104.47 E.00241
G1 X127.616 Y103.095 E.07407
G1 X127.267 Y102.746 E.01471
G1 X125.893 Y100.674 E.07407
G1 X125.544 Y100.325 E.01471
G1 X123.471 Y98.95 E.07407
G1 X123.122 Y98.601 E.01471
G1 X121.748 Y96.529 E.07407
G1 X121.399 Y96.18 E.01471
G1 X119.326 Y94.805 E.07407
G1 X118.977 Y94.456 E.01471
G1 X117.603 Y92.384 E.07407
G1 X117.254 Y92.034 E.01471
G1 X115.181 Y90.66 E.07407
G1 X114.832 Y90.311 E.01471
G1 X114.659 Y90.049 E.00935
G1 X115.107 Y90.156 E.01373
G1 X116.256 Y90.488 E.03563
G1 X117.385 Y90.886 E.03564
G1 X118.112 Y91.183 E.02341
G1 X119.2 Y91.691 E.03576
G1 X119.895 Y92.057 E.0234
G1 X120.93 Y92.667 E.03577
G1 X121.586 Y93.099 E.02341
G1 X122.553 Y93.804 E.03563
G1 X122.855 Y94.053 E.01165
G1 X123.122 Y94.456 E.01442
G1 X123.471 Y94.805 E.01471
G1 X124.393 Y95.416 E.03292
G1 X124.902 Y95.935 E.02165
G1 X125.501 Y96.608 E.02685
G1 X126.945 Y108.958 F24000
G1 F9421
G1 X126.978 Y109.811 E.02543
G1 X126.969 Y110.586 E.02307
G1 X127.267 Y111.036 E.01609
G1 X127.616 Y111.385 E.01471
G1 X129.689 Y112.76 E.07407
G1 X130.038 Y113.109 E.01471
G1 X130.208 Y113.365 E.00915
G1 X130.027 Y114.338 E.02949
G1 X129.844 Y115.107 E.02354
G1 X129.512 Y116.256 E.03564
G1 X129.36 Y116.687 E.0136
G1 X127.616 Y115.53 E.06233
G1 X127.267 Y115.181 E.01471
G1 X126.495 Y114.016 E.04163
G1 X126.216 Y115.031 E.03135
G1 X125.971 Y115.762 E.02296
G1 X125.697 Y116.473 E.0227
G1 X125.515 Y116.886 E.01342
G1 X125.893 Y117.254 E.01571
G1 X127.267 Y119.326 E.07407
G1 X127.616 Y119.675 E.01471
G1 X127.944 Y119.893 E.01173
G1 X127.333 Y120.93 E.03585
G1 X126.901 Y121.586 E.02341
G1 X126.438 Y122.221 E.02339
G1 X125.893 Y121.399 E.02937
G1 X125.544 Y121.05 E.01471
G1 X123.794 Y119.889 E.06255
G1 X123.192 Y120.689 E.0298
G1 X122.679 Y121.293 E.0236
G1 X122.091 Y121.917 E.02554
G1 X123.122 Y123.471 E.05556
G1 X123.471 Y123.82 E.01471
G1 X124.483 Y124.491 E.03616
G1 X124.065 Y124.902 E.01745
G1 X123.168 Y125.7 E.03576
G1 X122.302 Y126.379 E.03279
G1 X121.748 Y125.544 E.02984
G1 X121.399 Y125.195 E.01471
G1 X119.601 Y124.003 E.06425
G1 X118.917 Y124.449 E.02433
G1 X118.26 Y124.834 E.0227
G1 X117.356 Y125.297 E.03024
G1 X117.603 Y125.544 E.01041
G1 X118.977 Y127.616 E.07407
G1 X119.326 Y127.966 E.01471
G1 X119.556 Y128.117 E.00819
G1 X119.196 Y128.311 E.01216
G1 X118.112 Y128.817 E.03564
G1 X117.077 Y129.223 E.0331
G1 X115.181 Y127.966 E.06776
G1 X114.832 Y127.616 E.01471
G1 X114.077 Y126.478 E.04069
G1 X113.66 Y126.58 E.01278
G1 X112.557 Y126.785 E.03344
G1 X111.8 Y126.883 E.02273
G1 X111.041 Y126.947 E.0227
G1 X110.263 Y126.976 E.02319
G1 X110.687 Y127.616 E.02287
G1 X111.036 Y127.966 E.01471
G1 X113.109 Y129.34 E.07407
G1 X113.458 Y129.689 E.01471
G1 X113.756 Y130.139 E.01607
G1 X112.777 Y130.302 E.02955
G1 X111.583 Y130.43 E.03577
G1 X110.799 Y130.475 E.0234
G1 X109.841 Y130.485 E.02855
G1 X109.313 Y129.689 E.02844
G1 X108.964 Y129.34 E.01471
G1 X106.891 Y127.966 E.07407
G1 X106.542 Y127.616 E.01471
G1 X105.76 Y126.436 E.04217
G1 X104.666 Y126.119 E.03394
G1 X103.949 Y125.864 E.02266
G1 X103.241 Y125.575 E.02278
G1 X102.227 Y125.095 E.03344
G1 X101.556 Y124.73 E.02273
G1 X100.922 Y124.348 E.02205
G1 X100.269 Y123.914 E.02336
G1 X99.649 Y123.458 E.02293
G1 X98.806 Y122.766 E.03249
G1 X98.242 Y122.249 E.02278
G1 X97.683 Y121.686 E.02363
G1 X96.955 Y120.868 E.03263
G1 X96.459 Y120.243 E.02377
G1 X96.033 Y119.653 E.02167
G1 X95.599 Y118.994 E.02351
G1 X95.21 Y118.338 E.02271
G1 X94.851 Y117.667 E.02268
G1 X94.523 Y116.982 E.02262
G1 X94.235 Y116.305 E.02193
G1 X93.853 Y115.249 E.03344
G1 X93.612 Y114.435 E.0253
G1 X92.733 Y113.109 E.04739
G1 X92.384 Y112.76 E.01471
G1 X90.311 Y111.385 E.07407
G1 X89.962 Y111.036 E.01471
G1 X89.521 Y110.37 E.02379
G1 X89.525 Y110.799 E.01277
G1 X89.57 Y111.583 E.0234
G1 X89.698 Y112.777 E.03577
G1 X89.82 Y113.554 E.0234
G1 X90.062 Y114.73 E.03577
G1 X90.254 Y115.473 E.02287
G1 X90.311 Y115.53 E.00241
G1 X92.384 Y116.905 E.07407
G1 X92.733 Y117.254 E.01471
G1 X94.107 Y119.326 E.07407
G1 X94.456 Y119.675 E.01471
G1 X96.529 Y121.05 E.07407
G1 X96.878 Y121.399 E.01471
G1 X98.252 Y123.471 E.07407
G1 X98.601 Y123.82 E.01471
G1 X100.674 Y125.195 E.07407
G1 X101.023 Y125.544 E.01471
G1 X102.397 Y127.616 E.07407
G1 X102.746 Y127.966 E.01471
G1 X104.819 Y129.34 E.07407
G1 X105.168 Y129.689 E.01471
G1 X105.341 Y129.951 E.00935
G1 X104.893 Y129.844 E.01372
G1 X103.744 Y129.512 E.03564
G1 X102.615 Y129.114 E.03564
G1 X101.888 Y128.817 E.02341
G1 X100.8 Y128.309 E.03576
G1 X100.104 Y127.943 E.02341
G1 X99.07 Y127.333 E.03577
G1 X98.414 Y126.901 E.02341
G1 X97.447 Y126.196 E.03563
G1 X97.145 Y125.947 E.01165
G1 X96.878 Y125.544 E.01442
G1 X96.529 Y125.195 E.01471
G1 X95.607 Y124.584 E.03292
M73 P41 R4
G1 X95.098 Y124.065 E.02165
G1 X94.499 Y123.392 E.02685
; stop printing object Генератор.stl id:0 copy 0
;LAYER_CHANGE
;Z:2.6
;HEIGHT:0.2
;BEFORE_LAYER_CHANGE
;2.6
G92 E0

G1 E-1 F2400
;WIPE_START
G1 F12000
G1 X95.098 Y124.065
G1 X95.607 Y124.584
G1 X95.917 Y124.789
;WIPE_END
M486 S-1
;_SET_FAN_SPEED_CHANGING_LAYER
; printing object Генератор.stl id:0 copy 0
M486 S0
G1 Z2.8 F24000
G1 X130.729 Y108.367 Z2.8
G1 Z2.6
G1 E1 F2700
;TYPE:Inner wall
;WIDTH:0.449999
G1 F9497
G1 X130.737 Y108.441 E.00222
G1 X130.781 Y109.241 E.02384
G1 X130.792 Y110.406 E.03472
G1 X130.761 Y111.206 E.02385
G1 X130.655 Y112.417 E.03621
G1 X130.547 Y113.21 E.02384
G1 X130.325 Y114.403 E.03612
G1 X130.034 Y115.579 E.03609
G1 X129.762 Y116.473 E.02784
G1 X129.4 Y117.492 E.03223
G1 X129.097 Y118.234 E.02387
G1 X128.583 Y119.336 E.03621
G1 X128.21 Y120.045 E.02385
G1 X127.592 Y121.091 E.03621
G1 X127.152 Y121.76 E.02384
G1 X126.435 Y122.742 E.03621
G1 X125.933 Y123.365 E.02384
G1 X125.127 Y124.271 E.03612
G1 X124.271 Y125.127 E.03603
G1 X123.365 Y125.933 E.03612
G1 X122.74 Y126.437 E.02393
G1 X122.095 Y126.917 E.02393
G1 X121.086 Y127.595 E.03622
G1 X120.401 Y128.009 E.02384
G1 X119.331 Y128.586 E.03621
G1 X118.608 Y128.931 E.02385
G1 X117.49 Y129.4 E.03612
G1 X116.347 Y129.804 E.03612
G1 X115.577 Y130.035 E.02394
G1 X114.799 Y130.235 E.02393
G1 X113.608 Y130.481 E.03622
G1 X112.817 Y130.605 E.02385
G1 X111.609 Y130.734 E.03621
G1 X110.809 Y130.781 E.02384
G1 X109.594 Y130.792 E.03621
G1 X108.794 Y130.761 E.02385
G1 X107.583 Y130.655 E.03621
G1 X106.79 Y130.547 E.02384
G1 X105.597 Y130.325 E.03612
G1 X104.421 Y130.034 E.03609
G1 X103.527 Y129.762 E.02784
G1 X102.508 Y129.4 E.03223
G1 X101.766 Y129.097 E.02387
G1 X100.664 Y128.583 E.03621
G1 X99.955 Y128.21 E.02385
G1 X98.909 Y127.592 E.03621
G1 X98.24 Y127.152 E.02384
G1 X97.258 Y126.435 E.03621
G1 X96.635 Y125.933 E.02384
G1 X95.729 Y125.127 E.03612
G1 X94.873 Y124.271 E.03603
G1 X94.067 Y123.365 E.03612
G1 X93.563 Y122.74 E.02393
G1 X93.083 Y122.095 E.02393
G1 X92.405 Y121.086 E.03622
G1 X91.991 Y120.401 E.02384
G1 X91.414 Y119.331 E.03621
G1 X91.069 Y118.608 E.02385
G1 X90.6 Y117.49 E.03612
G1 X90.196 Y116.347 E.03612
G1 X89.965 Y115.577 E.02394
G1 X89.765 Y114.799 E.02393
G1 X89.519 Y113.608 E.03622
G1 X89.395 Y112.817 E.02385
G1 X89.266 Y111.609 E.03621
G1 X89.219 Y110.809 E.02384
G1 X89.208 Y109.597 E.03612
G1 X89.266 Y108.385 E.03613
G1 X89.344 Y107.586 E.02393
G1 X89.453 Y106.79 E.02393
G1 X89.676 Y105.594 E.03621
G1 X89.86 Y104.815 E.02384
G1 X90.198 Y103.648 E.03621
G1 X90.457 Y102.89 E.02384
G1 X90.906 Y101.76 E.03622
G1 X91.237 Y101.031 E.02385
G1 X91.793 Y99.952 E.03617
G1 X92.263 Y99.144 E.02784
G1 X92.849 Y98.238 E.03215
G1 X93.565 Y97.258 E.03615
G1 X94.067 Y96.635 E.02384
G1 X94.873 Y95.729 E.03612
G1 X95.729 Y94.873 E.03603
G1 X96.635 Y94.067 E.03612
G1 X97.26 Y93.563 E.02393
G1 X97.905 Y93.083 E.02393
G1 X98.911 Y92.407 E.03613
G1 X99.955 Y91.791 E.03608
G1 X100.783 Y91.359 E.02784
G1 X101.765 Y90.904 E.03223
G1 X102.507 Y90.601 E.02387
G1 X103.653 Y90.196 E.03621
G1 X104.423 Y89.965 E.02394
G1 X105.201 Y89.765 E.02393
G1 X106.392 Y89.519 E.03621
G1 X107.183 Y89.395 E.02385
G1 X108.391 Y89.266 E.03621
G1 X109.191 Y89.219 E.02384
G1 X110.406 Y89.208 E.03621
G1 X111.206 Y89.239 E.02385
G1 X112.417 Y89.345 E.03621
G1 X113.21 Y89.453 E.02384
G1 X114.406 Y89.676 E.03621
G1 X115.185 Y89.86 E.02384
G1 X116.353 Y90.198 E.03621
G1 X117.11 Y90.457 E.02384
G1 X118.24 Y90.906 E.03622
G1 X118.969 Y91.237 E.02385
G1 X120.048 Y91.793 E.03617
G1 X120.856 Y92.263 E.02784
G1 X121.762 Y92.849 E.03215
G1 X122.742 Y93.565 E.03615
G1 X123.365 Y94.067 E.02384
G1 X124.271 Y94.873 E.03612
G1 X125.127 Y95.729 E.03603
G1 X125.933 Y96.635 E.03612
G1 X126.437 Y97.26 E.02393
G1 X126.917 Y97.905 E.02393
G1 X127.593 Y98.911 E.03613
G1 X128.209 Y99.955 E.03608
G1 X128.641 Y100.783 E.02784
G1 X129.096 Y101.765 E.03223
G1 X129.399 Y102.507 E.02387
G1 X129.804 Y103.653 E.03621
G1 X130.035 Y104.423 E.02394
G1 X130.235 Y105.201 E.02393
G1 X130.481 Y106.392 E.03621
G1 X130.605 Y107.183 E.02385
G1 X130.725 Y108.327 E.03429
G1 X131.14 Y108.324 F24000
M204 P4000
;TYPE:Outer wall
;WIDTH:0.419999
G1 F9497
G1 X131.15 Y108.417 E.00259
G1 X131.195 Y109.237 E.02264
G1 X131.206 Y110.412 E.03244
G1 X131.174 Y111.232 E.02264
G1 X131.066 Y112.463 E.0341
G1 X130.955 Y113.276 E.02264
G1 X130.729 Y114.49 E.03407
G1 X130.433 Y115.688 E.03406
G1 X130.155 Y116.602 E.02635
G1 X129.786 Y117.64 E.03039
G1 X129.476 Y118.4 E.02265
G1 X128.953 Y119.52 E.0341
G1 X128.571 Y120.246 E.02265
G1 X127.943 Y121.31 E.03409
G1 X127.492 Y121.996 E.02264
G1 X126.764 Y122.994 E.0341
G1 X126.248 Y123.633 E.02264
G1 X125.428 Y124.555 E.03407
G1 X124.555 Y125.428 E.03404
G1 X123.633 Y126.248 E.03407
G1 X122.993 Y126.764 E.02267
G1 X122.334 Y127.255 E.02267
G1 X121.308 Y127.944 E.0341
G1 X120.606 Y128.368 E.02264
G1 X119.518 Y128.954 E.0341
G1 X118.778 Y129.308 E.02265
G1 X117.639 Y129.786 E.03406
G1 X116.475 Y130.197 E.03407
G1 X115.688 Y130.433 E.02267
G1 X114.892 Y130.638 E.02267
G1 X113.682 Y130.888 E.0341
G1 X112.871 Y131.015 E.02264
G1 X111.643 Y131.146 E.0341
G1 X110.823 Y131.194 E.02264
G1 X109.588 Y131.206 E.0341
G1 X108.768 Y131.174 E.02264
G1 X107.537 Y131.066 E.0341
G1 X106.724 Y130.955 E.02264
G1 X105.51 Y130.729 E.03407
G1 X104.312 Y130.433 E.03406
G1 X103.398 Y130.155 E.02635
G1 X102.36 Y129.786 E.03039
G1 X101.6 Y129.476 E.02265
G1 X100.48 Y128.953 E.0341
G1 X99.754 Y128.571 E.02265
G1 X98.69 Y127.943 E.03409
G1 X98.004 Y127.492 E.02264
G1 X97.006 Y126.764 E.0341
G1 X96.367 Y126.248 E.02264
G1 X95.445 Y125.428 E.03407
G1 X94.572 Y124.555 E.03404
G1 X93.752 Y123.633 E.03407
G1 X93.236 Y122.993 E.02267
G1 X92.745 Y122.334 E.02267
G1 X92.056 Y121.308 E.0341
G1 X91.632 Y120.606 E.02264
G1 X91.046 Y119.518 E.0341
G1 X90.692 Y118.778 E.02265
G1 X90.214 Y117.639 E.03406
G1 X89.803 Y116.475 E.03407
G1 X89.567 Y115.688 E.02267
G1 X89.362 Y114.892 E.02267
G1 X89.112 Y113.682 E.0341
G1 X88.985 Y112.871 E.02264
G1 X88.854 Y111.643 E.0341
G1 X88.806 Y110.823 E.02264
G1 X88.794 Y109.589 E.03407
G1 X88.854 Y108.355 E.03408
G1 X88.933 Y107.538 E.02266
G1 X89.045 Y106.724 E.02267
G1 X89.271 Y105.509 E.0341
G1 X89.46 Y104.71 E.02264
G1 X89.803 Y103.523 E.0341
G1 X90.069 Y102.747 E.02264
G1 X90.525 Y101.598 E.0341
G1 X90.865 Y100.851 E.02264
G1 X91.43 Y99.753 E.03408
G1 X91.911 Y98.928 E.02635
G1 X92.509 Y98.004 E.03036
G1 X93.236 Y97.006 E.03408
G1 X93.752 Y96.367 E.02264
G1 X94.572 Y95.445 E.03407
G1 X95.445 Y94.572 E.03404
G1 X96.367 Y93.752 E.03407
G1 X97.007 Y93.236 E.02267
G1 X97.666 Y92.745 E.02267
G1 X98.691 Y92.057 E.03407
G1 X99.754 Y91.429 E.03406
G1 X100.601 Y90.988 E.02635
G1 X101.6 Y90.524 E.03039
G1 X102.36 Y90.214 E.02265
G1 X103.525 Y89.803 E.0341
G1 X104.312 Y89.567 E.02267
G1 X105.108 Y89.362 E.02267
G1 X106.318 Y89.112 E.0341
G1 X107.129 Y88.985 E.02264
G1 X108.357 Y88.854 E.0341
G1 X109.177 Y88.806 E.02264
G1 X110.412 Y88.794 E.0341
G1 X111.232 Y88.826 E.02265
G1 X112.463 Y88.934 E.03409
G1 X113.276 Y89.045 E.02264
G1 X114.491 Y89.271 E.0341
G1 X115.29 Y89.46 E.02264
G1 X116.477 Y89.803 E.0341
G1 X117.253 Y90.069 E.02264
G1 X118.402 Y90.525 E.0341
G1 X119.149 Y90.865 E.02264
G1 X120.247 Y91.43 E.03408
G1 X121.072 Y91.911 E.02635
G1 X121.996 Y92.509 E.03036
G1 X122.994 Y93.236 E.03408
G1 X123.633 Y93.752 E.02264
G1 X124.555 Y94.572 E.03407
G1 X125.428 Y95.445 E.03404
G1 X126.248 Y96.367 E.03407
G1 X126.764 Y97.007 E.02267
G1 X127.255 Y97.666 E.02267
G1 X127.943 Y98.691 E.03407
G1 X128.571 Y99.754 E.03406
G1 X129.012 Y100.601 E.02635
G1 X129.476 Y101.6 E.03039
G1 X129.786 Y102.36 E.02265
G1 X130.197 Y103.525 E.0341
G1 X130.433 Y104.312 E.02267
G1 X130.638 Y105.108 E.02267
G1 X130.888 Y106.318 E.0341
G1 X131.015 Y107.129 E.02264
G1 X131.136 Y108.284 E.03206
G1 E-1 F2400
;WIPE_START
G1 F12000
G1 X131.15 Y108.417
G1 X131.195 Y109.237
G1 X131.205 Y110.282
;WIPE_END
G1 Z2.8 F24000
G1 X96.008 Y100.944 Z2.8
G1 Z2.6
G1 E1 F2700
M204 P5000
;TYPE:Inner wall
;WIDTH:0.449999
G1 F9497
G1 X96.267 Y100.545 E.01416
G1 X96.703 Y99.94 E.02221
G1 X97.176 Y99.343 E.02269
G1 X97.904 Y98.525 E.03263
G1 X98.434 Y97.991 E.02241
G1 X98.982 Y97.486 E.02221
G1 X99.638 Y96.938 E.02545
G1 X100.329 Y96.422 E.02569
G1 X101.079 Y95.913 E.02699
G1 X102.001 Y95.372 E.03182
G1 X102.637 Y95.042 E.02136
G1 X103.371 Y94.701 E.02412
G1 X104.016 Y94.438 E.02073
G1 X104.961 Y94.111 E.0298
G1 X105.535 Y93.94 E.01782
G1 X106.136 Y93.784 E.0185
G1 X107.138 Y93.577 E.03049
G1 X107.739 Y93.484 E.01812
G1 X108.757 Y93.373 E.03049
G1 X109.356 Y93.344 E.01785
G1 X110.36 Y93.337 E.02991
G1 X110.95 Y93.357 E.01759
G1 X111.969 Y93.446 E.03048
G1 X112.572 Y93.53 E.01812
G1 X113.578 Y93.715 E.03049
G1 X114.67 Y93.994 E.03358
G1 X115.388 Y94.221 E.02241
G1 X116.088 Y94.478 E.02221
G1 X116.635 Y94.706 E.01766
G1 X117.179 Y94.957 E.01786
G1 X118.066 Y95.416 E.02974
G1 X118.692 Y95.776 E.0215
G1 X119.409 Y96.245 E.02555
G1 X119.98 Y96.643 E.02071
G1 X120.572 Y97.107 E.02241
G1 X121.138 Y97.592 E.02221
G1 X121.682 Y98.103 E.02222
G1 X122.787 Y99.305 E.04863
G1 X123.176 Y99.789 E.0185
G1 X123.838 Y100.699 E.03354
G1 X124.227 Y101.305 E.02144
G1 X124.617 Y101.983 E.02331
G1 X124.946 Y102.625 E.02147
G1 X125.316 Y103.419 E.02609
G1 X125.546 Y103.985 E.01821
G1 X125.888 Y104.949 E.03049
G1 X126.211 Y106.102 E.03566
G1 X126.371 Y106.837 E.02241
G1 X126.496 Y107.572 E.02221
G1 X126.588 Y108.312 E.02221
G1 X126.647 Y109.055 E.02221
G1 X126.672 Y109.801 E.02221
G1 X126.667 Y110.353 E.01646
G1 X126.641 Y110.952 E.01785
G1 X126.551 Y111.952 E.02991
G1 X126.477 Y112.538 E.01758
G1 X126.376 Y113.137 E.01811
G1 X126.219 Y113.866 E.02221
G1 X126.051 Y114.497 E.01946
G1 X125.678 Y115.676 E.03682
G1 X125.418 Y116.347 E.02144
G1 X125.119 Y117.03 E.02221
G1 X124.6 Y118.044 E.03393
G1 X124.081 Y118.926 E.03048
G1 X123.412 Y119.905 E.03531
G1 X122.952 Y120.5 E.02241
G1 X122.47 Y121.068 E.02221
G1 X122.115 Y121.451 E.01553
G1 X121.422 Y122.135 E.02902
G1 X120.687 Y122.795 E.02941
G1 X120.202 Y123.183 E.01851
G1 X119.704 Y123.554 E.0185
G1 X118.855 Y124.126 E.03049
G1 X118.34 Y124.432 E.01785
G1 X117.472 Y124.905 E.02945
G1 X116.882 Y125.185 E.01943
G1 X115.97 Y125.562 E.02941
G1 X115.058 Y125.888 E.02884
G1 X114.444 Y126.068 E.01908
G1 X113.85 Y126.217 E.01824
G1 X112.866 Y126.418 E.02991
G1 X111.78 Y126.578 E.03268
G1 X111.266 Y126.622 E.01538
G1 X110.659 Y126.657 E.01812
G1 X109.635 Y126.668 E.03049
G1 X108.438 Y126.6 E.03573
G1 X107.69 Y126.513 E.02241
G1 X106.954 Y126.393 E.02221
G1 X106.458 Y126.289 E.01511
G1 X105.502 Y126.055 E.0293
G1 X104.789 Y125.838 E.02221
G1 X104.086 Y125.589 E.02221
G1 X103.395 Y125.309 E.02221
G1 X102.717 Y124.999 E.02221
G1 X101.959 Y124.605 E.02545
G1 X101.094 Y124.095 E.02991
G1 X100.557 Y123.739 E.01919
G1 X99.866 Y123.24 E.02539
G1 X99.281 Y122.761 E.02254
G1 X98.54 Y122.108 E.02941
G1 X97.852 Y121.419 E.02901
G1 X97.186 Y120.668 E.02991
G1 X96.809 Y120.194 E.01804
G1 X96.439 Y119.695 E.01851
G1 X95.874 Y118.852 E.03022
G1 X95.557 Y118.327 E.01826
G1 X95.137 Y117.556 E.02615
G1 X94.814 Y116.884 E.02221
G1 X94.521 Y116.198 E.02221
G1 X94.142 Y115.149 E.03323
G1 X93.927 Y114.433 E.02227
G1 X93.78 Y113.839 E.01824
G1 X93.579 Y112.855 E.02991
G1 X93.486 Y112.272 E.01758
G1 X93.376 Y111.254 E.03049
G1 X93.343 Y110.647 E.01812
G1 X93.33 Y109.64 E.03
G1 X93.363 Y108.895 E.02221
G1 X93.449 Y108.033 E.02581
G1 X93.528 Y107.44 E.01782
G1 X93.715 Y106.434 E.03049
G1 X93.857 Y105.842 E.01812
G1 X94.133 Y104.878 E.02988
G1 X94.339 Y104.293 E.01846
G1 X94.712 Y103.361 E.02991
G1 X94.955 Y102.823 E.01758
G1 X95.419 Y101.917 E.03032
G1 X95.792 Y101.278 E.02204
G1 X95.987 Y100.978 E.01066
G1 X96.356 Y101.169 F24000
M204 P4000
;TYPE:Outer wall
;WIDTH:0.419999
G1 F9497
G1 X96.612 Y100.772 E.01303
G1 X97.038 Y100.183 E.02006
G1 X97.493 Y99.609 E.0202
G1 X98.213 Y98.8 E.0299
G1 X98.727 Y98.282 E.02012
G1 X99.262 Y97.79 E.02006
G1 X99.903 Y97.256 E.02302
G1 X100.577 Y96.754 E.02318
G1 X101.3 Y96.263 E.02412
G1 X102.21 Y95.729 E.02911
G1 X102.826 Y95.41 E.01914
G1 X103.544 Y95.077 E.02184
G1 X104.172 Y94.822 E.01869
G1 X105.095 Y94.502 E.02697
G1 X105.646 Y94.338 E.01587
G1 X106.23 Y94.187 E.01663
G1 X107.214 Y93.983 E.02773
G1 X107.797 Y93.894 E.01627
G1 X108.796 Y93.785 E.02773
G1 X109.375 Y93.757 E.01598
G1 X110.356 Y93.75 E.02709
G1 X110.924 Y93.77 E.01568
G1 X111.925 Y93.857 E.02772
G1 X112.509 Y93.939 E.01627
G1 X113.498 Y94.121 E.02773
G1 X114.567 Y94.395 E.03047
G1 X115.262 Y94.615 E.02012
G1 X115.945 Y94.866 E.02006
G1 X116.475 Y95.088 E.01584
G1 X117.001 Y95.33 E.01598
G1 X117.868 Y95.779 E.02693
G1 X118.474 Y96.127 E.0193
G1 X119.173 Y96.584 E.02303
G1 X119.743 Y96.982 E.01918
G1 X120.317 Y97.432 E.02012
G1 X120.868 Y97.906 E.02006
G1 X121.398 Y98.404 E.02007
G1 X122.471 Y99.572 E.04377
G1 X122.849 Y100.042 E.01663
G1 X123.21 Y100.525 E.01663
G1 X123.763 Y101.348 E.02737
G1 X124.258 Y102.189 E.02692
G1 X124.576 Y102.811 E.01927
G1 X124.937 Y103.585 E.02356
G1 X125.161 Y104.134 E.01636
G1 X125.496 Y105.081 E.02773
G1 X125.813 Y106.214 E.03247
G1 X125.966 Y106.925 E.02004
G1 X126.088 Y107.641 E.02006
G1 X126.177 Y108.363 E.02006
G1 X126.234 Y109.088 E.02006
G1 X126.259 Y109.815 E.02006
G1 X126.253 Y110.349 E.01474
G1 X126.228 Y110.927 E.01598
G1 X126.14 Y111.905 E.02709
G1 X126.069 Y112.469 E.01567
G1 X125.967 Y113.071 E.01685
G1 X125.815 Y113.779 E.01999
G1 X125.651 Y114.39 E.01746
G1 X125.445 Y115.058 E.01927
G1 X125.162 Y115.863 E.02356
G1 X124.737 Y116.871 E.03017
G1 X124.419 Y117.516 E.01985
G1 X124.068 Y118.153 E.02006
G1 X123.728 Y118.711 E.01802
G1 X123.072 Y119.67 E.03207
G1 X122.625 Y120.246 E.02012
G1 X122.155 Y120.8 E.02006
G1 X121.812 Y121.169 E.01388
G1 X121.136 Y121.837 E.02624
G1 X120.418 Y122.481 E.0266
G1 X119.947 Y122.858 E.01663
G1 X119.463 Y123.217 E.01663
G1 X118.63 Y123.779 E.02773
G1 X118.132 Y124.074 E.01598
G1 X117.279 Y124.54 E.0268
G1 X116.706 Y124.811 E.01751
G1 X115.815 Y125.179 E.0266
G1 X114.924 Y125.496 E.02608
G1 X114.327 Y125.671 E.01716
G1 X113.753 Y125.815 E.01633
G1 X112.791 Y126.012 E.02709
G1 X111.727 Y126.168 E.02967
G1 X111.003 Y126.229 E.02006
G1 X110.276 Y126.258 E.02006
G1 X109.638 Y126.254 E.01763
G1 X108.463 Y126.187 E.03246
G1 X107.739 Y126.102 E.02012
G1 X107.021 Y125.985 E.02006
G1 X106.31 Y125.836 E.02006
G1 X105.605 Y125.655 E.02006
G1 X104.91 Y125.443 E.02006
G1 X104.225 Y125.2 E.02006
G1 X103.551 Y124.926 E.02006
G1 X102.89 Y124.623 E.02006
G1 X102.15 Y124.238 E.02302
G1 X101.304 Y123.739 E.02709
G1 X100.786 Y123.395 E.01717
G1 X100.11 Y122.907 E.023
G1 X99.543 Y122.441 E.02024
G1 X98.82 Y121.804 E.0266
G1 X98.146 Y121.129 E.02631
G1 X97.496 Y120.394 E.02709
G1 X97.133 Y119.937 E.0161
G1 X96.774 Y119.452 E.01663
G1 X96.221 Y118.626 E.02744
G1 X95.913 Y118.116 E.01643
G1 X95.502 Y117.361 E.02374
G1 X95.187 Y116.705 E.02006
G1 X94.902 Y116.036 E.02007
G1 X94.532 Y115.012 E.03006
G1 X94.323 Y114.315 E.02008
G1 X94.181 Y113.74 E.01634
G1 X93.985 Y112.778 E.02709
G1 X93.896 Y112.217 E.01567
G1 X93.788 Y111.218 E.02773
G1 X93.756 Y110.629 E.01627
G1 X93.744 Y109.64 E.02728
G1 X93.776 Y108.914 E.02007
G1 X93.861 Y108.074 E.02327
G1 X93.937 Y107.504 E.01587
G1 X94.12 Y106.516 E.02773
G1 X94.258 Y105.943 E.01627
G1 X94.529 Y104.996 E.02717
G1 X94.729 Y104.431 E.01654
G1 X95.093 Y103.519 E.02709
G1 X95.328 Y103.002 E.01568
G1 X95.784 Y102.112 E.02757
G1 X96.148 Y101.49 E.0199
G1 X96.334 Y101.202 E.00945
G1 E-1 F2400
;WIPE_START
G1 F12000
G1 X96.612 Y100.772
G1 X97.038 Y100.183
G1 X97.493 Y99.609
G1 X97.512 Y99.588
;WIPE_END
G1 Z2.8 F24000
G1 X93.034 Y110.562 Z2.8
G1 Z2.6
G1 E1 F2700
M204 P5000
;TYPE:Sparse infill
;WIDTH:0.45
G1 F9497
M73 P42 R4
G1 X93.026 Y109.603 E.02857
G1 X93.057 Y108.934 E.01993
G1 X92.384 Y108.261 E.02836
G1 X90.311 Y107.594 E.06485
G1 X89.731 Y107.013 E.02446
G1 X89.975 Y105.658 E.04103
G1 X90.156 Y104.893 E.0234
G1 X90.561 Y103.529 E.04238
G1 X92.384 Y104.116 E.05704
G1 X93.086 Y104.819 E.0296
G1 X93.487 Y106.063 E.03894
G1 X93.631 Y105.489 E.01764
G1 X93.85 Y104.759 E.02271
G1 X94.141 Y103.939 E.02589
G1 X94.377 Y103.37 E.01836
G1 X93.753 Y102.746 E.02628
G1 X93.086 Y100.674 E.06485
G1 X92.384 Y99.971 E.0296
G1 X92.174 Y99.903 E.00656
G1 X92.523 Y99.304 E.02067
G1 X93.101 Y98.411 E.03168
G1 X93.511 Y97.849 E.02073
G1 X93.753 Y98.601 E.02354
G1 X94.456 Y99.304 E.0296
G1 X96.347 Y99.913 E.05918
G1 X96.955 Y99.132 E.02947
G1 X97.776 Y98.219 E.03655
G1 X97.231 Y96.529 E.05291
G1 X96.529 Y95.826 E.0296
G1 X95.53 Y95.504 E.03126
G1 X95.938 Y95.096 E.01722
G1 X96.832 Y94.3 E.03564
G1 X97.642 Y93.659 E.03077
G1 X97.898 Y94.456 E.02494
G1 X98.601 Y95.159 E.0296
G1 X100.664 Y95.823 E.06456
G1 X100.926 Y95.649 E.00936
G1 X101.873 Y95.093 E.03272
G1 X102.406 Y94.818 E.01784
G1 X102.043 Y94.456 E.01526
G1 X101.376 Y92.384 E.06485
G1 X100.726 Y91.733 E.02741
G1 X101.887 Y91.184 E.03827
G1 X102.618 Y90.885 E.02351
G1 X102.746 Y91.014 E.00542
G1 X104.819 Y91.681 E.06485
G1 X105.521 Y92.384 E.0296
G1 X105.89 Y93.528 E.03582
G1 X106.516 Y93.382 E.01914
G1 X107.265 Y93.243 E.0227
G1 X108.02 Y93.137 E.0227
G1 X108.779 Y93.065 E.02271
G1 X109.874 Y93.028 E.03263
G1 X109.666 Y92.384 E.02015
G1 X108.964 Y91.681 E.0296
G1 X106.891 Y91.014 E.06485
G1 X106.189 Y90.311 E.0296
G1 X106.056 Y89.9 E.01286
G1 X106.446 Y89.82 E.01186
G1 X107.223 Y89.698 E.0234
G1 X108.417 Y89.57 E.03577
G1 X109.201 Y89.525 E.0234
G1 X110.078 Y89.518 E.02613
G1 X110.334 Y90.311 E.02483
G1 X111.036 Y91.014 E.0296
G1 X113.109 Y91.681 E.06485
G1 X113.811 Y92.384 E.0296
G1 X114.189 Y93.555 E.03667
G1 X114.772 Y93.705 E.01793
G1 X115.746 Y94.027 E.03057
G1 X128.055 Y100.319 F24000
G1 F9497
G1 X127.335 Y99.074 E.04284
G1 X127.229 Y98.917 E.00566
G1 X126.914 Y98.601 E.01329
G1 X126.818 Y98.305 E.00926
G1 X126.668 Y98.081 E.00804
G1 X126.196 Y97.447 E.02354
G1 X125.7 Y96.832 E.02354
G1 X124.904 Y95.938 E.03564
G1 X124.435 Y95.469 E.01977
G1 X123.471 Y95.159 E.03016
G1 X122.769 Y94.456 E.0296
G1 X122.556 Y93.807 E.02035
G1 X121.589 Y93.101 E.03567
G1 X120.696 Y92.523 E.03168
G1 X119.902 Y92.06 E.02738
G1 X118.836 Y91.512 E.03571
G1 X118.12 Y91.187 E.02341
G1 X117.004 Y90.743 E.03577
G1 X116.261 Y90.489 E.0234
G1 X115.107 Y90.156 E.03577
G1 X114.373 Y89.982 E.02248
G1 X114.479 Y90.311 E.01031
G1 X115.181 Y91.014 E.0296
G1 X117.254 Y91.681 E.06485
G1 X117.957 Y92.384 E.0296
G1 X118.624 Y94.456 E.06485
G1 X119.326 Y95.159 E.0296
G1 X121.399 Y95.826 E.06485
G1 X122.102 Y96.529 E.0296
G1 X122.769 Y98.601 E.06485
G1 X123.471 Y99.304 E.0296
G1 X125.544 Y99.971 E.06485
G1 X126.247 Y100.674 E.0296
G1 X126.914 Y102.746 E.06485
G1 X127.616 Y103.449 E.0296
G1 X129.617 Y104.093 E.06261
G1 X129.938 Y105.27 E.03634
G1 X130.18 Y106.446 E.03577
G1 X130.302 Y107.223 E.0234
G1 X130.43 Y108.417 E.03577
G1 X130.476 Y109.225 E.02411
G1 X130.392 Y108.964 E.00816
G1 X129.689 Y108.261 E.0296
G1 X127.616 Y107.594 E.06485
G1 X126.914 Y106.891 E.0296
G1 X126.247 Y104.819 E.06485
G1 X126.126 Y104.698 E.0051
G1 X125.971 Y104.238 E.01445
G1 X125.544 Y103.178 E.03405
G1 X126.965 Y109.435 F24000
G1 F9497
G1 X126.969 Y110.574 E.03392
G1 X126.94 Y111.062 E.01458
G1 X127.616 Y111.739 E.0285
G1 X129.689 Y112.406 E.06485
G1 X130.269 Y112.987 E.02446
G1 X130.026 Y114.338 E.0409
G1 X129.74 Y115.498 E.03558
G1 X129.439 Y116.471 E.03034
G1 X127.616 Y115.884 E.05704
G1 X126.914 Y115.181 E.0296
G1 X126.515 Y113.942 E.03879
G1 X126.286 Y114.799 E.02642
G1 X125.971 Y115.763 E.03023
G1 X125.626 Y116.633 E.02788
G1 X126.247 Y117.254 E.02613
G1 X126.914 Y119.326 E.06485
G1 X127.616 Y120.029 E.0296
G1 X127.825 Y120.096 E.00652
G1 X127.333 Y120.93 E.02883
G1 X126.901 Y121.586 E.0234
G1 X126.489 Y122.151 E.02083
G1 X126.247 Y121.399 E.02354
G1 X125.544 Y120.696 E.0296
G1 X123.656 Y120.089 E.05907
G1 X123.183 Y120.7 E.02304
G1 X122.689 Y121.281 E.0227
G1 X122.224 Y121.781 E.02032
G1 X122.769 Y123.471 E.0529
G1 X123.471 Y124.174 E.0296
G1 X124.47 Y124.496 E.03126
G1 X124.062 Y124.904 E.01722
G1 X123.168 Y125.7 E.03564
G1 X122.358 Y126.341 E.03077
G1 X122.102 Y125.544 E.02494
G1 X121.399 Y124.841 E.0296
G1 X119.335 Y124.177 E.06457
G1 X118.917 Y124.449 E.01487
G1 X118.166 Y124.885 E.02587
G1 X117.597 Y125.184 E.01914
G1 X117.957 Y125.544 E.01514
G1 X118.624 Y127.616 E.06485
G1 X119.276 Y128.268 E.02747
G1 X118.483 Y128.652 E.02623
G1 X117.382 Y129.115 E.03557
G1 X117.254 Y128.986 E.00541
G1 X115.181 Y128.319 E.06485
G1 X114.479 Y127.616 E.0296
G1 X114.109 Y126.469 E.03591
G1 X113.556 Y126.601 E.01694
G1 X112.557 Y126.785 E.03027
G1 X111.8 Y126.883 E.02272
G1 X111.041 Y126.947 E.0227
G1 X110.127 Y126.976 E.02722
G1 X110.334 Y127.616 E.02005
G1 X111.036 Y128.319 E.0296
G1 X113.109 Y128.986 E.06485
G1 X113.811 Y129.689 E.0296
G1 X113.944 Y130.1 E.01286
G1 X113.554 Y130.18 E.01186
G1 X112.777 Y130.302 E.0234
G1 X111.583 Y130.43 E.03577
G1 X110.799 Y130.475 E.0234
G1 X109.922 Y130.484 E.02612
G1 X109.666 Y129.689 E.02488
G1 X108.964 Y128.986 E.0296
G1 X106.891 Y128.319 E.06485
G1 X106.189 Y127.616 E.0296
G1 X105.813 Y126.45 E.03648
G1 X104.693 Y126.128 E.03471
G1 X104.257 Y125.973 E.01378
G1 E-1 F2400
;WIPE_START
G1 F12000
G1 X104.693 Y126.128
G1 X105.813 Y126.45
G1 X105.927 Y126.804
;WIPE_END
G1 Z2.8 F24000
G1 X94.454 Y116.819 Z2.8
G1 Z2.6
G1 E1 F2700
G1 F9497
G1 X94.223 Y116.274 E.01761
G1 X93.871 Y115.299 E.03089
G1 X93.753 Y115.181 E.00496
G1 X93.086 Y113.109 E.06485
G1 X92.384 Y112.406 E.0296
G1 X90.311 Y111.739 E.06485
G1 X89.608 Y111.036 E.0296
M73 P43 R4
G1 X89.524 Y110.775 E.00816
G1 X89.57 Y111.583 E.02411
G1 X89.698 Y112.777 E.03577
G1 X89.82 Y113.554 E.0234
G1 X90.062 Y114.73 E.03577
G1 X90.383 Y115.907 E.03634
G1 X92.384 Y116.551 E.06261
G1 X93.086 Y117.254 E.0296
G1 X93.753 Y119.326 E.06485
G1 X94.456 Y120.029 E.0296
G1 X96.529 Y120.696 E.06485
G1 X97.231 Y121.399 E.0296
G1 X97.898 Y123.471 E.06485
G1 X98.601 Y124.174 E.0296
G1 X100.674 Y124.841 E.06485
G1 X101.376 Y125.544 E.0296
G1 X102.043 Y127.616 E.06485
G1 X102.746 Y128.319 E.0296
G1 X104.819 Y128.986 E.06485
G1 X105.521 Y129.689 E.0296
G1 X105.627 Y130.018 E.01029
G1 X104.502 Y129.74 E.03452
G1 X103.623 Y129.472 E.02739
G1 X102.616 Y129.114 E.03181
G1 X101.888 Y128.817 E.02344
G1 X100.8 Y128.309 E.03577
G1 X100.104 Y127.943 E.02341
G1 X99.07 Y127.333 E.03577
G1 X98.414 Y126.901 E.0234
G1 X97.444 Y126.193 E.03577
G1 X97.231 Y125.544 E.02035
G1 X96.529 Y124.841 E.0296
G1 X95.565 Y124.531 E.03016
G1 X95.096 Y124.062 E.01977
G1 X94.3 Y123.168 E.03564
G1 X93.804 Y122.553 E.02354
G1 X93.332 Y121.919 E.02354
G1 X93.182 Y121.695 E.00804
G1 X93.086 Y121.399 E.00926
G1 X92.771 Y121.083 E.01329
G1 X92.663 Y120.922 E.00579
G1 X92.257 Y120.249 E.0234
G1 X91.949 Y119.679 E.01931
; stop printing object Генератор.stl id:0 copy 0
;LAYER_CHANGE
;Z:2.8
;HEIGHT:0.2
;BEFORE_LAYER_CHANGE
;2.8
G92 E0

G1 E-1 F2400
;WIPE_START
G1 F12000
G1 X92.257 Y120.249
G1 X92.663 Y120.922
G1 X92.771 Y121.083
G1 X93.034 Y121.346
;WIPE_END
M486 S-1
;_SET_FAN_SPEED_CHANGING_LAYER
; printing object Генератор.stl id:0 copy 0
M486 S0
G1 Z3 F24000
G1 X130.733 Y108.416 Z3
G1 Z2.8
G1 E1 F2700
;TYPE:Inner wall
;WIDTH:0.449999
G1 F9343
G1 X130.785 Y109.384 E.02889
G1 X130.792 Y110.405 E.03042
G1 X130.761 Y111.206 E.02387
G1 X130.655 Y112.417 E.03621
G1 X130.547 Y113.21 E.02384
G1 X130.324 Y114.406 E.03621
G1 X130.14 Y115.185 E.02384
G1 X129.802 Y116.353 E.03621
G1 X129.543 Y117.11 E.02384
G1 X129.095 Y118.237 E.03612
G1 X128.583 Y119.336 E.03612
G1 X128.21 Y120.045 E.02385
G1 X127.592 Y121.091 E.03621
G1 X127.152 Y121.76 E.02384
G1 X126.435 Y122.742 E.03621
G1 X125.933 Y123.365 E.02384
G1 X125.127 Y124.271 E.03612
G1 X124.271 Y125.127 E.03603
G1 X123.366 Y125.932 E.03608
G1 X122.626 Y126.523 E.02822
G1 X121.761 Y127.151 E.03186
G1 X121.089 Y127.593 E.02396
G1 X120.401 Y128.009 E.02393
G1 X119.331 Y128.586 E.03621
G1 X118.608 Y128.931 E.02385
G1 X117.49 Y129.4 E.03612
G1 X116.347 Y129.804 E.03612
G1 X115.58 Y130.034 E.02384
G1 X114.4 Y130.326 E.03621
G1 X113.614 Y130.48 E.02385
G1 X112.411 Y130.656 E.03621
G1 X111.613 Y130.734 E.02389
G1 X110.664 Y130.785 E.02831
G1 X109.595 Y130.792 E.03186
G1 X108.794 Y130.761 E.02387
G1 X107.583 Y130.655 E.03621
G1 X106.79 Y130.547 E.02384
G1 X105.594 Y130.324 E.03621
G1 X104.815 Y130.14 E.02384
G1 X103.648 Y129.802 E.03621
G1 X102.89 Y129.543 E.02384
G1 X101.763 Y129.095 E.03612
G1 X100.664 Y128.583 E.03612
G1 X99.955 Y128.21 E.02385
G1 X98.909 Y127.592 E.03621
G1 X98.24 Y127.152 E.02384
G1 X97.258 Y126.435 E.03621
G1 X96.635 Y125.933 E.02384
G1 X95.729 Y125.127 E.03612
G1 X94.873 Y124.271 E.03603
G1 X94.068 Y123.366 E.03608
G1 X93.477 Y122.626 E.02822
G1 X92.849 Y121.761 E.03186
G1 X92.407 Y121.089 E.02396
G1 X91.991 Y120.401 E.02393
G1 X91.414 Y119.331 E.03621
G1 X91.069 Y118.608 E.02385
G1 X90.6 Y117.49 E.03612
G1 X90.196 Y116.347 E.03612
G1 X89.966 Y115.58 E.02384
G1 X89.674 Y114.4 E.03621
G1 X89.52 Y113.614 E.02385
G1 X89.344 Y112.411 E.03621
G1 X89.266 Y111.613 E.02389
G1 X89.215 Y110.664 E.02831
G1 X89.208 Y109.595 E.03186
G1 X89.239 Y108.794 E.02387
G1 X89.345 Y107.583 E.03621
G1 X89.453 Y106.79 E.02384
G1 X89.676 Y105.594 E.03621
G1 X89.86 Y104.815 E.02384
G1 X90.198 Y103.648 E.03621
G1 X90.457 Y102.89 E.02384
G1 X90.905 Y101.761 E.03617
G1 X91.301 Y100.901 E.02822
G1 X91.793 Y99.951 E.03186
G1 X92.193 Y99.257 E.02387
G1 X92.85 Y98.237 E.03613
G1 X93.565 Y97.258 E.03612
G1 X94.067 Y96.635 E.02384
G1 X94.873 Y95.729 E.03612
G1 X95.729 Y94.873 E.03603
G1 X96.634 Y94.068 E.03608
G1 X97.374 Y93.477 E.02822
G1 X98.239 Y92.849 E.03186
G1 X98.909 Y92.408 E.02387
G1 X99.955 Y91.791 E.03617
G1 X100.795 Y91.353 E.02822
G1 X101.765 Y90.904 E.03186
G1 X102.507 Y90.601 E.02387
G1 X103.653 Y90.196 E.03621
G1 X104.42 Y89.966 E.02384
G1 X105.6 Y89.674 E.03621
G1 X106.386 Y89.52 E.02385
G1 X107.589 Y89.344 E.03621
G1 X108.388 Y89.266 E.02394
G1 X109.191 Y89.219 E.02393
G1 X110.406 Y89.208 E.03621
G1 X111.206 Y89.239 E.02385
G1 X112.417 Y89.345 E.03621
G1 X113.21 Y89.453 E.02384
G1 X114.406 Y89.676 E.03621
G1 X115.185 Y89.86 E.02384
G1 X116.353 Y90.198 E.03621
G1 X117.11 Y90.457 E.02384
G1 X118.239 Y90.905 E.03617
G1 X119.099 Y91.301 E.02822
G1 X120.049 Y91.793 E.03186
G1 X120.743 Y92.193 E.02387
G1 X121.763 Y92.85 E.03613
G1 X122.742 Y93.565 E.03612
G1 X123.365 Y94.067 E.02384
G1 X124.271 Y94.873 E.03612
G1 X125.127 Y95.729 E.03603
G1 X125.932 Y96.634 E.03608
G1 X126.523 Y97.374 E.02822
G1 X127.151 Y98.239 E.03186
G1 X127.592 Y98.909 E.02387
G1 X128.209 Y99.955 E.03617
G1 X128.647 Y100.795 E.02822
G1 X129.096 Y101.765 E.03186
G1 X129.399 Y102.507 E.02387
G1 X129.804 Y103.653 E.03621
G1 X130.034 Y104.42 E.02384
G1 X130.326 Y105.6 E.03621
G1 X130.48 Y106.386 E.02385
G1 X130.656 Y107.589 E.03621
G1 X130.729 Y108.343 E.02257
G1 X130.731 Y108.376 E.00098
G1 X131.148 Y108.394 F24000
M204 P4000
;TYPE:Outer wall
;WIDTH:0.419999
G1 F9343
G1 X131.199 Y109.381 E.02729
G1 X131.206 Y110.412 E.02844
G1 X131.174 Y111.232 E.02265
G1 X131.066 Y112.463 E.0341
G1 X130.955 Y113.276 E.02264
G1 X130.729 Y114.491 E.0341
G1 X130.54 Y115.29 E.02264
G1 X130.197 Y116.477 E.0341
G1 X129.931 Y117.253 E.02264
G1 X129.475 Y118.401 E.03407
G1 X128.953 Y119.52 E.03407
G1 X128.571 Y120.246 E.02265
G1 X127.943 Y121.31 E.03409
G1 X127.492 Y121.996 E.02264
G1 X126.764 Y122.994 E.0341
G1 X126.248 Y123.633 E.02264
G1 X125.428 Y124.555 E.03407
G1 X124.555 Y125.428 E.03404
G1 X123.633 Y126.248 E.03406
G1 X122.877 Y126.852 E.0267
G1 X121.996 Y127.492 E.03004
G1 X121.309 Y127.943 E.02268
G1 X120.606 Y128.368 E.02267
G1 X119.518 Y128.954 E.0341
G1 X118.778 Y129.308 E.02265
G1 X117.639 Y129.786 E.03406
G1 X116.475 Y130.197 E.03407
G1 X115.689 Y130.433 E.02264
G1 X114.489 Y130.729 E.0341
G1 X113.684 Y130.888 E.02265
G1 X112.461 Y131.067 E.03409
G1 X111.644 Y131.146 E.02266
G1 X110.677 Y131.198 E.02673
G1 X109.588 Y131.206 E.03004
G1 X108.768 Y131.174 E.02265
G1 X107.537 Y131.066 E.0341
G1 X106.724 Y130.955 E.02264
G1 X105.509 Y130.729 E.0341
G1 X104.71 Y130.54 E.02264
G1 X103.523 Y130.197 E.0341
G1 X102.747 Y129.931 E.02264
G1 X101.599 Y129.475 E.03407
G1 X100.48 Y128.953 E.03407
G1 X99.754 Y128.571 E.02265
G1 X98.69 Y127.943 E.03409
G1 X98.004 Y127.492 E.02264
G1 X97.006 Y126.764 E.0341
G1 X96.367 Y126.248 E.02264
G1 X95.445 Y125.428 E.03407
G1 X94.572 Y124.555 E.03404
G1 X93.752 Y123.633 E.03406
G1 X93.148 Y122.877 E.0267
G1 X92.508 Y121.996 E.03004
G1 X92.057 Y121.309 E.02268
G1 X91.632 Y120.606 E.02267
G1 X91.046 Y119.518 E.0341
G1 X90.692 Y118.778 E.02265
G1 X90.214 Y117.639 E.03406
G1 X89.803 Y116.475 E.03407
G1 X89.567 Y115.689 E.02264
G1 X89.271 Y114.489 E.0341
G1 X89.112 Y113.684 E.02265
G1 X88.933 Y112.461 E.03409
G1 X88.854 Y111.644 E.02266
G1 X88.802 Y110.677 E.02673
G1 X88.794 Y109.588 E.03004
G1 X88.826 Y108.768 E.02265
G1 X88.934 Y107.537 E.0341
G1 X89.045 Y106.724 E.02264
G1 X89.271 Y105.509 E.0341
G1 X89.46 Y104.71 E.02264
G1 X89.803 Y103.523 E.0341
G1 X90.069 Y102.747 E.02264
G1 X90.525 Y101.599 E.03409
G1 X90.929 Y100.719 E.0267
G1 X91.43 Y99.753 E.03004
G1 X91.84 Y99.042 E.02264
G1 X92.509 Y98.003 E.03407
G1 X93.236 Y97.006 E.03407
G1 X93.752 Y96.367 E.02264
G1 X94.572 Y95.445 E.03407
G1 X95.445 Y94.572 E.03404
G1 X96.367 Y93.752 E.03406
G1 X97.123 Y93.148 E.0267
G1 X98.004 Y92.508 E.03004
G1 X98.69 Y92.057 E.02265
G1 X99.754 Y91.429 E.03408
G1 X100.612 Y90.982 E.02671
G1 X101.6 Y90.524 E.03004
G1 X102.36 Y90.214 E.02265
G1 X103.525 Y89.803 E.0341
G1 X104.311 Y89.567 E.02264
G1 X105.511 Y89.271 E.0341
G1 X106.316 Y89.112 E.02265
G1 X107.539 Y88.933 E.03409
G1 X108.356 Y88.854 E.02267
G1 X109.177 Y88.806 E.02267
G1 X110.412 Y88.794 E.0341
G1 X111.233 Y88.826 E.02265
G1 X112.463 Y88.934 E.03409
G1 X113.276 Y89.045 E.02264
G1 X114.491 Y89.271 E.0341
G1 X115.29 Y89.46 E.02264
G1 X116.477 Y89.803 E.0341
G1 X117.253 Y90.069 E.02264
G1 X118.401 Y90.525 E.03409
G1 X119.281 Y90.929 E.0267
G1 X120.247 Y91.43 E.03004
G1 X120.958 Y91.84 E.02264
G1 X121.997 Y92.509 E.03407
G1 X122.994 Y93.236 E.03407
G1 X123.633 Y93.752 E.02264
G1 X124.555 Y94.572 E.03407
G1 X125.428 Y95.445 E.03404
G1 X126.248 Y96.367 E.03406
G1 X126.852 Y97.123 E.0267
G1 X127.492 Y98.004 E.03004
G1 X127.943 Y98.69 E.02265
G1 X128.571 Y99.754 E.03408
G1 X129.018 Y100.612 E.02671
G1 X129.476 Y101.6 E.03004
G1 X129.786 Y102.36 E.02265
G1 X130.197 Y103.525 E.0341
G1 X130.433 Y104.311 E.02264
G1 X130.729 Y105.511 E.0341
G1 X130.888 Y106.316 E.02265
G1 X131.067 Y107.539 E.03409
G1 X131.146 Y108.354 E.02259
G1 E-1 F2400
;WIPE_START
G1 F12000
G1 X131.199 Y109.381
G1 X131.206 Y110.352
M73 P43 R3
;WIPE_END
G1 Z3 F24000
G1 X95.991 Y100.962 Z3
G1 Z2.8
G1 E1 F2700
M204 P5000
;TYPE:Inner wall
;WIDTH:0.449999
G1 F9343
G1 X96.059 Y100.854 E.0038
G1 X96.481 Y100.24 E.02221
G1 X96.845 Y99.759 E.01796
G1 X97.228 Y99.287 E.01812
G1 X97.898 Y98.531 E.0301
G1 X98.434 Y97.991 E.02264
G1 X98.982 Y97.485 E.02222
G1 X99.84 Y96.78 E.0331
G1 X100.447 Y96.335 E.02241
G1 X101.068 Y95.921 E.02221
G1 X101.706 Y95.536 E.02221
G1 X102.668 Y95.026 E.03243
G1 X103.371 Y94.701 E.02308
G1 X104.016 Y94.438 E.02073
G1 X104.961 Y94.111 E.0298
G1 X105.522 Y93.943 E.01743
G1 X106.515 Y93.696 E.03049
G1 X107.113 Y93.581 E.01813
G1 X108.034 Y93.443 E.02776
G1 X108.744 Y93.375 E.02123
G1 X109.355 Y93.344 E.01822
G1 X110.359 Y93.336 E.02992
G1 X110.95 Y93.357 E.0176
G1 X111.969 Y93.446 E.03048
G1 X112.572 Y93.53 E.01812
G1 X113.578 Y93.715 E.03049
G1 X114.169 Y93.859 E.01812
G1 X115.143 Y94.141 E.0302
G1 X115.698 Y94.338 E.01755
G1 X116.629 Y94.704 E.02979
G1 X117.313 Y95.019 E.02241
G1 X118.085 Y95.423 E.02598
G1 X119.063 Y96.005 E.0339
G1 X119.684 Y96.427 E.02236
G1 X120.251 Y96.851 E.02108
G1 X120.722 Y97.235 E.01812
G1 X121.456 Y97.896 E.02941
G1 X122.148 Y98.582 E.02902
G1 X122.697 Y99.194 E.0245
G1 X123.24 Y99.867 E.02577
G1 X123.78 Y100.616 E.02749
G1 X124.104 Y101.114 E.0177
G1 X124.605 Y101.973 E.02962
G1 X124.946 Y102.618 E.02172
G1 X125.316 Y103.418 E.02626
G1 X125.546 Y103.985 E.01822
G1 X125.888 Y104.949 E.03049
G1 X126.211 Y106.102 E.03566
G1 X126.371 Y106.837 E.02241
G1 X126.496 Y107.572 E.02221
G1 X126.619 Y108.704 E.0339
G1 X126.661 Y109.468 E.0228
G1 X126.667 Y110.35 E.02627
G1 X126.642 Y110.961 E.01822
G1 X126.554 Y111.981 E.03049
G1 X126.377 Y113.131 E.03466
G1 X126.219 Y113.866 E.02242
G1 X125.925 Y114.938 E.0331
G1 X125.686 Y115.652 E.02241
G1 X125.418 Y116.347 E.02221
G1 X125.119 Y117.03 E.02221
G1 X124.885 Y117.506 E.01581
G1 X124.6 Y118.044 E.01812
G1 X123.772 Y119.396 E.04721
G1 X123.409 Y119.91 E.01877
G1 X122.952 Y120.5 E.02221
G1 X122.47 Y121.068 E.02221
G1 X122.115 Y121.451 E.01553
G1 X121.431 Y122.138 E.02888
G1 X120.786 Y122.714 E.02577
G1 X120.09 Y123.271 E.02654
G1 X119.4 Y123.771 E.0254
G1 X118.866 Y124.119 E.01896
G1 X118.34 Y124.431 E.01822
G1 X117.472 Y124.906 E.02948
G1 X116.882 Y125.185 E.01943
G1 X115.97 Y125.562 E.0294
G1 X115.058 Y125.888 E.02884
G1 X114.456 Y126.065 E.01869
G1 X113.502 Y126.301 E.02929
G1 X112.892 Y126.414 E.01847
G1 X111.897 Y126.563 E.02996
G1 X111.285 Y126.62 E.01833
G1 X110.521 Y126.662 E.0228
G1 X109.639 Y126.668 E.02627
G1 X108.438 Y126.6 E.03584
G1 X107.69 Y126.513 E.02241
G1 X106.954 Y126.393 E.02221
G1 X105.853 Y126.146 E.03361
G1 X104.87 Y125.863 E.03049
G1 X104.295 Y125.664 E.01812
G1 X103.395 Y125.309 E.02881
G1 X102.463 Y124.87 E.03071
G1 X101.946 Y124.595 E.01744
G1 X101.09 Y124.093 E.02956
G1 X100.557 Y123.739 E.01904
G1 X99.866 Y123.24 E.02539
G1 X99.281 Y122.761 E.02254
G1 X98.54 Y122.108 E.02941
G1 X97.856 Y121.415 E.02902
G1 X97.2 Y120.684 E.02924
G1 X96.731 Y120.096 E.02241
G1 X96.281 Y119.476 E.02281
G1 X95.874 Y118.857 E.02208
G1 X95.555 Y118.324 E.01851
G1 X95.137 Y117.556 E.02603
G1 X94.814 Y116.884 E.02221
G1 X94.521 Y116.198 E.02221
G1 X94.143 Y115.153 E.0331
G1 X93.931 Y114.446 E.02201
G1 X93.719 Y113.593 E.02618
G1 X93.583 Y112.881 E.02159
G1 X93.434 Y111.886 E.02996
G1 X93.378 Y111.273 E.01833
G1 X93.337 Y110.509 E.0228
G1 X93.33 Y109.64 E.02588
G1 X93.358 Y109.016 E.01861
G1 X93.451 Y108.02 E.0298
G1 X93.528 Y107.44 E.01743
G1 X93.715 Y106.434 E.03049
G1 X93.857 Y105.842 E.01812
G1 X94.133 Y104.878 E.02989
G1 X94.51 Y103.832 E.03311
G1 X94.958 Y102.808 E.0333
G1 X95.297 Y102.136 E.02241
G1 X95.664 Y101.487 E.02221
G1 X95.97 Y100.996 E.01722
G1 X96.342 Y101.181 F24000
M204 P4000
;TYPE:Outer wall
;WIDTH:0.419999
G1 F9343
G1 X96.409 Y101.074 E.0035
G1 X96.822 Y100.475 E.02006
G1 X97.175 Y100.009 E.01613
G1 X97.547 Y99.551 E.01627
G1 X98.204 Y98.809 E.02737
G1 X98.727 Y98.282 E.02047
G1 X99.262 Y97.79 E.02007
G1 X100.103 Y97.099 E.03002
G1 X100.691 Y96.668 E.02012
G1 X101.297 Y96.265 E.02006
G1 X101.919 Y95.89 E.02007
G1 X102.861 Y95.392 E.0294
G1 X103.544 Y95.077 E.02074
G1 X104.172 Y94.822 E.01869
G1 X105.095 Y94.502 E.02697
G1 X105.634 Y94.341 E.01551
G1 X106.609 Y94.099 E.02773
G1 X107.189 Y93.988 E.01628
G1 X108.092 Y93.852 E.0252
G1 X108.783 Y93.786 E.01916
G1 X109.374 Y93.758 E.01631
G1 X110.356 Y93.75 E.0271
G1 X110.924 Y93.77 E.0157
G1 X111.925 Y93.857 E.02772
G1 X112.509 Y93.939 E.01627
G1 X113.498 Y94.121 E.02773
G1 X114.071 Y94.261 E.01628
G1 X115.025 Y94.537 E.02741
G1 X115.559 Y94.728 E.01564
G1 X116.469 Y95.085 E.02699
G1 X117.136 Y95.392 E.02025
G1 X117.89 Y95.787 E.0235
G1 X118.849 Y96.359 E.03079
G1 X119.451 Y96.769 E.02011
G1 X120.003 Y97.182 E.01902
G1 X120.46 Y97.555 E.01627
G1 X121.176 Y98.2 E.0266
G1 X121.852 Y98.87 E.02625
M73 P44 R3
G1 X122.388 Y99.468 E.02218
G1 X122.918 Y100.127 E.02331
G1 X123.444 Y100.858 E.02485
G1 X123.756 Y101.337 E.01579
G1 X124.245 Y102.176 E.0268
G1 X124.575 Y102.801 E.01948
G1 X124.937 Y103.584 E.02382
G1 X125.161 Y104.134 E.01637
G1 X125.496 Y105.081 E.02773
G1 X125.812 Y106.212 E.03239
G1 X125.966 Y106.925 E.02012
G1 X126.088 Y107.641 E.02006
G1 X126.207 Y108.736 E.03038
G1 X126.248 Y109.482 E.02061
G1 X126.253 Y110.345 E.02382
G1 X126.229 Y110.938 E.01637
G1 X126.143 Y111.939 E.02773
G1 X125.968 Y113.066 E.03146
G1 X125.815 Y113.779 E.02013
G1 X125.526 Y114.828 E.03002
G1 X125.294 Y115.52 E.02012
G1 X125.032 Y116.198 E.02006
G1 X124.74 Y116.864 E.02006
G1 X124.514 Y117.323 E.01413
G1 X124.238 Y117.845 E.01628
G1 X123.434 Y119.157 E.04246
G1 X123.069 Y119.674 E.01746
G1 X122.625 Y120.246 E.01999
G1 X122.155 Y120.8 E.02006
G1 X121.812 Y121.169 E.01388
G1 X121.141 Y121.843 E.02624
G1 X120.511 Y122.405 E.02331
G1 X119.832 Y122.947 E.02397
G1 X119.159 Y123.435 E.02292
G1 X118.641 Y123.772 E.01706
G1 X118.132 Y124.073 E.01631
G1 X117.279 Y124.54 E.02682
G1 X116.706 Y124.811 E.01751
G1 X115.815 Y125.179 E.0266
G1 X114.924 Y125.496 E.02608
G1 X114.34 Y125.668 E.0168
G1 X113.405 Y125.899 E.02657
G1 X112.817 Y126.007 E.01649
G1 X111.844 Y126.153 E.02714
G1 X111.25 Y126.208 E.01647
G1 X110.504 Y126.249 E.02061
G1 X109.641 Y126.254 E.02382
G1 X108.463 Y126.187 E.03256
G1 X107.739 Y126.102 E.02012
G1 X107.021 Y125.985 E.02006
G1 X105.956 Y125.745 E.03011
G1 X104.991 Y125.467 E.02773
G1 X104.433 Y125.274 E.01627
G1 X103.551 Y124.926 E.02618
G1 X102.639 Y124.496 E.02781
G1 X102.143 Y124.232 E.01552
G1 X101.303 Y123.739 E.02688
G1 X100.786 Y123.395 E.01712
G1 X100.11 Y122.907 E.023
G1 X99.543 Y122.441 E.02024
G1 X98.82 Y121.804 E.0266
G1 X98.152 Y121.127 E.02625
G1 X97.512 Y120.413 E.02644
G1 X97.055 Y119.839 E.02025
G1 X96.616 Y119.234 E.02062
G1 X96.219 Y118.63 E.01994
G1 X95.911 Y118.112 E.01663
G1 X95.502 Y117.361 E.0236
G1 X95.187 Y116.705 E.02006
G1 X94.902 Y116.036 E.02007
G1 X94.532 Y115.013 E.03003
G1 X94.327 Y114.327 E.01975
G1 X94.121 Y113.494 E.02368
G1 X93.99 Y112.804 E.01938
G1 X93.844 Y111.831 E.02714
G1 X93.79 Y111.236 E.01647
G1 X93.75 Y110.491 E.02061
G1 X93.744 Y109.64 E.02346
G1 X93.771 Y109.034 E.01673
G1 X93.862 Y108.061 E.02697
G1 X93.937 Y107.504 E.01551
G1 X94.12 Y106.516 E.02773
G1 X94.258 Y105.943 E.01627
G1 X94.529 Y104.996 E.02717
G1 X94.899 Y103.972 E.03003
G1 X95.337 Y102.974 E.03008
G1 X95.666 Y102.323 E.02012
G1 X96.024 Y101.69 E.02006
G1 X96.321 Y101.215 E.01545
G1 E-1 F2400
;WIPE_START
G1 F12000
G1 X96.409 Y101.074
G1 X96.822 Y100.475
G1 X97.175 Y100.009
G1 X97.503 Y99.604
;WIPE_END
G1 Z3 F24000
G1 X94.954 Y102.139 Z3
G1 Z2.8
G1 E1 F2700
M204 P5000
;TYPE:Sparse infill
;WIDTH:0.45
G1 F9343
G1 X94.685 Y102.67 E.01772
G1 X94.27 Y103.616 E.03078
G1 X93.4 Y102.746 E.03665
G1 X93.44 Y100.674 E.06175
G1 X92.384 Y99.617 E.0445
G1 X92.337 Y99.618 E.00138
G1 X93.102 Y98.41 E.04258
G1 X93.412 Y97.985 E.01567
G1 X93.4 Y98.601 E.01835
G1 X94.456 Y99.657 E.0445
G1 X96.529 Y99.617 E.06175
G1 X96.552 Y99.641 E.00099
G1 X97.191 Y98.855 E.03018
G1 X97.548 Y98.464 E.01576
G1 X97.585 Y96.529 E.05765
G1 X96.529 Y95.472 E.0445
G1 X95.542 Y95.491 E.02938
G1 X95.938 Y95.096 E.01668
G1 X96.831 Y94.302 E.03558
G1 X97.559 Y93.719 E.02778
G1 X97.545 Y94.456 E.02196
G1 X98.601 Y95.512 E.0445
G1 X100.674 Y95.472 E.06175
G1 X100.881 Y95.679 E.00872
G1 X101.589 Y95.251 E.02466
G1 X102.175 Y94.941 E.01974
G1 X101.69 Y94.456 E.02044
G1 X101.73 Y92.384 E.06175
G1 X100.959 Y91.613 E.03246
G1 X101.887 Y91.184 E.03045
G1 X102.366 Y90.988 E.01543
G1 X102.746 Y91.367 E.016
G1 X104.819 Y91.327 E.06175
G1 X105.875 Y92.384 E.0445
G1 X105.853 Y93.537 E.03436
G1 X106.496 Y93.387 E.01968
G1 X107.449 Y93.217 E.02882
G1 X107.448 Y89.673 F24000
G1 F9343
G1 X106.438 Y89.821 E.03043
G1 X105.842 Y89.938 E.01808
G1 X105.835 Y90.311 E.01111
G1 X106.891 Y91.367 E.0445
G1 X108.964 Y91.327 E.06175
G1 X110.02 Y92.384 E.0445
G1 X110.008 Y93.028 E.01921
G1 X110.663 Y93.034 E.01953
G1 X111.425 Y93.081 E.02272
G1 X112.183 Y93.162 E.0227
G1 X112.936 Y93.277 E.0227
G1 X113.684 Y93.426 E.0227
G1 X114.143 Y93.539 E.01408
G1 X114.165 Y92.384 E.03441
G1 X113.109 Y91.327 E.0445
G1 X111.036 Y91.367 E.06175
G1 X109.98 Y90.311 E.0445
G1 X109.995 Y89.518 E.02362
G1 X110.447 Y89.515 E.01345
G1 X111.187 Y89.544 E.02207
G1 X112.383 Y89.648 E.03577
G1 X113.162 Y89.755 E.0234
G1 X114.132 Y89.935 E.0294
G1 X114.125 Y90.311 E.0112
G1 X115.181 Y91.367 E.0445
G1 X117.254 Y91.327 E.06175
G1 X118.31 Y92.384 E.0445
G1 X118.27 Y94.456 E.06175
G1 X119.326 Y95.512 E.0445
G1 X121.399 Y95.472 E.06175
G1 X122.455 Y96.529 E.0445
G1 X122.418 Y98.423 E.05643
G1 X122.952 Y99.022 E.02391
G1 X123.471 Y99.657 E.02443
G1 X125.544 Y99.617 E.06175
G1 X126.6 Y100.674 E.0445
G1 X126.56 Y102.746 E.06175
G1 X127.616 Y103.802 E.0445
G1 X129.519 Y103.766 E.05669
G1 X129.114 Y102.615 E.03633
G1 X128.816 Y101.887 E.02344
G1 X128.373 Y100.929 E.03144
G1 X127.942 Y100.103 E.02776
G1 X127.679 Y99.656 E.01544
G1 X127.616 Y99.657 E.00185
G1 X126.56 Y98.601 E.0445
G1 X126.572 Y97.961 E.01907
G1 X126.28 Y97.559 E.01481
G1 X125.698 Y96.831 E.02776
G1 X124.904 Y95.938 E.03558
G1 X124.459 Y95.493 E.01875
G1 X123.471 Y95.512 E.02944
G1 X122.415 Y94.456 E.0445
G1 X122.429 Y93.714 E.0221
G1 X121.59 Y93.102 E.03096
G1 X121.095 Y92.783 E.01755
G1 X125.307 Y102.66 F24000
G1 F9343
G1 X125.689 Y103.508 E.02769
G1 X125.941 Y104.159 E.0208
G1 X126.6 Y104.819 E.02777
G1 X126.571 Y106.32 E.04472
G1 X126.716 Y107.047 E.02211
G1 X127.616 Y107.948 E.03792
G1 X129.689 Y107.907 E.06175
G1 X130.443 Y108.661 E.03176
G1 X130.48 Y109.345 E.0204
G1 X130.487 Y110.401 E.03144
G1 X130.456 Y111.187 E.02344
G1 X130.312 Y112.676 E.04455
G1 X129.689 Y112.052 E.02625
G1 X127.616 Y112.093 E.06175
G1 X126.92 Y111.396 E.02933
G1 X126.849 Y112.094 E.02088
G1 X126.674 Y113.202 E.03343
G1 X126.591 Y113.589 E.01179
G1 X126.56 Y115.181 E.04743
G1 X127.616 Y116.238 E.0445
G1 X129.528 Y116.201 E.05696
G1 X129.257 Y117.004 E.02526
G1 X128.969 Y117.729 E.02324
G1 X125.049 Y117.862 F24000
G1 F9343
G1 X125.39 Y117.171 E.02297
G1 X125.731 Y116.385 E.02553
G1 X126.6 Y117.254 E.03662
G1 X126.56 Y119.326 E.06175
G1 X127.616 Y120.383 E.0445
G1 X127.656 Y120.382 E.00118
G1 X127.333 Y120.93 E.01895
G1 X126.901 Y121.586 E.0234
G1 X126.588 Y122.015 E.0158
G1 X126.6 Y121.399 E.01835
G1 X125.544 Y120.343 E.0445
G1 X123.471 Y120.383 E.06175
G1 X123.448 Y120.359 E.001
G1 X123.183 Y120.7 E.01287
G1 X122.452 Y121.536 E.03305
G1 X122.415 Y123.471 E.05767
G1 X123.471 Y124.528 E.0445
G1 X124.458 Y124.509 E.02938
G1 X124.062 Y124.904 E.01668
G1 X123.169 Y125.698 E.03558
G1 X122.441 Y126.281 E.02778
G1 X122.455 Y125.544 E.02196
G1 X121.399 Y124.488 E.0445
G1 X119.326 Y124.528 E.06175
G1 X119.117 Y124.319 E.0088
G1 X118.157 Y124.89 E.0333
G1 X117.829 Y125.063 E.01103
G1 X118.31 Y125.544 E.02027
G1 X118.27 Y127.616 E.06175
G1 X119.04 Y128.386 E.03243
G1 X118.483 Y128.652 E.01838
G1 X117.631 Y129.01 E.02752
G1 X117.254 Y128.633 E.0159
G1 X115.181 Y128.673 E.06175
G1 X114.125 Y127.616 E.0445
G1 X114.147 Y126.46 E.03446
G1 X113.561 Y126.6 E.01795
G1 X112.553 Y126.786 E.03055
G1 X112.552 Y130.327 F24000
G1 F9343
M73 P45 R3
G1 X113.562 Y130.179 E.03043
G1 X114.158 Y130.062 E.01808
G1 X114.165 Y129.689 E.01111
G1 X113.109 Y128.633 E.0445
G1 X111.036 Y128.673 E.06175
G1 X109.98 Y127.616 E.0445
G1 X109.992 Y126.975 E.01911
G1 X109.516 Y126.972 E.01418
G1 X108.396 Y126.903 E.03344
G1 X107.638 Y126.814 E.02273
G1 X106.886 Y126.691 E.0227
G1 X105.857 Y126.462 E.03139
G1 X105.835 Y127.616 E.0344
G1 X106.891 Y128.673 E.0445
G1 X108.964 Y128.633 E.06175
G1 X110.02 Y129.689 E.0445
G1 X110.005 Y130.484 E.02369
G1 X109.599 Y130.487 E.01207
G1 X108.813 Y130.456 E.02344
G1 X107.617 Y130.352 E.03577
G1 X106.838 Y130.245 E.0234
G1 X105.868 Y130.065 E.02941
G1 X105.875 Y129.689 E.0112
G1 X104.819 Y128.633 E.0445
G1 X102.746 Y128.673 E.06175
G1 X101.69 Y127.616 E.0445
G1 X101.73 Y125.544 E.06175
G1 X100.674 Y124.488 E.0445
G1 X98.601 Y124.528 E.06175
G1 X97.545 Y123.471 E.0445
G1 X97.582 Y121.57 E.05664
G1 X96.951 Y120.862 E.02824
G1 X96.529 Y120.343 E.01995
G1 X94.456 Y120.383 E.06175
G1 X93.4 Y119.326 E.0445
G1 X93.44 Y117.254 E.06175
G1 X92.384 Y116.198 E.0445
G1 X90.481 Y116.234 E.05669
G1 X90.885 Y117.38 E.03619
G1 X91.348 Y118.483 E.03563
G1 X91.687 Y119.192 E.02341
G1 X92.314 Y120.344 E.03906
G1 X92.384 Y120.343 E.00209
G1 X93.44 Y121.399 E.0445
G1 X93.428 Y122.039 E.01907
G1 X93.72 Y122.441 E.01481
G1 X94.302 Y123.169 E.02776
G1 X95.096 Y124.062 E.03558
G1 X95.541 Y124.507 E.01875
G1 X96.529 Y124.488 E.02944
G1 X97.585 Y125.544 E.0445
G1 X97.571 Y126.286 E.0221
G1 X98.414 Y126.901 E.03109
G1 X98.902 Y127.222 E.01741
G1 X94.701 Y117.353 F24000
G1 F9343
G1 X94.523 Y116.982 E.01224
G1 X94.223 Y116.274 E.0229
G1 X94.071 Y115.852 E.01336
G1 X93.4 Y115.181 E.02827
G1 X93.429 Y113.69 E.04443
G1 X93.288 Y112.957 E.02224
G1 X92.384 Y112.052 E.03809
G1 X90.311 Y112.093 E.06175
G1 X89.557 Y111.339 E.03176
G1 X89.52 Y110.655 E.0204
G1 X89.513 Y109.599 E.03144
G1 X89.544 Y108.813 E.02344
G1 X89.688 Y107.324 E.04455
G1 X90.311 Y107.948 E.02625
G1 X92.384 Y107.907 E.06175
G1 X93.085 Y108.608 E.02953
G1 X93.174 Y107.728 E.02635
G1 X93.293 Y106.975 E.02272
G1 X93.409 Y106.405 E.01733
G1 X93.44 Y104.819 E.04725
G1 X92.384 Y103.762 E.0445
G1 X90.472 Y103.799 E.05696
G1 X90.743 Y102.996 E.02526
G1 X91.031 Y102.271 E.02324
; stop printing object Генератор.stl id:0 copy 0
;LAYER_CHANGE
;Z:3
;HEIGHT:0.2
;BEFORE_LAYER_CHANGE
;3
G92 E0

G1 E-1 F2400
;WIPE_START
G1 F12000
G1 X90.743 Y102.996
G1 X90.472 Y103.799
G1 X90.843 Y103.792
;WIPE_END
M486 S-1
;_SET_FAN_SPEED_CHANGING_LAYER
; printing object Генератор.stl id:0 copy 0
M486 S0
G1 Z3.2 F24000
G1 X130.738 Y108.481 Z3.2
G1 Z3
G1 E1 F2700
;TYPE:Inner wall
;WIDTH:0.449999
G1 F9324
G1 X130.792 Y109.653 E.03495
G1 X130.788 Y110.558 E.02696
G1 X130.734 Y111.611 E.03139
G1 X130.605 Y112.817 E.03615
G1 X130.481 Y113.608 E.02385
G1 X130.236 Y114.796 E.03612
G1 X129.922 Y115.968 E.03613
G1 X129.677 Y116.73 E.02384
G1 X129.25 Y117.868 E.03621
G1 X128.933 Y118.603 E.02385
G1 X128.398 Y119.695 E.03621
G1 X128.012 Y120.396 E.02384
G1 X127.373 Y121.43 E.03621
G1 X126.92 Y122.091 E.02385
G1 X126.185 Y123.059 E.03621
G1 X125.671 Y123.672 E.02384
G1 X124.846 Y124.563 E.03617
G1 X124.157 Y125.232 E.0286
G1 X123.366 Y125.932 E.03148
G1 X122.742 Y126.435 E.02387
G1 X121.76 Y127.152 E.03621
G1 X121.089 Y127.593 E.02393
G1 X120.401 Y128.009 E.02393
G1 X119.331 Y128.586 E.03621
G1 X118.608 Y128.931 E.02384
G1 X117.49 Y129.4 E.03612
G1 X116.347 Y129.804 E.03612
G1 X115.577 Y130.035 E.02394
G1 X114.799 Y130.235 E.02393
G1 X113.608 Y130.481 E.03622
G1 X112.817 Y130.605 E.02385
G1 X111.612 Y130.734 E.03611
G1 X110.402 Y130.792 E.03608
G1 X109.442 Y130.788 E.0286
G1 X108.389 Y130.734 E.03139
G1 X107.183 Y130.605 E.03615
G1 X106.392 Y130.481 E.02385
G1 X105.204 Y130.236 E.03612
G1 X104.032 Y129.922 E.03613
G1 X103.27 Y129.677 E.02384
G1 X102.132 Y129.25 E.03621
G1 X101.397 Y128.933 E.02385
G1 X100.305 Y128.398 E.03621
G1 X99.604 Y128.012 E.02384
G1 X98.57 Y127.373 E.03621
G1 X97.909 Y126.92 E.02385
G1 X96.941 Y126.185 E.03621
G1 X96.328 Y125.671 E.02384
G1 X95.437 Y124.846 E.03617
G1 X94.768 Y124.157 E.0286
G1 X94.068 Y123.366 E.03148
G1 X93.565 Y122.742 E.02387
G1 X92.848 Y121.76 E.03621
G1 X92.407 Y121.089 E.02393
G1 X91.991 Y120.401 E.02393
G1 X91.414 Y119.331 E.03621
G1 X91.069 Y118.608 E.02384
G1 X90.6 Y117.49 E.03612
G1 X90.196 Y116.347 E.03612
G1 X89.965 Y115.577 E.02394
G1 X89.765 Y114.799 E.02393
G1 X89.519 Y113.608 E.03621
G1 X89.395 Y112.817 E.02385
G1 X89.266 Y111.612 E.03611
G1 X89.208 Y110.402 E.03608
G1 X89.212 Y109.442 E.0286
G1 X89.266 Y108.389 E.03139
G1 X89.395 Y107.183 E.03614
G1 X89.519 Y106.392 E.02385
G1 X89.764 Y105.204 E.03612
G1 X90.078 Y104.033 E.03612
G1 X90.323 Y103.27 E.02384
G1 X90.75 Y102.132 E.03621
G1 X91.067 Y101.397 E.02385
G1 X91.602 Y100.305 E.03621
G1 X91.988 Y99.604 E.02384
G1 X92.627 Y98.57 E.03621
G1 X93.079 Y97.91 E.02385
G1 X93.815 Y96.941 E.03621
G1 X94.33 Y96.328 E.02385
G1 X95.155 Y95.436 E.03621
G1 X95.726 Y94.875 E.02384
G1 X96.635 Y94.067 E.03621
G1 X97.258 Y93.565 E.02385
G1 X98.24 Y92.848 E.03621
G1 X98.909 Y92.408 E.02385
G1 X99.954 Y91.791 E.03616
G1 X100.806 Y91.347 E.0286
G1 X101.765 Y90.904 E.03147
G1 X102.507 Y90.601 E.02387
G1 X103.653 Y90.196 E.03621
G1 X104.42 Y89.966 E.02385
G1 X105.6 Y89.674 E.03621
G1 X106.386 Y89.52 E.02385
G1 X107.589 Y89.344 E.0362
G1 X108.388 Y89.266 E.02394
G1 X109.191 Y89.219 E.02393
G1 X110.403 Y89.208 E.03612
G1 X111.615 Y89.266 E.03612
G1 X112.413 Y89.344 E.02389
G1 X113.366 Y89.479 E.02869
G1 X114.405 Y89.676 E.03148
G1 X115.185 Y89.86 E.02388
G1 X116.353 Y90.198 E.0362
G1 X117.11 Y90.457 E.02384
G1 X118.24 Y90.906 E.03622
G1 X118.968 Y91.237 E.02384
G1 X120.05 Y91.793 E.03622
G1 X120.743 Y92.193 E.02384
G1 X121.762 Y92.85 E.03613
G1 X122.742 Y93.565 E.03612
G1 X123.365 Y94.067 E.02384
G1 X124.271 Y94.873 E.03612
G1 X125.127 Y95.729 E.03603
G1 X125.933 Y96.635 E.03612
G1 X126.435 Y97.258 E.02385
G1 X127.152 Y98.24 E.03621
G1 X127.592 Y98.909 E.02385
G1 X128.209 Y99.954 E.03616
G1 X128.653 Y100.806 E.0286
G1 X129.096 Y101.765 E.03147
G1 X129.399 Y102.507 E.02387
G1 X129.804 Y103.653 E.03621
G1 X130.034 Y104.42 E.02385
G1 X130.326 Y105.6 E.03621
G1 X130.48 Y106.386 E.02385
G1 X130.656 Y107.589 E.0362
G1 X130.734 Y108.385 E.02385
G1 X130.736 Y108.441 E.00166
G1 X131.151 Y108.462 F24000
M204 P4000
;TYPE:Outer wall
;WIDTH:0.419999
G1 F9324
G1 X131.206 Y109.655 E.03295
G1 X131.201 Y110.57 E.02524
G1 X131.146 Y111.643 E.02965
G1 X131.015 Y112.871 E.03408
G1 X130.888 Y113.682 E.02264
G1 X130.638 Y114.891 E.03407
G1 X130.319 Y116.084 E.03408
G1 X130.068 Y116.865 E.02263
G1 X129.634 Y118.022 E.0341
G1 X129.309 Y118.776 E.02264
G1 X128.765 Y119.886 E.0341
G1 X128.369 Y120.604 E.02264
G1 X127.72 Y121.656 E.0341
G1 X127.256 Y122.333 E.02265
G1 X126.508 Y123.317 E.03409
G1 X125.981 Y123.945 E.02264
G1 X125.142 Y124.852 E.03409
G1 X124.439 Y125.535 E.02706
G1 X123.633 Y126.248 E.02968
G1 X122.994 Y126.764 E.02265
G1 X121.996 Y127.492 E.0341
G1 X121.309 Y127.943 E.02267
G1 X120.606 Y128.368 E.02267
G1 X119.518 Y128.954 E.0341
G1 X118.778 Y129.308 E.02264
G1 X117.639 Y129.786 E.03407
G1 X116.475 Y130.197 E.03407
G1 X115.688 Y130.433 E.02267
G1 X114.892 Y130.638 E.02267
G1 X113.682 Y130.888 E.0341
G1 X112.871 Y131.015 E.02265
G1 X111.644 Y131.146 E.03406
G1 X110.411 Y131.206 E.03405
G1 X109.43 Y131.201 E.02706
G1 X108.357 Y131.146 E.02965
G1 X107.129 Y131.015 E.03408
G1 X106.318 Y130.888 E.02264
G1 X105.109 Y130.638 E.03407
G1 X103.916 Y130.319 E.03408
G1 X103.135 Y130.068 E.02263
G1 X101.978 Y129.634 E.0341
G1 X101.224 Y129.309 E.02264
G1 X100.114 Y128.765 E.0341
G1 X99.396 Y128.369 E.02264
G1 X98.344 Y127.72 E.0341
G1 X97.667 Y127.256 E.02265
G1 X96.683 Y126.508 E.03409
G1 X96.055 Y125.981 E.02264
G1 X95.148 Y125.142 E.03409
G1 X94.465 Y124.439 E.02706
G1 X93.752 Y123.633 E.02968
G1 X93.236 Y122.994 E.02265
G1 X92.508 Y121.996 E.0341
G1 X92.057 Y121.309 E.02267
G1 X91.632 Y120.606 E.02267
G1 X91.046 Y119.518 E.0341
G1 X90.692 Y118.778 E.02264
G1 X90.214 Y117.639 E.03407
G1 X89.803 Y116.475 E.03407
G1 X89.567 Y115.688 E.02267
G1 X89.362 Y114.892 E.02267
G1 X89.112 Y113.682 E.0341
G1 X88.985 Y112.871 E.02265
G1 X88.854 Y111.644 E.03406
G1 X88.794 Y110.411 E.03405
G1 X88.799 Y109.43 E.02706
G1 X88.854 Y108.356 E.02966
G1 X88.985 Y107.129 E.03407
G1 X89.112 Y106.318 E.02264
G1 X89.362 Y105.109 E.03407
G1 X89.681 Y103.916 E.03407
G1 X89.932 Y103.135 E.02264
G1 X90.366 Y101.978 E.0341
G1 X90.691 Y101.224 E.02264
G1 X91.235 Y100.114 E.0341
G1 X91.631 Y99.396 E.02264
G1 X92.28 Y98.344 E.0341
G1 X92.744 Y97.667 E.02264
G1 X93.492 Y96.683 E.0341
G1 X94.019 Y96.055 E.02265
G1 X94.858 Y95.148 E.03409
G1 X95.444 Y94.573 E.02264
G1 X96.367 Y93.752 E.0341
G1 X97.006 Y93.236 E.02264
G1 X98.004 Y92.508 E.0341
G1 X98.69 Y92.057 E.02265
G1 X99.754 Y91.429 E.03408
G1 X100.624 Y90.976 E.02706
G1 X101.6 Y90.524 E.02968
G1 X102.36 Y90.214 E.02265
G1 X103.525 Y89.803 E.0341
G1 X104.311 Y89.567 E.02264
G1 X105.511 Y89.271 E.0341
G1 X106.316 Y89.112 E.02265
G1 X107.539 Y88.933 E.03409
G1 X108.356 Y88.854 E.02267
G1 X109.177 Y88.806 E.02267
G1 X110.411 Y88.794 E.03407
G1 X111.645 Y88.854 E.03407
G1 X112.462 Y88.933 E.02266
G1 X113.434 Y89.071 E.02709
G1 X114.491 Y89.271 E.02968
G1 X115.29 Y89.46 E.02266
G1 X116.477 Y89.803 E.03409
G1 X117.253 Y90.069 E.02264
G1 X118.402 Y90.525 E.0341
G1 X119.149 Y90.865 E.02264
G1 X120.248 Y91.43 E.0341
G1 X120.958 Y91.84 E.02264
G1 X121.996 Y92.509 E.03407
G1 X122.994 Y93.236 E.03407
G1 X123.633 Y93.752 E.02264
G1 X124.555 Y94.572 E.03407
G1 X125.428 Y95.445 E.03404
G1 X126.248 Y96.367 E.03407
G1 X126.764 Y97.006 E.02264
G1 X127.492 Y98.004 E.0341
G1 X127.943 Y98.69 E.02265
G1 X128.571 Y99.754 E.03408
G1 X129.024 Y100.624 E.02706
G1 X129.476 Y101.6 E.02968
G1 X129.786 Y102.36 E.02265
G1 X130.197 Y103.525 E.0341
G1 X130.433 Y104.311 E.02264
G1 X130.729 Y105.511 E.0341
G1 X130.888 Y106.316 E.02265
G1 X131.067 Y107.539 E.03409
G1 X131.146 Y108.355 E.02264
G1 X131.149 Y108.422 E.00184
G1 E-1 F2400
;WIPE_START
G1 F12000
G1 X131.206 Y109.655
G1 X131.202 Y110.421
;WIPE_END
G1 Z3.2 F24000
G1 X95.998 Y100.96 Z3.2
G1 Z3
G1 E1 F2700
M204 P5000
;TYPE:Inner wall
;WIDTH:0.449999
G1 F9324
M73 P46 R3
G1 X96.462 Y100.269 E.02481
G1 X96.931 Y99.646 E.02323
G1 X97.407 Y99.072 E.02221
G1 X97.908 Y98.52 E.02221
G1 X98.434 Y97.991 E.02221
G1 X98.982 Y97.485 E.02222
G1 X99.822 Y96.795 E.03239
G1 X100.447 Y96.335 E.02311
G1 X101.068 Y95.921 E.02221
G1 X101.82 Y95.472 E.0261
G1 X102.673 Y95.023 E.02872
G1 X103.371 Y94.701 E.0229
G1 X104.016 Y94.438 E.02073
G1 X104.961 Y94.111 E.0298
G1 X105.522 Y93.943 E.01743
G1 X106.515 Y93.696 E.03049
G1 X107.113 Y93.581 E.01813
G1 X108.034 Y93.443 E.02776
G1 X108.744 Y93.375 E.02123
G1 X109.354 Y93.345 E.0182
G1 X110.346 Y93.336 E.02953
G1 X111.338 Y93.381 E.02959
G1 X111.95 Y93.444 E.01832
G1 X112.72 Y93.552 E.02317
G1 X113.574 Y93.715 E.0259
G1 X114.169 Y93.859 E.01824
G1 X115.142 Y94.141 E.03017
G1 X115.698 Y94.338 E.01756
G1 X116.635 Y94.706 E.02998
G1 X117.188 Y94.959 E.01812
G1 X118.075 Y95.422 E.0298
G1 X118.584 Y95.709 E.01743
G1 X119.068 Y96.008 E.01692
G1 X119.684 Y96.427 E.02221
G1 X120.251 Y96.851 E.02108
G1 X120.722 Y97.235 E.01812
G1 X121.456 Y97.896 E.02941
G1 X122.148 Y98.582 E.02902
G1 X122.698 Y99.194 E.0245
G1 X123.179 Y99.799 E.02303
G1 X123.772 Y100.604 E.0298
G1 X124.104 Y101.114 E.01813
G1 X124.615 Y101.981 E.02998
G1 X124.956 Y102.645 E.02222
G1 X125.316 Y103.418 E.02539
G1 X125.546 Y103.985 E.01823
G1 X125.882 Y104.941 E.03017
G1 X126.212 Y106.104 E.03602
G1 X126.371 Y106.837 E.02236
G1 X126.496 Y107.572 E.02221
G1 X126.56 Y108.091 E.01558
G1 X126.619 Y108.697 E.01812
G1 X126.669 Y109.713 E.0303
G1 X126.665 Y110.478 E.02279
G1 X126.623 Y111.291 E.02425
G1 X126.532 Y112.162 E.0261
G1 X126.412 Y112.912 E.02263
G1 X126.219 Y113.866 E.029
G1 X125.953 Y114.838 E.03002
G1 X125.773 Y115.395 E.01742
G1 X125.418 Y116.347 E.03027
G1 X125.171 Y116.911 E.01834
G1 X124.79 Y117.699 E.02607
G1 X124.431 Y118.352 E.02221
G1 X124.043 Y118.989 E.02221
G1 X123.618 Y119.622 E.0227
G1 X122.956 Y120.494 E.03262
G1 X122.551 Y120.972 E.01866
G1 X121.963 Y121.615 E.02596
G1 X121.431 Y122.138 E.02221
G1 X120.777 Y122.721 E.0261
G1 X120.198 Y123.184 E.02209
G1 X119.4 Y123.771 E.02953
G1 X118.866 Y124.118 E.01896
G1 X118.341 Y124.43 E.01819
G1 X117.456 Y124.906 E.02992
G1 X116.457 Y125.372 E.03283
G1 X115.763 Y125.646 E.02221
G1 X115.058 Y125.888 E.02221
G1 X114.444 Y126.068 E.01908
G1 X113.851 Y126.217 E.01819
G1 X112.867 Y126.418 E.02992
G1 X111.78 Y126.578 E.03272
G1 X110.293 Y126.671 E.04441
G1 X109.547 Y126.667 E.02222
G1 X108.679 Y126.615 E.02589
G1 X107.693 Y126.513 E.02952
G1 X107.093 Y126.416 E.01812
G1 X106.225 Y126.24 E.02638
G1 X105.502 Y126.055 E.02221
G1 X104.789 Y125.838 E.02221
G1 X104.086 Y125.589 E.02221
G1 X103.395 Y125.309 E.02221
G1 X102.601 Y124.94 E.0261
G1 X101.733 Y124.479 E.02927
G1 X101.09 Y124.093 E.02235
G1 X100.468 Y123.68 E.02221
G1 X99.866 Y123.24 E.02222
G1 X99.007 Y122.536 E.0331
G1 X98.452 Y122.027 E.02241
G1 X97.837 Y121.403 E.0261
G1 X97.188 Y120.67 E.02918
G1 X96.817 Y120.204 E.01773
G1 X96.281 Y119.476 E.02692
G1 X95.874 Y118.857 E.02208
G1 X95.555 Y118.324 E.01851
G1 X95.137 Y117.556 E.02604
G1 X94.817 Y116.881 E.02226
G1 X94.434 Y115.966 E.02954
G1 X94.141 Y115.147 E.02591
G1 X93.927 Y114.433 E.0222
G1 X93.775 Y113.831 E.01851
G1 X93.595 Y112.979 E.02592
G1 X93.478 Y112.243 E.02221
G1 X93.384 Y111.372 E.0261
G1 X93.331 Y110.391 E.02927
G1 X93.33 Y109.64 E.02236
G1 X93.363 Y108.895 E.02221
G1 X93.474 Y107.789 E.0331
G1 X93.585 Y107.081 E.02135
G1 X93.739 Y106.315 E.02326
G1 X93.92 Y105.592 E.02221
G1 X94.133 Y104.878 E.02221
G1 X94.425 Y104.052 E.0261
G1 X94.802 Y103.144 E.02927
G1 X95.125 Y102.467 E.02236
G1 X95.477 Y101.809 E.02221
G1 X95.858 Y101.168 E.02222
G1 X95.975 Y100.993 E.00628
G1 X96.34 Y101.19 F24000
M204 P4000
;TYPE:Outer wall
;WIDTH:0.419999
G1 F9324
G1 X96.805 Y100.5 E.02297
G1 X97.261 Y99.895 E.02088
G1 X97.725 Y99.336 E.02006
G1 X98.214 Y98.798 E.02006
G1 X98.727 Y98.282 E.02006
G1 X99.262 Y97.79 E.02007
G1 X100.085 Y97.114 E.02937
G1 X100.691 Y96.668 E.02077
G1 X101.297 Y96.265 E.02007
G1 X102.032 Y95.827 E.0236
G1 X102.866 Y95.389 E.02599
G1 X103.544 Y95.077 E.02061
G1 X104.172 Y94.822 E.01869
G1 X105.095 Y94.502 E.02697
G1 X105.634 Y94.341 E.01551
G1 X106.609 Y94.099 E.02773
G1 X107.189 Y93.988 E.01628
G1 X108.092 Y93.852 E.0252
G1 X108.783 Y93.786 E.01916
G1 X109.373 Y93.758 E.01629
G1 X110.342 Y93.75 E.02674
G1 X111.313 Y93.794 E.02681
G1 X111.906 Y93.855 E.01646
G1 X112.658 Y93.961 E.02095
G1 X113.494 Y94.12 E.02348
G1 X114.071 Y94.261 E.01639
G1 X115.024 Y94.537 E.02738
G1 X115.558 Y94.727 E.01565
G1 X116.475 Y95.088 E.02717
G1 X117.011 Y95.333 E.01627
G1 X117.877 Y95.785 E.02696
G1 X118.853 Y96.361 E.03126
G1 X119.451 Y96.769 E.01998
G1 X120.003 Y97.182 E.01902
G1 X120.46 Y97.555 E.01627
G1 X121.176 Y98.2 E.0266
G1 X121.852 Y98.87 E.02625
G1 X122.389 Y99.469 E.02219
G1 X122.855 Y100.056 E.0207
G1 X123.434 Y100.843 E.02696
G1 X123.756 Y101.337 E.01628
G1 X124.256 Y102.187 E.0272
G1 X124.587 Y102.831 E.01997
G1 X124.937 Y103.584 E.02291
G1 X125.161 Y104.134 E.01638
G1 X125.489 Y105.07 E.02738
G1 X125.813 Y106.212 E.03275
G1 X125.966 Y106.925 E.0201
G1 X126.088 Y107.641 E.02006
G1 X126.15 Y108.142 E.01392
G1 X126.206 Y108.729 E.01627
G1 X126.256 Y109.726 E.02755
G1 X126.252 Y110.473 E.0206
G1 X126.21 Y111.268 E.02196
G1 X126.12 Y112.118 E.02361
G1 X126.004 Y112.846 E.02034
G1 X125.815 Y113.779 E.02626
G1 X125.554 Y114.729 E.02717
G1 X125.381 Y115.263 E.0155
G1 X125.032 Y116.198 E.02752
G1 X124.792 Y116.745 E.01648
G1 X124.419 Y117.516 E.02364
G1 X124.068 Y118.153 E.02006
G1 X123.69 Y118.774 E.02006
G1 X123.281 Y119.381 E.0202
G1 X122.627 Y120.245 E.02989
G1 X122.236 Y120.705 E.01665
G1 X121.66 Y121.333 E.02353
G1 X121.141 Y121.843 E.02006
G1 X120.502 Y122.412 E.02361
G1 X119.94 Y122.861 E.01985
G1 X119.159 Y123.435 E.02675
G1 X118.641 Y123.772 E.01705
G1 X118.133 Y124.073 E.01629
G1 X117.268 Y124.538 E.0271
G1 X116.289 Y124.995 E.02981
G1 X115.612 Y125.261 E.02006
G1 X114.924 Y125.496 E.02006
G1 X114.327 Y125.671 E.01716
G1 X113.755 Y125.814 E.01628
G1 X112.793 Y126.011 E.0271
G1 X111.727 Y126.168 E.0297
G1 X111.003 Y126.229 E.02006
G1 X110.276 Y126.258 E.02006
G1 X109.549 Y126.254 E.02007
G1 X108.705 Y126.202 E.02334
G1 X107.742 Y126.102 E.02671
G1 X107.159 Y126.007 E.01628
G1 X106.31 Y125.836 E.02392
G1 X105.605 Y125.655 E.02006
G1 X104.91 Y125.443 E.02006
G1 X104.225 Y125.2 E.02006
G1 X103.551 Y124.926 E.02006
G1 X102.775 Y124.566 E.02361
G1 X101.927 Y124.114 E.0265
G1 X101.303 Y123.739 E.0201
G1 X100.697 Y123.336 E.02006
G1 X100.11 Y122.907 E.02007
G1 X99.269 Y122.216 E.03002
G1 X98.732 Y121.723 E.02012
G1 X98.132 Y121.113 E.0236
G1 X97.498 Y120.396 E.02641
G1 X97.141 Y119.947 E.01582
G1 X96.616 Y119.234 E.02442
G1 X96.219 Y118.63 E.01994
G1 X95.911 Y118.112 E.01663
G1 X95.502 Y117.361 E.02361
G1 X95.19 Y116.704 E.02006
G1 X94.817 Y115.809 E.02675
G1 X94.531 Y115.011 E.0234
G1 X94.323 Y114.315 E.02005
G1 X94.176 Y113.73 E.01663
G1 X94 Y112.897 E.0235
G1 X93.887 Y112.179 E.02006
G1 X93.795 Y111.328 E.02361
G1 X93.744 Y110.369 E.0265
G1 X93.744 Y109.64 E.02011
G1 X93.776 Y108.914 E.02007
G1 X93.885 Y107.831 E.03003
G1 X93.993 Y107.146 E.01914
G1 X94.144 Y106.398 E.02104
G1 X94.321 Y105.693 E.02006
G1 X94.529 Y104.996 E.02006
G1 X94.815 Y104.19 E.02361
G1 X95.183 Y103.303 E.0265
G1 X95.498 Y102.646 E.0201
G1 X95.841 Y102.005 E.02006
G1 X96.213 Y101.38 E.02007
G1 X96.318 Y101.224 E.00519
G1 E-1 F2400
;WIPE_START
G1 F12000
G1 X96.805 Y100.5
G1 X97.261 Y99.895
G1 X97.498 Y99.61
;WIPE_END
G1 Z3.2 F24000
G1 X94.712 Y102.623 Z3.2
G1 Z3
G1 E1 F2700
M204 P5000
;TYPE:Sparse infill
;WIDTH:0.45
G1 F9324
G1 X94.525 Y103.015 E.01294
G1 X94.076 Y104.121 E.03556
G1 X93.379 Y104.819 E.02938
G1 X93.436 Y106.271 E.04329
G1 X93.277 Y107.075 E.02443
G1 X92.384 Y107.968 E.03762
G1 X90.311 Y107.887 E.06178
G1 X89.559 Y108.639 E.03168
G1 X89.517 Y109.45 E.02421
G1 X89.513 Y110.395 E.02814
G1 X89.571 Y111.588 E.03557
G1 X89.685 Y112.657 E.03204
G1 X90.311 Y112.032 E.02636
G1 X92.384 Y112.113 E.06178
G1 X93.083 Y111.414 E.02944
G1 X93.171 Y112.249 E.02501
G1 X93.289 Y113.004 E.02274
G1 X93.396 Y113.528 E.01595
G1 X93.461 Y115.181 E.04928
G1 X92.384 Y116.258 E.04538
G1 X90.465 Y116.183 E.05718
G1 X90.885 Y117.38 E.03779
G1 X91.024 Y117.712 E.01071
G1 X94.946 Y117.845 F24000
G1 F9324
G1 X94.47 Y116.861 E.03255
G1 X94.267 Y116.365 E.01595
G1 X93.379 Y117.254 E.03743
G1 X93.461 Y119.326 E.06178
G1 X92.384 Y120.403 E.04538
G1 X92.349 Y120.402 E.00104
G1 X92.665 Y120.926 E.01822
G1 X93.099 Y121.586 E.02354
G1 X93.403 Y122.002 E.01535
G1 X93.379 Y121.399 E.01799
G1 X94.456 Y120.322 E.04538
G1 X96.529 Y120.403 E.06178
G1 X96.561 Y120.371 E.00136
G1 X96.955 Y120.868 E.01889
G1 X97.529 Y121.515 E.02576
G1 X97.606 Y123.471 E.05831
G1 X96.529 Y124.549 E.04538
G1 X95.536 Y124.509 E.02961
G1 X96.53 Y125.442 E.04061
G1 X97.132 Y125.947 E.0234
G1 X97.553 Y126.266 E.01573
G1 X97.524 Y125.544 E.02153
G1 X98.601 Y124.467 E.04538
G1 X100.674 Y124.549 E.06178
G1 X100.893 Y124.329 E.00925
G1 X101.577 Y124.742 E.02379
G1 X102.16 Y125.053 E.01969
G1 X101.669 Y125.544 E.02069
G1 X101.751 Y127.616 E.06178
G1 X100.979 Y128.388 E.03252
G1 X101.525 Y128.656 E.01811
G1 X102.351 Y129.007 E.02674
G1 X102.746 Y128.612 E.01664
G1 X104.819 Y128.694 E.06178
G1 X105.896 Y127.616 E.04538
G1 X105.85 Y126.459 E.03449
G1 X106.903 Y126.694 E.03213
G1 X107.445 Y126.783 E.01637
G1 X107.433 Y130.324 F24000
G1 F9324
G1 X106.446 Y130.18 E.02971
G1 X105.828 Y130.053 E.01879
G1 X105.814 Y129.689 E.01085
G1 X106.891 Y128.612 E.04538
G1 X108.964 Y128.694 E.06178
G1 X110.041 Y127.616 E.04538
G1 X110.016 Y126.975 E.01913
G1 X111.033 Y126.947 E.03032
G1 X111.8 Y126.883 E.02293
G1 X112.557 Y126.785 E.02272
G1 X113.535 Y126.606 E.02963
G1 X114.14 Y126.461 E.01853
G1 X114.186 Y127.616 E.03444
G1 X113.109 Y128.694 E.04538
G1 X111.036 Y128.612 E.06178
G1 X109.959 Y129.689 E.04538
G1 X109.991 Y130.485 E.02374
G1 X110.395 Y130.487 E.01205
G1 X111.588 Y130.429 E.03557
G1 X112.777 Y130.302 E.03563
G1 X113.554 Y130.18 E.02341
G1 X114.119 Y130.064 E.01719
G1 X114.104 Y129.689 E.01117
G1 X115.181 Y128.612 E.04538
G1 X117.254 Y128.694 E.06178
G1 X118.331 Y127.616 E.04538
G1 X118.249 Y125.544 E.06178
G1 X119.326 Y124.467 E.04538
G1 X121.399 Y124.549 E.06178
G1 X122.476 Y123.471 E.04538
G1 X122.402 Y121.591 E.05606
G1 X123.19 Y120.691 E.03565
G1 X123.471 Y120.322 E.01382
G1 X125.544 Y120.403 E.06178
G1 X126.621 Y119.326 E.04538
G1 X126.539 Y117.254 E.06178
G1 X127.616 Y116.177 E.04538
G1 X129.51 Y116.251 E.05645
G1 X129.389 Y116.629 E.01182
G1 X128.967 Y117.754 E.03577
G1 X128.656 Y118.475 E.02341
G1 X128.127 Y119.554 E.03577
G1 X127.697 Y120.325 E.02631
G1 X127.616 Y120.322 E.00239
G1 X126.539 Y121.399 E.04538
G1 X126.565 Y122.054 E.01953
G1 X125.947 Y122.868 E.03045
G1 X125.442 Y123.47 E.0234
G1 X124.467 Y124.506 E.04238
G1 X123.471 Y124.467 E.02967
G1 X122.394 Y125.544 E.04538
G1 X122.424 Y126.29 E.02224
M73 P47 R3
G1 X121.586 Y126.901 E.03088
G1 X121.092 Y127.226 E.01762
G1 X125.291 Y117.372 F24000
G1 F9324
G1 X125.701 Y116.461 E.02974
G1 X125.928 Y115.874 E.01876
G1 X126.621 Y115.181 E.02918
G1 X126.563 Y113.716 E.04369
G1 X126.718 Y112.93 E.02384
G1 X127.616 Y112.032 E.03786
G1 X129.689 Y112.113 E.06178
G1 X130.441 Y111.361 E.03168
G1 X130.483 Y110.55 E.02421
G1 X130.487 Y109.605 E.02814
G1 X130.429 Y108.408 E.03571
G1 X130.312 Y107.345 E.03183
G1 X129.689 Y107.968 E.02624
G1 X127.616 Y107.887 E.06178
G1 X126.916 Y108.587 E.02951
G1 X126.8 Y107.541 E.03135
G1 X126.605 Y106.474 E.03229
G1 X126.539 Y104.819 E.04936
G1 X127.616 Y103.742 E.04538
G1 X129.535 Y103.817 E.05718
G1 X129.114 Y102.615 E.03793
G1 X128.98 Y102.287 E.01057
G1 X125.051 Y102.155 F24000
G1 F9324
G1 X125.391 Y102.83 E.02253
G1 X125.736 Y103.631 E.02597
G1 X126.621 Y102.746 E.03727
G1 X126.539 Y100.674 E.06178
G1 X127.616 Y99.597 E.04538
G1 X127.644 Y99.598 E.00082
G1 X127.333 Y99.071 E.01823
G1 X126.901 Y98.414 E.02341
G1 X126.597 Y97.998 E.01535
G1 X126.621 Y98.601 E.01799
G1 X125.544 Y99.678 E.04538
G1 X123.471 Y99.597 E.06178
G1 X123.436 Y99.632 E.0015
G1 X122.956 Y99.027 E.02301
G1 X122.471 Y98.48 E.02177
G1 X122.394 Y96.529 E.05816
G1 X123.471 Y95.451 E.04538
G1 X124.456 Y95.49 E.02937
G1 X124.062 Y95.096 E.01663
G1 X123.168 Y94.3 E.03564
G1 X122.447 Y93.727 E.02742
G1 X122.476 Y94.456 E.02173
G1 X121.399 Y95.533 E.04538
G1 X119.326 Y95.451 E.06178
G1 X119.105 Y95.672 E.00931
G1 X118.593 Y95.356 E.01793
G1 X117.84 Y94.947 E.02553
G1 X118.331 Y94.456 E.02068
G1 X118.249 Y92.384 E.06178
G1 X119.024 Y91.609 E.03264
G1 X118.12 Y91.187 E.02971
G1 X117.644 Y90.998 E.01525
G1 X117.254 Y91.388 E.01645
G1 X115.181 Y91.306 E.06178
G1 X114.104 Y92.384 E.04538
G1 X114.15 Y93.54 E.03448
G1 X113.684 Y93.426 E.0143
G1 X112.554 Y93.219 E.0342
G1 X112.566 Y89.674 F24000
G1 F9324
G1 X113.317 Y89.78 E.02259
G1 X114.171 Y89.942 E.02591
G1 X114.186 Y90.311 E.011
G1 X113.109 Y91.388 E.04538
G1 X111.036 Y91.306 E.06178
G1 X109.959 Y92.384 E.04538
G1 X109.985 Y93.028 E.01921
G1 X109.669 Y93.025 E.00941
G1 X108.779 Y93.065 E.02652
G1 X108.021 Y93.137 E.02268
G1 X107.273 Y93.242 E.02251
G1 X106.496 Y93.387 E.02353
G1 X105.86 Y93.535 E.01947
G1 X105.814 Y92.384 E.03433
G1 X106.891 Y91.306 E.04538
G1 X108.964 Y91.388 E.06178
G1 X110.041 Y90.311 E.04538
G1 X110.01 Y89.519 E.02362
G1 X109.201 Y89.525 E.02409
G1 X108.412 Y89.571 E.02353
G1 X107.626 Y89.647 E.02354
G1 X106.438 Y89.821 E.03576
G1 X105.881 Y89.93 E.0169
G1 X105.896 Y90.311 E.01135
G1 X104.819 Y91.388 E.04538
G1 X102.746 Y91.306 E.06178
G1 X101.669 Y92.384 E.04538
G1 X101.751 Y94.456 E.06178
G1 X100.674 Y95.533 E.04538
G1 X98.601 Y95.451 E.06178
G1 X97.524 Y96.529 E.04538
G1 X97.598 Y98.408 E.05602
G1 X97.19 Y98.856 E.01806
G1 X96.524 Y99.678 E.03151
G1 X94.456 Y99.597 E.06165
G1 X93.379 Y100.674 E.04538
G1 X93.461 Y102.746 E.06178
G1 X92.384 Y103.823 E.04538
G1 X90.49 Y103.749 E.05645
G1 X90.611 Y103.371 E.01182
G1 X91.033 Y102.246 E.03577
G1 X91.344 Y101.525 E.02341
G1 X91.873 Y100.446 E.03577
G1 X92.303 Y99.675 E.02631
G1 X92.384 Y99.678 E.00239
G1 X93.461 Y98.601 E.04538
G1 X93.435 Y97.946 E.01953
G1 X94.053 Y97.132 E.03045
G1 X94.559 Y96.53 E.02341
G1 X95.532 Y95.494 E.04234
G1 X96.529 Y95.533 E.02972
G1 X97.606 Y94.456 E.04538
G1 X97.576 Y93.71 E.02224
G1 X98.414 Y93.099 E.03088
G1 X98.908 Y92.774 E.01762
; stop printing object Генератор.stl id:0 copy 0
;LAYER_CHANGE
;Z:3.2
;HEIGHT:0.2
;BEFORE_LAYER_CHANGE
;3.2
G92 E0

G1 E-1 F2400
;WIPE_START
G1 F12000
G1 X98.414 Y93.099
G1 X97.576 Y93.71
G1 X97.591 Y94.082
;WIPE_END
M486 S-1
;_SET_FAN_SPEED_CHANGING_LAYER
; printing object Генератор.stl id:0 copy 0
M486 S0
G1 Z3.4 F24000
G1 X130.743 Y108.553 Z3.4
G1 Z3.2
G1 E1 F2700
;TYPE:Inner wall
;WIDTH:0.449999
G1 F9297
G1 X130.781 Y109.241 E.02051
G1 X130.792 Y110.406 E.03472
G1 X130.761 Y111.206 E.02385
G1 X130.655 Y112.417 E.03621
G1 X130.547 Y113.21 E.02384
G1 X130.324 Y114.406 E.03621
G1 X130.14 Y115.185 E.02384
G1 X129.802 Y116.353 E.03621
G1 X129.543 Y117.11 E.02384
G1 X129.095 Y118.237 E.03613
G1 X128.583 Y119.336 E.03612
G1 X128.21 Y120.045 E.02385
G1 X127.592 Y121.091 E.0362
G1 X127.152 Y121.76 E.02384
G1 X126.435 Y122.742 E.03621
G1 X125.933 Y123.365 E.02384
G1 X125.127 Y124.271 E.03612
G1 X124.271 Y125.127 E.03603
G1 X123.366 Y125.932 E.03608
G1 X122.606 Y126.539 E.02898
G1 X121.762 Y127.15 E.03105
G1 X120.946 Y127.681 E.02901
G1 X120.045 Y128.209 E.0311
G1 X119.336 Y128.583 E.02388
G1 X118.234 Y129.097 E.03621
G1 X117.493 Y129.399 E.02385
G1 X116.346 Y129.804 E.03622
G1 X115.577 Y130.035 E.02393
G1 X114.799 Y130.235 E.02393
G1 X113.608 Y130.481 E.03621
G1 X112.817 Y130.605 E.02385
G1 X111.609 Y130.734 E.03621
G1 X110.809 Y130.781 E.02384
G1 X109.594 Y130.792 E.03621
G1 X108.794 Y130.761 E.02385
G1 X107.583 Y130.655 E.03621
G1 X106.79 Y130.547 E.02384
G1 X105.597 Y130.325 E.03612
G1 X104.42 Y130.034 E.03612
G1 X103.653 Y129.804 E.02385
G1 X102.507 Y129.399 E.0362
G1 X101.766 Y129.097 E.02385
G1 X100.664 Y128.583 E.03621
G1 X99.955 Y128.21 E.02385
G1 X98.909 Y127.592 E.0362
G1 X98.24 Y127.152 E.02384
G1 X97.258 Y126.435 E.03621
G1 X96.635 Y125.933 E.02384
G1 X95.729 Y125.127 E.03612
G1 X94.873 Y124.271 E.03603
G1 X94.068 Y123.366 E.03608
G1 X93.461 Y122.606 E.02898
G1 X92.85 Y121.762 E.03105
G1 X92.319 Y120.946 E.02901
G1 X91.791 Y120.045 E.0311
G1 X91.417 Y119.336 E.02388
G1 X90.903 Y118.234 E.03621
G1 X90.601 Y117.493 E.02385
G1 X90.196 Y116.346 E.03622
G1 X89.965 Y115.577 E.02393
G1 X89.765 Y114.799 E.02393
G1 X89.519 Y113.608 E.03621
G1 X89.395 Y112.817 E.02385
G1 X89.266 Y111.609 E.03621
G1 X89.219 Y110.809 E.02384
G1 X89.208 Y109.597 E.03612
G1 X89.266 Y108.385 E.03613
G1 X89.344 Y107.586 E.02393
G1 X89.453 Y106.79 E.02393
G1 X89.676 Y105.594 E.03621
G1 X89.86 Y104.815 E.02384
G1 X90.197 Y103.649 E.03617
G1 X90.517 Y102.73 E.02898
G1 X90.905 Y101.763 E.03105
G1 X91.312 Y100.878 E.02901
G1 X91.792 Y99.953 E.03105
G1 X92.283 Y99.112 E.02901
G1 X92.849 Y98.238 E.03101
G1 X93.565 Y97.258 E.03615
G1 X94.067 Y96.635 E.02384
G1 X94.873 Y95.729 E.03612
G1 X95.729 Y94.873 E.03603
G1 X96.634 Y94.068 E.03608
G1 X97.394 Y93.461 E.02898
G1 X98.239 Y92.849 E.0311
G1 X98.909 Y92.408 E.02388
G1 X99.956 Y91.79 E.03621
G1 X100.664 Y91.417 E.02385
G1 X101.766 Y90.903 E.03621
G1 X102.507 Y90.601 E.02385
G1 X103.653 Y90.196 E.03621
G1 X104.423 Y89.965 E.02394
G1 X105.201 Y89.765 E.02393
G1 X106.392 Y89.519 E.03621
G1 X107.183 Y89.395 E.02385
G1 X108.391 Y89.266 E.03621
G1 X109.191 Y89.219 E.02384
G1 X110.406 Y89.208 E.03621
G1 X111.206 Y89.239 E.02385
G1 X112.417 Y89.345 E.0362
G1 X113.21 Y89.453 E.02384
G1 X114.406 Y89.676 E.03621
G1 X115.185 Y89.86 E.02384
G1 X116.353 Y90.198 E.03621
G1 X117.11 Y90.457 E.02384
G1 X118.238 Y90.905 E.03617
G1 X119.122 Y91.312 E.02898
G1 X120.047 Y91.792 E.03105
G1 X120.888 Y92.283 E.02901
G1 X121.762 Y92.849 E.03101
G1 X122.742 Y93.565 E.03615
G1 X123.365 Y94.067 E.02384
G1 X124.271 Y94.873 E.03612
G1 X125.127 Y95.729 E.03603
G1 X125.932 Y96.634 E.03608
G1 X126.539 Y97.394 E.02898
G1 X127.151 Y98.239 E.0311
G1 X127.592 Y98.909 E.02388
G1 X128.21 Y99.956 E.03621
G1 X128.583 Y100.664 E.02385
G1 X129.097 Y101.766 E.03621
G1 X129.399 Y102.507 E.02385
G1 X129.804 Y103.653 E.03621
G1 X130.035 Y104.423 E.02394
G1 X130.235 Y105.201 E.02393
G1 X130.515 Y106.613 E.04288
G1 X130.646 Y107.571 E.02881
G1 X130.737 Y108.441 E.02606
G1 X130.741 Y108.513 E.00214
G1 X131.15 Y108.529 F24000
M204 P4000
;TYPE:Outer wall
;WIDTH:0.419999
G1 F9297
G1 X131.167 Y108.721 E.00531
G1 X131.195 Y109.237 E.01425
G1 X131.206 Y110.412 E.03244
G1 X131.174 Y111.232 E.02264
G1 X131.066 Y112.463 E.0341
G1 X130.955 Y113.276 E.02264
G1 X130.729 Y114.491 E.0341
G1 X130.54 Y115.29 E.02264
G1 X130.197 Y116.477 E.0341
G1 X129.931 Y117.253 E.02264
G1 X129.475 Y118.401 E.03407
G1 X128.953 Y119.52 E.03407
G1 X128.571 Y120.246 E.02265
G1 X127.943 Y121.31 E.03409
G1 X127.492 Y121.996 E.02264
G1 X126.764 Y122.994 E.0341
G1 X126.248 Y123.633 E.02264
G1 X125.428 Y124.555 E.03407
G1 X124.555 Y125.428 E.03404
G1 X123.633 Y126.248 E.03406
G1 X122.857 Y126.868 E.02741
G1 X121.996 Y127.491 E.02932
G1 X121.163 Y128.033 E.02742
G1 X120.246 Y128.571 E.02933
G1 X119.52 Y128.953 E.02265
G1 X118.4 Y129.476 E.0341
G1 X117.64 Y129.786 E.02264
G1 X116.475 Y130.198 E.03411
G1 X115.688 Y130.433 E.02266
G1 X114.892 Y130.638 E.02267
G1 X113.682 Y130.888 E.0341
G1 X112.871 Y131.015 E.02264
G1 X111.643 Y131.146 E.0341
G1 X110.823 Y131.194 E.02264
G1 X109.588 Y131.206 E.0341
G1 X108.768 Y131.174 E.02264
G1 X107.537 Y131.066 E.0341
G1 X106.724 Y130.955 E.02264
G1 X105.51 Y130.729 E.03407
M73 P48 R3
G1 X104.311 Y130.433 E.03407
G1 X103.525 Y130.197 E.02265
G1 X102.36 Y129.786 E.03409
G1 X101.6 Y129.476 E.02264
G1 X100.48 Y128.953 E.0341
G1 X99.754 Y128.571 E.02265
G1 X98.69 Y127.943 E.03409
G1 X98.004 Y127.492 E.02264
G1 X97.006 Y126.764 E.0341
G1 X96.367 Y126.248 E.02264
G1 X95.445 Y125.428 E.03407
G1 X94.572 Y124.555 E.03404
G1 X93.752 Y123.633 E.03406
G1 X93.132 Y122.857 E.02741
G1 X92.509 Y121.996 E.02932
G1 X91.967 Y121.163 E.02742
G1 X91.429 Y120.246 E.02933
G1 X91.047 Y119.52 E.02265
G1 X90.524 Y118.4 E.0341
G1 X90.214 Y117.64 E.02264
G1 X89.802 Y116.475 E.03411
G1 X89.567 Y115.688 E.02266
G1 X89.362 Y114.892 E.02267
G1 X89.112 Y113.682 E.0341
G1 X88.985 Y112.871 E.02264
G1 X88.854 Y111.643 E.0341
G1 X88.806 Y110.823 E.02264
G1 X88.794 Y109.589 E.03407
G1 X88.854 Y108.355 E.03408
G1 X88.933 Y107.538 E.02266
G1 X89.045 Y106.724 E.02267
G1 X89.271 Y105.509 E.0341
G1 X89.46 Y104.71 E.02264
G1 X89.803 Y103.524 E.03408
G1 X90.129 Y102.585 E.02741
G1 X90.525 Y101.599 E.02932
G1 X90.941 Y100.696 E.02742
G1 X91.43 Y99.753 E.02932
G1 X91.931 Y98.895 E.02742
G1 X92.509 Y98.004 E.0293
G1 X93.236 Y97.006 E.03408
G1 X93.752 Y96.367 E.02264
G1 X94.572 Y95.445 E.03407
G1 X95.445 Y94.572 E.03404
G1 X96.367 Y93.752 E.03406
G1 X97.143 Y93.132 E.02741
G1 X98.004 Y92.508 E.02933
G1 X98.69 Y92.057 E.02266
G1 X99.754 Y91.429 E.03409
G1 X100.48 Y91.047 E.02264
G1 X101.6 Y90.524 E.0341
G1 X102.36 Y90.214 E.02264
G1 X103.525 Y89.803 E.0341
G1 X104.312 Y89.567 E.02267
G1 X105.108 Y89.362 E.02267
G1 X106.318 Y89.112 E.0341
G1 X107.129 Y88.985 E.02264
G1 X108.357 Y88.854 E.0341
G1 X109.177 Y88.806 E.02264
G1 X110.412 Y88.794 E.0341
G1 X111.233 Y88.826 E.02265
G1 X112.463 Y88.934 E.03409
G1 X113.276 Y89.045 E.02264
G1 X114.491 Y89.271 E.0341
G1 X115.29 Y89.46 E.02264
G1 X116.477 Y89.803 E.0341
G1 X117.253 Y90.069 E.02264
G1 X118.401 Y90.525 E.03409
G1 X119.304 Y90.941 E.02741
G1 X120.247 Y91.43 E.02932
G1 X121.105 Y91.931 E.02742
G1 X121.996 Y92.509 E.0293
G1 X122.994 Y93.236 E.03408
G1 X123.633 Y93.752 E.02264
G1 X124.555 Y94.572 E.03407
G1 X125.428 Y95.445 E.03404
G1 X126.248 Y96.367 E.03406
G1 X126.868 Y97.143 E.02741
G1 X127.492 Y98.004 E.02933
G1 X127.943 Y98.69 E.02266
G1 X128.571 Y99.754 E.03409
G1 X128.953 Y100.48 E.02264
G1 X129.476 Y101.6 E.0341
G1 X129.786 Y102.36 E.02264
G1 X130.197 Y103.525 E.0341
G1 X130.433 Y104.312 E.02267
G1 X130.638 Y105.108 E.02267
G1 X130.924 Y106.549 E.04055
G1 X131.057 Y107.527 E.02724
G1 X131.146 Y108.49 E.02667
G1 E-1 F2400
;WIPE_START
G1 F12000
G1 X131.167 Y108.721
G1 X131.195 Y109.237
G1 X131.206 Y110.412
G1 X131.203 Y110.488
;WIPE_END
G1 Z3.4 F24000
G1 X95.989 Y100.978 Z3.4
G1 Z3.2
G1 E1 F2700
M204 P5000
;TYPE:Inner wall
;WIDTH:0.449999
G1 F9297
G1 X96.264 Y100.563 E.01483
G1 X96.845 Y99.759 E.02953
G1 X97.228 Y99.287 E.01812
G1 X97.899 Y98.531 E.0301
G1 X98.434 Y97.991 E.02264
G1 X98.982 Y97.485 E.02222
G1 X99.84 Y96.78 E.0331
G1 X100.447 Y96.335 E.02241
G1 X101.068 Y95.921 E.02221
G1 X101.706 Y95.536 E.02221
G1 X102.361 Y95.179 E.02222
G1 X103.365 Y94.704 E.0331
G1 X104.016 Y94.438 E.02093
G1 X104.961 Y94.111 E.0298
G1 X106.136 Y93.784 E.03631
G1 X107.138 Y93.577 E.03049
G1 X107.739 Y93.484 E.01812
G1 X108.757 Y93.373 E.03049
G1 X109.353 Y93.345 E.01779
G1 X110.358 Y93.336 E.02993
G1 X110.95 Y93.357 E.01764
G1 X111.969 Y93.446 E.03048
G1 X112.572 Y93.53 E.01812
G1 X113.566 Y93.717 E.03015
G1 X114.672 Y93.995 E.03397
G1 X115.388 Y94.221 E.02235
G1 X116.088 Y94.478 E.02222
G1 X117.108 Y94.918 E.0331
G1 X117.781 Y95.254 E.02241
G1 X118.433 Y95.616 E.02221
G1 X119.068 Y96.008 E.02221
G1 X119.684 Y96.427 E.02221
G1 X120.251 Y96.851 E.02108
G1 X120.722 Y97.235 E.01812
G1 X121.456 Y97.896 E.02941
G1 X122.148 Y98.582 E.02902
G1 X122.795 Y99.318 E.02921
G1 X123.267 Y99.907 E.02246
G1 X123.77 Y100.601 E.02553
G1 X124.104 Y101.114 E.01825
G1 X124.618 Y101.986 E.03015
G1 X124.904 Y102.529 E.01829
G1 X125.262 Y103.286 E.02493
G1 X125.547 Y103.975 E.02221
G1 X125.801 Y104.676 E.02222
G1 X126.068 Y105.568 E.02773
G1 X126.218 Y106.147 E.01781
G1 X126.427 Y107.149 E.03049
G1 X126.518 Y107.751 E.01812
G1 X126.619 Y108.746 E.0298
G1 X126.656 Y109.33 E.01743
G1 X126.667 Y110.353 E.03049
G1 X126.642 Y110.961 E.01812
G1 X126.552 Y111.969 E.03015
G1 X126.47 Y112.553 E.01756
G1 X126.376 Y113.132 E.01749
G1 X126.219 Y113.866 E.02236
G1 X125.925 Y114.938 E.0331
G1 X125.686 Y115.652 E.02241
G1 X125.418 Y116.347 E.02221
G1 X125.119 Y117.03 E.02221
G1 X124.6 Y118.044 E.03393
G1 X124.081 Y118.926 E.03048
G1 X123.412 Y119.905 E.03531
G1 X122.952 Y120.5 E.0224
G1 X122.47 Y121.068 E.02221
G1 X122.115 Y121.451 E.01554
G1 X121.431 Y122.138 E.02888
G1 X120.769 Y122.728 E.02642
G1 X120.072 Y123.285 E.02658
G1 X119.4 Y123.771 E.02472
G1 X118.774 Y124.178 E.02221
G1 X118.008 Y124.623 E.0264
G1 X117.472 Y124.906 E.01806
G1 X116.799 Y125.224 E.02216
G1 X116.097 Y125.519 E.02269
G1 X115.065 Y125.885 E.03263
G1 X114.444 Y126.068 E.01928
G1 X113.852 Y126.216 E.01817
G1 X112.868 Y126.418 E.02993
G1 X112.284 Y126.513 E.01763
G1 X111.78 Y126.578 E.01511
G1 X110.659 Y126.657 E.0335
G1 X109.635 Y126.668 E.03049
G1 X108.438 Y126.6 E.03573
G1 X107.69 Y126.513 E.02241
G1 X106.954 Y126.393 E.02221
G1 X106.458 Y126.289 E.01511
G1 X105.502 Y126.055 E.0293
G1 X104.894 Y125.87 E.01893
G1 X104.086 Y125.589 E.02549
G1 X103.395 Y125.309 E.02221
G1 X102.463 Y124.87 E.03071
G1 X101.957 Y124.598 E.01711
G1 X101.088 Y124.092 E.02994
G1 X100.557 Y123.739 E.01899
G1 X99.866 Y123.24 E.02539
G1 X99.281 Y122.761 E.02254
G1 X98.54 Y122.108 E.02941
G1 X97.844 Y121.41 E.02938
G1 X97.19 Y120.672 E.02935
G1 X96.719 Y120.08 E.02255
G1 X96.281 Y119.476 E.02221
G1 X95.871 Y118.854 E.02221
G1 X95.49 Y118.213 E.02221
G1 X95.137 Y117.556 E.02221
G1 X94.757 Y116.755 E.02642
G1 X94.439 Y115.979 E.02498
G1 X94.141 Y115.147 E.02632
G1 X93.927 Y114.433 E.0222
G1 X93.775 Y113.831 E.01851
G1 X93.595 Y112.979 E.02592
G1 X93.478 Y112.243 E.02221
G1 X93.375 Y111.231 E.03028
G1 X93.343 Y110.647 E.01743
G1 X93.33 Y109.64 E.03
G1 X93.363 Y108.895 E.02221
G1 X93.528 Y107.44 E.04362
G1 X93.715 Y106.434 E.03049
G1 X93.857 Y105.842 E.01812
G1 X94.133 Y104.878 E.02988
G1 X94.393 Y104.142 E.02323
G1 X94.706 Y103.372 E.02477
G1 X95.025 Y102.676 E.02279
G1 X95.417 Y101.922 E.02532
G1 X95.811 Y101.247 E.02328
G1 X95.967 Y101.011 E.00843
G1 X96.334 Y101.206 F24000
M204 P4000
;TYPE:Outer wall
;WIDTH:0.419999
G1 F9297
G1 X96.607 Y100.794 E.01365
G1 X97.175 Y100.009 E.02672
G1 X97.547 Y99.551 E.01627
G1 X98.205 Y98.809 E.02737
G1 X98.727 Y98.282 E.02046
G1 X99.262 Y97.79 E.02007
G1 X100.103 Y97.099 E.03002
G1 X100.691 Y96.668 E.02012
G1 X101.297 Y96.265 E.02006
G1 X101.919 Y95.89 E.02006
G1 X102.558 Y95.543 E.02007
G1 X103.542 Y95.078 E.03002
G1 X104.172 Y94.822 E.01875
G1 X105.095 Y94.502 E.02697
G1 X106.23 Y94.187 E.03249
G1 X107.214 Y93.983 E.02773
G1 X107.797 Y93.894 E.01627
G1 X108.796 Y93.785 E.02773
G1 X109.372 Y93.758 E.0159
G1 X110.354 Y93.75 E.02711
G1 X110.924 Y93.77 E.01574
G1 X111.925 Y93.857 E.02772
G1 X112.509 Y93.939 E.01627
G1 X113.484 Y94.122 E.02736
G1 X114.568 Y94.395 E.03085
G1 X115.262 Y94.615 E.0201
G1 X115.945 Y94.866 E.02007
G1 X116.944 Y95.297 E.03002
G1 X117.596 Y95.624 E.02012
G1 X118.231 Y95.978 E.02006
G1 X118.85 Y96.36 E.02006
G1 X119.451 Y96.769 E.02006
G1 X120.003 Y97.182 E.01902
G1 X120.46 Y97.555 E.01627
G1 X121.176 Y98.2 E.02661
G1 X121.852 Y98.87 E.02624
G1 X122.483 Y99.59 E.02642
G1 X122.941 Y100.16 E.02017
G1 X123.432 Y100.84 E.02314
G1 X123.756 Y101.337 E.01639
G1 X124.259 Y102.192 E.02735
G1 X124.537 Y102.72 E.01646
G1 X124.887 Y103.461 E.02261
G1 X125.164 Y104.133 E.02006
G1 X125.412 Y104.817 E.02007
G1 X125.672 Y105.687 E.02505
G1 X125.816 Y106.243 E.01586
G1 X126.021 Y107.227 E.02773
G1 X126.109 Y107.811 E.01628
G1 X126.207 Y108.783 E.02696
G1 X126.243 Y109.344 E.0155
G1 X126.253 Y110.349 E.02773
G1 X126.229 Y110.938 E.01627
G1 X126.141 Y111.925 E.02736
G1 X126.062 Y112.487 E.01565
G1 X125.968 Y113.067 E.0162
G1 X125.815 Y113.779 E.02011
G1 X125.526 Y114.828 E.03002
G1 X125.294 Y115.52 E.02012
G1 X125.032 Y116.198 E.02006
G1 X124.74 Y116.864 E.02006
G1 X124.238 Y117.845 E.03041
G1 X123.728 Y118.711 E.02772
G1 X123.072 Y119.67 E.03207
G1 X122.625 Y120.246 E.02011
G1 X122.155 Y120.8 E.02006
G1 X121.812 Y121.169 E.01388
G1 X121.141 Y121.843 E.02624
G1 X120.494 Y122.419 E.0239
G1 X119.814 Y122.962 E.02401
G1 X119.159 Y123.435 E.0223
G1 X118.549 Y123.831 E.02007
G1 X117.801 Y124.265 E.02388
G1 X117.279 Y124.54 E.01625
G1 X116.623 Y124.85 E.02005
G1 X115.947 Y125.133 E.0202
G1 X114.926 Y125.496 E.0299
G1 X114.327 Y125.671 E.01722
G1 X113.756 Y125.814 E.01626
G1 X112.793 Y126.011 E.02711
G1 X111.727 Y126.168 E.02972
G1 X111.003 Y126.229 E.02006
G1 X110.276 Y126.258 E.02006
G1 X109.638 Y126.254 E.01763
G1 X108.463 Y126.187 E.03246
G1 X107.739 Y126.102 E.02012
G1 X107.021 Y125.985 E.02006
G1 X106.31 Y125.836 E.02006
G1 X105.605 Y125.655 E.02006
G1 X105.015 Y125.475 E.01702
G1 X104.225 Y125.2 E.0231
G1 X103.551 Y124.926 E.02007
G1 X102.639 Y124.496 E.0278
G1 X102.156 Y124.236 E.01515
G1 X101.303 Y123.738 E.02726
G1 X100.786 Y123.395 E.01711
G1 X100.11 Y122.907 E.023
G1 X99.543 Y122.441 E.02024
G1 X98.82 Y121.804 E.0266
G1 X98.139 Y121.12 E.02664
G1 X97.5 Y120.399 E.02657
G1 X97.043 Y119.823 E.02029
G1 X96.616 Y119.234 E.02006
G1 X96.217 Y118.627 E.02006
G1 X95.845 Y118.002 E.02006
G1 X95.502 Y117.361 E.02006
G1 X95.131 Y116.578 E.0239
G1 X94.822 Y115.822 E.02253
G1 X94.531 Y115.011 E.02378
G1 X94.323 Y114.315 E.02005
G1 X94.176 Y113.73 E.01663
G1 X94 Y112.897 E.0235
G1 X93.887 Y112.178 E.02007
G1 X93.787 Y111.19 E.02742
G1 X93.756 Y110.629 E.01551
G1 X93.744 Y109.64 E.02728
G1 X93.776 Y108.914 E.02007
G1 X93.937 Y107.504 E.03913
G1 X94.12 Y106.516 E.02773
G1 X94.258 Y105.943 E.01627
G1 X94.529 Y104.996 E.02717
G1 X94.783 Y104.281 E.02094
G1 X95.088 Y103.531 E.02233
G1 X95.398 Y102.855 E.02051
G1 X95.781 Y102.117 E.02295
G1 X96.166 Y101.459 E.02105
G1 X96.312 Y101.239 E.00726
G1 E-1 F2400
;WIPE_START
G1 F12000
G1 X96.607 Y100.794
G1 X97.175 Y100.009
G1 X97.488 Y99.623
;WIPE_END
G1 Z3.4 F24000
G1 X94.469 Y103.15 Z3.4
G1 Z3.2
G1 E1 F2700
M204 P5000
;TYPE:Sparse infill
;WIDTH:0.45
G1 F9297
G1 X94.153 Y103.907 E.02442
G1 X93.882 Y104.669 E.02409
G1 X93.733 Y104.819 E.00631
G1 X93.107 Y106.891 E.06448
G1 X92.384 Y107.615 E.03048
G1 X90.311 Y108.24 E.06448
G1 X89.588 Y108.964 E.03048
G1 X89.536 Y109.135 E.00534
G1 X89.571 Y108.407 E.02171
G1 X89.648 Y107.621 E.02353
G1 X89.755 Y106.838 E.02354
G1 X89.975 Y105.658 E.03577
G1 X90.156 Y104.893 E.0234
G1 X90.393 Y104.07 E.02551
G1 X92.384 Y103.47 E.06192
G1 X93.107 Y102.746 E.03048
G1 X93.733 Y100.674 E.06448
G1 X94.456 Y99.95 E.03048
G1 X96.529 Y99.325 E.06448
G1 X97.252 Y98.601 E.03048
G1 X97.878 Y96.529 E.06448
G1 X98.601 Y95.805 E.03048
G1 X100.674 Y95.18 E.06448
G1 X101.397 Y94.456 E.03048
G1 X102.023 Y92.384 E.06448
G1 X102.746 Y91.66 E.03048
G1 X104.819 Y91.035 E.06448
G1 X105.542 Y90.311 E.03048
G1 X105.64 Y89.986 E.01012
G1 X105.27 Y90.062 E.01127
G1 X104.505 Y90.26 E.02353
G1 X103.748 Y90.486 E.02354
G1 X102.615 Y90.886 E.03577
G1 X101.888 Y91.183 E.02341
G1 X100.8 Y91.691 E.03577
G1 X100.105 Y92.057 E.0234
G1 X99.071 Y92.667 E.03577
G1 X98.413 Y93.1 E.02345
G1 X97.579 Y93.704 E.03068
G1 X97.448 Y93.809 E.005
G1 X97.252 Y94.456 E.02013
G1 X96.529 Y95.18 E.03048
G1 X95.563 Y95.471 E.03005
G1 X95.096 Y95.938 E.01968
G1 X94.3 Y96.832 E.03564
G1 X93.807 Y97.444 E.0234
G1 X93.209 Y98.263 E.0302
G1 X93.107 Y98.601 E.01053
G1 X92.739 Y98.969 E.0155
G1 X92.543 Y99.272 E.01075
G1 X91.917 Y100.374 E.03774
G1 X93.033 Y109.459 F24000
G1 F9297
G1 X93.025 Y110.37 E.02712
G1 X93.057 Y111.087 E.02138
G1 X92.384 Y111.76 E.02836
G1 X90.311 Y112.385 E.06448
G1 X89.728 Y112.968 E.02456
G1 X89.82 Y113.554 E.01765
G1 X90.062 Y114.73 E.03577
G1 X90.26 Y115.495 E.02353
G1 X90.558 Y116.456 E.02996
G1 X92.384 Y115.905 E.0568
G1 X93.107 Y115.181 E.03048
G1 X93.485 Y113.929 E.03898
G1 X93.625 Y114.489 E.01721
G1 X93.852 Y115.245 E.02352
G1 X94.105 Y115.968 E.02282
G1 X94.37 Y116.616 E.02085
G1 X93.733 Y117.254 E.02687
G1 X93.107 Y119.326 E.06448
G1 X92.384 Y120.05 E.03048
G1 X92.183 Y120.111 E.00625
G1 X92.578 Y120.785 E.0233
G1 X93.101 Y121.589 E.02856
G1 X93.506 Y122.148 E.02057
G1 X93.733 Y121.399 E.02332
G1 X94.456 Y120.675 E.03048
G1 X96.357 Y120.102 E.05915
G1 X96.955 Y120.868 E.02894
G1 X97.767 Y121.766 E.03606
G1 X97.252 Y123.471 E.05306
M73 P49 R3
G1 X96.529 Y124.195 E.03048
G1 X95.53 Y124.496 E.03107
G1 X95.938 Y124.904 E.0172
G1 X96.832 Y125.7 E.03564
G1 X97.639 Y126.335 E.03059
G1 X97.878 Y125.544 E.02463
G1 X98.601 Y124.82 E.03048
G1 X100.681 Y124.188 E.06475
G1 X101.437 Y124.66 E.02655
G1 X102.393 Y125.174 E.03232
G1 X102.023 Y125.544 E.0156
G1 X101.397 Y127.616 E.06448
G1 X100.737 Y128.276 E.02781
G1 X101.888 Y128.817 E.03787
G1 X102.603 Y129.109 E.02299
G1 X102.746 Y128.965 E.00605
G1 X104.819 Y128.34 E.06448
G1 X105.542 Y127.616 E.03048
G1 X105.888 Y126.47 E.03567
G1 X106.886 Y126.691 E.03043
G1 X107.638 Y126.814 E.0227
G1 X108.396 Y126.903 E.02273
G1 X109.516 Y126.972 E.03344
G1 X109.881 Y126.974 E.01087
G1 X109.687 Y127.616 E.01998
G1 X108.964 Y128.34 E.03048
G1 X106.891 Y128.965 E.06448
G1 X106.168 Y129.689 E.03048
G1 X106.044 Y130.098 E.01272
G1 X106.838 Y130.245 E.02405
G1 X107.617 Y130.352 E.0234
G1 X108.813 Y130.456 E.03577
G1 X109.598 Y130.487 E.0234
G1 X110.073 Y130.482 E.01415
G1 X110.313 Y129.689 E.02469
G1 X111.036 Y128.965 E.03048
G1 X113.109 Y128.34 E.06448
G1 X113.832 Y127.616 E.03048
G1 X114.184 Y126.45 E.03628
G1 X115.15 Y126.179 E.02989
G1 X115.739 Y125.97 E.0186
G1 X128.095 Y119.608 F24000
G1 F9297
G1 X127.943 Y119.896 E.00969
G1 X127.276 Y121.015 E.03881
G1 X126.893 Y121.399 E.01616
G1 X126.791 Y121.737 E.01053
G1 X126.193 Y122.556 E.0302
G1 X125.7 Y123.168 E.0234
G1 X124.904 Y124.062 E.03564
G1 X124.437 Y124.529 E.01968
G1 X123.471 Y124.82 E.03005
G1 X122.748 Y125.544 E.03048
G1 X122.552 Y126.191 E.02013
G1 X122.421 Y126.296 E.005
G1 X121.589 Y126.899 E.03061
G1 X120.785 Y127.422 E.02857
G1 X119.897 Y127.942 E.03068
G1 X119.2 Y128.309 E.02345
G1 X118.112 Y128.817 E.03577
G1 X117.385 Y129.114 E.02341
G1 X116.252 Y129.514 E.03578
G1 X115.495 Y129.74 E.02353
G1 X114.73 Y129.938 E.02353
G1 X114.36 Y130.014 E.01127
G1 X114.458 Y129.689 E.01012
G1 X115.181 Y128.965 E.03048
G1 X117.254 Y128.34 E.06448
G1 X117.977 Y127.616 E.03048
G1 X118.603 Y125.544 E.06448
G1 X119.326 Y124.82 E.03048
G1 X121.399 Y124.195 E.06448
G1 X122.122 Y123.471 E.03048
G1 X122.748 Y121.399 E.06448
G1 X123.471 Y120.675 E.03048
G1 X125.544 Y120.05 E.06448
G1 X126.267 Y119.326 E.03048
G1 X126.893 Y117.254 E.06448
G1 X127.616 Y116.53 E.03048
G1 X129.607 Y115.93 E.06192
G1 X129.844 Y115.107 E.02551
G1 X130.025 Y114.342 E.0234
G1 X130.245 Y113.162 E.03577
G1 X130.352 Y112.383 E.0234
G1 X130.456 Y111.187 E.03577
G1 X130.47 Y110.847 E.01015
G1 X130.412 Y111.036 E.0059
G1 X129.689 Y111.76 E.03048
G1 X127.616 Y112.385 E.06448
G1 X126.893 Y113.109 E.03048
G1 X126.267 Y115.181 E.06448
G1 X126.114 Y115.334 E.00645
G1 X125.966 Y115.777 E.0139
G1 X125.53 Y116.853 E.03459
G1 X126.97 Y110.543 F24000
G1 F9297
G1 X126.978 Y109.811 E.02181
G1 X126.94 Y108.916 E.02669
G1 X127.616 Y108.24 E.02848
G1 X129.689 Y107.615 E.06448
G1 X130.272 Y107.032 E.02456
G1 X130.18 Y106.446 E.01765
G1 X129.938 Y105.27 E.03577
G1 X129.74 Y104.505 E.02353
G1 X129.442 Y103.544 E.02996
G1 X127.616 Y104.095 E.0568
G1 X126.893 Y104.819 E.03048
G1 X126.514 Y106.073 E.03904
G1 X126.421 Y105.685 E.01189
G1 X126.103 Y104.617 E.0332
G1 X125.836 Y103.876 E.02346
G1 X125.632 Y103.382 E.01593
G1 X126.267 Y102.746 E.02676
G1 X126.893 Y100.674 E.06448
G1 X127.616 Y99.95 E.03048
G1 X127.816 Y99.89 E.00622
G1 X127.333 Y99.071 E.02834
G1 X126.9 Y98.413 E.02345
G1 X126.494 Y97.852 E.02064
G1 X126.267 Y98.601 E.02332
G1 X125.544 Y99.325 E.03048
G1 X123.646 Y99.897 E.05905
G1 X123.185 Y99.302 E.02243
G1 X122.446 Y98.452 E.03355
G1 X122.234 Y98.232 E.0091
G1 X122.748 Y96.529 E.05301
G1 X123.471 Y95.805 E.03048
G1 X124.47 Y95.504 E.03107
G1 X124.062 Y95.096 E.0172
G1 X123.168 Y94.3 E.03564
G1 X122.361 Y93.665 E.03059
G1 X122.122 Y94.456 E.02463
G1 X121.399 Y95.18 E.03048
G1 X119.321 Y95.811 E.06468
G1 X118.597 Y95.359 E.02542
G1 X117.608 Y94.826 E.03347
G1 X117.977 Y94.456 E.01557
G1 X118.603 Y92.384 E.06448
G1 X119.259 Y91.727 E.02765
G1 X118.118 Y91.186 E.03762
G1 X117.391 Y90.897 E.02329
G1 X117.254 Y91.035 E.0058
G1 X115.181 Y91.66 E.06448
G1 X114.458 Y92.384 E.03048
G1 X114.111 Y93.533 E.03577
G1 X113.819 Y93.457 E.00897
G1 X112.936 Y93.277 E.02684
G1 X112.183 Y93.162 E.02272
G1 X111.425 Y93.081 E.0227
G1 X110.663 Y93.034 E.02272
G1 X110.118 Y93.029 E.01625
G1 X110.313 Y92.384 E.02008
G1 X111.036 Y91.66 E.03048
G1 X113.109 Y91.035 E.06448
G1 X113.832 Y90.311 E.03048
G1 X113.956 Y89.902 E.01272
G1 X113.162 Y89.755 E.02405
G1 X112.383 Y89.648 E.0234
G1 X111.187 Y89.544 E.03576
G1 X110.447 Y89.515 E.02207
G1 X109.926 Y89.519 E.0155
G1 X109.687 Y90.311 E.02465
G1 X108.964 Y91.035 E.03048
G1 X106.891 Y91.66 E.06448
G1 X106.168 Y92.384 E.03048
G1 X105.817 Y93.545 E.03614
G1 X105.046 Y93.76 E.02384
G1 X104.263 Y94.028 E.02467
; stop printing object Генератор.stl id:0 copy 0
;LAYER_CHANGE
;Z:3.4
;HEIGHT:0.2
;BEFORE_LAYER_CHANGE
;3.4
G92 E0

G1 E-1 F2400
;WIPE_START
G1 F12000
G1 X105.046 Y93.76
G1 X105.817 Y93.545
G1 X105.924 Y93.19
;WIPE_END
M486 S-1
;_SET_FAN_SPEED_CHANGING_LAYER
; printing object Генератор.stl id:0 copy 0
M486 S0
G1 Z3.6 F24000
G1 X130.747 Y108.623 Z3.6
G1 Z3.4
G1 E1 F2700
;TYPE:Inner wall
;WIDTH:0.449999
G1 F9383
G1 X130.781 Y109.241 E.01844
G1 X130.792 Y110.403 E.03463
G1 X130.734 Y111.612 E.03603
G1 X130.605 Y112.817 E.03612
G1 X130.481 Y113.608 E.02385
G1 X130.236 Y114.796 E.03612
G1 X129.922 Y115.968 E.03613
G1 X129.677 Y116.73 E.02384
G1 X129.25 Y117.868 E.03621
G1 X128.933 Y118.603 E.02386
G1 X128.399 Y119.693 E.03615
G1 X127.918 Y120.553 E.02936
G1 X127.374 Y121.429 E.03072
G1 X126.92 Y122.091 E.02389
G1 X126.185 Y123.059 E.03621
G1 X125.669 Y123.674 E.02393
G1 X125.129 Y124.269 E.02393
G1 X124.271 Y125.127 E.03613
G1 X123.365 Y125.933 E.03611
G1 X122.742 Y126.435 E.02384
G1 X121.76 Y127.152 E.03621
G1 X121.089 Y127.593 E.02393
G1 X120.401 Y128.009 E.02393
G1 X119.331 Y128.586 E.03621
G1 X118.608 Y128.931 E.02385
G1 X117.49 Y129.4 E.03611
G1 X116.347 Y129.804 E.03612
G1 X115.58 Y130.034 E.02385
G1 X114.401 Y130.325 E.03616
G1 X113.433 Y130.51 E.02936
G1 X112.412 Y130.656 E.03072
G1 X111.612 Y130.734 E.02397
G1 X110.809 Y130.781 E.02393
G1 X109.597 Y130.792 E.03612
G1 X108.388 Y130.734 E.03603
G1 X107.183 Y130.605 E.03612
G1 X106.392 Y130.481 E.02385
G1 X105.204 Y130.236 E.03612
G1 X104.032 Y129.922 E.03613
G1 X103.27 Y129.677 E.02383
G1 X102.132 Y129.25 E.03621
G1 X101.397 Y128.933 E.02386
G1 X100.307 Y128.399 E.03615
G1 X99.447 Y127.918 E.02936
G1 X98.571 Y127.374 E.03072
G1 X97.909 Y126.92 E.02389
G1 X96.941 Y126.185 E.03621
G1 X96.326 Y125.669 E.02393
G1 X95.731 Y125.129 E.02393
G1 X94.873 Y124.271 E.03613
G1 X94.067 Y123.365 E.03611
G1 X93.565 Y122.742 E.02384
G1 X92.848 Y121.76 E.03621
G1 X92.407 Y121.089 E.02393
G1 X91.991 Y120.401 E.02393
G1 X91.414 Y119.331 E.03621
G1 X91.069 Y118.608 E.02385
G1 X90.6 Y117.49 E.03611
G1 X90.196 Y116.347 E.03612
G1 X89.966 Y115.58 E.02385
G1 X89.675 Y114.401 E.03616
G1 X89.49 Y113.433 E.02936
G1 X89.344 Y112.412 E.03072
G1 X89.266 Y111.612 E.02397
G1 X89.219 Y110.809 E.02393
G1 X89.208 Y109.597 E.03612
G1 X89.266 Y108.385 E.03613
G1 X89.344 Y107.586 E.02393
G1 X89.453 Y106.79 E.02393
G1 X89.676 Y105.594 E.03621
G1 X89.86 Y104.815 E.02384
G1 X90.198 Y103.648 E.03621
G1 X90.457 Y102.89 E.02384
G1 X90.905 Y101.763 E.03612
G1 X91.416 Y100.667 E.03603
G1 X91.99 Y99.602 E.03604
G1 X92.627 Y98.57 E.03611
G1 X93.079 Y97.91 E.02385
G1 X93.815 Y96.941 E.03621
G1 X94.331 Y96.326 E.02393
G1 X94.871 Y95.731 E.02393
G1 X95.729 Y94.873 E.03612
G1 X96.635 Y94.067 E.03612
G1 X97.258 Y93.565 E.02384
G1 X98.24 Y92.848 E.03621
G1 X98.909 Y92.408 E.02384
G1 X99.956 Y91.79 E.03621
G1 X100.664 Y91.417 E.02386
M73 P50 R3
G1 X101.766 Y90.903 E.0362
G1 X102.507 Y90.601 E.02385
G1 X103.653 Y90.196 E.03621
G1 X104.42 Y89.966 E.02385
G1 X105.6 Y89.674 E.03621
G1 X106.386 Y89.52 E.02385
G1 X107.589 Y89.344 E.0362
G1 X108.388 Y89.266 E.02394
G1 X109.191 Y89.219 E.02393
G1 X110.406 Y89.208 E.03621
G1 X111.206 Y89.239 E.02385
G1 X112.417 Y89.345 E.0362
G1 X113.21 Y89.453 E.02384
G1 X114.406 Y89.676 E.03621
G1 X115.185 Y89.86 E.02384
G1 X116.353 Y90.198 E.03621
G1 X117.11 Y90.457 E.02384
G1 X118.237 Y90.905 E.03612
G1 X119.333 Y91.416 E.03603
G1 X120.398 Y91.99 E.03604
G1 X121.43 Y92.627 E.03611
G1 X122.09 Y93.079 E.02385
G1 X123.059 Y93.815 E.03621
G1 X123.674 Y94.331 E.02393
G1 X124.269 Y94.871 E.02393
G1 X125.127 Y95.729 E.03612
G1 X125.933 Y96.635 E.03612
G1 X126.435 Y97.258 E.02384
G1 X127.293 Y98.455 E.04388
G1 X127.792 Y99.249 E.02792
G1 X128.264 Y100.059 E.02793
G1 X128.69 Y100.894 E.02792
G1 X129.116 Y101.812 E.03014
G1 X129.442 Y102.628 E.02618
G1 X129.818 Y103.701 E.03388
G1 X130.128 Y104.799 E.03399
G1 X130.347 Y105.711 E.02793
G1 X130.518 Y106.648 E.02838
G1 X130.672 Y107.748 E.03307
G1 X130.736 Y108.428 E.02036
G1 X130.745 Y108.583 E.0046
G1 X131.148 Y108.6 F24000
M204 P4000
;TYPE:Outer wall
;WIDTH:0.419999
G1 F9383
G1 X131.195 Y109.237 E.01762
G1 X131.206 Y110.411 E.03241
G1 X131.146 Y111.644 E.03404
G1 X131.015 Y112.871 E.03407
G1 X130.888 Y113.682 E.02264
G1 X130.638 Y114.891 E.03407
G1 X130.319 Y116.084 E.03408
G1 X130.068 Y116.865 E.02263
G1 X129.634 Y118.022 E.0341
G1 X129.309 Y118.776 E.02265
G1 X128.766 Y119.885 E.03407
G1 X128.275 Y120.764 E.02777
G1 X127.72 Y121.656 E.02898
G1 X127.256 Y122.333 E.02266
G1 X126.508 Y123.317 E.03409
G1 X125.98 Y123.946 E.02267
G1 X125.428 Y124.554 E.02267
G1 X124.555 Y125.428 E.03408
G1 X123.633 Y126.248 E.03406
G1 X122.994 Y126.764 E.02264
G1 X121.996 Y127.492 E.0341
G1 X121.309 Y127.943 E.02267
G1 X120.606 Y128.368 E.02267
G1 X119.518 Y128.954 E.0341
G1 X118.778 Y129.308 E.02265
G1 X117.639 Y129.786 E.03406
G1 X116.475 Y130.197 E.03407
G1 X115.689 Y130.433 E.02264
G1 X114.49 Y130.729 E.03408
G1 X113.501 Y130.918 E.02777
G1 X112.462 Y131.067 E.02898
G1 X111.644 Y131.146 E.02268
G1 X110.823 Y131.194 E.02267
G1 X109.589 Y131.206 E.03407
G1 X108.356 Y131.146 E.03404
G1 X107.129 Y131.015 E.03407
G1 X106.318 Y130.888 E.02264
G1 X105.109 Y130.638 E.03407
G1 X103.916 Y130.319 E.03408
G1 X103.135 Y130.068 E.02263
G1 X101.978 Y129.634 E.0341
G1 X101.224 Y129.309 E.02265
G1 X100.115 Y128.766 E.03407
G1 X99.236 Y128.275 E.02777
G1 X98.344 Y127.72 E.02898
G1 X97.667 Y127.256 E.02266
G1 X96.683 Y126.508 E.03409
G1 X96.054 Y125.98 E.02267
G1 X95.446 Y125.428 E.02267
G1 X94.572 Y124.555 E.03408
G1 X93.752 Y123.633 E.03406
G1 X93.236 Y122.994 E.02264
G1 X92.508 Y121.996 E.0341
G1 X92.057 Y121.309 E.02267
G1 X91.632 Y120.606 E.02267
G1 X91.046 Y119.518 E.0341
G1 X90.692 Y118.778 E.02265
G1 X90.214 Y117.639 E.03406
G1 X89.803 Y116.475 E.03407
G1 X89.567 Y115.689 E.02264
G1 X89.271 Y114.49 E.03408
G1 X89.082 Y113.501 E.02777
G1 X88.933 Y112.462 E.02898
G1 X88.854 Y111.644 E.02268
G1 X88.806 Y110.823 E.02267
G1 X88.794 Y109.589 E.03407
G1 X88.854 Y108.355 E.03408
G1 X88.933 Y107.538 E.02266
G1 X89.045 Y106.724 E.02267
G1 X89.271 Y105.509 E.0341
G1 X89.46 Y104.71 E.02264
G1 X89.803 Y103.523 E.0341
G1 X90.069 Y102.747 E.02264
G1 X90.525 Y101.599 E.03407
G1 X91.046 Y100.481 E.03404
G1 X91.632 Y99.395 E.03405
G1 X92.28 Y98.344 E.03406
G1 X92.744 Y97.667 E.02264
G1 X93.492 Y96.683 E.0341
G1 X94.02 Y96.054 E.02267
G1 X94.572 Y95.446 E.02267
G1 X95.445 Y94.572 E.03407
G1 X96.367 Y93.752 E.03407
G1 X97.006 Y93.236 E.02264
G1 X98.004 Y92.508 E.0341
G1 X98.69 Y92.057 E.02264
G1 X99.754 Y91.429 E.0341
G1 X100.48 Y91.046 E.02265
G1 X101.6 Y90.524 E.03409
G1 X102.36 Y90.214 E.02264
G1 X103.525 Y89.803 E.0341
G1 X104.311 Y89.567 E.02264
G1 X105.511 Y89.271 E.0341
G1 X106.316 Y89.112 E.02265
G1 X107.539 Y88.933 E.03409
G1 X108.356 Y88.854 E.02267
G1 X109.177 Y88.806 E.02267
G1 X110.412 Y88.794 E.0341
G1 X111.233 Y88.826 E.02265
G1 X112.463 Y88.934 E.03409
G1 X113.276 Y89.045 E.02264
G1 X114.491 Y89.271 E.0341
G1 X115.29 Y89.46 E.02264
G1 X116.477 Y89.803 E.0341
G1 X117.253 Y90.069 E.02264
G1 X118.401 Y90.525 E.03407
G1 X119.519 Y91.046 E.03404
G1 X120.605 Y91.632 E.03405
G1 X121.656 Y92.28 E.03406
G1 X122.333 Y92.744 E.02264
G1 X123.317 Y93.492 E.0341
G1 X123.946 Y94.02 E.02267
G1 X124.554 Y94.572 E.02267
G1 X125.428 Y95.445 E.03407
G1 X126.248 Y96.367 E.03407
G1 X126.764 Y97.006 E.02264
G1 X127.639 Y98.228 E.04148
G1 X128.149 Y99.039 E.02642
G1 X128.63 Y99.866 E.02642
G1 X129.065 Y100.719 E.02642
G1 X129.498 Y101.656 E.02847
G1 X129.832 Y102.49 E.0248
G1 X130.215 Y103.583 E.03193
G1 X130.529 Y104.7 E.03203
G1 X130.753 Y105.631 E.02643
G1 X130.927 Y106.588 E.02684
G1 X131.083 Y107.708 E.03118
G1 X131.145 Y108.56 E.02357
G1 E-1 F2400
;WIPE_START
G1 F12000
G1 X131.195 Y109.237
G1 X131.206 Y110.411
G1 X131.199 Y110.558
;WIPE_END
G1 Z3.6 F24000
G1 X95.966 Y101.005 Z3.6
G1 Z3.4
G1 E1 F2700
M204 P5000
;TYPE:Inner wall
;WIDTH:0.449999
G1 F9383
G1 X96.059 Y100.854 E.00526
G1 X96.449 Y100.288 E.0205
G1 X96.931 Y99.646 E.02392
G1 X97.407 Y99.072 E.02221
G1 X97.89 Y98.54 E.02139
G1 X98.434 Y97.991 E.02303
G1 X98.982 Y97.485 E.02222
G1 X99.822 Y96.795 E.03239
G1 X100.447 Y96.335 E.02311
G1 X101.068 Y95.921 E.02221
G1 X101.706 Y95.536 E.02221
G1 X102.497 Y95.111 E.02674
G1 X103.367 Y94.703 E.02864
G1 X104.016 Y94.438 E.02087
G1 X104.961 Y94.111 E.0298
G1 X105.522 Y93.943 E.01743
G1 X106.515 Y93.696 E.03049
G1 X107.113 Y93.581 E.01813
G1 X108.034 Y93.443 E.02776
G1 X108.744 Y93.375 E.02123
G1 X109.353 Y93.345 E.01815
G1 X110.357 Y93.336 E.02993
G1 X110.95 Y93.357 E.01766
G1 X111.969 Y93.446 E.03048
G1 X112.572 Y93.53 E.01812
G1 X113.578 Y93.715 E.03049
G1 X114.67 Y93.994 E.03358
G1 X115.388 Y94.221 E.02241
G1 X116.088 Y94.478 E.02221
G1 X116.623 Y94.701 E.01727
G1 X117.45 Y95.084 E.02715
G1 X118.241 Y95.507 E.02674
G1 X119.064 Y96.005 E.02864
G1 X119.684 Y96.427 E.02234
G1 X120.281 Y96.874 E.02221
G1 X120.858 Y97.347 E.02222
G1 X121.447 Y97.887 E.0238
G1 X122.148 Y98.582 E.02941
G1 X122.698 Y99.194 E.0245
G1 X123.179 Y99.799 E.02303
G1 X123.772 Y100.604 E.0298
G1 X124.104 Y101.114 E.01812
G1 X124.601 Y101.95 E.02896
G1 X124.907 Y102.535 E.01966
G1 X125.262 Y103.286 E.02475
G1 X125.547 Y103.975 E.02221
G1 X125.848 Y104.821 E.02674
G1 X126.063 Y105.548 E.0226
G1 X126.296 Y106.472 E.02837
G1 X126.422 Y107.124 E.01978
G1 X126.563 Y108.093 E.02917
G1 X126.618 Y108.726 E.01891
G1 X126.656 Y109.33 E.01804
G1 X126.667 Y110.34 E.0301
G1 X126.623 Y111.291 E.02834
G1 X126.529 Y112.183 E.02674
G1 X126.412 Y112.911 E.02195
G1 X126.219 Y113.866 E.02903
G1 X125.953 Y114.838 E.03002
G1 X125.773 Y115.395 E.01742
G1 X125.418 Y116.347 E.03027
G1 X125.171 Y116.911 E.01835
G1 X124.79 Y117.699 E.02606
G1 X124.431 Y118.352 E.02221
G1 X124.043 Y118.989 E.02222
G1 X123.547 Y119.71 E.02605
G1 X122.952 Y120.5 E.02945
G1 X122.543 Y120.982 E.01885
G1 X122.124 Y121.441 E.01851
G1 X121.431 Y122.138 E.02927
G1 X120.761 Y122.735 E.02674
G1 X120.199 Y123.183 E.02141
G1 X119.4 Y123.771 E.02957
G1 X118.866 Y124.118 E.01896
G1 X118.342 Y124.429 E.01815
G1 X117.457 Y124.906 E.02993
G1 X116.457 Y125.372 E.03287
G1 X115.763 Y125.646 E.02221
G1 X115.058 Y125.888 E.02221
G1 X114.456 Y126.065 E.01869
G1 X113.481 Y126.305 E.02992
G1 X112.722 Y126.445 E.02297
G1 X111.902 Y126.562 E.02469
G1 X111.279 Y126.621 E.01864
G1 X110.659 Y126.657 E.0185
G1 X109.648 Y126.668 E.0301
G1 X108.675 Y126.615 E.02902
G1 X107.693 Y126.513 E.02941
G1 X107.093 Y126.416 E.01812
G1 X106.225 Y126.24 E.02638
G1 X105.502 Y126.055 E.02221
G1 X104.789 Y125.838 E.02221
G1 X104.086 Y125.589 E.02221
G1 X103.395 Y125.309 E.02221
G1 X102.39 Y124.835 E.0331
G1 X101.728 Y124.477 E.02241
G1 X101.09 Y124.093 E.02221
G1 X100.468 Y123.68 E.02221
G1 X99.866 Y123.24 E.02222
G1 X99.007 Y122.536 E.0331
G1 X98.55 Y122.117 E.01847
G1 X97.844 Y121.41 E.02975
G1 X97.186 Y120.668 E.02954
G1 X96.817 Y120.204 E.01765
G1 X96.281 Y119.476 E.02692
G1 X95.874 Y118.857 E.02208
G1 X95.136 Y117.555 E.04459
G1 X94.814 Y116.884 E.02216
G1 X94.521 Y116.198 E.02221
G1 X94.142 Y115.149 E.03323
G1 X93.93 Y114.446 E.02189
G1 X93.712 Y113.561 E.02714
G1 X93.551 Y112.711 E.02576
G1 X93.435 Y111.891 E.02469
G1 X93.377 Y111.267 E.01865
G1 X93.343 Y110.647 E.01851
G1 X93.33 Y109.64 E.03
G1 X93.363 Y108.895 E.02222
G1 X93.449 Y108.033 E.02581
G1 X93.528 Y107.44 E.01782
G1 X93.716 Y106.446 E.03013
G1 X94.021 Y105.238 E.03711
G1 X94.251 Y104.524 E.02235
G1 X94.512 Y103.825 E.02222
G1 X94.958 Y102.808 E.0331
G1 X95.297 Y102.136 E.02241
G1 X95.573 Y101.648 E.0167
G1 X95.946 Y101.039 E.02126
G1 X96.319 Y101.221 F24000
M204 P4000
;TYPE:Outer wall
;WIDTH:0.419999
G1 F9383
G1 X96.409 Y101.074 E.00476
G1 X96.789 Y100.522 E.01848
G1 X97.261 Y99.895 E.02164
G1 X97.725 Y99.336 E.02006
G1 X98.196 Y98.818 E.0193
G1 X98.727 Y98.282 E.02082
G1 X99.262 Y97.79 E.02007
G1 X100.085 Y97.114 E.02937
G1 X100.691 Y96.668 E.02077
G1 X101.297 Y96.265 E.02006
G1 X101.919 Y95.89 E.02006
G1 X102.692 Y95.476 E.0242
G1 X103.543 Y95.077 E.02591
G1 X104.172 Y94.822 E.01873
G1 X105.095 Y94.502 E.02697
G1 X105.634 Y94.341 E.01551
G1 X106.609 Y94.099 E.02773
G1 X107.189 Y93.988 E.01628
G1 X108.092 Y93.852 E.0252
G1 X108.783 Y93.786 E.01916
G1 X109.371 Y93.758 E.01624
G1 X110.354 Y93.75 E.02711
G1 X110.924 Y93.77 E.01576
G1 X111.925 Y93.857 E.02772
G1 X112.509 Y93.939 E.01627
G1 X113.498 Y94.121 E.02773
G1 X114.567 Y94.395 E.03047
G1 X115.263 Y94.615 E.02012
G1 X115.945 Y94.866 E.02006
G1 X116.463 Y95.083 E.01548
G1 X117.273 Y95.457 E.02464
G1 X118.046 Y95.871 E.02419
G1 X118.849 Y96.359 E.02591
G1 X119.451 Y96.769 E.0201
G1 X120.033 Y97.205 E.02006
G1 X120.595 Y97.666 E.02007
G1 X121.167 Y98.191 E.02141
G1 X121.852 Y98.87 E.0266
G1 X122.389 Y99.469 E.02219
G1 X122.855 Y100.056 E.0207
G1 X123.434 Y100.843 E.02696
G1 X123.756 Y101.337 E.01627
G1 X124.243 Y102.157 E.02631
G1 X124.54 Y102.726 E.0177
G1 X124.887 Y103.461 E.02242
G1 X125.165 Y104.133 E.02007
G1 X125.458 Y104.959 E.02419
G1 X125.667 Y105.666 E.02032
G1 X125.894 Y106.568 E.02569
G1 X126.016 Y107.202 E.01781
G1 X126.153 Y108.151 E.02645
G1 X126.206 Y108.761 E.0169
G1 X126.243 Y109.344 E.01611
G1 X126.253 Y110.336 E.02737
G1 X126.21 Y111.268 E.02574
G1 X126.118 Y112.14 E.02419
G1 X126.004 Y112.845 E.01972
G1 X125.815 Y113.779 E.0263
G1 X125.554 Y114.729 E.02717
G1 X125.381 Y115.263 E.0155
G1 X125.032 Y116.198 E.02753
G1 X124.792 Y116.745 E.01649
G1 X124.419 Y117.516 E.02363
G1 X124.068 Y118.153 E.02006
G1 X123.69 Y118.774 E.02007
G1 X123.206 Y119.475 E.02349
G1 X122.625 Y120.246 E.02665
G1 X122.228 Y120.714 E.01695
G1 X121.821 Y121.159 E.01663
G1 X121.141 Y121.843 E.0266
G1 X120.486 Y122.426 E.02419
G1 X119.941 Y122.86 E.01922
G1 X119.159 Y123.435 E.02679
G1 X118.641 Y123.772 E.01705
G1 X118.134 Y124.072 E.01624
G1 X117.269 Y124.537 E.02711
G1 X116.289 Y124.995 E.02985
G1 X115.612 Y125.261 E.02006
G1 X114.924 Y125.496 E.02006
G1 X114.34 Y125.668 E.0168
G1 X113.385 Y125.902 E.02714
G1 X112.648 Y126.038 E.02067
G1 X111.849 Y126.152 E.02227
G1 X111.244 Y126.209 E.01676
G1 X110.642 Y126.243 E.01663
G1 X109.651 Y126.254 E.02737
G1 X108.701 Y126.202 E.02625
G1 X107.742 Y126.102 E.02661
G1 X107.159 Y126.007 E.01628
G1 X106.31 Y125.836 E.02392
G1 X105.605 Y125.655 E.02006
G1 X104.91 Y125.443 E.02006
G1 X104.225 Y125.2 E.02006
G1 X103.551 Y124.926 E.02007
G1 X102.567 Y124.461 E.03002
G1 X101.926 Y124.114 E.02012
G1 X101.303 Y123.739 E.02006
G1 X100.697 Y123.336 E.02006
G1 X100.11 Y122.907 E.02007
G1 X99.269 Y122.216 E.03002
G1 X98.83 Y121.812 E.01647
G1 X98.139 Y121.12 E.02699
G1 X97.496 Y120.394 E.02675
G1 X97.141 Y119.947 E.01576
G1 X96.616 Y119.234 E.02442
G1 X96.219 Y118.63 E.01994
G1 X95.501 Y117.36 E.04025
G1 X95.187 Y116.705 E.02005
G1 X94.902 Y116.036 E.02007
G1 X94.532 Y115.012 E.03006
G1 X94.327 Y114.327 E.01972
G1 X94.114 Y113.463 E.02457
G1 X93.958 Y112.635 E.02325
G1 X93.844 Y111.835 E.02227
G1 X93.789 Y111.231 E.01676
G1 X93.756 Y110.629 E.01663
G1 X93.744 Y109.64 E.02728
G1 X93.776 Y108.913 E.02007
G1 X93.861 Y108.074 E.02327
G1 X93.937 Y107.504 E.01587
G1 X94.12 Y106.531 E.02733
G1 X94.421 Y105.345 E.03376
G1 X94.645 Y104.652 E.0201
G1 X94.899 Y103.97 E.02007
G1 X95.337 Y102.974 E.03002
G1 X95.666 Y102.323 E.02012
G1 X95.933 Y101.851 E.01496
G1 X96.298 Y101.255 E.0193
G1 E-1 F2400
;WIPE_START
G1 F12000
G1 X96.409 Y101.074
G1 X96.789 Y100.522
G1 X97.261 Y99.895
G1 X97.474 Y99.639
;WIPE_END
G1 Z3.6 F24000
G1 X94.511 Y96.586 Z3.6
G1 Z3.4
G1 E1 F2700
M204 P5000
;TYPE:Sparse infill
;WIDTH:0.45
G1 F9383
G1 X95.092 Y95.942 E.02586
G1 X95.63 Y95.404 E.02264
G1 X96.529 Y94.826 E.03183
G1 X96.899 Y94.456 E.01559
G1 X97.179 Y94.021 E.01542
G1 X97.444 Y93.807 E.01014
G1 X98.414 Y93.099 E.03577
G1 X99.07 Y92.667 E.0234
G1 X100.104 Y92.057 E.03577
G1 X100.8 Y91.691 E.02341
G1 X101.888 Y91.183 E.03576
G1 X102.615 Y90.886 E.02341
G1 X103.748 Y90.486 E.03577
G1 X104.501 Y90.261 E.0234
G1 X105.357 Y90.049 E.02629
G1 X105.189 Y90.311 E.00928
G1 X104.819 Y90.681 E.01559
G1 X102.746 Y92.014 E.07339
G1 X102.376 Y92.384 E.01559
G1 X101.044 Y94.456 E.07339
G1 X100.674 Y94.826 E.01559
G1 X98.601 Y96.159 E.07339
G1 X98.231 Y96.529 E.01559
G1 X96.899 Y98.601 E.07339
G1 X96.529 Y98.971 E.01559
G1 X94.456 Y100.304 E.07339
G1 X94.086 Y100.674 E.01559
G1 X92.754 Y102.746 E.07339
G1 X92.384 Y103.116 E.01559
G1 X90.273 Y104.487 E.07496
G1 X90.156 Y104.893 E.0126
G1 X89.975 Y105.658 E.0234
G1 X89.755 Y106.838 E.03577
G1 X89.648 Y107.621 E.02354
G1 X89.571 Y108.407 E.02353
G1 X89.513 Y109.629 E.03643
G1 X89.941 Y108.964 E.02356
G1 X90.311 Y108.594 E.01559
G1 X92.384 Y107.261 E.07339
G1 X92.754 Y106.891 E.01559
G1 X93.627 Y105.533 E.04808
G1 X93.731 Y105.141 E.01208
G1 X93.966 Y104.416 E.02272
G1 X94.233 Y103.701 E.02273
G1 X94.687 Y102.666 E.03366
G1 X95.026 Y101.996 E.02237
G1 X95.414 Y101.309 E.02351
G1 X95.801 Y100.691 E.02171
G1 X96.231 Y100.065 E.02261
G1 X96.69 Y99.459 E.02264
G1 X97.193 Y98.853 E.02344
G1 X97.708 Y98.287 E.02281
G1 X98.22 Y97.772 E.02163
G1 X98.787 Y97.25 E.02295
G1 X99.649 Y96.542 E.03323
G1 X100.297 Y96.067 E.02394
G1 X100.922 Y95.652 E.02235
G1 X101.585 Y95.253 E.02303
G1 X102.372 Y94.832 E.0266
G1 X103.269 Y94.412 E.02951
G1 X103.984 Y94.123 E.02296
G1 X105.046 Y93.76 E.03344
G1 X105.766 Y93.558 E.02228
G1 X106.521 Y92.384 E.04158
G1 X106.891 Y92.014 E.01559
G1 X108.964 Y90.681 E.07339
G1 X109.334 Y90.311 E.01559
G1 X109.843 Y89.52 E.02803
G1 X110.447 Y89.515 E.018
G1 X111.187 Y89.544 E.02207
G1 X112.383 Y89.648 E.03576
G1 X113.162 Y89.755 E.0234
G1 X113.764 Y89.867 E.01826
G1 X113.479 Y90.311 E.01573
M73 P51 R3
G1 X113.109 Y90.681 E.01559
G1 X111.036 Y92.014 E.07339
G1 X110.666 Y92.384 E.01559
G1 X110.251 Y93.03 E.02289
G1 X110.663 Y93.034 E.0123
G1 X111.425 Y93.081 E.02272
G1 X112.183 Y93.162 E.0227
G1 X112.936 Y93.277 E.0227
G1 X113.684 Y93.426 E.02273
G1 X114.076 Y93.527 E.01206
G1 X114.811 Y92.384 E.04047
G1 X115.181 Y92.014 E.01559
G1 X117.099 Y90.781 E.0679
G1 X118.116 Y91.185 E.03261
G1 X119.196 Y91.689 E.0355
G1 X119.542 Y91.875 E.01169
G1 X119.326 Y92.014 E.00763
G1 X118.956 Y92.384 E.01559
G1 X117.624 Y94.456 E.07339
G1 X117.371 Y94.709 E.01065
G1 X118.425 Y95.26 E.03542
G1 X119.259 Y95.768 E.02909
G1 X119.587 Y95.991 E.01181
G1 X121.399 Y94.826 E.06418
G1 X121.769 Y94.456 E.01559
G1 X122.303 Y93.625 E.02945
G1 X122.868 Y94.053 E.02112
G1 X123.473 Y94.561 E.02354
G1 X124.058 Y95.092 E.02354
G1 X124.478 Y95.512 E.01766
G1 X123.471 Y96.159 E.03564
G1 X123.101 Y96.529 E.01559
G1 X122.097 Y98.091 E.05534
G1 X122.446 Y98.451 E.01493
G1 X122.956 Y99.027 E.02292
G1 X123.789 Y100.099 E.04045
G1 X125.544 Y98.971 E.06214
G1 X125.914 Y98.601 E.01559
G1 X126.44 Y97.782 E.02899
G1 X126.901 Y98.414 E.02328
G1 X127.333 Y99.07 E.0234
G1 X127.938 Y100.097 E.0355
G1 X127.616 Y100.304 E.01141
G1 X127.246 Y100.674 E.01559
G1 X125.914 Y102.746 E.07339
G1 X125.525 Y103.129 E.01626
G1 X125.836 Y103.876 E.02412
G1 X126.149 Y104.762 E.02797
G1 X126.494 Y105.989 E.03797
G1 X127.246 Y104.819 E.04143
G1 X127.616 Y104.449 E.01559
G1 X129.364 Y103.325 E.0619
G1 X129.514 Y103.748 E.01336
G1 X129.739 Y104.501 E.0234
G1 X130.027 Y105.666 E.03577
G1 X130.211 Y106.655 E.02995
G1 X130.059 Y106.891 E.00836
G1 X129.689 Y107.261 E.01559
G1 X127.616 Y108.594 E.07339
G1 X127.246 Y108.964 E.01559
G1 X126.964 Y109.403 E.01554
G1 X126.978 Y109.811 E.01218
G1 X126.969 Y110.581 E.02293
G1 X126.944 Y111.03 E.01339
G1 X125.489 Y123.414 F24000
G1 F9383
G1 X124.908 Y124.058 E.02586
G1 X124.37 Y124.596 E.02264
G1 X123.471 Y125.174 E.03183
G1 X123.101 Y125.544 E.01559
G1 X122.821 Y125.979 E.01542
G1 X122.556 Y126.193 E.01014
G1 X121.586 Y126.901 E.03577
G1 X120.926 Y127.335 E.02354
G1 X120.249 Y127.743 E.02354
G1 X119.192 Y128.313 E.03577
G1 X118.483 Y128.652 E.02341
G1 X117.38 Y129.115 E.03563
G1 X116.252 Y129.514 E.03564
G1 X115.499 Y129.739 E.0234
G1 X114.643 Y129.951 E.02629
G1 X114.811 Y129.689 E.00928
G1 X115.181 Y129.319 E.01559
G1 X117.254 Y127.986 E.07339
G1 X117.624 Y127.616 E.01559
G1 X118.956 Y125.544 E.07339
G1 X119.326 Y125.174 E.01559
G1 X121.399 Y123.841 E.07339
G1 X121.769 Y123.471 E.01559
G1 X123.101 Y121.399 E.07339
G1 X123.471 Y121.029 E.01559
G1 X125.544 Y119.696 E.07339
G1 X125.914 Y119.326 E.01559
G1 X127.246 Y117.254 E.07339
G1 X127.616 Y116.884 E.01559
G1 X129.727 Y115.513 E.07498
G1 X129.938 Y114.726 E.02427
G1 X130.18 Y113.554 E.03564
G1 X130.302 Y112.777 E.0234
G1 X130.429 Y111.588 E.03564
G1 X130.487 Y110.371 E.03629
G1 X130.059 Y111.036 E.02356
G1 X129.689 Y111.406 E.01559
G1 X127.616 Y112.739 E.07339
G1 X127.246 Y113.109 E.01559
G1 X126.369 Y114.473 E.04829
G1 X126.209 Y115.053 E.01794
G1 X125.966 Y115.776 E.02273
G1 X125.701 Y116.461 E.02187
G1 X125.384 Y117.185 E.02353
G1 X125.046 Y117.867 E.02268
G1 X124.694 Y118.506 E.02172
G1 X124.278 Y119.188 E.02379
G1 X123.662 Y120.08 E.0323
G1 X123.19 Y120.691 E.023
G1 X122.684 Y121.287 E.02328
G1 X122.165 Y121.845 E.0227
G1 X121.638 Y122.363 E.02203
G1 X120.932 Y122.99 E.0281
G1 X120.171 Y123.595 E.02898
G1 X119.55 Y124.038 E.02272
G1 X118.917 Y124.449 E.02249
G1 X118.128 Y124.906 E.02716
G1 X117.26 Y125.348 E.029
G1 X116.564 Y125.659 E.02272
G1 X115.847 Y125.94 E.02293
G1 X115.126 Y126.187 E.02271
G1 X114.236 Y126.438 E.02753
G1 X113.479 Y127.616 E.04173
G1 X113.109 Y127.986 E.01559
G1 X111.036 Y129.319 E.07339
G1 X110.666 Y129.689 E.01559
G1 X110.157 Y130.482 E.02807
G1 X109.603 Y130.487 E.0165
G1 X108.412 Y130.429 E.0355
G1 X107.223 Y130.302 E.03564
G1 X106.233 Y130.136 E.02987
G1 X106.521 Y129.689 E.01585
G1 X106.891 Y129.319 E.01559
G1 X108.964 Y127.986 E.07339
G1 X109.334 Y127.616 E.01559
G1 X109.747 Y126.973 E.02278
G1 X108.416 Y126.904 E.03971
G1 X107.623 Y126.812 E.02378
G1 X106.903 Y126.694 E.02173
G1 X105.921 Y126.478 E.02995
G1 X105.189 Y127.616 E.04033
G1 X104.819 Y127.986 E.01559
G1 X102.907 Y129.215 E.06768
G1 X102.246 Y128.967 E.02103
G1 X101.524 Y128.656 E.02342
G1 X100.451 Y128.13 E.03561
G1 X100.674 Y127.986 E.00789
G1 X101.044 Y127.616 E.01559
G1 X102.376 Y125.544 E.07339
G1 X102.633 Y125.287 E.0108
G1 X102.247 Y125.105 E.0127
G1 X101.572 Y124.74 E.02285
G1 X100.921 Y124.347 E.02266
G1 X100.412 Y124.009 E.01819
G1 X98.601 Y125.174 E.06413
G1 X98.231 Y125.544 E.01559
G1 X97.697 Y126.375 E.02945
G1 X97.132 Y125.947 E.02112
G1 X96.527 Y125.439 E.02354
G1 X95.942 Y124.908 E.02354
G1 X95.522 Y124.488 E.01766
G1 X96.529 Y123.841 E.03564
G1 X96.899 Y123.471 E.01559
G1 X97.905 Y121.906 E.05542
G1 X97.576 Y121.571 E.01398
G1 X96.955 Y120.867 E.02796
G1 X96.459 Y120.243 E.02375
G1 X96.211 Y119.9 E.01259
G1 X94.456 Y121.029 E.06215
G1 X94.086 Y121.399 E.01559
G1 X93.56 Y122.218 E.02899
G1 X93.099 Y121.586 E.02328
G1 X92.665 Y120.926 E.02354
G1 X92.257 Y120.249 E.02354
G1 X92.068 Y119.899 E.01184
G1 X92.384 Y119.696 E.01118
G1 X92.754 Y119.326 E.01559
G1 X94.086 Y117.254 E.07339
G1 X94.476 Y116.871 E.01628
G1 X94.223 Y116.274 E.0193
G1 X93.853 Y115.249 E.03247
G1 X93.623 Y114.481 E.02387
G1 X93.508 Y114.009 E.0145
G1 X92.754 Y115.181 E.04153
G1 X92.384 Y115.551 E.01559
G1 X90.636 Y116.675 E.0619
G1 X90.486 Y116.252 E.01336
G1 X90.261 Y115.499 E.0234
G1 X89.973 Y114.336 E.0357
G1 X89.786 Y113.349 E.02991
G1 X89.941 Y113.109 E.00852
G1 X90.311 Y112.739 E.01559
G1 X92.384 Y111.406 E.07339
G1 X92.754 Y111.036 E.01559
G1 X93.035 Y110.598 E.01551
G1 X93.026 Y109.603 E.02966
G1 X93.055 Y108.971 E.01884
; stop printing object Генератор.stl id:0 copy 0
;LAYER_CHANGE
;Z:3.6
;HEIGHT:0.2
;BEFORE_LAYER_CHANGE
;3.6
G92 E0

G1 E-1 F2400
;WIPE_START
G1 F12000
G1 X93.026 Y109.603
G1 X93.035 Y110.598
G1 X92.834 Y110.911
;WIPE_END
M486 S-1
;_SET_FAN_SPEED_CHANGING_LAYER
; printing object Генератор.stl id:0 copy 0
M486 S0
G1 Z3.8 F24000
G1 X130.748 Y108.697 Z3.8
G1 Z3.6
G1 E1 F2700
;TYPE:Inner wall
;WIDTH:0.449999
G1 F8744
G1 X130.766 Y108.952 E.00762
G1 X130.794 Y110.06 E.033
G1 X130.761 Y111.212 E.03434
G1 X130.699 Y112.01 E.02384
G1 X130.546 Y113.216 E.03621
G1 X130.407 Y114.008 E.02393
G1 X130.236 Y114.793 E.02394
G1 X129.923 Y115.964 E.03612
G1 X129.541 Y117.116 E.03612
G1 X129.252 Y117.865 E.02393
G1 X128.933 Y118.603 E.02394
G1 X128.4 Y119.692 E.03612
G1 X127.804 Y120.748 E.03612
G1 X127.377 Y121.425 E.02384
G1 X126.679 Y122.421 E.03622
G1 X126.189 Y123.054 E.02384
G1 X125.399 Y123.978 E.03621
G1 X124.848 Y124.561 E.02388
G1 X124.129 Y125.258 E.02985
G1 X123.366 Y125.932 E.03032
G1 X122.742 Y126.435 E.02388
G1 X121.763 Y127.15 E.03612
G1 X120.743 Y127.807 E.03613
G1 X120.047 Y128.208 E.02393
G1 X119.336 Y128.583 E.02394
G1 X118.237 Y129.095 E.03612
G1 X117.11 Y129.543 E.03613
G1 X116.353 Y129.802 E.02384
G1 X115.185 Y130.14 E.03621
G1 X114.406 Y130.324 E.02384
G1 X113.21 Y130.547 E.03621
G1 X112.417 Y130.655 E.02384
G1 X111.209 Y130.761 E.03612
G1 X110 Y130.796 E.03603
G1 X108.788 Y130.761 E.03612
G1 X107.99 Y130.699 E.02384
G1 X106.784 Y130.546 E.03621
G1 X105.992 Y130.407 E.02393
G1 X105.207 Y130.236 E.02394
G1 X104.036 Y129.923 E.03612
G1 X102.884 Y129.541 E.03612
G1 X102.135 Y129.252 E.02393
G1 X101.397 Y128.933 E.02394
G1 X100.308 Y128.4 E.03612
G1 X99.252 Y127.804 E.03612
G1 X98.575 Y127.377 E.02384
G1 X97.579 Y126.679 E.03622
G1 X96.946 Y126.189 E.02384
G1 X96.022 Y125.399 E.03621
G1 X95.439 Y124.848 E.02388
G1 X94.742 Y124.129 E.02985
G1 X94.068 Y123.366 E.03032
G1 X93.565 Y122.742 E.02388
G1 X92.85 Y121.763 E.03612
G1 X92.193 Y120.743 E.03613
G1 X91.792 Y120.047 E.02393
G1 X91.417 Y119.336 E.02394
G1 X90.905 Y118.237 E.03612
G1 X90.457 Y117.11 E.03613
G1 X90.198 Y116.353 E.02384
G1 X89.86 Y115.185 E.03621
G1 X89.676 Y114.406 E.02384
G1 X89.453 Y113.21 E.03621
G1 X89.345 Y112.417 E.02384
G1 X89.239 Y111.209 E.03612
G1 X89.204 Y110 E.03603
G1 X89.239 Y108.79 E.03607
G1 X89.322 Y107.794 E.02976
G1 X89.453 Y106.788 E.03023
G1 X89.676 Y105.594 E.03616
G1 X89.86 Y104.815 E.02384
G1 X90.198 Y103.648 E.03621
G1 X90.457 Y102.89 E.02384
G1 X90.906 Y101.76 E.03622
G1 X91.237 Y101.032 E.02384
G1 X91.793 Y99.95 E.03622
G1 X92.193 Y99.257 E.02384
G1 X92.85 Y98.237 E.03613
G1 X93.565 Y97.258 E.03612
G1 X94.068 Y96.634 E.02388
G1 X94.731 Y95.883 E.02985
G1 X95.439 Y95.152 E.03032
G1 X96.023 Y94.601 E.02388
G1 X96.944 Y93.813 E.03612
G1 X97.91 Y93.079 E.03612
G1 X98.572 Y92.625 E.02393
G1 X99.252 Y92.196 E.02393
G1 X100.308 Y91.6 E.03612
G1 X101.397 Y91.067 E.03612
G1 X102.135 Y90.748 E.02394
G1 X102.884 Y90.459 E.02393
G1 X104.036 Y90.077 E.03612
G1 X105.207 Y89.764 E.03612
G1 X105.991 Y89.594 E.02388
G1 X106.978 Y89.425 E.02984
G1 X107.986 Y89.302 E.03023
G1 X109.195 Y89.219 E.0361
G1 X110.194 Y89.206 E.02976
M73 P52 R3
G1 X111.208 Y89.239 E.03023
G1 X112.417 Y89.345 E.03616
G1 X113.21 Y89.453 E.02384
G1 X114.406 Y89.676 E.03621
G1 X115.185 Y89.86 E.02384
G1 X116.353 Y90.198 E.03621
G1 X117.11 Y90.457 E.02384
G1 X118.24 Y90.906 E.03622
G1 X118.968 Y91.237 E.02384
G1 X120.05 Y91.793 E.03622
G1 X120.743 Y92.193 E.02384
G1 X121.763 Y92.85 E.03613
G1 X122.742 Y93.565 E.03612
G1 X123.366 Y94.068 E.02388
G1 X124.117 Y94.731 E.02985
G1 X124.88 Y95.473 E.03169
G1 X125.431 Y96.061 E.02399
G1 X126.223 Y96.992 E.03642
G1 X126.949 Y97.951 E.03583
G1 X127.396 Y98.606 E.02364
G1 X127.834 Y99.306 E.02457
G1 X128.403 Y100.314 E.03451
G1 X128.953 Y101.443 E.03739
G1 X129.266 Y102.172 E.02364
G1 X129.599 Y103.06 E.02824
G1 X129.952 Y104.145 E.03398
G1 X130.249 Y105.263 E.03446
G1 X130.437 Y106.173 E.02768
G1 X130.589 Y107.094 E.02781
G1 X130.702 Y108.035 E.02822
G1 X130.745 Y108.657 E.01859
G1 X131.16 Y108.669 F24000
M204 P4000
;TYPE:Outer wall
;WIDTH:0.419999
G1 F8744
G1 X131.179 Y108.94 E.00752
G1 X131.208 Y110.072 E.03123
G1 X131.174 Y111.234 E.03208
G1 X131.11 Y112.052 E.02264
G1 X130.955 Y113.278 E.0341
G1 X130.812 Y114.087 E.02267
G1 X130.638 Y114.89 E.02267
G1 X130.319 Y116.083 E.03407
G1 X129.93 Y117.255 E.03407
G1 X129.635 Y118.022 E.02267
G1 X129.309 Y118.776 E.02267
G1 X128.766 Y119.885 E.03407
G1 X128.159 Y120.96 E.03407
G1 X127.721 Y121.654 E.02264
G1 X127.012 Y122.667 E.0341
G1 X126.51 Y123.315 E.02264
G1 X125.706 Y124.254 E.0341
G1 X125.143 Y124.851 E.02265
G1 X124.41 Y125.562 E.02817
G1 X123.633 Y126.248 E.02861
G1 X122.994 Y126.764 E.02265
G1 X121.997 Y127.491 E.03407
G1 X120.958 Y128.16 E.03407
G1 X120.247 Y128.571 E.02266
G1 X119.52 Y128.953 E.02267
G1 X118.401 Y129.475 E.03407
G1 X117.253 Y129.931 E.03407
G1 X116.477 Y130.197 E.02264
G1 X115.29 Y130.54 E.0341
G1 X114.491 Y130.729 E.02264
G1 X113.276 Y130.955 E.0341
G1 X112.463 Y131.066 E.02264
G1 X111.233 Y131.174 E.03407
G1 X110 Y131.21 E.03404
G1 X108.766 Y131.174 E.03407
G1 X107.948 Y131.11 E.02264
G1 X106.722 Y130.955 E.0341
G1 X105.913 Y130.812 E.02267
G1 X105.11 Y130.638 E.02267
G1 X103.917 Y130.319 E.03407
G1 X102.745 Y129.93 E.03407
G1 X101.978 Y129.635 E.02267
G1 X101.224 Y129.309 E.02267
G1 X100.115 Y128.766 E.03407
G1 X99.04 Y128.159 E.03407
G1 X98.346 Y127.721 E.02264
G1 X97.333 Y127.012 E.0341
G1 X96.685 Y126.51 E.02264
G1 X95.746 Y125.706 E.0341
G1 X95.149 Y125.143 E.02265
G1 X94.438 Y124.41 E.02817
G1 X93.752 Y123.633 E.02861
G1 X93.236 Y122.994 E.02265
G1 X92.509 Y121.997 E.03407
G1 X91.84 Y120.958 E.03407
G1 X91.429 Y120.247 E.02266
G1 X91.047 Y119.52 E.02267
G1 X90.525 Y118.401 E.03407
G1 X90.069 Y117.253 E.03407
G1 X89.803 Y116.477 E.02264
G1 X89.46 Y115.29 E.0341
G1 X89.271 Y114.491 E.02264
G1 X89.045 Y113.276 E.0341
G1 X88.934 Y112.463 E.02264
G1 X88.826 Y111.233 E.03407
G1 X88.79 Y110 E.03404
G1 X88.826 Y108.766 E.03405
G1 X88.911 Y107.75 E.02814
G1 X89.045 Y106.723 E.02858
G1 X89.271 Y105.509 E.03408
G1 X89.46 Y104.71 E.02264
G1 X89.803 Y103.523 E.0341
G1 X90.069 Y102.747 E.02264
G1 X90.525 Y101.598 E.0341
G1 X90.865 Y100.851 E.02264
G1 X91.43 Y99.752 E.0341
G1 X91.84 Y99.042 E.02264
G1 X92.509 Y98.003 E.03407
G1 X93.236 Y97.006 E.03407
G1 X93.752 Y96.367 E.02265
G1 X94.427 Y95.602 E.02817
G1 X95.149 Y94.857 E.02861
G1 X95.746 Y94.294 E.02265
G1 X96.684 Y93.491 E.03407
G1 X97.667 Y92.744 E.03407
G1 X98.345 Y92.279 E.02267
G1 X99.04 Y91.841 E.02267
G1 X100.115 Y91.234 E.03407
G1 X101.224 Y90.691 E.03407
G1 X101.978 Y90.365 E.02267
G1 X102.745 Y90.07 E.02267
G1 X103.917 Y89.681 E.03407
G1 X105.11 Y89.362 E.03407
G1 X105.912 Y89.188 E.02265
G1 X106.918 Y89.016 E.02816
G1 X107.946 Y88.89 E.02858
G1 X109.178 Y88.806 E.03406
G1 X110.198 Y88.792 E.02814
G1 X111.233 Y88.826 E.02858
G1 X112.463 Y88.934 E.03408
G1 X113.276 Y89.045 E.02264
G1 X114.491 Y89.271 E.0341
G1 X115.29 Y89.46 E.02264
G1 X116.477 Y89.803 E.0341
G1 X117.253 Y90.069 E.02264
G1 X118.402 Y90.525 E.0341
G1 X119.149 Y90.865 E.02264
G1 X120.248 Y91.43 E.0341
G1 X120.958 Y91.84 E.02264
G1 X121.997 Y92.509 E.03407
G1 X122.994 Y93.236 E.03407
G1 X123.633 Y93.752 E.02265
G1 X124.398 Y94.427 E.02817
G1 X125.143 Y95.149 E.02861
G1 X125.706 Y95.746 E.02265
G1 X126.509 Y96.684 E.03407
G1 X127.29 Y97.717 E.03573
G1 X127.746 Y98.386 E.02234
G1 X128.194 Y99.102 E.02332
G1 X128.77 Y100.123 E.03235
G1 X129.333 Y101.279 E.03547
G1 X129.652 Y102.023 E.02234
G1 X129.992 Y102.93 E.02671
G1 X130.351 Y104.038 E.03214
G1 X130.653 Y105.175 E.03247
G1 X130.845 Y106.103 E.02615
G1 X130.999 Y107.043 E.02629
G1 X131.115 Y108.003 E.02666
G1 X131.158 Y108.629 E.01732
G1 E-1 F2400
;WIPE_START
G1 F12000
G1 X131.179 Y108.94
G1 X131.208 Y110.072
G1 X131.192 Y110.627
;WIPE_END
G1 Z3.8 F24000
G1 X95.968 Y101.011 Z3.8
G1 Z3.6
G1 E1 F2700
M204 P5000
;TYPE:Inner wall
;WIDTH:0.449999
G1 F8744
G1 X96.267 Y100.545 E.01647
G1 X96.703 Y99.94 E.02221
G1 X97.166 Y99.356 E.02221
G1 X97.788 Y98.655 E.02792
G1 X98.351 Y98.074 E.02408
G1 X98.798 Y97.655 E.01827
G1 X99.551 Y97.017 E.02941
G1 X100.335 Y96.416 E.02941
G1 X101.365 Y95.744 E.03663
G1 X101.848 Y95.456 E.01676
G1 X102.69 Y95.014 E.02832
G1 X103.371 Y94.701 E.02234
G1 X104.062 Y94.42 E.02221
G1 X105.113 Y94.059 E.0331
G1 X105.837 Y93.855 E.02241
G1 X106.563 Y93.685 E.02221
G1 X107.296 Y93.547 E.02221
G1 X108.034 Y93.443 E.02221
G1 X108.777 Y93.372 E.02221
G1 X109.37 Y93.345 E.0177
G1 X110.665 Y93.34 E.03857
G1 X111.384 Y93.384 E.02144
G1 X112.572 Y93.53 E.03565
G1 X113.578 Y93.715 E.03049
G1 X114.169 Y93.859 E.01812
G1 X115.14 Y94.141 E.03011
G1 X115.696 Y94.337 E.01757
G1 X116.635 Y94.706 E.03004
G1 X117.188 Y94.959 E.01812
G1 X118.075 Y95.422 E.0298
G1 X118.584 Y95.709 E.01743
G1 X119.068 Y96.008 E.01692
G1 X119.684 Y96.427 E.02221
G1 X120.251 Y96.851 E.02108
G1 X120.715 Y97.233 E.01791
G1 X121.688 Y98.108 E.03898
G1 X122.202 Y98.637 E.02196
G1 X122.931 Y99.475 E.0331
G1 X123.393 Y100.069 E.02241
G1 X123.824 Y100.678 E.02221
G1 X124.236 Y101.319 E.0227
G1 X124.774 Y102.272 E.03262
G1 X125.108 Y102.946 E.02241
G1 X125.408 Y103.629 E.02221
G1 X125.677 Y104.324 E.02219
G1 X125.963 Y105.187 E.02708
G1 X126.212 Y106.104 E.02832
G1 X126.366 Y106.817 E.02172
G1 X126.496 Y107.572 E.02283
G1 X126.588 Y108.312 E.02221
G1 X126.647 Y109.055 E.02221
G1 X126.672 Y109.801 E.02221
G1 X126.664 Y110.546 E.02221
G1 X126.623 Y111.291 E.02221
G1 X126.527 Y112.194 E.02706
G1 X126.376 Y113.133 E.02832
G1 X126.219 Y113.866 E.02235
G1 X125.956 Y114.826 E.02962
G1 X125.686 Y115.652 E.02588
G1 X125.42 Y116.342 E.02204
G1 X125.175 Y116.887 E.01782
G1 X124.961 Y117.36 E.01546
G1 X124.614 Y118.028 E.02241
G1 X124.249 Y118.657 E.02166
G1 X123.922 Y119.17 E.01812
G1 X123.408 Y119.91 E.02685
G1 X122.961 Y120.488 E.02176
G1 X122.47 Y121.068 E.02265
G1 X121.963 Y121.615 E.02221
G1 X121.431 Y122.138 E.02221
G1 X120.752 Y122.742 E.02706
G1 X120.2 Y123.183 E.02107
G1 X119.4 Y123.771 E.02958
G1 X118.774 Y124.178 E.02221
G1 X118.132 Y124.556 E.02221
G1 X117.473 Y124.905 E.02221
G1 X116.65 Y125.289 E.02706
G1 X115.768 Y125.644 E.02832
G1 X115.065 Y125.885 E.02213
G1 X114.343 Y126.098 E.02241
G1 X113.603 Y126.28 E.02269
G1 X112.526 Y126.481 E.03263
G1 X111.923 Y126.56 E.01812
G1 X111.038 Y126.641 E.0265
G1 X110.293 Y126.671 E.02221
G1 X109.547 Y126.667 E.02222
G1 X108.438 Y126.6 E.0331
G1 X107.69 Y126.513 E.02241
G1 X106.954 Y126.393 E.02221
G1 X106.225 Y126.24 E.02221
G1 X105.502 Y126.055 E.02221
G1 X104.789 Y125.838 E.02221
G1 X103.692 Y125.43 E.03488
G1 X103.133 Y125.188 E.01813
G1 X102.571 Y124.926 E.01846
G1 X101.732 Y124.479 E.02832
G1 X101.09 Y124.093 E.02234
G1 X100.468 Y123.68 E.02221
G1 X100.021 Y123.354 E.0165
G1 X99.007 Y122.536 E.03881
G1 X98.452 Y122.027 E.02241
G1 X97.926 Y121.499 E.02222
G1 X97.187 Y120.669 E.0331
G1 X96.817 Y120.204 E.01769
G1 X96.281 Y119.476 E.02692
G1 X95.871 Y118.854 E.02221
G1 X95.49 Y118.213 E.02221
G1 X95.137 Y117.556 E.02221
G1 X94.814 Y116.884 E.02221
G1 X94.521 Y116.198 E.02221
G1 X94.143 Y115.153 E.0331
G1 X93.927 Y114.433 E.02241
G1 X93.71 Y113.55 E.02706
G1 X93.533 Y112.616 E.02832
G1 X93.437 Y111.912 E.02117
G1 X93.365 Y111.131 E.02338
G1 X93.331 Y110.386 E.02221
G1 X93.33 Y109.64 E.02221
G1 X93.359 Y108.998 E.01916
G1 X93.43 Y108.221 E.02323
G1 X93.529 Y107.432 E.02369
G1 X93.715 Y106.434 E.03025
G1 X93.857 Y105.842 E.01812
G1 X94.133 Y104.878 E.02988
G1 X94.339 Y104.297 E.01835
G1 X94.71 Y103.363 E.02993
G1 X94.955 Y102.823 E.01767
G1 X95.422 Y101.912 E.03049
G1 X95.728 Y101.387 E.01811
G1 X95.947 Y101.044 E.0121
G1 X96.317 Y101.234 F24000
M204 P4000
;TYPE:Outer wall
;WIDTH:0.419999
G1 F8744
G1 X96.612 Y100.772 E.01512
G1 X97.038 Y100.183 E.02006
G1 X97.49 Y99.613 E.02007
G1 X98.097 Y98.93 E.02522
G1 X98.644 Y98.366 E.02167
G1 X99.078 Y97.959 E.01641
G1 X99.814 Y97.336 E.0266
G1 X100.579 Y96.75 E.0266
G1 X101.576 Y96.099 E.03284
G1 X102.06 Y95.812 E.01553
G1 X102.882 Y95.381 E.02562
G1 X103.544 Y95.077 E.0201
G1 X104.218 Y94.803 E.02007
G1 X105.247 Y94.45 E.03003
G1 X105.949 Y94.253 E.02012
G1 X106.657 Y94.087 E.02006
G1 X107.372 Y93.954 E.02006
G1 X108.092 Y93.852 E.02006
G1 X108.816 Y93.783 E.02007
G1 X110.151 Y93.748 E.03684
G1 X110.932 Y93.771 E.02157
G1 X111.925 Y93.857 E.02751
G1 X112.509 Y93.939 E.01627
G1 X113.498 Y94.121 E.02773
G1 X114.071 Y94.261 E.01628
G1 X115.021 Y94.537 E.02731
G1 X115.556 Y94.726 E.01566
G1 X116.475 Y95.088 E.02723
G1 X117.011 Y95.333 E.01627
G1 X118.367 Y96.061 E.04246
G1 X118.853 Y96.361 E.01576
G1 X119.451 Y96.769 E.01998
G1 X120.003 Y97.182 E.01902
G1 X120.45 Y97.551 E.01601
G1 X121.4 Y98.405 E.03524
G1 X121.905 Y98.925 E.02
G1 X122.619 Y99.746 E.03002
G1 X123.066 Y100.322 E.02012
G1 X123.486 Y100.916 E.02006
G1 X123.881 Y101.532 E.0202
G1 X124.414 Y102.476 E.02989
G1 X124.737 Y103.129 E.02012
G1 X125.03 Y103.795 E.02006
G1 X125.292 Y104.473 E.02005
G1 X125.57 Y105.316 E.02451
G1 X125.813 Y106.212 E.02562
G1 X125.962 Y106.904 E.01952
G1 X126.088 Y107.641 E.02064
G1 X126.177 Y108.363 E.02006
G1 X126.234 Y109.088 E.02006
G1 X126.259 Y109.815 E.02006
G1 X126.251 Y110.542 E.02006
G1 X126.21 Y111.268 E.02007
G1 X126.116 Y112.15 E.02449
G1 X125.968 Y113.067 E.02562
G1 X125.815 Y113.779 E.02011
G1 X125.557 Y114.716 E.0268
G1 X125.294 Y115.52 E.02334
G1 X125.034 Y116.193 E.0199
G1 X124.798 Y116.717 E.01587
G1 X124.584 Y117.19 E.01432
G1 X124.247 Y117.836 E.02012
G1 X123.892 Y118.45 E.01955
G1 X123.574 Y118.947 E.01627
G1 X123.071 Y119.672 E.02436
G1 X122.634 Y120.235 E.01965
G1 X122.155 Y120.8 E.02047
G1 X121.66 Y121.333 E.02006
G1 X121.141 Y121.843 E.02006
G1 X120.478 Y122.433 E.02449
G1 X119.942 Y122.86 E.0189
G1 X119.159 Y123.435 E.02681
G1 X118.549 Y123.831 E.02006
G1 X117.922 Y124.199 E.02006
G1 X117.28 Y124.539 E.02007
G1 X116.475 Y124.914 E.02449
G1 X115.613 Y125.26 E.02562
G1 X114.931 Y125.494 E.01991
G1 X114.227 Y125.701 E.02025
G1 X113.516 Y125.875 E.0202
G1 X112.451 Y126.074 E.0299
G1 X111.87 Y126.149 E.01614
G1 X111.003 Y126.229 E.02403
G1 X110.276 Y126.258 E.02006
G1 X109.549 Y126.254 E.02007
G1 X108.463 Y126.187 E.03002
G1 X107.739 Y126.102 E.02012
G1 X107.021 Y125.985 E.02006
G1 X106.31 Y125.836 E.02006
G1 X105.605 Y125.655 E.02006
G1 X104.91 Y125.443 E.02006
G1 X103.847 Y125.047 E.03129
G1 X103.308 Y124.813 E.01622
G1 X102.743 Y124.55 E.01718
G1 X101.927 Y124.114 E.02553
G1 X101.303 Y123.739 E.0201
G1 X100.697 Y123.336 E.02006
G1 X100.265 Y123.02 E.01477
G1 X99.269 Y122.216 E.03531
G1 X98.732 Y121.723 E.02012
G1 X98.219 Y121.207 E.02007
G1 X97.496 Y120.394 E.03002
G1 X97.141 Y119.947 E.01575
G1 X96.616 Y119.234 E.02442
G1 X96.217 Y118.626 E.02006
G1 X95.845 Y118.002 E.02006
G1 X95.502 Y117.361 E.02006
G1 X95.187 Y116.705 E.02006
G1 X94.902 Y116.036 E.02007
G1 X94.531 Y115.01 E.0301
G1 X94.323 Y114.314 E.02004
G1 X94.112 Y113.452 E.02449
G1 X93.94 Y112.54 E.02562
G1 X93.847 Y111.857 E.01901
G1 X93.777 Y111.094 E.02115
G1 X93.744 Y110.367 E.02006
G1 X93.744 Y109.64 E.02006
G1 X93.772 Y109.016 E.01724
G1 X93.842 Y108.263 E.02088
G1 X93.938 Y107.496 E.0213
G1 X94.12 Y106.516 E.02751
G1 X94.258 Y105.943 E.01627
G1 X94.529 Y104.996 E.02717
G1 X94.728 Y104.435 E.01642
G1 X95.092 Y103.522 E.02711
G1 X95.327 Y103.002 E.01577
G1 X95.786 Y102.108 E.02773
G1 X96.083 Y101.598 E.01627
G1 X96.295 Y101.267 E.01084
G1 E-1 F2400
;WIPE_START
G1 F12000
G1 X96.612 Y100.772
G1 X97.038 Y100.183
G1 X97.464 Y99.646
;WIPE_END
G1 Z3.8 F24000
G1 X104.146 Y94.068 Z3.8
G1 Z3.6
G1 E1 F2700
M204 P5000
;TYPE:Sparse infill
;WIDTH:0.45
G1 F8744
G1 X105.024 Y93.767 E.02765
G1 X105.698 Y93.577 E.02086
G1 X109.757 Y89.518 E.17097
G1 X110.234 Y89.512 E.01422
G1 X111.19 Y89.544 E.02848
G1 X112.383 Y89.648 E.03569
G1 X113.162 Y89.755 E.0234
G1 X113.586 Y89.834 E.01286
G1 X110.389 Y93.031 E.1347
G1 X111.425 Y93.081 E.0309
G1 X112.183 Y93.162 E.0227
G1 X112.936 Y93.277 E.0227
G1 X114.049 Y93.516 E.03391
G1 X116.868 Y90.697 E.11874
G1 X117.004 Y90.743 E.00428
G1 X118.12 Y91.187 E.03577
G1 X118.835 Y91.512 E.0234
G1 X119.735 Y91.975 E.03014
G1 X117.12 Y94.59 E.11017
G1 X117.607 Y94.82 E.01605
G1 X118.593 Y95.356 E.03343
G1 X119.242 Y95.757 E.02273
G1 X119.751 Y96.104 E.01834
G1 X122.262 Y93.593 E.10579
G1 X122.556 Y93.807 E.01084
G1 X123.169 Y94.301 E.02346
G1 X123.91 Y94.955 E.02943
G1 X124.486 Y95.514 E.0239
G1 X122.004 Y97.996 E.10457
G1 X122.431 Y98.435 E.01823
G1 X123.168 Y99.281 E.03344
G1 X123.641 Y99.89 E.02295
G1 X123.895 Y100.25 E.01314
G1 X126.407 Y97.738 E.10581
G1 X126.673 Y98.088 E.0131
G1 X127.12 Y98.74 E.02354
G1 X127.541 Y99.409 E.02354
G1 X128.025 Y100.265 E.0293
G1 X125.412 Y102.879 E.11009
G1 X125.691 Y103.513 E.02064
G1 X125.976 Y104.253 E.02362
G1 X126.261 Y105.119 E.02717
G1 X126.486 Y105.949 E.02561
G1 X129.302 Y103.133 E.11862
G1 X129.63 Y104.123 E.03107
G1 X129.94 Y105.279 E.03564
G1 X130.168 Y106.412 E.03443
G1 X126.971 Y109.609 E.13468
G1 X126.969 Y110.566 E.0285
M73 P53 R3
G1 X126.927 Y111.327 E.02272
G1 X126.829 Y112.244 E.02747
G1 X126.675 Y113.195 E.02868
G1 X126.508 Y113.971 E.02365
G1 X126.414 Y114.311 E.01049
G1 X130.484 Y110.241 E.17142
G1 X130.456 Y111.196 E.02845
G1 X130.395 Y111.979 E.0234
G1 X130.244 Y113.171 E.03577
G1 X130.107 Y113.949 E.02353
G1 X129.863 Y115.007 E.03235
G1 X115.001 Y129.869 E.62608
G1 X116.261 Y129.511 E.03902
G1 X116.562 Y129.408 E.00948
G1 X115.857 Y125.936 F24000
G1 F8744
G1 X115.155 Y126.177 E.02209
G1 X114.303 Y126.422 E.02641
G1 X110.241 Y130.484 E.1711
G1 X108.804 Y130.456 E.04282
G1 X108.021 Y130.395 E.0234
G1 X106.829 Y130.244 E.03577
G1 X106.41 Y130.17 E.01268
G1 X109.607 Y126.973 E.13469
G1 X108.403 Y126.904 E.03592
G1 X107.646 Y126.815 E.02273
G1 X106.893 Y126.692 E.0227
G1 X105.95 Y126.485 E.02877
G1 X103.133 Y129.302 E.11866
G1 X102.987 Y129.254 E.00457
G1 X102.25 Y128.969 E.02353
G1 X101.525 Y128.656 E.02354
G1 X100.265 Y128.025 E.04197
G1 X102.882 Y125.408 E.11025
G1 X102.426 Y125.195 E.01499
G1 X101.57 Y124.738 E.02891
G1 X100.917 Y124.345 E.02272
G1 X100.248 Y123.898 E.02397
G1 X97.733 Y126.412 E.10594
G1 X97.139 Y125.952 E.02237
G1 X96.227 Y125.171 E.03577
G1 X95.514 Y124.486 E.02945
G1 X97.997 Y122.003 E.10462
G1 X97.701 Y121.705 E.01251
G1 X96.956 Y120.869 E.03335
G1 X96.459 Y120.243 E.02381
G1 X96.104 Y119.751 E.01807
G1 X93.593 Y122.262 E.10578
G1 X93.102 Y121.59 E.0248
G1 X92.454 Y120.584 E.03564
G1 X91.973 Y119.737 E.02901
G1 X94.59 Y117.12 E.11021
G1 X94.232 Y116.298 E.02672
G1 X93.851 Y115.242 E.03344
G1 X93.631 Y114.511 E.02274
G1 X93.518 Y114.047 E.01421
G1 X90.697 Y116.868 E.11883
G1 X90.489 Y116.261 E.01912
G1 X90.156 Y115.107 E.03577
G1 X89.975 Y114.342 E.0234
G1 X89.834 Y113.586 E.02291
G1 X93.026 Y110.394 E.13448
G1 X93.025 Y109.615 E.0232
G1 X93.06 Y108.848 E.02286
G1 X93.173 Y107.733 E.03339
G1 X93.293 Y106.975 E.02287
G1 X93.445 Y106.228 E.0227
G1 X93.579 Y105.695 E.01636
G1 X89.516 Y109.759 E.17116
G1 X89.544 Y108.807 E.02837
G1 X89.626 Y107.826 E.0293
G1 X89.755 Y106.835 E.02977
G1 X89.975 Y105.658 E.03569
G1 X90.131 Y104.999 E.02015
G1 X104.993 Y90.137 E.62608
G1 X104.123 Y90.37 E.02682
G1 X103.432 Y90.599 E.02168
; stop printing object Генератор.stl id:0 copy 0
;LAYER_CHANGE
;Z:3.8
;HEIGHT:0.2
;BEFORE_LAYER_CHANGE
;3.8
G92 E0

G1 E-1 F2400
;WIPE_START
G1 F12000
G1 X104.123 Y90.37
G1 X104.993 Y90.137
G1 X104.73 Y90.4
;WIPE_END
M486 S-1
;_SET_FAN_SPEED_CHANGING_LAYER
; printing object Генератор.stl id:0 copy 0
M486 S0
G1 Z4 F24000
G1 X130.752 Y108.759 Z4
G1 Z3.8
G1 E1 F2700
;TYPE:Inner wall
;WIDTH:0.449999
G1 F8853
G1 X130.787 Y109.448 E.02053
G1 X130.792 Y110.402 E.02842
G1 X130.734 Y111.615 E.03616
G1 X130.656 Y112.414 E.02393
G1 X130.547 Y113.21 E.02393
G1 X130.324 Y114.406 E.03621
G1 X130.14 Y115.185 E.02384
G1 X129.802 Y116.353 E.03621
G1 X129.543 Y117.11 E.02384
G1 X129.094 Y118.24 E.03622
G1 X128.763 Y118.968 E.02384
G1 X128.207 Y120.05 E.03622
G1 X127.807 Y120.743 E.02384
G1 X127.15 Y121.763 E.03613
G1 X126.435 Y122.742 E.03612
G1 X125.933 Y123.365 E.02384
G1 X125.127 Y124.271 E.03612
G1 X124.271 Y125.127 E.03603
G1 X123.365 Y125.933 E.03612
G1 X122.742 Y126.435 E.02384
G1 X121.76 Y127.152 E.03621
G1 X121.089 Y127.593 E.02393
G1 X120.401 Y128.009 E.02393
G1 X119.333 Y128.584 E.03612
G1 X118.234 Y129.097 E.03612
G1 X117.493 Y129.399 E.02385
G1 X116.347 Y129.804 E.03621
G1 X115.577 Y130.035 E.02394
G1 X114.799 Y130.235 E.02393
G1 X113.608 Y130.481 E.03622
G1 X112.817 Y130.605 E.02385
G1 X111.61 Y130.734 E.03616
G1 X110.6 Y130.787 E.03013
G1 X109.598 Y130.792 E.02985
G1 X108.385 Y130.734 E.03616
G1 X107.586 Y130.656 E.02393
G1 X106.79 Y130.547 E.02393
G1 X105.594 Y130.324 E.03621
G1 X104.815 Y130.14 E.02384
G1 X103.648 Y129.802 E.03621
G1 X102.89 Y129.543 E.02384
G1 X101.76 Y129.094 E.03622
G1 X101.032 Y128.763 E.02384
G1 X99.95 Y128.207 E.03622
G1 X99.257 Y127.807 E.02384
G1 X98.237 Y127.15 E.03613
G1 X97.258 Y126.435 E.03612
G1 X96.635 Y125.933 E.02384
G1 X95.729 Y125.127 E.03612
G1 X94.873 Y124.271 E.03603
G1 X94.067 Y123.365 E.03612
G1 X93.565 Y122.742 E.02384
G1 X92.848 Y121.76 E.03621
G1 X92.407 Y121.089 E.02393
G1 X91.991 Y120.401 E.02393
G1 X91.416 Y119.333 E.03612
G1 X90.903 Y118.234 E.03612
G1 X90.601 Y117.493 E.02385
G1 X90.196 Y116.347 E.03621
G1 X89.965 Y115.577 E.02394
G1 X89.765 Y114.799 E.02393
G1 X89.519 Y113.608 E.03622
G1 X89.395 Y112.817 E.02385
G1 X89.266 Y111.61 E.03616
G1 X89.213 Y110.6 E.03013
G1 X89.208 Y109.598 E.02985
G1 X89.266 Y108.385 E.03616
G1 X89.344 Y107.586 E.02393
G1 X89.453 Y106.79 E.02393
G1 X89.676 Y105.594 E.03621
G1 X89.86 Y104.815 E.02384
G1 X90.198 Y103.648 E.03621
G1 X90.457 Y102.89 E.02384
G1 X90.906 Y101.76 E.03622
G1 X91.237 Y101.032 E.02384
G1 X91.793 Y99.95 E.03622
G1 X92.193 Y99.257 E.02384
G1 X92.85 Y98.237 E.03613
G1 X93.565 Y97.258 E.03612
G1 X94.068 Y96.634 E.02388
G1 X94.74 Y95.873 E.03022
G1 X95.439 Y95.152 E.02994
G1 X96.023 Y94.601 E.02388
G1 X96.946 Y93.811 E.03621
G1 X97.579 Y93.321 E.02384
G1 X98.573 Y92.624 E.03616
G1 X99.432 Y92.09 E.03013
G1 X100.308 Y91.6 E.02989
G1 X101.216 Y91.151 E.03017
G1 X102.136 Y90.748 E.02994
G1 X102.884 Y90.459 E.02388
G1 X104.036 Y90.077 E.03612
G1 X105.207 Y89.764 E.03612
G1 X105.989 Y89.594 E.02385
G1 X107.189 Y89.395 E.03622
G1 X107.984 Y89.302 E.02384
G1 X109.195 Y89.219 E.03616
G1 X110.206 Y89.206 E.03014
G1 X111.208 Y89.239 E.02985
G1 X112.417 Y89.345 E.03616
G1 X113.21 Y89.453 E.02384
G1 X114.406 Y89.676 E.03621
G1 X115.185 Y89.86 E.02384
G1 X116.353 Y90.198 E.03621
G1 X117.11 Y90.457 E.02384
G1 X118.24 Y90.906 E.03622
G1 X118.968 Y91.237 E.02384
G1 X120.05 Y91.793 E.03622
G1 X120.743 Y92.193 E.02384
G1 X121.763 Y92.85 E.03613
G1 X122.742 Y93.565 E.03612
G1 X123.366 Y94.068 E.02388
G1 X124.127 Y94.74 E.03022
G1 X124.848 Y95.439 E.02994
G1 X125.399 Y96.023 E.02388
G1 X126.189 Y96.946 E.03621
G1 X126.679 Y97.579 E.02384
G1 X127.377 Y98.575 E.03621
G1 X127.804 Y99.252 E.02384
G1 X128.4 Y100.308 E.03612
G1 X128.933 Y101.397 E.03612
G1 X129.252 Y102.135 E.02394
G1 X129.541 Y102.884 E.02393
G1 X129.923 Y104.036 E.03612
G1 X130.236 Y105.204 E.03603
G1 X130.481 Y106.392 E.03613
G1 X130.605 Y107.183 E.02385
G1 X130.734 Y108.39 E.03616
G1 X130.75 Y108.719 E.00984
G1 X131.165 Y108.739 F24000
M204 P4000
;TYPE:Outer wall
;WIDTH:0.419999
G1 F8853
G1 X131.2 Y109.446 E.01953
G1 X131.206 Y110.411 E.02664
G1 X131.146 Y111.645 E.03408
G1 X131.067 Y112.462 E.02267
G1 X130.955 Y113.276 E.02267
G1 X130.729 Y114.491 E.0341
G1 X130.54 Y115.29 E.02264
G1 X130.197 Y116.477 E.0341
G1 X129.931 Y117.253 E.02264
G1 X129.475 Y118.402 E.0341
G1 X129.135 Y119.149 E.02264
G1 X128.57 Y120.248 E.0341
G1 X128.16 Y120.958 E.02264
G1 X127.491 Y121.997 E.03407
G1 X126.764 Y122.994 E.03407
G1 X126.248 Y123.633 E.02264
G1 X125.428 Y124.555 E.03407
G1 X124.555 Y125.428 E.03404
G1 X123.633 Y126.248 E.03407
G1 X122.994 Y126.764 E.02264
G1 X121.996 Y127.492 E.0341
G1 X121.309 Y127.943 E.02267
G1 X120.606 Y128.368 E.02267
G1 X119.519 Y128.954 E.03407
G1 X118.4 Y129.476 E.03407
G1 X117.64 Y129.786 E.02264
G1 X116.475 Y130.197 E.0341
G1 X115.688 Y130.433 E.02267
G1 X114.892 Y130.638 E.02267
G1 X113.682 Y130.888 E.0341
G1 X112.871 Y131.015 E.02264
G1 X111.643 Y131.146 E.03408
G1 X110.612 Y131.2 E.02849
G1 X109.589 Y131.206 E.02823
G1 X108.355 Y131.146 E.03408
G1 X107.538 Y131.067 E.02267
G1 X106.724 Y130.955 E.02267
G1 X105.509 Y130.729 E.0341
G1 X104.71 Y130.54 E.02264
G1 X103.523 Y130.197 E.0341
G1 X102.747 Y129.931 E.02264
G1 X101.598 Y129.475 E.0341
G1 X100.851 Y129.135 E.02264
G1 X99.752 Y128.57 E.0341
G1 X99.042 Y128.16 E.02264
G1 X98.003 Y127.491 E.03407
G1 X97.006 Y126.764 E.03407
G1 X96.367 Y126.248 E.02264
G1 X95.445 Y125.428 E.03407
G1 X94.572 Y124.555 E.03404
G1 X93.752 Y123.633 E.03407
G1 X93.236 Y122.994 E.02264
G1 X92.508 Y121.996 E.0341
G1 X92.057 Y121.309 E.02267
G1 X91.632 Y120.606 E.02267
G1 X91.046 Y119.519 E.03407
G1 X90.524 Y118.4 E.03407
G1 X90.214 Y117.64 E.02264
G1 X89.803 Y116.475 E.0341
G1 X89.567 Y115.688 E.02267
G1 X89.362 Y114.892 E.02267
G1 X89.112 Y113.682 E.0341
G1 X88.985 Y112.871 E.02264
G1 X88.854 Y111.643 E.03408
G1 X88.8 Y110.612 E.02849
G1 X88.794 Y109.589 E.02823
G1 X88.854 Y108.355 E.03408
G1 X88.933 Y107.538 E.02267
G1 X89.045 Y106.724 E.02267
G1 X89.271 Y105.509 E.0341
G1 X89.46 Y104.71 E.02264
G1 X89.803 Y103.523 E.0341
G1 X90.069 Y102.747 E.02264
G1 X90.525 Y101.598 E.0341
G1 X90.865 Y100.851 E.02264
G1 X91.43 Y99.752 E.0341
G1 X91.84 Y99.042 E.02264
G1 X92.509 Y98.003 E.03407
G1 X93.236 Y97.006 E.03407
G1 X93.752 Y96.367 E.02265
G1 X94.436 Y95.592 E.02852
G1 X95.149 Y94.857 E.02825
G1 X95.746 Y94.294 E.02265
G1 X96.685 Y93.49 E.0341
G1 X97.333 Y92.988 E.02264
G1 X98.345 Y92.279 E.03408
G1 X99.222 Y91.734 E.02849
G1 X100.115 Y91.234 E.02824
G1 X101.041 Y90.776 E.0285
G1 X101.979 Y90.365 E.02825
G1 X102.745 Y90.07 E.02265
G1 X103.917 Y89.681 E.03407
G1 X105.11 Y89.362 E.03407
G1 X105.912 Y89.188 E.02264
G1 X107.131 Y88.985 E.0341
G1 X107.946 Y88.89 E.02264
G1 X109.178 Y88.806 E.03408
G1 X110.21 Y88.792 E.02849
G1 X111.233 Y88.826 E.02823
G1 X112.463 Y88.934 E.03408
G1 X113.276 Y89.045 E.02264
G1 X114.491 Y89.271 E.0341
G1 X115.29 Y89.46 E.02264
G1 X116.477 Y89.803 E.0341
G1 X117.253 Y90.069 E.02264
G1 X118.402 Y90.525 E.0341
G1 X119.149 Y90.865 E.02264
G1 X120.248 Y91.43 E.0341
G1 X120.958 Y91.84 E.02264
G1 X121.997 Y92.509 E.03407
G1 X122.994 Y93.236 E.03407
G1 X123.633 Y93.752 E.02265
G1 X124.408 Y94.436 E.02852
G1 X125.143 Y95.149 E.02825
G1 X125.706 Y95.746 E.02265
G1 X126.51 Y96.685 E.0341
G1 X127.012 Y97.333 E.02264
G1 X127.721 Y98.346 E.0341
G1 X128.159 Y99.04 E.02264
G1 X128.766 Y100.115 E.03407
G1 X129.309 Y101.224 E.03407
G1 X129.635 Y101.978 E.02267
G1 X129.93 Y102.745 E.02267
G1 X130.319 Y103.917 E.03407
G1 X130.638 Y105.109 E.03404
G1 X130.888 Y106.318 E.03407
G1 X131.015 Y107.129 E.02264
G1 X131.146 Y108.357 E.03408
G1 X131.163 Y108.699 E.00945
G1 E-1 F2400
;WIPE_START
G1 F12000
G1 X131.2 Y109.446
G1 X131.206 Y110.411
G1 X131.192 Y110.697
;WIPE_END
G1 Z4 F24000
G1 X95.965 Y101.022 Z4
G1 Z3.8
M73 P54 R3
G1 E1 F2700
M204 P5000
;TYPE:Inner wall
;WIDTH:0.449999
G1 F8853
G1 X96.267 Y100.559 E.01645
G1 X96.845 Y99.759 E.02941
G1 X97.232 Y99.283 E.01827
G1 X97.779 Y98.662 E.02467
G1 X98.35 Y98.074 E.0244
G1 X98.798 Y97.655 E.01828
G1 X99.562 Y97.009 E.0298
G1 X100.447 Y96.335 E.03315
G1 X101.068 Y95.921 E.02221
G1 X101.545 Y95.633 E.01661
G1 X102.244 Y95.248 E.02376
G1 X102.963 Y94.892 E.02389
G1 X103.699 Y94.567 E.02396
G1 X104.249 Y94.355 E.01759
G1 X105.119 Y94.057 E.02737
G1 X105.837 Y93.855 E.02224
G1 X106.563 Y93.685 E.02221
G1 X107.296 Y93.547 E.02221
G1 X108.034 Y93.443 E.02221
G1 X108.777 Y93.372 E.02221
G1 X110.166 Y93.334 E.0414
G1 X110.957 Y93.358 E.02358
G1 X111.969 Y93.446 E.03026
G1 X112.572 Y93.53 E.01812
G1 X113.578 Y93.715 E.03049
G1 X114.67 Y93.994 E.03358
G1 X115.388 Y94.221 E.02241
G1 X116.088 Y94.478 E.02221
G1 X116.635 Y94.706 E.01766
G1 X117.188 Y94.959 E.01812
G1 X118.075 Y95.422 E.0298
G1 X118.584 Y95.709 E.01742
G1 X119.068 Y96.008 E.01692
G1 X119.684 Y96.427 E.02221
G1 X120.251 Y96.851 E.02108
G1 X120.726 Y97.238 E.01827
G1 X121.7 Y98.121 E.03913
G1 X122.202 Y98.637 E.02145
G1 X122.931 Y99.475 E.0331
G1 X123.39 Y100.065 E.02228
G1 X123.824 Y100.678 E.02234
G1 X124.227 Y101.305 E.02221
G1 X124.684 Y102.103 E.0274
G1 X125.106 Y102.943 E.02799
G1 X125.408 Y103.629 E.02233
G1 X125.677 Y104.324 E.02219
G1 X125.916 Y105.031 E.02223
G1 X126.211 Y106.102 E.0331
G1 X126.371 Y106.837 E.02241
G1 X126.496 Y107.572 E.02221
G1 X126.588 Y108.312 E.02221
G1 X126.647 Y109.055 E.02221
G1 X126.672 Y109.801 E.02221
G1 X126.667 Y110.335 E.01591
G1 X126.623 Y111.291 E.0285
G1 X126.556 Y111.968 E.02027
G1 X126.377 Y113.131 E.03504
G1 X126.219 Y113.866 E.02242
G1 X125.925 Y114.938 E.0331
G1 X125.686 Y115.652 E.02241
G1 X125.418 Y116.347 E.02221
G1 X125.119 Y117.03 E.02221
G1 X124.79 Y117.699 E.02221
G1 X124.431 Y118.352 E.02221
G1 X124.043 Y118.989 E.02221
G1 X123.737 Y119.444 E.01631
G1 X123.148 Y120.248 E.0297
G1 X122.453 Y121.088 E.03248
G1 X121.963 Y121.615 E.02144
G1 X121.431 Y122.138 E.02221
G1 X120.744 Y122.749 E.0274
G1 X120.2 Y123.183 E.02071
G1 X119.4 Y123.771 E.02961
G1 X118.866 Y124.118 E.01896
G1 X118.343 Y124.428 E.01811
G1 X117.47 Y124.899 E.02954
G1 X116.568 Y125.323 E.02967
G1 X116.005 Y125.551 E.01812
G1 X115.058 Y125.888 E.02992
G1 X114.444 Y126.068 E.01908
G1 X113.842 Y126.221 E.0185
G1 X112.861 Y126.418 E.0298
G1 X111.78 Y126.578 E.03253
G1 X111.274 Y126.621 E.01515
G1 X110.46 Y126.664 E.02428
G1 X109.654 Y126.668 E.02401
G1 X108.662 Y126.614 E.02957
G1 X108.067 Y126.557 E.01782
G1 X106.954 Y126.393 E.0335
G1 X106.445 Y126.287 E.0155
G1 X105.853 Y126.146 E.01812
G1 X104.87 Y125.863 E.03049
G1 X104.295 Y125.664 E.01812
G1 X103.395 Y125.309 E.02881
G1 X102.805 Y125.034 E.0194
G1 X101.911 Y124.575 E.02994
G1 X101.397 Y124.278 E.01768
G1 X100.546 Y123.732 E.0301
G1 X99.866 Y123.24 E.025
G1 X99.281 Y122.761 E.02254
G1 X98.54 Y122.108 E.02941
G1 X97.916 Y121.489 E.0262
G1 X97.187 Y120.669 E.03267
G1 X96.817 Y120.204 E.01769
G1 X96.281 Y119.476 E.02692
G1 X95.874 Y118.857 E.02208
G1 X95.555 Y118.324 E.01851
G1 X95.137 Y117.556 E.02603
G1 X94.814 Y116.884 E.02221
G1 X94.522 Y116.198 E.02221
G1 X94.26 Y115.5 E.02222
G1 X93.929 Y114.439 E.0331
G1 X93.775 Y113.831 E.0187
G1 X93.595 Y112.979 E.02592
G1 X93.478 Y112.243 E.02221
G1 X93.376 Y111.239 E.03005
G1 X93.334 Y110.448 E.0236
G1 X93.33 Y109.642 E.02401
G1 X93.363 Y108.895 E.02227
G1 X93.449 Y108.033 E.02581
G1 X93.528 Y107.44 E.01782
G1 X93.715 Y106.434 E.03049
G1 X93.857 Y105.842 E.01812
G1 X94.133 Y104.878 E.02988
G1 X94.338 Y104.298 E.01833
G1 X94.71 Y103.364 E.02993
G1 X94.955 Y102.823 E.01768
G1 X95.422 Y101.912 E.03049
G1 X95.728 Y101.387 E.01811
G1 X95.944 Y101.055 E.01177
G1 X96.312 Y101.247 F24000
M204 P4000
;TYPE:Outer wall
;WIDTH:0.419999
G1 F8853
G1 X96.61 Y100.79 E.01506
G1 X97.175 Y100.009 E.0266
G1 X97.55 Y99.547 E.01641
G1 X98.085 Y98.94 E.02234
G1 X98.644 Y98.366 E.02209
G1 X99.078 Y97.959 E.01642
G1 X99.824 Y97.328 E.02696
G1 X100.691 Y96.668 E.03007
G1 X101.297 Y96.265 E.02006
G1 X101.758 Y95.987 E.01488
G1 X102.439 Y95.612 E.02143
G1 X103.138 Y95.267 E.02152
G1 X103.854 Y94.951 E.02161
G1 X104.383 Y94.746 E.01565
G1 X105.249 Y94.45 E.02524
G1 X105.949 Y94.253 E.02007
G1 X106.657 Y94.087 E.02006
G1 X107.372 Y93.954 E.02006
G1 X108.092 Y93.852 E.02006
G1 X108.816 Y93.783 E.02007
G1 X110.162 Y93.748 E.03715
G1 X110.932 Y93.771 E.02125
G1 X111.925 Y93.857 E.02752
G1 X112.509 Y93.939 E.01627
G1 X113.498 Y94.121 E.02773
G1 X114.567 Y94.395 E.03047
G1 X115.262 Y94.615 E.02012
G1 X115.945 Y94.866 E.02006
G1 X116.475 Y95.088 E.01584
G1 X117.011 Y95.333 E.01627
G1 X118.367 Y96.061 E.04246
G1 X118.853 Y96.361 E.01576
G1 X119.451 Y96.769 E.01997
G1 X120.003 Y97.182 E.01902
G1 X120.464 Y97.558 E.01641
G1 X121.046 Y98.08 E.02158
G1 X121.604 Y98.615 E.02132
G1 X121.994 Y99.027 E.01565
G1 X122.62 Y99.747 E.02633
G1 X123.064 Y100.319 E.01996
G1 X123.486 Y100.916 E.02018
G1 X123.879 Y101.528 E.02007
G1 X124.325 Y102.308 E.02479
G1 X124.737 Y103.128 E.02532
G1 X125.03 Y103.795 E.0201
G1 X125.292 Y104.473 E.02005
G1 X125.524 Y105.163 E.02008
G1 X125.812 Y106.212 E.03002
G1 X125.966 Y106.925 E.02012
G1 X126.088 Y107.641 E.02006
G1 X126.177 Y108.363 E.02006
G1 X126.234 Y109.088 E.02006
G1 X126.259 Y109.815 E.02006
G1 X126.253 Y110.33 E.01423
G1 X126.21 Y111.267 E.02589
G1 X126.144 Y111.926 E.01827
G1 X125.968 Y113.066 E.03182
G1 X125.815 Y113.779 E.02013
G1 X125.526 Y114.828 E.03002
G1 X125.294 Y115.52 E.02012
G1 X125.032 Y116.198 E.02006
G1 X124.74 Y116.864 E.02006
G1 X124.419 Y117.516 E.02006
G1 X124.068 Y118.153 E.02006
G1 X123.69 Y118.774 E.02006
G1 X123.394 Y119.213 E.01459
G1 X122.817 Y119.999 E.02693
G1 X122.458 Y120.439 E.01566
G1 X121.812 Y121.169 E.02689
G1 X121.141 Y121.843 E.02624
G1 X120.469 Y122.44 E.02479
G1 X119.943 Y122.859 E.01857
G1 X119.159 Y123.435 E.02683
G1 X118.641 Y123.772 E.01705
G1 X118.136 Y124.071 E.01619
G1 X117.282 Y124.531 E.02676
G1 X116.4 Y124.945 E.02689
G1 X115.853 Y125.166 E.01627
G1 X114.924 Y125.496 E.0272
G1 X114.327 Y125.671 E.01716
G1 X113.743 Y125.82 E.01663
G1 X112.785 Y126.012 E.02696
G1 X111.727 Y126.168 E.0295
G1 X111.003 Y126.229 E.02006
G1 X109.656 Y126.254 E.03717
G1 X108.688 Y126.201 E.02675
G1 X108.115 Y126.146 E.01587
G1 X107.021 Y125.985 E.03052
G1 X106.53 Y125.882 E.01385
G1 X105.956 Y125.745 E.01627
G1 X104.991 Y125.467 E.02773
G1 X104.433 Y125.274 E.01627
G1 X103.551 Y124.926 E.02617
G1 X102.979 Y124.66 E.01739
G1 X102.106 Y124.21 E.02712
G1 X101.61 Y123.924 E.01579
G1 X100.775 Y123.388 E.02737
G1 X100.11 Y122.907 E.02265
G1 X99.543 Y122.441 E.02024
G1 X98.82 Y121.804 E.0266
G1 X98.216 Y121.204 E.02347
G1 X97.496 Y120.394 E.02991
G1 X97.141 Y119.947 E.01575
G1 X96.616 Y119.234 E.02442
G1 X96.219 Y118.63 E.01994
G1 X95.911 Y118.112 E.01663
G1 X95.502 Y117.361 E.0236
G1 X95.187 Y116.705 E.02006
G1 X94.902 Y116.036 E.02006
G1 X94.647 Y115.355 E.02007
G1 X94.323 Y114.316 E.03002
G1 X94.176 Y113.73 E.01668
G1 X94 Y112.897 E.0235
G1 X93.887 Y112.178 E.02007
G1 X93.787 Y111.198 E.0272
G1 X93.747 Y110.43 E.02122
G1 X93.744 Y109.642 E.02173
G1 X93.776 Y108.914 E.02012
G1 X93.861 Y108.074 E.02327
G1 X93.937 Y107.504 E.01587
G1 X94.12 Y106.516 E.02773
G1 X94.258 Y105.943 E.01627
G1 X94.529 Y104.996 E.02717
G1 X94.728 Y104.436 E.01639
G1 X95.091 Y103.523 E.02712
G1 X95.327 Y103.002 E.01579
G1 X95.786 Y102.108 E.02773
G1 X96.083 Y101.598 E.01627
G1 X96.29 Y101.281 E.01044
G1 E-1 F2400
;WIPE_START
G1 F12000
G1 X96.61 Y100.79
G1 X97.175 Y100.009
G1 X97.459 Y99.66
;WIPE_END
G1 Z4 F24000
G1 X115.856 Y125.937 Z4
G1 Z3.8
G1 E1 F2700
M204 P5000
;TYPE:Sparse infill
;WIDTH:0.45
G1 F8853
G1 X115.15 Y126.179 E.02224
G1 X114.302 Y126.423 E.02626
G1 X110.242 Y130.483 E.17106
G1 X109.604 Y130.487 E.01898
G1 X108.408 Y130.429 E.03569
G1 X107.621 Y130.352 E.02354
G1 X106.838 Y130.245 E.02354
G1 X106.414 Y130.166 E.01286
G1 X109.608 Y126.972 E.13455
G1 X108.388 Y126.902 E.03639
G1 X107.638 Y126.814 E.0225
G1 X106.886 Y126.691 E.0227
G1 X105.95 Y126.485 E.02855
G1 X103.132 Y129.303 E.1187
G1 X102.996 Y129.257 E.00428
G1 X101.88 Y128.813 E.03577
G1 X101.165 Y128.488 E.0234
G1 X100.265 Y128.025 E.03014
G1 X102.883 Y125.407 E.11028
G1 X102.403 Y125.183 E.01578
G1 X101.563 Y124.734 E.02836
G1 X100.91 Y124.341 E.02272
G1 X100.247 Y123.898 E.02375
G1 X97.738 Y126.407 E.10573
G1 X97.444 Y126.193 E.01083
G1 X96.832 Y125.7 E.0234
G1 X95.938 Y124.904 E.03564
G1 X95.517 Y124.483 E.01775
G1 X97.997 Y122.003 E.10448
G1 X97.681 Y121.683 E.0134
G1 X96.955 Y120.868 E.03251
G1 X96.459 Y120.243 E.02377
G1 X96.104 Y119.751 E.01807
G1 X93.593 Y122.262 E.10578
G1 X93.099 Y121.586 E.02494
G1 X92.665 Y120.926 E.02354
G1 X92.257 Y120.249 E.02354
G1 X91.978 Y119.732 E.0175
G1 X94.59 Y117.12 E.11002
G1 X94.235 Y116.305 E.02647
G1 X93.968 Y115.591 E.02273
G1 X93.634 Y114.519 E.03344
G1 X93.516 Y114.049 E.01443
G1 X90.702 Y116.863 E.11853
G1 X90.486 Y116.252 E.0193
G1 X90.26 Y115.495 E.02354
G1 X90.062 Y114.73 E.02353
G1 X89.828 Y113.592 E.0346
G1 X93.026 Y110.394 E.13475
G1 X93.026 Y109.603 E.02356
G1 X93.062 Y108.835 E.0229
G1 X93.174 Y107.728 E.03312
G1 X93.293 Y106.975 E.02273
G1 X93.445 Y106.228 E.0227
G1 X93.579 Y105.695 E.01636
G1 X89.514 Y109.761 E.17126
G1 X89.571 Y108.408 E.04035
G1 X89.648 Y107.621 E.02354
G1 X89.755 Y106.838 E.02354
G1 X89.975 Y105.658 E.03577
G1 X90.131 Y104.999 E.02015
G1 X104.993 Y90.137 E.62608
G1 X106.047 Y89.894 E.03222
G1 X107.231 Y89.697 E.03577
G1 X108.012 Y89.606 E.0234
G1 X109.207 Y89.525 E.03569
G1 X109.757 Y89.518 E.01637
G1 X105.698 Y93.577 E.17096
G1 X106.508 Y93.384 E.0248
G1 X107.257 Y93.244 E.0227
G1 X108.012 Y93.138 E.0227
G1 X108.771 Y93.066 E.02272
G1 X109.709 Y93.025 E.02794
G1 X110.389 Y93.031 E.02026
G1 X113.586 Y89.834 E.1347
G1 X114.342 Y89.975 E.02291
G1 X115.107 Y90.156 E.0234
G1 X116.261 Y90.489 E.03577
G1 X116.868 Y90.697 E.01912
G1 X114.046 Y93.519 E.11888
G1 X114.772 Y93.705 E.02231
G1 X115.499 Y93.936 E.02273
G1 X116.214 Y94.199 E.0227
G1 X117.12 Y94.59 E.02938
G1 X119.735 Y91.975 E.11017
G1 X120.584 Y92.454 E.02903
G1 X121.59 Y93.102 E.03564
G1 X122.262 Y93.593 E.0248
G1 X119.751 Y96.104 E.10579
G1 X120.488 Y96.648 E.02729
G1 X121.075 Y97.131 E.02264
G1 X122.004 Y97.996 E.03781
G1 X124.486 Y95.514 E.10457
G1 X125.171 Y96.227 E.02945
G1 X125.952 Y97.139 E.03577
G1 X126.412 Y97.733 E.02237
G1 X123.895 Y100.25 E.10604
G1 X124.488 Y101.147 E.03205
G1 X124.952 Y101.958 E.0278
G1 X125.412 Y102.879 E.03066
G1 X128.025 Y100.265 E.11009
G1 X128.656 Y101.525 E.04196
G1 X128.969 Y102.25 E.02354
G1 X129.302 Y103.133 E.0281
G1 X126.486 Y105.949 E.11863
G1 X126.671 Y106.782 E.02541
M73 P55 R3
G1 X126.799 Y107.533 E.0227
G1 X126.893 Y108.29 E.02271
G1 X126.953 Y109.054 E.02284
G1 X126.971 Y109.609 E.01654
G1 X130.172 Y106.408 E.13486
G1 X130.302 Y107.223 E.02458
G1 X130.429 Y108.414 E.03569
G1 X130.481 Y109.409 E.02967
G1 X130.486 Y110.239 E.02473
G1 X126.414 Y114.311 E.17155
G1 X126.216 Y115.031 E.02224
G1 X125.932 Y115.866 E.02626
G1 X129.408 Y116.562 F24000
G1 F8853
G1 X129.511 Y116.261 E.00948
G1 X129.869 Y115.001 E.03902
G1 X115.003 Y129.867 E.62626
G1 X115.495 Y129.74 E.01514
G1 X116.563 Y129.404 E.03336
; stop printing object Генератор.stl id:0 copy 0
;LAYER_CHANGE
;Z:4
;HEIGHT:0.2
;BEFORE_LAYER_CHANGE
;4
G92 E0

G1 E-1 F2400
;WIPE_START
G1 F12000
G1 X115.495 Y129.74
G1 X115.003 Y129.867
G1 X115.266 Y129.604
;WIPE_END
M486 S-1
;_SET_FAN_SPEED_CHANGING_LAYER
; printing object Генератор.stl id:0 copy 0
M486 S0
G1 Z4.2 F24000
G1 X130.756 Y108.829 Z4.2
G1 Z4
G1 E1 F2700
;TYPE:Inner wall
;WIDTH:0.449999
G1 F8745
G1 X130.787 Y109.461 E.01884
G1 X130.792 Y110.405 E.02813
G1 X130.761 Y111.206 E.02388
G1 X130.655 Y112.415 E.03616
G1 X130.511 Y113.429 E.03051
G1 X130.325 Y114.404 E.02956
G1 X130.14 Y115.185 E.02388
G1 X129.802 Y116.353 E.03621
G1 X129.543 Y117.11 E.02384
G1 X129.095 Y118.237 E.03613
G1 X128.583 Y119.336 E.03612
G1 X128.208 Y120.047 E.02394
G1 X127.807 Y120.743 E.02393
G1 X127.149 Y121.763 E.03616
G1 X126.549 Y122.593 E.03051
G1 X125.932 Y123.367 E.02947
G1 X125.127 Y124.271 E.03607
G1 X124.271 Y125.127 E.03603
G1 X123.365 Y125.933 E.03612
G1 X122.742 Y126.435 E.02384
G1 X121.76 Y127.152 E.03621
G1 X121.089 Y127.593 E.02393
G1 X120.401 Y128.009 E.02393
G1 X119.331 Y128.586 E.03621
G1 X118.608 Y128.931 E.02384
G1 X117.49 Y129.4 E.03612
G1 X116.347 Y129.804 E.03612
G1 X115.579 Y130.034 E.02388
G1 X114.582 Y130.284 E.0306
G1 X113.61 Y130.481 E.02956
G1 X112.817 Y130.605 E.02389
G1 X111.61 Y130.734 E.03616
G1 X110.587 Y130.787 E.03051
G1 X109.595 Y130.792 E.02956
G1 X108.794 Y130.761 E.02388
G1 X107.585 Y130.655 E.03616
G1 X106.571 Y130.511 E.03051
G1 X105.596 Y130.325 E.02956
G1 X104.815 Y130.14 E.02388
G1 X103.648 Y129.802 E.03621
G1 X102.89 Y129.543 E.02384
G1 X101.763 Y129.095 E.03613
G1 X100.664 Y128.583 E.03612
G1 X99.953 Y128.208 E.02394
G1 X99.257 Y127.807 E.02393
G1 X98.237 Y127.149 E.03616
G1 X97.407 Y126.549 E.03051
G1 X96.633 Y125.932 E.02947
G1 X95.729 Y125.127 E.03607
G1 X94.873 Y124.271 E.03603
G1 X94.067 Y123.365 E.03612
G1 X93.565 Y122.742 E.02384
G1 X92.848 Y121.76 E.03621
G1 X92.407 Y121.089 E.02393
G1 X91.991 Y120.401 E.02393
G1 X91.414 Y119.331 E.03621
G1 X91.069 Y118.608 E.02384
G1 X90.6 Y117.49 E.03612
G1 X90.196 Y116.347 E.03612
G1 X89.966 Y115.579 E.02388
G1 X89.716 Y114.582 E.0306
G1 X89.519 Y113.61 E.02956
G1 X89.395 Y112.817 E.02389
G1 X89.266 Y111.61 E.03616
G1 X89.213 Y110.587 E.03051
G1 X89.208 Y109.595 E.02956
G1 X89.239 Y108.794 E.02388
G1 X89.345 Y107.585 E.03616
G1 X89.489 Y106.571 E.03051
G1 X89.675 Y105.596 E.02956
G1 X89.86 Y104.815 E.02388
G1 X90.198 Y103.648 E.03621
G1 X90.457 Y102.89 E.02384
G1 X90.905 Y101.763 E.03613
G1 X91.417 Y100.664 E.03612
G1 X91.792 Y99.953 E.02394
G1 X92.193 Y99.257 E.02393
G1 X92.851 Y98.237 E.03616
G1 X93.451 Y97.407 E.03051
G1 X94.068 Y96.633 E.02947
G1 X94.875 Y95.727 E.03616
G1 X95.438 Y95.153 E.02393
G1 X96.023 Y94.601 E.02393
G1 X96.944 Y93.813 E.03612
G1 X97.91 Y93.079 E.03612
G1 X98.571 Y92.626 E.02388
G1 X99.443 Y92.084 E.0306
G1 X100.307 Y91.601 E.02947
G1 X101.397 Y91.067 E.03616
G1 X102.135 Y90.748 E.02394
G1 X102.884 Y90.459 E.02393
G1 X104.036 Y90.077 E.03612
G1 X105.207 Y89.764 E.03612
G1 X105.992 Y89.593 E.02394
G1 X106.784 Y89.454 E.02393
G1 X107.987 Y89.301 E.03612
G1 X109.195 Y89.219 E.03607
G1 X110.219 Y89.206 E.03051
G1 X111.208 Y89.239 E.02947
G1 X112.415 Y89.345 E.03611
G1 X113.429 Y89.489 E.03051
G1 X114.404 Y89.675 E.02956
G1 X115.185 Y89.86 E.02388
G1 X116.353 Y90.198 E.03621
G1 X117.11 Y90.457 E.02384
G1 X118.237 Y90.905 E.03613
G1 X119.336 Y91.417 E.03612
G1 X120.047 Y91.792 E.02394
G1 X120.743 Y92.193 E.02393
G1 X121.763 Y92.851 E.03616
G1 X122.593 Y93.451 E.03051
G1 X123.367 Y94.068 E.02947
G1 X124.273 Y94.875 E.03616
G1 X124.847 Y95.438 E.02393
G1 X125.399 Y96.023 E.02393
G1 X126.187 Y96.944 E.03612
G1 X126.921 Y97.91 E.03612
G1 X127.374 Y98.571 E.02388
G1 X127.916 Y99.443 E.0306
G1 X128.399 Y100.307 E.02947
G1 X128.933 Y101.397 E.03616
G1 X129.25 Y102.132 E.02385
G1 X129.677 Y103.269 E.03615
G1 X129.983 Y104.246 E.03051
G1 X130.235 Y105.203 E.02947
G1 X130.481 Y106.392 E.03616
G1 X130.605 Y107.183 E.02385
G1 X130.734 Y108.39 E.03616
G1 X130.754 Y108.789 E.0119
G1 X131.169 Y108.808 F24000
M204 P4000
;TYPE:Outer wall
;WIDTH:0.419999
G1 F8745
G1 X131.201 Y109.458 E.01796
G1 X131.206 Y110.412 E.02631
G1 X131.174 Y111.232 E.02265
G1 X131.066 Y112.463 E.03408
G1 X130.919 Y113.497 E.02884
G1 X130.729 Y114.491 E.0279
G1 X130.54 Y115.29 E.02265
G1 X130.197 Y116.477 E.0341
G1 X129.931 Y117.253 E.02264
G1 X129.475 Y118.401 E.03407
G1 X128.953 Y119.52 E.03407
G1 X128.571 Y120.247 E.02267
G1 X128.16 Y120.958 E.02267
G1 X127.491 Y121.997 E.03408
G1 X126.878 Y122.843 E.02884
G1 X126.248 Y123.633 E.02787
G1 X125.428 Y124.555 E.03405
G1 X124.555 Y125.428 E.03404
G1 X123.633 Y126.248 E.03407
G1 X122.994 Y126.764 E.02264
G1 X121.996 Y127.492 E.0341
G1 X121.309 Y127.943 E.02267
G1 X120.606 Y128.368 E.02267
G1 X119.518 Y128.954 E.0341
G1 X118.778 Y129.308 E.02264
G1 X117.639 Y129.786 E.03407
G1 X116.475 Y130.197 E.03407
G1 X115.689 Y130.433 E.02265
G1 X114.674 Y130.688 E.02887
G1 X113.683 Y130.888 E.0279
G1 X112.871 Y131.015 E.02265
G1 X111.643 Y131.146 E.03408
G1 X110.599 Y131.2 E.02884
G1 X109.588 Y131.206 E.0279
G1 X108.768 Y131.174 E.02265
G1 X107.537 Y131.066 E.03408
G1 X106.503 Y130.919 E.02884
G1 X105.509 Y130.729 E.0279
G1 X104.71 Y130.54 E.02265
G1 X103.523 Y130.197 E.0341
G1 X102.747 Y129.931 E.02264
G1 X101.599 Y129.475 E.03407
G1 X100.48 Y128.953 E.03407
G1 X99.753 Y128.571 E.02267
G1 X99.042 Y128.16 E.02267
G1 X98.003 Y127.491 E.03408
G1 X97.157 Y126.878 E.02884
G1 X96.367 Y126.248 E.02787
G1 X95.445 Y125.428 E.03405
G1 X94.572 Y124.555 E.03404
G1 X93.752 Y123.633 E.03407
G1 X93.236 Y122.994 E.02264
G1 X92.508 Y121.996 E.0341
G1 X92.057 Y121.309 E.02267
G1 X91.632 Y120.606 E.02267
G1 X91.046 Y119.518 E.0341
G1 X90.692 Y118.778 E.02264
G1 X90.214 Y117.639 E.03407
G1 X89.803 Y116.475 E.03407
G1 X89.567 Y115.689 E.02265
G1 X89.312 Y114.674 E.02887
G1 X89.112 Y113.683 E.0279
G1 X88.985 Y112.871 E.02265
G1 X88.854 Y111.643 E.03408
G1 X88.8 Y110.599 E.02884
G1 X88.794 Y109.588 E.0279
G1 X88.826 Y108.768 E.02265
G1 X88.934 Y107.537 E.03408
G1 X89.081 Y106.503 E.02884
G1 X89.271 Y105.509 E.0279
G1 X89.46 Y104.71 E.02265
G1 X89.803 Y103.523 E.0341
G1 X90.069 Y102.747 E.02264
G1 X90.525 Y101.599 E.03407
G1 X91.047 Y100.48 E.03407
G1 X91.429 Y99.753 E.02267
G1 X91.84 Y99.042 E.02267
G1 X92.509 Y98.003 E.03408
G1 X93.122 Y97.157 E.02884
G1 X93.752 Y96.367 E.02787
G1 X94.573 Y95.444 E.03408
G1 X95.148 Y94.858 E.02267
G1 X95.746 Y94.294 E.02267
G1 X96.684 Y93.491 E.03407
G1 X97.667 Y92.744 E.03407
G1 X98.344 Y92.28 E.02265
G1 X99.233 Y91.727 E.02887
G1 X100.115 Y91.234 E.02787
G1 X101.224 Y90.691 E.03408
G1 X101.978 Y90.365 E.02267
G1 X102.745 Y90.07 E.02267
G1 X103.917 Y89.681 E.03407
G1 X105.11 Y89.362 E.03407
G1 X105.913 Y89.188 E.02267
G1 X106.722 Y89.045 E.02267
G1 X107.947 Y88.89 E.03407
G1 X109.178 Y88.806 E.03405
G1 X110.223 Y88.792 E.02884
G1 X111.233 Y88.826 E.02787
G1 X112.463 Y88.934 E.03407
G1 X113.497 Y89.081 E.02884
G1 X114.491 Y89.271 E.0279
G1 X115.29 Y89.46 E.02265
G1 X116.477 Y89.803 E.0341
G1 X117.253 Y90.069 E.02264
G1 X118.401 Y90.525 E.03407
G1 X119.52 Y91.047 E.03407
G1 X120.247 Y91.429 E.02267
G1 X120.958 Y91.84 E.02267
G1 X121.997 Y92.509 E.03408
G1 X122.843 Y93.122 E.02884
G1 X123.633 Y93.752 E.02787
G1 X124.556 Y94.573 E.03408
G1 X125.142 Y95.148 E.02267
G1 X125.706 Y95.746 E.02267
G1 X126.509 Y96.684 E.03407
G1 X127.256 Y97.667 E.03407
G1 X127.72 Y98.344 E.02265
G1 X128.273 Y99.233 E.02887
G1 X128.766 Y100.115 E.02787
G1 X129.309 Y101.224 E.03408
G1 X129.634 Y101.978 E.02264
G1 X130.068 Y103.134 E.03408
G1 X130.381 Y104.131 E.02884
G1 X130.638 Y105.108 E.02787
G1 X130.888 Y106.318 E.03408
G1 X131.015 Y107.129 E.02264
G1 X131.146 Y108.357 E.03408
G1 X131.167 Y108.768 E.01136
G1 E-1 F2400
;WIPE_START
G1 F12000
G1 X131.201 Y109.458
G1 X131.206 Y110.412
G1 X131.192 Y110.767
;WIPE_END
G1 Z4.2 F24000
G1 X95.957 Y101.035 Z4.2
G1 Z4
G1 E1 F2700
M204 P5000
;TYPE:Inner wall
;WIDTH:0.449999
G1 F8745
G1 X96.269 Y100.555 E.01704
G1 X96.738 Y99.901 E.02396
G1 X97.233 Y99.281 E.02364
G1 X97.907 Y98.521 E.03027
G1 X98.798 Y97.655 E.03701
G1 X99.552 Y97.017 E.02941
G1 X100.335 Y96.416 E.02941
G1 X100.842 Y96.071 E.01826
G1 X101.555 Y95.627 E.02504
G1 X102.688 Y95.016 E.03834
G1 X103.371 Y94.701 E.02241
G1 X104.062 Y94.42 E.02221
G1 X105.113 Y94.059 E.0331
G1 X105.837 Y93.855 E.02241
G1 X106.563 Y93.685 E.02221
G1 X107.296 Y93.547 E.02221
G1 X108.034 Y93.443 E.02221
G1 X108.777 Y93.372 E.02221
G1 X109.368 Y93.345 E.01764
G1 X110.177 Y93.334 E.0241
G1 X110.957 Y93.358 E.02323
G1 X111.961 Y93.445 E.03002
G1 X112.78 Y93.562 E.02465
G1 X113.572 Y93.714 E.02403
G1 X114.67 Y93.994 E.03375
G1 X115.388 Y94.221 E.02241
G1 X116.088 Y94.478 E.02221
G1 X116.623 Y94.701 E.01727
G1 X117.45 Y95.083 E.02714
G1 X118.087 Y95.42 E.02147
G1 X119.062 Y96.004 E.03385
G1 X119.684 Y96.427 E.02241
G1 X120.108 Y96.744 E.01578
G1 X120.715 Y97.234 E.02322
G1 X121.46 Y97.897 E.02972
G1 X122.306 Y98.756 E.0359
G1 X122.934 Y99.478 E.02852
G1 X123.393 Y100.069 E.02228
G1 X123.824 Y100.678 E.02221
G1 X124.227 Y101.305 E.02221
G1 X124.601 Y101.95 E.02222
G1 X125.105 Y102.94 E.0331
G1 X125.408 Y103.629 E.02241
G1 X125.678 Y104.324 E.02221
G1 X125.916 Y105.031 E.02222
G1 X126.211 Y106.102 E.0331
G1 X126.371 Y106.837 E.02241
G1 X126.496 Y107.572 E.02221
G1 X126.588 Y108.312 E.02221
G1 X126.647 Y109.055 E.02221
G1 X126.672 Y109.801 E.02221
G1 X126.642 Y110.961 E.03457
G1 X126.555 Y111.972 E.03024
G1 X126.434 Y112.768 E.02397
G1 X126.29 Y113.538 E.02334
G1 X125.925 Y114.938 E.0431
G1 X125.686 Y115.652 E.02241
G1 X125.418 Y116.347 E.02221
G1 X125.119 Y117.03 E.02221
G1 X124.885 Y117.506 E.01581
G1 X124.284 Y118.594 E.037
G1 X123.412 Y119.905 E.0469
G1 X122.952 Y120.5 E.02241
G1 X122.47 Y121.068 E.02221
G1 X122.115 Y121.451 E.01553
G1 X121.431 Y122.138 E.02888
G1 X120.736 Y122.756 E.02772
G1 X120.201 Y123.182 E.02037
G1 X119.4 Y123.771 E.02962
G1 X118.333 Y124.438 E.03746
G1 X117.473 Y124.905 E.02915
G1 X116.883 Y125.185 E.01946
G1 X116.098 Y125.519 E.0254
G1 X115.065 Y125.885 E.03266
G1 X114.452 Y126.066 E.01903
G1 X113.636 Y126.272 E.02505
G1 X112.888 Y126.421 E.02275
G1 X112.251 Y126.515 E.01916
G1 X111.26 Y126.621 E.02968
G1 X110.448 Y126.665 E.02424
G1 X109.641 Y126.668 E.02403
G1 X109.051 Y126.638 E.0176
G1 X108.438 Y126.6 E.0183
G1 X107.69 Y126.513 E.02241
G1 X106.954 Y126.393 E.02221
G1 X105.853 Y126.146 E.03361
G1 X104.87 Y125.863 E.03049
G1 X104.295 Y125.664 E.01812
G1 X103.395 Y125.309 E.0288
G1 X102.717 Y124.999 E.02222
G1 X101.915 Y124.576 E.02701
G1 X101.397 Y124.278 E.01781
G1 X100.542 Y123.729 E.03024
G1 X99.872 Y123.244 E.02466
G1 X99.275 Y122.756 E.02295
G1 X98.54 Y122.108 E.02919
G1 X97.847 Y121.411 E.0293
G1 X97.187 Y120.669 E.02955
G1 X96.817 Y120.204 E.01771
G1 X96.281 Y119.476 E.02692
G1 X95.874 Y118.857 E.02208
G1 X95.555 Y118.324 E.01851
G1 X95.137 Y117.556 E.02603
G1 X94.814 Y116.884 E.02221
G1 X94.522 Y116.198 E.02221
G1 X94.26 Y115.5 E.02222
G1 X93.929 Y114.439 E.0331
G1 X93.745 Y113.71 E.02241
G1 X93.595 Y112.979 E.02221
G1 X93.478 Y112.243 E.02221
G1 X93.376 Y111.24 E.03004
G1 X93.333 Y110.436 E.02397
G1 X93.33 Y109.64 E.02371
G1 X93.358 Y109.016 E.01861
G1 X93.45 Y108.028 E.02955
G1 X93.561 Y107.231 E.02396
G1 X93.714 Y106.439 E.02403
G1 X93.857 Y105.842 E.01829
G1 X94.133 Y104.878 E.02989
G1 X94.338 Y104.298 E.01831
G1 X94.704 Y103.376 E.02955
G1 X95.123 Y102.472 E.02969
G1 X95.728 Y101.387 E.03701
G1 X95.935 Y101.068 E.01132
G1 X96.303 Y101.26 F24000
M204 P4000
;TYPE:Outer wall
;WIDTH:0.419999
G1 F8745
G1 X96.612 Y100.786 E.01561
G1 X97.067 Y100.151 E.02156
G1 X97.551 Y99.546 E.02139
G1 X98.213 Y98.799 E.02753
G1 X99.078 Y97.959 E.03326
G1 X99.814 Y97.336 E.0266
G1 X100.579 Y96.75 E.0266
G1 X101.071 Y96.416 E.0164
G1 X101.769 Y95.981 E.02269
G1 X102.881 Y95.381 E.03488
G1 X103.544 Y95.077 E.02012
G1 X104.218 Y94.803 E.02007
G1 X105.247 Y94.45 E.03003
G1 X105.949 Y94.253 E.02012
G1 X106.657 Y94.087 E.02006
G1 X107.372 Y93.954 E.02006
G1 X108.092 Y93.852 E.02006
G1 X108.816 Y93.783 E.02007
G1 X109.386 Y93.758 E.01575
G1 X110.173 Y93.748 E.02171
G1 X110.931 Y93.771 E.02093
G1 X111.917 Y93.856 E.0273
G1 X112.718 Y93.97 E.02233
G1 X113.492 Y94.12 E.02175
G1 X114.567 Y94.395 E.03062
G1 X115.262 Y94.615 E.02012
G1 X115.945 Y94.866 E.02006
G1 X116.463 Y95.083 E.01549
G1 X117.273 Y95.457 E.02463
G1 X117.894 Y95.785 E.01937
G1 X118.848 Y96.358 E.03072
G1 X119.451 Y96.769 E.02012
G1 X119.86 Y97.075 E.0141
G1 X120.45 Y97.552 E.02092
G1 X121.179 Y98.2 E.02691
G1 X121.994 Y99.027 E.03203
G1 X122.62 Y99.747 E.02633
G1 X123.066 Y100.322 E.02008
G1 X123.486 Y100.916 E.02006
G1 X123.879 Y101.528 E.02006
G1 X124.244 Y102.157 E.02007
G1 X124.736 Y103.128 E.03002
G1 X125.03 Y103.795 E.02012
G1 X125.292 Y104.473 E.02006
G1 X125.524 Y105.163 E.02007
G1 X125.812 Y106.212 E.03002
G1 X125.966 Y106.925 E.02012
G1 X126.088 Y107.641 E.02006
G1 X126.177 Y108.363 E.02006
G1 X126.234 Y109.088 E.02006
M73 P56 R3
G1 X126.259 Y109.815 E.02006
G1 X126.229 Y110.938 E.03101
G1 X126.144 Y111.931 E.0275
G1 X126.025 Y112.703 E.02156
G1 X125.886 Y113.451 E.02098
G1 X125.526 Y114.831 E.03934
G1 X125.294 Y115.52 E.02006
G1 X125.032 Y116.198 E.02006
G1 X124.74 Y116.864 E.02006
G1 X124.514 Y117.323 E.01413
G1 X123.931 Y118.378 E.03326
G1 X123.072 Y119.67 E.0428
G1 X122.625 Y120.246 E.02012
G1 X122.155 Y120.8 E.02006
G1 X121.812 Y121.169 E.01388
G1 X121.141 Y121.843 E.02624
G1 X120.461 Y122.447 E.02509
G1 X119.943 Y122.859 E.01826
G1 X119.159 Y123.435 E.02686
G1 X118.124 Y124.081 E.03368
G1 X117.28 Y124.539 E.02649
G1 X116.706 Y124.811 E.01751
G1 X115.948 Y125.133 E.02273
G1 X114.926 Y125.496 E.02991
G1 X114.335 Y125.669 E.01699
G1 X113.538 Y125.87 E.02269
G1 X112.807 Y126.016 E.02056
G1 X112.192 Y126.105 E.01716
G1 X111.223 Y126.209 E.02688
G1 X110.431 Y126.252 E.02187
G1 X109.643 Y126.254 E.02175
G1 X109.076 Y126.225 E.01567
G1 X108.463 Y126.187 E.01695
G1 X107.739 Y126.102 E.02012
G1 X107.021 Y125.985 E.02006
G1 X106.31 Y125.836 E.02006
G1 X105.605 Y125.655 E.02006
G1 X104.433 Y125.274 E.034
G1 X103.551 Y124.926 E.02617
G1 X102.89 Y124.623 E.02007
G1 X102.108 Y124.21 E.02438
G1 X101.61 Y123.924 E.01586
G1 X100.771 Y123.385 E.0275
G1 X100.116 Y122.911 E.02233
G1 X99.538 Y122.437 E.02062
G1 X98.82 Y121.804 E.0264
G1 X98.142 Y121.121 E.02655
G1 X97.498 Y120.396 E.02676
G1 X97.141 Y119.947 E.01582
G1 X96.616 Y119.234 E.02443
G1 X96.219 Y118.63 E.01994
G1 X95.911 Y118.112 E.01663
G1 X95.502 Y117.361 E.0236
G1 X95.187 Y116.705 E.02006
G1 X94.902 Y116.036 E.02006
G1 X94.647 Y115.355 E.02007
G1 X94.323 Y114.316 E.03002
G1 X94.146 Y113.609 E.02012
G1 X94 Y112.897 E.02006
G1 X93.887 Y112.178 E.02007
G1 X93.787 Y111.198 E.02719
G1 X93.746 Y110.418 E.02156
G1 X93.744 Y109.64 E.02145
G1 X93.771 Y109.034 E.01673
G1 X93.861 Y108.07 E.02674
G1 X93.97 Y107.296 E.02156
G1 X94.119 Y106.522 E.02175
G1 X94.258 Y105.943 E.01643
G1 X94.529 Y104.996 E.02717
G1 X94.728 Y104.437 E.01637
G1 X95.086 Y103.536 E.02676
G1 X95.496 Y102.651 E.02691
G1 X96.083 Y101.598 E.03326
G1 X96.282 Y101.294 E.01002
G1 E-1 F2400
;WIPE_START
G1 F12000
G1 X96.612 Y100.786
G1 X97.067 Y100.151
G1 X97.45 Y99.672
;WIPE_END
G1 Z4.2 F24000
G1 X104.146 Y94.068 Z4.2
G1 Z4
G1 E1 F2700
M204 P5000
;TYPE:Sparse infill
;WIDTH:0.45
G1 F8745
G1 X105.024 Y93.767 E.02765
G1 X105.698 Y93.577 E.02086
G1 X109.757 Y89.518 E.17096
G1 X110.259 Y89.513 E.01497
G1 X111.189 Y89.544 E.02773
G1 X112.38 Y89.648 E.03561
G1 X113.589 Y89.831 E.03641
G1 X110.389 Y93.031 E.13482
G1 X111.425 Y93.081 E.03089
G1 X112.187 Y93.163 E.02285
G1 X112.939 Y93.278 E.02266
G1 X113.684 Y93.426 E.02263
G1 X114.046 Y93.519 E.01113
G1 X116.868 Y90.697 E.11888
G1 X117.004 Y90.743 E.00428
G1 X118.116 Y91.185 E.03564
G1 X119.2 Y91.691 E.03564
G1 X119.737 Y91.973 E.01806
G1 X117.12 Y94.59 E.11023
G1 X117.609 Y94.822 E.01611
G1 X118.28 Y95.177 E.02263
G1 X119.242 Y95.757 E.03344
G1 X119.751 Y96.104 E.01837
G1 X122.265 Y93.59 E.10588
G1 X123.17 Y94.302 E.03429
G1 X124.065 Y95.099 E.0357
G1 X124.487 Y95.513 E.01762
G1 X122.004 Y97.996 E.10461
G1 X122.431 Y98.435 E.01823
G1 X123.168 Y99.281 E.03343
G1 X123.641 Y99.89 E.02295
G1 X123.895 Y100.25 E.01314
G1 X126.407 Y97.738 E.10581
G1 X126.673 Y98.088 E.0131
G1 X127.118 Y98.738 E.02345
G1 X127.653 Y99.598 E.03019
G1 X128.026 Y100.264 E.02273
G1 X125.412 Y102.879 E.11012
G1 X125.691 Y103.513 E.02064
G1 X125.966 Y104.223 E.0227
G1 X126.211 Y104.951 E.02287
G1 X126.486 Y105.949 E.03083
G1 X129.3 Y103.135 E.11857
G1 X129.388 Y103.368 E.00742
G1 X129.69 Y104.331 E.03005
G1 X129.938 Y105.273 E.02901
G1 X130.172 Y106.408 E.03452
G1 X126.971 Y109.609 E.13486
G1 X126.969 Y110.574 E.02873
G1 X126.926 Y111.335 E.0227
G1 X126.849 Y112.098 E.02287
G1 X126.674 Y113.206 E.03339
G1 X126.513 Y113.949 E.02265
G1 X126.414 Y114.311 E.01119
G1 X130.486 Y110.239 E.17155
G1 X130.456 Y111.187 E.02825
G1 X130.352 Y112.38 E.03569
G1 X130.209 Y113.379 E.03005
G1 X130.026 Y114.341 E.02915
G1 X129.869 Y115.001 E.02021
G1 X115.007 Y129.863 E.62606
G1 X115.498 Y129.74 E.01506
G1 X116.568 Y129.402 E.03343
G1 X115.853 Y125.929 F24000
G1 F8745
G1 X115.15 Y126.179 E.02222
G1 X114.302 Y126.423 E.02628
G1 X110.242 Y130.484 E.17107
G1 X109.6 Y130.487 E.01911
G1 X108.813 Y130.456 E.02346
G1 X107.62 Y130.352 E.03569
G1 X106.411 Y130.169 E.03641
G1 X109.608 Y126.973 E.13466
G1 X108.396 Y126.903 E.03615
G1 X107.633 Y126.813 E.02287
G1 X106.903 Y126.694 E.02204
G1 X105.95 Y126.485 E.02907
G1 X103.132 Y129.303 E.1187
G1 X102.996 Y129.257 E.00428
G1 X101.884 Y128.815 E.03564
G1 X100.8 Y128.309 E.03564
G1 X100.263 Y128.027 E.01806
G1 X102.881 Y125.409 E.11027
G1 X102.548 Y125.256 E.01092
G1 X101.564 Y124.735 E.03318
G1 X100.91 Y124.341 E.02273
G1 X100.247 Y123.898 E.02375
G1 X97.735 Y126.41 E.10582
G1 X96.83 Y125.698 E.03429
G1 X95.938 Y124.904 E.03556
G1 X95.517 Y124.483 E.01775
G1 X97.999 Y122.001 E.10454
G1 X97.554 Y121.547 E.01892
G1 X96.954 Y120.867 E.02702
G1 X96.459 Y120.243 E.02373
G1 X96.104 Y119.751 E.01807
G1 X93.593 Y122.262 E.10578
G1 X93.099 Y121.586 E.02494
G1 X92.665 Y120.926 E.02354
G1 X92.257 Y120.249 E.02354
G1 X91.978 Y119.732 E.0175
G1 X94.59 Y117.12 E.11002
G1 X94.238 Y116.312 E.02624
G1 X93.968 Y115.591 E.02295
G1 X93.634 Y114.521 E.03337
G1 X93.516 Y114.049 E.0145
G1 X90.702 Y116.863 E.11853
G1 X90.486 Y116.252 E.0193
G1 X90.26 Y115.498 E.02345
G1 X90.014 Y114.515 E.03019
G1 X89.827 Y113.593 E.02803
G1 X93.026 Y110.394 E.13476
G1 X93.026 Y109.607 E.02342
G1 X93.061 Y108.845 E.02273
G1 X93.174 Y107.724 E.03358
G1 X93.293 Y106.972 E.02268
G1 X93.445 Y106.228 E.0226
G1 X93.579 Y105.695 E.01636
G1 X89.514 Y109.761 E.17126
G1 X89.544 Y108.813 E.02825
G1 X89.648 Y107.62 E.03569
G1 X89.791 Y106.621 E.03005
G1 X89.974 Y105.659 E.02915
G1 X90.131 Y104.999 E.02021
G1 X104.993 Y90.137 E.62608
G1 X104.123 Y90.37 E.02682
G1 X103.432 Y90.599 E.02168
; stop printing object Генератор.stl id:0 copy 0
;LAYER_CHANGE
;Z:4.2
;HEIGHT:0.2
;BEFORE_LAYER_CHANGE
;4.2
G92 E0

G1 E-1 F2400
;WIPE_START
G1 F12000
G1 X104.123 Y90.37
G1 X104.993 Y90.137
G1 X104.73 Y90.4
;WIPE_END
M486 S-1
;_SET_FAN_SPEED_CHANGING_LAYER
; printing object Генератор.stl id:0 copy 0
M486 S0
G1 Z4.4 F24000
G1 X130.762 Y108.9 Z4.4
G1 Z4.2
G1 E1 F2700
;TYPE:Inner wall
;WIDTH:0.449999
G1 F8853
G1 X130.781 Y109.241 E.01017
G1 X130.792 Y110.403 E.03463
G1 X130.734 Y111.615 E.03612
G1 X130.656 Y112.414 E.02393
G1 X130.547 Y113.21 E.02393
G1 X130.324 Y114.406 E.03621
G1 X130.14 Y115.185 E.02384
G1 X129.802 Y116.352 E.0362
G1 X129.543 Y117.11 E.02385
G1 X129.094 Y118.24 E.03622
G1 X128.763 Y118.968 E.02384
G1 X128.208 Y120.048 E.03615
G1 X127.683 Y120.943 E.03091
G1 X127.151 Y121.761 E.02907
G1 X126.437 Y122.74 E.03609
G1 X125.78 Y123.544 E.03092
G1 X125.128 Y124.27 E.02907
G1 X124.271 Y125.127 E.03607
G1 X123.365 Y125.933 E.03612
G1 X122.742 Y126.435 E.02384
G1 X121.76 Y127.152 E.03621
G1 X121.089 Y127.593 E.02393
G1 X120.401 Y128.009 E.02393
G1 X119.333 Y128.584 E.03612
G1 X118.234 Y129.097 E.03612
G1 X117.493 Y129.399 E.02385
G1 X116.347 Y129.804 E.03621
G1 X115.577 Y130.035 E.02394
G1 X114.799 Y130.235 E.02393
G1 X113.608 Y130.481 E.03621
G1 X112.817 Y130.605 E.02385
G1 X111.609 Y130.734 E.03621
G1 X110.809 Y130.781 E.02384
G1 X109.597 Y130.792 E.03612
G1 X108.385 Y130.734 E.03612
G1 X107.586 Y130.656 E.02393
G1 X106.79 Y130.547 E.02393
G1 X105.594 Y130.324 E.03621
G1 X104.815 Y130.14 E.02384
G1 X103.648 Y129.802 E.0362
G1 X102.89 Y129.543 E.02385
G1 X101.76 Y129.094 E.03622
G1 X101.032 Y128.763 E.02384
G1 X99.952 Y128.208 E.03615
G1 X99.057 Y127.683 E.03091
G1 X98.239 Y127.151 E.02907
G1 X97.26 Y126.437 E.03609
G1 X96.456 Y125.78 E.03092
G1 X95.73 Y125.128 E.02907
G1 X94.873 Y124.271 E.03607
G1 X94.067 Y123.365 E.03612
G1 X93.565 Y122.742 E.02384
G1 X92.848 Y121.76 E.03621
G1 X92.407 Y121.089 E.02393
G1 X91.991 Y120.401 E.02393
G1 X91.416 Y119.333 E.03612
G1 X90.903 Y118.234 E.03612
M73 P57 R3
G1 X90.601 Y117.493 E.02385
G1 X90.196 Y116.347 E.03621
G1 X89.965 Y115.577 E.02394
G1 X89.765 Y114.799 E.02393
G1 X89.519 Y113.608 E.03621
G1 X89.395 Y112.817 E.02385
G1 X89.266 Y111.609 E.03621
G1 X89.219 Y110.809 E.02384
G1 X89.208 Y109.597 E.03612
G1 X89.266 Y108.385 E.03612
G1 X89.344 Y107.586 E.02393
G1 X89.453 Y106.79 E.02393
G1 X89.676 Y105.594 E.03621
G1 X89.86 Y104.815 E.02384
G1 X90.198 Y103.648 E.0362
G1 X90.457 Y102.89 E.02385
G1 X90.906 Y101.76 E.03622
G1 X91.237 Y101.032 E.02384
G1 X91.792 Y99.952 E.03615
G1 X92.317 Y99.057 E.03091
G1 X92.849 Y98.239 E.02907
G1 X93.564 Y97.258 E.03616
G1 X94.068 Y96.634 E.02388
G1 X94.757 Y95.854 E.031
G1 X95.439 Y95.152 E.02916
G1 X96.023 Y94.601 E.02389
G1 X96.946 Y93.811 E.03621
G1 X97.579 Y93.321 E.02384
G1 X98.575 Y92.623 E.03621
G1 X99.252 Y92.196 E.02384
G1 X100.308 Y91.6 E.03612
G1 X101.397 Y91.067 E.03612
G1 X102.135 Y90.748 E.02394
G1 X102.884 Y90.459 E.02393
G1 X104.036 Y90.077 E.03612
G1 X105.207 Y89.764 E.03612
G1 X105.99 Y89.594 E.02388
G1 X107.016 Y89.42 E.031
G1 X107.985 Y89.302 E.02907
G1 X109.195 Y89.219 E.03611
G1 X110.232 Y89.206 E.03091
G1 X111.208 Y89.239 E.02907
G1 X112.417 Y89.345 E.03617
G1 X113.21 Y89.453 E.02384
G1 X114.406 Y89.676 E.03621
G1 X115.185 Y89.86 E.02384
G1 X116.352 Y90.198 E.0362
G1 X117.11 Y90.457 E.02385
G1 X118.24 Y90.906 E.03622
G1 X118.968 Y91.237 E.02384
G1 X120.048 Y91.792 E.03615
G1 X120.943 Y92.317 E.03091
G1 X121.761 Y92.849 E.02907
G1 X122.742 Y93.564 E.03616
G1 X123.366 Y94.068 E.02388
G1 X124.146 Y94.757 E.031
G1 X124.848 Y95.439 E.02916
G1 X125.399 Y96.023 E.02389
G1 X126.189 Y96.946 E.03621
G1 X126.679 Y97.579 E.02384
G1 X127.377 Y98.575 E.03621
G1 X127.804 Y99.252 E.02384
G1 X128.4 Y100.308 E.03612
G1 X128.933 Y101.397 E.03612
G1 X129.252 Y102.135 E.02394
G1 X129.541 Y102.884 E.02393
G1 X129.923 Y104.036 E.03612
G1 X130.236 Y105.204 E.03603
G1 X130.481 Y106.392 E.03613
G1 X130.605 Y107.183 E.02385
G1 X130.737 Y108.441 E.0377
G1 X130.76 Y108.86 E.01248
G1 X131.175 Y108.877 F24000
M204 P4000
;TYPE:Outer wall
;WIDTH:0.419999
G1 F8853
G1 X131.195 Y109.237 E.00994
G1 X131.206 Y110.411 E.03241
G1 X131.146 Y111.645 E.03407
G1 X131.067 Y112.462 E.02267
G1 X130.955 Y113.276 E.02267
G1 X130.729 Y114.491 E.0341
G1 X130.54 Y115.29 E.02264
G1 X130.197 Y116.477 E.03409
G1 X129.931 Y117.253 E.02265
G1 X129.475 Y118.402 E.0341
G1 X129.135 Y119.149 E.02264
G1 X128.57 Y120.247 E.03408
G1 X128.035 Y121.161 E.02921
G1 X127.492 Y121.996 E.0275
G1 X126.764 Y122.993 E.03405
G1 X126.094 Y123.813 E.02922
G1 X125.428 Y124.555 E.0275
G1 X124.555 Y125.428 E.03405
G1 X123.633 Y126.248 E.03407
G1 X122.994 Y126.764 E.02264
G1 X121.996 Y127.492 E.0341
G1 X121.309 Y127.943 E.02267
G1 X120.606 Y128.368 E.02267
G1 X119.519 Y128.954 E.03407
G1 X118.4 Y129.476 E.03407
G1 X117.64 Y129.786 E.02264
G1 X116.475 Y130.197 E.0341
G1 X115.688 Y130.433 E.02267
G1 X114.892 Y130.638 E.02267
G1 X113.682 Y130.888 E.0341
G1 X112.871 Y131.015 E.02264
G1 X111.643 Y131.146 E.0341
G1 X110.823 Y131.194 E.02264
G1 X109.589 Y131.206 E.03407
G1 X108.355 Y131.146 E.03407
G1 X107.538 Y131.067 E.02267
G1 X106.724 Y130.955 E.02267
G1 X105.509 Y130.729 E.0341
G1 X104.71 Y130.54 E.02264
G1 X103.523 Y130.197 E.03409
G1 X102.747 Y129.931 E.02265
G1 X101.598 Y129.475 E.0341
G1 X100.851 Y129.135 E.02264
G1 X99.753 Y128.57 E.03408
G1 X98.839 Y128.035 E.02921
G1 X98.004 Y127.492 E.0275
G1 X97.007 Y126.764 E.03405
G1 X96.187 Y126.094 E.02922
G1 X95.445 Y125.428 E.0275
G1 X94.572 Y124.555 E.03405
G1 X93.752 Y123.633 E.03407
G1 X93.236 Y122.994 E.02264
G1 X92.508 Y121.996 E.0341
G1 X92.057 Y121.309 E.02267
G1 X91.632 Y120.606 E.02267
G1 X91.046 Y119.519 E.03407
G1 X90.524 Y118.4 E.03407
G1 X90.214 Y117.64 E.02264
G1 X89.803 Y116.475 E.0341
G1 X89.567 Y115.688 E.02267
G1 X89.362 Y114.892 E.02267
G1 X89.112 Y113.682 E.0341
G1 X88.985 Y112.871 E.02264
G1 X88.854 Y111.643 E.0341
G1 X88.806 Y110.823 E.02264
G1 X88.794 Y109.589 E.03407
G1 X88.854 Y108.355 E.03407
G1 X88.933 Y107.538 E.02267
G1 X89.045 Y106.724 E.02267
G1 X89.271 Y105.509 E.0341
G1 X89.46 Y104.71 E.02264
G1 X89.803 Y103.523 E.03409
G1 X90.069 Y102.747 E.02265
G1 X90.525 Y101.598 E.0341
G1 X90.865 Y100.851 E.02264
G1 X91.43 Y99.753 E.03408
G1 X91.965 Y98.839 E.02921
G1 X92.508 Y98.004 E.0275
G1 X93.236 Y97.006 E.03407
G1 X93.752 Y96.367 E.02266
G1 X94.454 Y95.573 E.02924
G1 X95.149 Y94.857 E.02753
G1 X95.746 Y94.294 E.02265
G1 X96.685 Y93.49 E.0341
G1 X97.333 Y92.988 E.02264
G1 X98.346 Y92.279 E.0341
G1 X99.04 Y91.841 E.02264
G1 X100.115 Y91.234 E.03407
G1 X101.224 Y90.691 E.03407
G1 X101.978 Y90.365 E.02267
G1 X102.745 Y90.07 E.02267
G1 X103.917 Y89.681 E.03407
G1 X105.11 Y89.362 E.03407
G1 X105.912 Y89.188 E.02265
G1 X106.957 Y89.011 E.02924
G1 X107.946 Y88.89 E.0275
G1 X109.178 Y88.806 E.03406
G1 X110.237 Y88.792 E.02921
G1 X111.233 Y88.826 E.0275
G1 X112.463 Y88.934 E.03408
G1 X113.276 Y89.045 E.02264
G1 X114.491 Y89.271 E.0341
G1 X115.29 Y89.46 E.02264
G1 X116.477 Y89.803 E.03409
G1 X117.253 Y90.069 E.02265
G1 X118.402 Y90.525 E.0341
G1 X119.149 Y90.865 E.02264
G1 X120.247 Y91.43 E.03408
G1 X121.161 Y91.965 E.02921
G1 X121.996 Y92.508 E.0275
G1 X122.994 Y93.236 E.03407
G1 X123.633 Y93.752 E.02266
G1 X124.427 Y94.454 E.02924
G1 X125.143 Y95.149 E.02753
G1 X125.706 Y95.746 E.02265
G1 X126.51 Y96.685 E.0341
G1 X127.012 Y97.333 E.02264
G1 X127.721 Y98.346 E.0341
G1 X128.159 Y99.04 E.02264
G1 X128.766 Y100.115 E.03407
G1 X129.309 Y101.224 E.03407
G1 X129.635 Y101.978 E.02267
G1 X129.93 Y102.745 E.02267
G1 X130.319 Y103.917 E.03407
G1 X130.638 Y105.109 E.03404
G1 X130.888 Y106.318 E.03407
G1 X131.015 Y107.129 E.02264
G1 X131.15 Y108.417 E.03575
G1 X131.173 Y108.837 E.0116
G1 E-1 F2400
;WIPE_START
G1 F12000
G1 X131.195 Y109.237
G1 X131.206 Y110.411
G1 X131.185 Y110.836
;WIPE_END
G1 Z4.4 F24000
G1 X95.942 Y101.042 Z4.4
G1 Z4.2
G1 E1 F2700
M204 P5000
;TYPE:Inner wall
;WIDTH:0.449999
G1 F8853
G1 X96.267 Y100.545 E.01768
G1 X96.703 Y99.94 E.02221
G1 X97.166 Y99.356 E.02221
G1 X97.813 Y98.627 E.02901
G1 X98.35 Y98.075 E.02295
G1 X98.798 Y97.655 E.0183
G1 X99.562 Y97.009 E.0298
G1 X100.021 Y96.646 E.01743
G1 X100.447 Y96.334 E.01573
G1 X101.379 Y95.729 E.0331
G1 X102.031 Y95.354 E.02241
G1 X102.694 Y95.012 E.02221
G1 X103.371 Y94.701 E.02221
G1 X104.062 Y94.42 E.02221
G1 X105.113 Y94.059 E.0331
G1 X105.837 Y93.855 E.02241
G1 X106.563 Y93.685 E.02221
G1 X107.296 Y93.547 E.02221
G1 X108.034 Y93.443 E.02221
G1 X108.777 Y93.372 E.02221
G1 X110.189 Y93.334 E.0421
G1 X110.956 Y93.358 E.02286
G1 X111.969 Y93.446 E.03028
G1 X112.572 Y93.53 E.01812
G1 X113.578 Y93.715 E.03049
G1 X114.169 Y93.859 E.01812
G1 X115.138 Y94.141 E.03004
G1 X115.694 Y94.336 E.01757
G1 X116.635 Y94.706 E.0301
G1 X117.188 Y94.959 E.01812
G1 X118.067 Y95.418 E.02954
G1 X118.775 Y95.827 E.02435
G1 X119.429 Y96.253 E.02325
G1 X120.251 Y96.851 E.03027
G1 X120.726 Y97.238 E.01826
G1 X121.344 Y97.792 E.02474
G1 X121.9 Y98.326 E.02294
G1 X122.323 Y98.772 E.0183
G1 X122.698 Y99.194 E.01681
G1 X123.389 Y100.064 E.0331
G1 X123.824 Y100.678 E.02241
G1 X124.227 Y101.305 E.02221
G1 X124.601 Y101.95 E.02222
G1 X125.105 Y102.94 E.0331
G1 X125.408 Y103.629 E.02241
G1 X125.677 Y104.324 E.02219
G1 X125.916 Y105.031 E.02223
G1 X126.211 Y106.102 E.0331
G1 X126.371 Y106.837 E.02241
G1 X126.496 Y107.572 E.02221
G1 X126.588 Y108.312 E.02221
G1 X126.647 Y109.055 E.02221
G1 X126.672 Y109.801 E.02221
G1 X126.667 Y110.34 E.01607
G1 X126.623 Y111.291 E.02834
G1 X126.556 Y111.968 E.02027
G1 X126.377 Y113.131 E.03504
G1 X126.219 Y113.866 E.02242
G1 X125.925 Y114.938 E.0331
G1 X125.686 Y115.652 E.02241
G1 X125.418 Y116.347 E.02221
G1 X125.119 Y117.03 E.02221
G1 X124.79 Y117.699 E.02221
G1 X124.431 Y118.352 E.02221
G1 X124.167 Y118.785 E.01508
G1 X123.412 Y119.905 E.04023
G1 X122.952 Y120.5 E.02241
G1 X122.47 Y121.068 E.02221
G1 X122.119 Y121.446 E.01535
G1 X121.431 Y122.138 E.02907
G1 X120.727 Y122.763 E.02804
G1 X120.201 Y123.182 E.02003
G1 X119.4 Y123.771 E.02964
G1 X118.333 Y124.438 E.03746
G1 X117.473 Y124.905 E.02915
G1 X116.799 Y125.224 E.02222
G1 X115.982 Y125.557 E.02627
G1 X115.058 Y125.888 E.02923
G1 X113.842 Y126.221 E.03757
G1 X112.888 Y126.421 E.02904
G1 X112.238 Y126.521 E.01958
G1 X111.409 Y126.614 E.02485
G1 X110.635 Y126.654 E.02308
G1 X109.648 Y126.668 E.02941
G1 X108.662 Y126.614 E.02941
G1 X107.451 Y126.474 E.03631
G1 X106.954 Y126.393 E.01499
G1 X105.853 Y126.146 E.03361
G1 X104.87 Y125.863 E.03048
G1 X104.295 Y125.664 E.01813
G1 X103.395 Y125.309 E.02881
G1 X102.806 Y125.035 E.01937
G1 X101.92 Y124.579 E.02967
G1 X101.205 Y124.162 E.02465
G1 X100.551 Y123.735 E.02325
G1 X99.866 Y123.24 E.02518
G1 X99.108 Y122.619 E.02921
G1 X98.545 Y122.112 E.02256
G1 X97.916 Y121.489 E.02638
G1 X97.187 Y120.669 E.03267
G1 X96.817 Y120.204 E.0177
G1 X96.281 Y119.476 E.02692
G1 X95.874 Y118.857 E.02208
G1 X95.555 Y118.324 E.01851
G1 X95.137 Y117.556 E.02603
G1 X94.814 Y116.884 E.02221
G1 X94.522 Y116.198 E.02221
G1 X94.26 Y115.5 E.02222
G1 X93.929 Y114.439 E.0331
G1 X93.775 Y113.831 E.0187
G1 X93.595 Y112.979 E.02592
G1 X93.478 Y112.243 E.02221
G1 X93.375 Y111.231 E.03028
G1 X93.343 Y110.647 E.01743
G1 X93.33 Y109.64 E.03
G1 X93.363 Y108.895 E.02221
G1 X93.528 Y107.44 E.04362
G1 X93.715 Y106.434 E.03049
G1 X93.857 Y105.842 E.01812
G1 X94.133 Y104.878 E.02988
G1 X94.338 Y104.299 E.01829
G1 X94.709 Y103.365 E.02993
G1 X94.955 Y102.823 E.01772
G1 X95.418 Y101.92 E.03023
G1 X95.842 Y101.194 E.02505
G1 X95.92 Y101.075 E.00423
G1 X96.288 Y101.268 F24000
M204 P4000
;TYPE:Outer wall
;WIDTH:0.419999
G1 F8853
G1 X96.612 Y100.772 E.01635
G1 X97.038 Y100.183 E.02006
G1 X97.49 Y99.613 E.02007
G1 X98.122 Y98.902 E.02624
G1 X98.643 Y98.367 E.02062
G1 X99.078 Y97.959 E.01644
G1 X99.824 Y97.328 E.02696
G1 X100.265 Y96.98 E.01551
G1 X100.691 Y96.668 E.01457
G1 X101.604 Y96.075 E.03003
G1 X102.237 Y95.713 E.02012
G1 X102.883 Y95.38 E.02006
G1 X103.544 Y95.077 E.02006
G1 X104.218 Y94.803 E.02007
G1 X105.247 Y94.45 E.03003
G1 X105.949 Y94.253 E.02012
G1 X106.657 Y94.087 E.02006
G1 X107.372 Y93.954 E.02006
G1 X108.092 Y93.852 E.02006
G1 X108.816 Y93.783 E.02007
G1 X110.185 Y93.748 E.03779
G1 X110.931 Y93.771 E.02059
G1 X111.925 Y93.857 E.02754
G1 X112.509 Y93.939 E.01627
G1 X113.498 Y94.121 E.02773
G1 X114.071 Y94.261 E.01628
G1 X115.018 Y94.537 E.02724
G1 X115.554 Y94.725 E.01567
G1 X116.475 Y95.088 E.0273
G1 X117.011 Y95.333 E.01627
G1 X117.87 Y95.781 E.02672
G1 X118.557 Y96.179 E.02192
G1 X119.196 Y96.595 E.02102
G1 X120.003 Y97.182 E.02753
G1 X120.463 Y97.558 E.0164
G1 X121.064 Y98.097 E.02228
G1 X121.603 Y98.614 E.02061
G1 X122.013 Y99.047 E.01644
G1 X122.391 Y99.471 E.01566
G1 X123.065 Y100.321 E.02994
G1 X123.486 Y100.916 E.02012
G1 X123.879 Y101.528 E.02006
G1 X124.244 Y102.157 E.02007
G1 X124.736 Y103.128 E.03002
G1 X125.03 Y103.795 E.02012
G1 X125.292 Y104.473 E.02005
G1 X125.524 Y105.163 E.02008
G1 X125.812 Y106.212 E.03002
G1 X125.966 Y106.925 E.02012
G1 X126.088 Y107.641 E.02006
G1 X126.177 Y108.363 E.02006
G1 X126.234 Y109.088 E.02006
G1 X126.259 Y109.815 E.02006
G1 X126.253 Y110.336 E.01438
G1 X126.21 Y111.267 E.02574
G1 X126.144 Y111.926 E.01827
G1 X125.968 Y113.066 E.03182
G1 X125.815 Y113.779 E.02013
G1 X125.526 Y114.828 E.03002
G1 X125.294 Y115.52 E.02012
G1 X125.032 Y116.198 E.02006
G1 X124.74 Y116.864 E.02006
G1 X124.419 Y117.516 E.02006
G1 X124.068 Y118.153 E.02006
G1 X123.69 Y118.774 E.02007
G1 X123.072 Y119.67 E.03003
G1 X122.625 Y120.246 E.02012
G1 X122.155 Y120.8 E.02006
G1 X121.66 Y121.333 E.02006
G1 X121.141 Y121.843 E.02006
G1 X120.453 Y122.453 E.02538
G1 X119.944 Y122.858 E.01794
G1 X119.159 Y123.435 E.02688
G1 X118.124 Y124.081 E.03368
G1 X117.28 Y124.539 E.02649
G1 X116.622 Y124.85 E.02007
G1 X115.827 Y125.174 E.0237
G1 X114.924 Y125.496 E.02644
G1 X113.743 Y125.82 E.03379
G1 X112.807 Y126.016 E.02639
G1 X112.176 Y126.112 E.01762
G1 X111.365 Y126.203 E.0225
G1 X110.615 Y126.241 E.02074
G1 X109.651 Y126.254 E.0266
G1 X108.688 Y126.201 E.02661
G1 X107.518 Y126.066 E.03249
G1 X107.021 Y125.985 E.01389
G1 X105.956 Y125.745 E.03012
G1 X104.991 Y125.467 E.02772
G1 X104.433 Y125.274 E.01628
G1 X103.551 Y124.926 E.02617
G1 X102.981 Y124.66 E.01735
G1 X102.115 Y124.215 E.02687
G1 X101.418 Y123.808 E.02226
G1 X100.78 Y123.391 E.02103
G1 X100.11 Y122.907 E.02282
G1 X99.37 Y122.299 E.02642
G1 X98.825 Y121.808 E.02026
G1 X98.216 Y121.204 E.02364
G1 X97.496 Y120.394 E.02991
G1 X97.141 Y119.947 E.01575
G1 X96.616 Y119.234 E.02442
G1 X96.219 Y118.63 E.01994
G1 X95.911 Y118.112 E.01663
G1 X95.502 Y117.361 E.0236
G1 X95.187 Y116.705 E.02006
G1 X94.902 Y116.036 E.02006
G1 X94.647 Y115.355 E.02007
G1 X94.323 Y114.316 E.03002
G1 X94.176 Y113.73 E.01668
G1 X94 Y112.897 E.0235
G1 X93.887 Y112.178 E.02007
G1 X93.787 Y111.19 E.02742
G1 X93.756 Y110.629 E.01551
G1 X93.744 Y109.64 E.02728
G1 X93.776 Y108.914 E.02007
G1 X93.937 Y107.504 E.03913
G1 X94.12 Y106.516 E.02773
G1 X94.258 Y105.943 E.01627
G1 X94.529 Y104.996 E.02717
G1 X94.728 Y104.438 E.01635
G1 X95.091 Y103.525 E.02712
G1 X95.327 Y103.002 E.01584
G1 X95.782 Y102.115 E.02749
G1 X96.198 Y101.406 E.02269
G1 X96.266 Y101.301 E.00343
G1 E-1 F2400
;WIPE_START
G1 F12000
G1 X96.612 Y100.772
G1 X97.038 Y100.183
G1 X97.436 Y99.681
;WIPE_END
G1 Z4.4 F24000
G1 X115.856 Y125.936 Z4.4
M73 P57 R2
G1 Z4.2
G1 E1 F2700
M204 P5000
;TYPE:Sparse infill
;WIDTH:0.45
G1 F8853
G1 X115.15 Y126.179 E.02224
G1 X114.302 Y126.423 E.02626
G1 X110.244 Y130.481 E.17095
G1 X109.603 Y130.487 E.01912
G1 X108.408 Y130.429 E.03564
G1 X107.621 Y130.352 E.02354
G1 X106.838 Y130.245 E.02354
G1 X106.414 Y130.166 E.01286
G1 X109.608 Y126.972 E.13455
G1 X108.388 Y126.902 E.03639
G1 X107.638 Y126.814 E.0225
G1 X106.886 Y126.691 E.0227
G1 X105.95 Y126.485 E.02855
G1 X103.132 Y129.303 E.1187
G1 X102.996 Y129.257 E.00428
G1 X101.88 Y128.813 E.03577
G1 X101.165 Y128.488 E.0234
G1 X100.265 Y128.025 E.03014
G1 X102.883 Y125.407 E.11029
G1 X102.384 Y125.174 E.01641
G1 X101.559 Y124.732 E.02788
G1 X100.907 Y124.339 E.02267
G1 X100.247 Y123.898 E.02364
G1 X97.738 Y126.407 E.10573
G1 X97.446 Y126.195 E.01074
G1 X96.655 Y125.548 E.03046
G1 X95.94 Y124.906 E.02862
G1 X95.517 Y124.483 E.01782
G1 X97.997 Y122.003 E.10448
G1 X97.681 Y121.683 E.0134
M73 P58 R2
G1 X96.955 Y120.868 E.03251
G1 X96.459 Y120.243 E.02377
G1 X96.104 Y119.751 E.01807
G1 X93.593 Y122.262 E.10578
G1 X93.099 Y121.586 E.02494
G1 X92.665 Y120.926 E.02354
G1 X92.257 Y120.249 E.02354
G1 X91.978 Y119.732 E.0175
G1 X94.59 Y117.12 E.11002
G1 X94.235 Y116.305 E.02647
G1 X93.968 Y115.591 E.02273
G1 X93.634 Y114.519 E.03344
G1 X93.516 Y114.049 E.01443
G1 X90.702 Y116.863 E.11853
G1 X90.486 Y116.252 E.0193
G1 X90.26 Y115.495 E.02354
G1 X90.062 Y114.73 E.02354
G1 X89.828 Y113.592 E.0346
G1 X93.026 Y110.394 E.13474
G1 X93.026 Y109.603 E.02356
G1 X93.062 Y108.835 E.0229
G1 X93.174 Y107.728 E.03312
G1 X93.293 Y106.975 E.02273
G1 X93.445 Y106.228 E.0227
G1 X93.579 Y105.695 E.01636
G1 X89.515 Y109.76 E.17123
G1 X89.571 Y108.408 E.04033
G1 X89.648 Y107.621 E.02354
G1 X89.755 Y106.838 E.02354
G1 X89.975 Y105.658 E.03577
G1 X90.131 Y104.999 E.02015
G1 X104.993 Y90.137 E.62608
G1 X106.048 Y89.894 E.03226
G1 X107.061 Y89.722 E.03058
G1 X108.014 Y89.606 E.02862
G1 X109.207 Y89.525 E.03561
G1 X109.756 Y89.519 E.01637
G1 X105.698 Y93.577 E.17095
G1 X106.508 Y93.384 E.0248
G1 X107.255 Y93.244 E.02263
G1 X108.008 Y93.138 E.02266
G1 X108.772 Y93.066 E.02284
G1 X109.73 Y93.024 E.02859
G1 X110.389 Y93.031 E.01962
G1 X113.586 Y89.834 E.13469
G1 X114.342 Y89.975 E.02291
G1 X115.107 Y90.156 E.0234
G1 X116.26 Y90.489 E.03576
G1 X116.868 Y90.697 E.01913
G1 X114.049 Y93.516 E.11874
G1 X114.424 Y93.608 E.0115
G1 X115.338 Y93.883 E.02843
G1 X116.214 Y94.199 E.02772
G1 X117.12 Y94.59 E.0294
G1 X119.735 Y91.975 E.11017
G1 X120.783 Y92.577 E.03599
G1 X121.588 Y93.101 E.02862
G1 X122.262 Y93.593 E.02487
G1 X119.751 Y96.104 E.10579
G1 X120.488 Y96.648 E.02729
G1 X121.076 Y97.131 E.02265
G1 X122.004 Y97.996 E.0378
G1 X124.486 Y95.514 E.10457
G1 X125.171 Y96.227 E.02945
G1 X125.952 Y97.139 E.03577
G1 X126.412 Y97.733 E.02237
G1 X123.895 Y100.25 E.10604
G1 X124.488 Y101.147 E.03204
G1 X124.871 Y101.807 E.02273
G1 X125.412 Y102.879 E.03575
G1 X128.025 Y100.265 E.11009
G1 X128.656 Y101.525 E.04197
G1 X128.969 Y102.25 E.02354
G1 X129.302 Y103.133 E.0281
G1 X126.486 Y105.949 E.11863
G1 X126.671 Y106.782 E.02541
G1 X126.799 Y107.533 E.0227
G1 X126.893 Y108.29 E.02271
G1 X126.952 Y109.05 E.0227
G1 X126.971 Y109.609 E.01667
G1 X130.172 Y106.408 E.13486
G1 X130.302 Y107.223 E.02458
G1 X130.43 Y108.417 E.03577
G1 X130.475 Y109.201 E.0234
G1 X130.485 Y110.24 E.03094
G1 X126.414 Y114.311 E.17151
G1 X126.216 Y115.031 E.02224
G1 X125.932 Y115.866 E.02626
G1 X129.408 Y116.562 F24000
G1 F8853
G1 X129.511 Y116.26 E.00949
G1 X129.869 Y115.001 E.03901
G1 X115.003 Y129.867 E.62625
G1 X115.495 Y129.74 E.01514
G1 X116.563 Y129.404 E.03336
; stop printing object Генератор.stl id:0 copy 0
;LAYER_CHANGE
;Z:4.4
;HEIGHT:0.2
;BEFORE_LAYER_CHANGE
;4.4
G92 E0

G1 E-1 F2400
;WIPE_START
G1 F12000
G1 X115.495 Y129.74
G1 X115.003 Y129.867
G1 X115.266 Y129.604
;WIPE_END
M486 S-1
;_SET_FAN_SPEED_CHANGING_LAYER
; printing object Генератор.stl id:0 copy 0
M486 S0
G1 Z4.6 F24000
G1 X130.763 Y108.973 Z4.6
G1 Z4.4
G1 E1 F2700
;TYPE:Inner wall
;WIDTH:0.449999
G1 F8745
G1 X130.781 Y109.254 E.00839
G1 X130.792 Y110.406 E.03433
G1 X130.761 Y111.206 E.02385
G1 X130.655 Y112.417 E.03621
G1 X130.547 Y113.21 E.02384
G1 X130.324 Y114.406 E.03621
G1 X130.14 Y115.185 E.02384
G1 X129.802 Y116.353 E.03621
G1 X129.543 Y117.11 E.02384
G1 X129.094 Y118.24 E.03622
G1 X128.763 Y118.968 E.02384
G1 X128.208 Y120.048 E.03615
G1 X127.676 Y120.954 E.03129
G1 X127.151 Y121.761 E.02869
G1 X126.435 Y122.742 E.03617
G1 X125.933 Y123.365 E.02384
G1 X125.125 Y124.273 E.03621
G1 X124.562 Y124.847 E.02394
G1 X123.978 Y125.398 E.02393
G1 X123.056 Y126.187 E.03613
G1 X122.09 Y126.921 E.03612
G1 X121.428 Y127.375 E.02393
G1 X120.747 Y127.804 E.02396
G1 X119.831 Y128.325 E.03138
G1 X118.973 Y128.761 E.02869
G1 X117.862 Y129.253 E.03617
G1 X117.116 Y129.541 E.02384
G1 X115.962 Y129.923 E.03621
G1 X115.19 Y130.138 E.02385
G1 X114.008 Y130.406 E.03612
G1 X112.811 Y130.605 E.03613
G1 X112.016 Y130.698 E.02384
G1 X110.806 Y130.781 E.03612
G1 X109.594 Y130.792 E.03612
G1 X108.794 Y130.761 E.02385
G1 X107.583 Y130.655 E.03621
G1 X106.79 Y130.547 E.02384
G1 X105.594 Y130.324 E.03621
G1 X104.815 Y130.14 E.02384
G1 X103.648 Y129.802 E.03621
G1 X102.89 Y129.543 E.02384
G1 X101.76 Y129.094 E.03622
G1 X101.032 Y128.763 E.02384
G1 X99.952 Y128.208 E.03615
G1 X99.046 Y127.676 E.03129
G1 X98.239 Y127.151 E.02869
G1 X97.258 Y126.435 E.03617
G1 X96.635 Y125.933 E.02384
G1 X95.727 Y125.125 E.03621
G1 X95.153 Y124.562 E.02394
G1 X94.602 Y123.978 E.02393
G1 X93.813 Y123.056 E.03613
G1 X93.079 Y122.09 E.03612
G1 X92.625 Y121.428 E.02393
G1 X92.196 Y120.747 E.02396
G1 X91.675 Y119.831 E.03138
G1 X91.239 Y118.973 E.02869
G1 X90.747 Y117.862 E.03617
G1 X90.459 Y117.116 E.02384
G1 X90.077 Y115.962 E.03621
G1 X89.862 Y115.19 E.02385
G1 X89.594 Y114.008 E.03612
G1 X89.395 Y112.811 E.03613
G1 X89.302 Y112.016 E.02384
G1 X89.219 Y110.806 E.03612
G1 X89.208 Y109.594 E.03612
G1 X89.239 Y108.794 E.02385
G1 X89.345 Y107.583 E.03621
G1 X89.453 Y106.79 E.02384
G1 X89.676 Y105.594 E.03621
G1 X89.86 Y104.815 E.02384
G1 X90.198 Y103.648 E.03621
G1 X90.457 Y102.89 E.02384
G1 X90.906 Y101.76 E.03622
G1 X91.237 Y101.032 E.02384
G1 X91.792 Y99.952 E.03615
G1 X92.324 Y99.046 E.03129
G1 X92.849 Y98.239 E.02869
G1 X93.565 Y97.258 E.03617
G1 X94.068 Y96.634 E.02387
G1 X94.766 Y95.845 E.03138
G1 X95.439 Y95.152 E.02878
G1 X96.023 Y94.601 E.02389
G1 X96.944 Y93.813 E.03612
G1 X97.909 Y93.08 E.03612
G1 X98.571 Y92.626 E.02388
G1 X99.466 Y92.07 E.03138
G1 X100.307 Y91.601 E.02869
G1 X101.397 Y91.067 E.03616
G1 X102.135 Y90.748 E.02395
G1 X102.884 Y90.459 E.02393
G1 X104.038 Y90.077 E.03621
G1 X104.81 Y89.862 E.02385
G1 X105.992 Y89.594 E.03612
G1 X107.189 Y89.395 E.03613
G1 X107.984 Y89.302 E.02384
G1 X109.195 Y89.219 E.03615
G1 X110.245 Y89.206 E.03129
G1 X111.208 Y89.239 E.02869
G1 X112.417 Y89.345 E.03616
G1 X113.21 Y89.453 E.02385
G1 X114.406 Y89.676 E.03621
G1 X115.185 Y89.86 E.02384
G1 X116.353 Y90.198 E.03621
G1 X117.11 Y90.457 E.02384
G1 X118.24 Y90.906 E.03622
G1 X118.968 Y91.237 E.02384
G1 X120.048 Y91.792 E.03615
G1 X120.954 Y92.324 E.03129
G1 X121.761 Y92.849 E.02869
G1 X122.742 Y93.565 E.03617
G1 X123.366 Y94.068 E.02387
G1 X124.155 Y94.766 E.03138
G1 X124.848 Y95.439 E.02878
G1 X125.399 Y96.023 E.02389
G1 X126.187 Y96.944 E.03612
G1 X126.949 Y97.951 E.0376
G1 X127.399 Y98.61 E.02379
G1 X127.953 Y99.508 E.03141
G1 X128.423 Y100.356 E.02889
G1 X128.953 Y101.443 E.03601
G1 X129.266 Y102.172 E.02365
G1 X129.603 Y103.073 E.02864
G1 X130.008 Y104.356 E.04009
G1 X130.249 Y105.263 E.02793
G1 X130.438 Y106.181 E.02793
G1 X130.611 Y107.238 E.03191
G1 X130.702 Y108.037 E.02395
G1 X130.76 Y108.933 E.02673
G1 X131.175 Y108.946 F24000
M204 P4000
;TYPE:Outer wall
;WIDTH:0.419999
G1 F8745
G1 X131.195 Y109.25 E.0084
G1 X131.206 Y110.412 E.03207
G1 X131.174 Y111.232 E.02265
G1 X131.066 Y112.463 E.0341
G1 X130.955 Y113.276 E.02264
G1 X130.729 Y114.491 E.0341
G1 X130.54 Y115.29 E.02264
G1 X130.197 Y116.477 E.0341
G1 X129.931 Y117.253 E.02264
G1 X129.475 Y118.402 E.0341
G1 X129.135 Y119.149 E.02264
G1 X128.57 Y120.247 E.03408
G1 X128.028 Y121.171 E.02957
G1 X127.492 Y121.996 E.02715
G1 X126.764 Y122.994 E.03408
G1 X126.248 Y123.633 E.02264
G1 X125.427 Y124.556 E.0341
G1 X124.852 Y125.142 E.02267
G1 X124.254 Y125.706 E.02266
G1 X123.316 Y126.509 E.03408
G1 X122.333 Y127.256 E.03407
G1 X121.655 Y127.721 E.02267
G1 X120.96 Y128.159 E.02268
G1 X120.027 Y128.689 E.02959
G1 X119.15 Y129.135 E.02715
G1 X118.021 Y129.635 E.03408
G1 X117.255 Y129.93 E.02264
G1 X116.082 Y130.319 E.03409
G1 X115.292 Y130.539 E.02265
G1 X114.087 Y130.812 E.03407
G1 X112.869 Y131.015 E.03407
G1 X112.054 Y131.11 E.02264
G1 X110.822 Y131.194 E.03407
G1 X109.588 Y131.206 E.03406
G1 X108.768 Y131.174 E.02265
G1 X107.537 Y131.066 E.0341
G1 X106.724 Y130.955 E.02264
G1 X105.509 Y130.729 E.0341
G1 X104.71 Y130.54 E.02264
G1 X103.523 Y130.197 E.0341
G1 X102.747 Y129.931 E.02264
G1 X101.598 Y129.475 E.0341
G1 X100.851 Y129.135 E.02264
G1 X99.753 Y128.57 E.03408
G1 X98.829 Y128.028 E.02957
G1 X98.004 Y127.492 E.02715
G1 X97.006 Y126.764 E.03408
G1 X96.367 Y126.248 E.02264
G1 X95.444 Y125.427 E.0341
G1 X94.858 Y124.852 E.02267
G1 X94.294 Y124.254 E.02266
G1 X93.491 Y123.316 E.03408
G1 X92.744 Y122.333 E.03407
G1 X92.279 Y121.655 E.02267
G1 X91.841 Y120.96 E.02268
G1 X91.311 Y120.027 E.02959
G1 X90.865 Y119.15 E.02715
G1 X90.365 Y118.021 E.03408
G1 X90.07 Y117.255 E.02264
G1 X89.681 Y116.082 E.03409
G1 X89.461 Y115.292 E.02265
G1 X89.188 Y114.087 E.03407
G1 X88.985 Y112.869 E.03407
G1 X88.89 Y112.054 E.02264
G1 X88.806 Y110.822 E.03407
G1 X88.794 Y109.588 E.03406
G1 X88.826 Y108.768 E.02265
G1 X88.934 Y107.537 E.0341
G1 X89.045 Y106.724 E.02264
G1 X89.271 Y105.509 E.0341
G1 X89.46 Y104.71 E.02264
G1 X89.803 Y103.523 E.0341
G1 X90.069 Y102.747 E.02264
G1 X90.525 Y101.598 E.0341
G1 X90.865 Y100.851 E.02264
G1 X91.43 Y99.753 E.03408
G1 X91.972 Y98.829 E.02957
G1 X92.508 Y98.004 E.02715
G1 X93.236 Y97.006 E.03408
G1 X93.752 Y96.367 E.02265
G1 X94.463 Y95.564 E.0296
G1 X95.149 Y94.857 E.02718
G1 X95.746 Y94.294 E.02265
G1 X96.684 Y93.491 E.03407
G1 X97.667 Y92.744 E.03406
G1 X98.344 Y92.28 E.02266
G1 X99.256 Y91.714 E.02959
G1 X100.115 Y91.234 E.02715
G1 X101.224 Y90.691 E.03407
G1 X101.978 Y90.365 E.02268
G1 X102.745 Y90.07 E.02267
G1 X103.918 Y89.681 E.03409
G1 X104.708 Y89.461 E.02265
G1 X105.913 Y89.188 E.03407
G1 X107.131 Y88.985 E.03407
G1 X107.946 Y88.89 E.02264
G1 X109.178 Y88.806 E.03408
G1 X110.249 Y88.792 E.02957
G1 X111.233 Y88.826 E.02715
G1 X112.463 Y88.934 E.03408
G1 X113.276 Y89.045 E.02265
M73 P59 R2
G1 X114.491 Y89.271 E.0341
G1 X115.29 Y89.46 E.02264
G1 X116.477 Y89.803 E.0341
G1 X117.253 Y90.069 E.02264
G1 X118.402 Y90.525 E.0341
G1 X119.149 Y90.865 E.02264
G1 X120.247 Y91.43 E.03408
G1 X121.171 Y91.972 E.02957
G1 X121.996 Y92.508 E.02715
G1 X122.994 Y93.236 E.03408
G1 X123.633 Y93.752 E.02265
G1 X124.436 Y94.463 E.0296
G1 X125.143 Y95.149 E.02718
G1 X125.706 Y95.746 E.02265
G1 X126.509 Y96.684 E.03407
G1 X127.256 Y97.667 E.03406
G1 X127.72 Y98.344 E.02266
G1 X128.286 Y99.256 E.02959
G1 X128.766 Y100.115 E.02715
G1 X129.309 Y101.224 E.03407
G1 X129.635 Y101.978 E.02268
G1 X129.93 Y102.745 E.02266
G1 X130.319 Y103.917 E.03408
G1 X130.638 Y105.11 E.03407
G1 X130.812 Y105.912 E.02264
G1 X131.015 Y107.131 E.0341
G1 X131.11 Y107.946 E.02264
G1 X131.172 Y108.906 E.02655
G1 E-1 F2400
;WIPE_START
G1 F12000
G1 X131.195 Y109.25
G1 X131.206 Y110.412
G1 X131.187 Y110.905
;WIPE_END
G1 Z4.6 F24000
G1 X95.937 Y101.051 Z4.6
G1 Z4.4
G1 E1 F2700
M204 P5000
;TYPE:Inner wall
;WIDTH:0.449999
G1 F8745
G1 X96.263 Y100.565 E.01743
G1 X96.845 Y99.759 E.0296
G1 X97.231 Y99.284 E.01823
G1 X97.804 Y98.634 E.0258
G1 X98.35 Y98.075 E.02326
G1 X98.798 Y97.655 E.01831
G1 X99.552 Y97.017 E.02941
G1 X100.335 Y96.417 E.0294
G1 X100.841 Y96.072 E.01824
G1 X101.566 Y95.625 E.02535
G1 X102.691 Y95.014 E.03814
G1 X103.371 Y94.701 E.02232
G1 X104.062 Y94.42 E.02221
G1 X105.113 Y94.059 E.0331
G1 X105.837 Y93.855 E.02241
G1 X106.563 Y93.685 E.02221
G1 X107.296 Y93.547 E.02221
G1 X108.034 Y93.443 E.02221
G1 X108.777 Y93.372 E.02221
G1 X109.366 Y93.345 E.01758
G1 X110.201 Y93.334 E.02486
G1 X110.956 Y93.358 E.0225
G1 X111.969 Y93.446 E.03029
G1 X112.571 Y93.53 E.01812
G1 X113.578 Y93.715 E.03049
G1 X114.67 Y93.994 E.03358
G1 X115.388 Y94.221 E.02241
G1 X116.088 Y94.478 E.02221
G1 X117.188 Y94.959 E.03577
G1 X118.075 Y95.419 E.02976
G1 X118.795 Y95.841 E.02486
G1 X119.428 Y96.253 E.02251
G1 X120.251 Y96.851 E.0303
G1 X121.347 Y97.792 E.04302
G1 X121.899 Y98.326 E.02289
G1 X122.323 Y98.772 E.01831
G1 X122.698 Y99.194 E.01681
G1 X123.389 Y100.064 E.0331
G1 X123.824 Y100.678 E.02241
G1 X124.227 Y101.305 E.02221
G1 X124.699 Y102.132 E.02837
G1 X125.106 Y102.943 E.02703
G1 X125.408 Y103.629 E.02232
G1 X125.677 Y104.323 E.02219
G1 X125.982 Y105.263 E.02942
G1 X126.213 Y106.108 E.02611
G1 X126.365 Y106.812 E.02143
G1 X126.496 Y107.572 E.02299
G1 X126.588 Y108.312 E.02221
G1 X126.647 Y109.055 E.02221
G1 X126.672 Y109.801 E.02221
G1 X126.642 Y110.961 E.03457
G1 X126.551 Y111.965 E.03003
G1 X126.376 Y113.134 E.03519
G1 X126.219 Y113.866 E.02232
G1 X125.925 Y114.938 E.0331
G1 X125.686 Y115.652 E.02242
G1 X125.418 Y116.347 E.02221
G1 X125.119 Y117.03 E.02221
G1 X124.79 Y117.699 E.02221
G1 X124.431 Y118.352 E.02221
G1 X123.741 Y119.438 E.03831
G1 X123.148 Y120.246 E.02984
G1 X122.776 Y120.703 E.01756
G1 X122.453 Y121.088 E.01497
G1 X121.963 Y121.615 E.02144
G1 X121.431 Y122.138 E.02221
G1 X120.719 Y122.77 E.02837
G1 X120.009 Y123.335 E.02703
G1 X119.4 Y123.771 E.02232
G1 X118.774 Y124.178 E.02221
G1 X118.132 Y124.556 E.02221
G1 X117.473 Y124.905 E.0222
G1 X116.799 Y125.224 E.02222
G1 X115.77 Y125.643 E.0331
G1 X115.058 Y125.888 E.02241
G1 X114.343 Y126.098 E.02221
G1 X113.619 Y126.276 E.02221
G1 X112.888 Y126.421 E.02221
G1 X111.654 Y126.589 E.03709
G1 X111.038 Y126.641 E.01842
G1 X110.293 Y126.671 E.02221
G1 X109.636 Y126.668 E.01957
G1 X109.043 Y126.639 E.01767
G1 X108.042 Y126.552 E.02993
G1 X106.954 Y126.393 E.03274
G1 X105.853 Y126.146 E.03361
G1 X104.87 Y125.863 E.03049
G1 X104.295 Y125.664 E.01812
G1 X103.395 Y125.309 E.02881
G1 X102.361 Y124.821 E.03407
G1 X101.728 Y124.477 E.02144
G1 X101.195 Y124.156 E.01855
G1 X100.552 Y123.736 E.02288
G1 X99.866 Y123.24 E.02519
G1 X99.281 Y122.761 E.02254
G1 X98.531 Y122.099 E.0298
G1 X98.089 Y121.662 E.01851
G1 X97.187 Y120.669 E.03997
G1 X96.719 Y120.08 E.02241
G1 X96.424 Y119.674 E.01496
G1 X96.073 Y119.161 E.0185
G1 X95.477 Y118.191 E.03392
G1 X95.137 Y117.556 E.02144
G1 X94.814 Y116.884 E.02221
G1 X94.55 Y116.265 E.02004
G1 X94.333 Y115.697 E.01812
G1 X94.024 Y114.746 E.02979
G1 X93.741 Y113.697 E.03236
G1 X93.478 Y112.243 E.04401
G1 X93.411 Y111.611 E.01892
G1 X93.343 Y110.622 E.02954
G1 X93.33 Y109.64 E.02924
G1 X93.358 Y109.016 E.01861
G1 X93.451 Y108.02 E.0298
G1 X93.528 Y107.44 E.01743
G1 X93.715 Y106.434 E.03049
G1 X93.857 Y105.842 E.01812
G1 X94.133 Y104.878 E.02988
G1 X94.338 Y104.3 E.01827
G1 X94.709 Y103.366 E.02993
G1 X94.955 Y102.823 E.01774
G1 X95.418 Y101.92 E.03022
G1 X95.848 Y101.184 E.02542
G1 X95.915 Y101.084 E.00357
G1 X96.281 Y101.281 F24000
M204 P4000
;TYPE:Outer wall
;WIDTH:0.419999
G1 F8745
G1 X96.606 Y100.796 E.01611
G1 X97.175 Y100.009 E.02678
G1 X97.549 Y99.548 E.01638
G1 X98.11 Y98.913 E.02339
G1 X98.643 Y98.367 E.02104
G1 X99.078 Y97.959 E.01645
G1 X99.814 Y97.336 E.0266
G1 X100.579 Y96.75 E.0266
G1 X101.07 Y96.416 E.01639
G1 X101.776 Y95.981 E.02288
G1 X102.882 Y95.381 E.03472
G1 X103.544 Y95.077 E.02009
G1 X104.218 Y94.803 E.02007
G1 X105.247 Y94.45 E.03003
G1 X105.949 Y94.253 E.02012
G1 X106.657 Y94.087 E.02006
G1 X107.372 Y93.954 E.02006
G1 X108.092 Y93.852 E.02006
G1 X108.816 Y93.783 E.02007
G1 X109.384 Y93.759 E.01569
G1 X110.196 Y93.748 E.02241
G1 X110.93 Y93.771 E.02027
G1 X111.925 Y93.857 E.02755
G1 X112.509 Y93.939 E.01628
G1 X113.498 Y94.121 E.02773
G1 X114.567 Y94.395 E.03047
G1 X115.262 Y94.615 E.02012
G1 X115.945 Y94.866 E.02006
G1 X117.011 Y95.333 E.03211
G1 X117.879 Y95.783 E.02697
G1 X118.579 Y96.194 E.02241
G1 X119.195 Y96.595 E.02027
G1 X120.003 Y97.182 E.02755
G1 X121.065 Y98.095 E.03865
G1 X121.603 Y98.614 E.02063
G1 X122.013 Y99.047 E.01645
G1 X122.391 Y99.471 E.01566
G1 X123.065 Y100.321 E.02994
G1 X123.486 Y100.916 E.02012
G1 X123.879 Y101.528 E.02007
G1 X124.34 Y102.337 E.02569
G1 X124.737 Y103.128 E.02443
G1 X125.03 Y103.795 E.02009
G1 X125.292 Y104.473 E.02004
G1 X125.589 Y105.39 E.02662
G1 X125.813 Y106.214 E.02354
G1 X125.961 Y106.899 E.01934
G1 X126.088 Y107.641 E.02079
G1 X126.177 Y108.363 E.02006
G1 X126.234 Y109.088 E.02006
G1 X126.259 Y109.815 E.02006
G1 X126.229 Y110.938 E.03101
G1 X126.14 Y111.92 E.02722
G1 X125.968 Y113.067 E.03199
G1 X125.815 Y113.779 E.0201
G1 X125.527 Y114.828 E.03002
G1 X125.294 Y115.52 E.02013
G1 X125.032 Y116.198 E.02006
G1 X124.74 Y116.864 E.02006
G1 X124.419 Y117.516 E.02006
G1 X124.068 Y118.153 E.02006
G1 X123.69 Y118.774 E.02006
G1 X123.398 Y119.207 E.01441
G1 X122.818 Y119.997 E.02705
G1 X122.46 Y120.437 E.01566
G1 X121.803 Y121.179 E.02732
G1 X121.38 Y121.608 E.01663
G1 X120.442 Y122.462 E.03501
G1 X119.751 Y123.011 E.02435
G1 X119.159 Y123.435 E.02009
G1 X118.549 Y123.831 E.02006
G1 X117.922 Y124.199 E.02006
G1 X117.28 Y124.539 E.02006
G1 X116.622 Y124.85 E.02007
G1 X115.611 Y125.261 E.0301
G1 X114.924 Y125.496 E.02004
G1 X114.227 Y125.701 E.02006
G1 X113.52 Y125.874 E.02006
G1 X112.807 Y126.016 E.02006
G1 X111.619 Y126.177 E.03308
G1 X111 Y126.229 E.01714
G1 X110.276 Y126.258 E.01999
G1 X109.638 Y126.254 E.01762
G1 X109.067 Y126.226 E.01578
G1 X108.088 Y126.141 E.02711
G1 X107.021 Y125.985 E.02975
G1 X105.956 Y125.745 E.03011
G1 X104.991 Y125.467 E.02773
G1 X104.433 Y125.274 E.01627
G1 X103.551 Y124.926 E.02618
G1 X102.991 Y124.662 E.01706
G1 X102.128 Y124.224 E.02671
G1 X101.408 Y123.802 E.02303
G1 X100.781 Y123.391 E.02068
G1 X100.11 Y122.907 E.02283
G1 X99.543 Y122.441 E.02024
G1 X98.811 Y121.795 E.02696
G1 X98.382 Y121.371 E.01663
G1 X97.494 Y120.392 E.03647
G1 X97.043 Y119.823 E.02003
G1 X96.616 Y119.234 E.02006
G1 X96.217 Y118.627 E.02006
G1 X95.845 Y118.002 E.02006
G1 X95.502 Y117.361 E.02006
G1 X95.187 Y116.705 E.02006
G1 X94.931 Y116.103 E.01806
G1 X94.721 Y115.552 E.01627
G1 X94.419 Y114.623 E.02696
G1 X94.264 Y114.082 E.01551
G1 X94.045 Y113.115 E.02737
G1 X93.887 Y112.178 E.02621
G1 X93.822 Y111.568 E.01693
G1 X93.756 Y110.601 E.02675
G1 X93.744 Y109.64 E.02651
G1 X93.771 Y109.034 E.01673
G1 X93.862 Y108.061 E.02697
G1 X93.937 Y107.504 E.01551
G1 X94.12 Y106.516 E.02773
G1 X94.258 Y105.943 E.01627
G1 X94.529 Y104.996 E.02717
G1 X94.728 Y104.439 E.01633
G1 X95.09 Y103.525 E.02711
G1 X95.327 Y103.002 E.01586
G1 X95.782 Y102.116 E.02748
G1 X96.204 Y101.395 E.02303
G1 X96.258 Y101.314 E.0027
G1 E-1 F2400
;WIPE_START
G1 F12000
G1 X96.606 Y100.796
G1 X97.175 Y100.009
G1 X97.43 Y99.695
;WIPE_END
G1 Z4.6 F24000
G1 X104.146 Y94.068 Z4.6
G1 Z4.4
G1 E1 F2700
M204 P5000
;TYPE:Sparse infill
;WIDTH:0.45
G1 F8745
G1 X105.024 Y93.767 E.02765
G1 X105.698 Y93.577 E.02086
G1 X109.756 Y89.519 E.17094
G1 X110.285 Y89.513 E.01575
G1 X111.189 Y89.544 E.02695
G1 X112.383 Y89.648 E.0357
G1 X113.162 Y89.755 E.02341
G1 X113.586 Y89.834 E.01286
G1 X110.389 Y93.031 E.13469
G1 X111.425 Y93.081 E.03089
G1 X112.183 Y93.162 E.0227
G1 X112.936 Y93.277 E.0227
G1 X113.684 Y93.426 E.02273
G1 X114.046 Y93.519 E.01113
G1 X116.868 Y90.697 E.11888
G1 X117.004 Y90.743 E.00428
G1 X118.12 Y91.187 E.03577
G1 X118.835 Y91.512 E.0234
G1 X119.735 Y91.975 E.03014
G1 X117.12 Y94.59 E.11017
G1 X117.606 Y94.82 E.01603
G1 X118.461 Y95.281 E.02892
G1 X119.245 Y95.759 E.02735
G1 X119.751 Y96.104 E.01824
G1 X122.262 Y93.593 E.10579
G1 X122.556 Y93.807 E.01083
G1 X123.169 Y94.301 E.02344
G1 X123.947 Y94.99 E.03096
G1 X124.487 Y95.513 E.02239
G1 X122.004 Y97.996 E.10458
G1 X122.43 Y98.434 E.0182
G1 X122.937 Y99.004 E.02273
G1 X123.64 Y99.889 E.03366
G1 X123.895 Y100.25 E.01316
G1 X126.407 Y97.738 E.10581
G1 X126.673 Y98.088 E.0131
G1 X127.118 Y98.737 E.02345
G1 X127.666 Y99.621 E.03096
G1 X128.026 Y100.264 E.02196
G1 X125.412 Y102.879 E.11012
G1 X125.691 Y103.513 E.02064
G1 X125.976 Y104.253 E.02363
G1 X126.312 Y105.29 E.03246
G1 X126.486 Y105.949 E.0203
G1 X129.302 Y103.133 E.1186
G1 X129.63 Y104.123 E.03107
G1 X129.94 Y105.279 E.03564
G1 X130.106 Y106.047 E.02341
G1 X130.167 Y106.413 E.01107
G1 X126.971 Y109.609 E.13463
G1 X126.969 Y110.574 E.02873
G1 X126.926 Y111.335 E.02272
G1 X126.822 Y112.295 E.02876
G1 X126.674 Y113.203 E.0274
G1 X126.513 Y113.949 E.02274
G1 X126.414 Y114.311 E.01119
G1 X130.485 Y110.24 E.17151
G1 X130.456 Y111.187 E.02823
G1 X130.352 Y112.383 E.03577
G1 X130.245 Y113.162 E.0234
G1 X130.025 Y114.342 E.03577
G1 X129.869 Y115.001 E.02015
G1 X115.002 Y129.868 E.62628
G1 X115.873 Y129.631 E.02687
G1 X116.562 Y129.403 E.02163
G1 X115.856 Y125.937 F24000
G1 F8745
G1 X115.148 Y126.18 E.02231
G1 X114.303 Y126.422 E.02618
G1 X110.244 Y130.481 E.17096
G1 X109.598 Y130.487 E.01924
G1 X108.813 Y130.456 E.02341
G1 X107.617 Y130.352 E.03577
G1 X106.838 Y130.245 E.0234
G1 X106.414 Y130.166 E.01286
G1 X109.608 Y126.973 E.13454
G1 X108.552 Y126.916 E.03147
G1 X107.638 Y126.814 E.0274
G1 X106.886 Y126.691 E.02272
G1 X105.95 Y126.485 E.02855
G1 X103.132 Y129.303 E.1187
G1 X102.996 Y129.257 E.00428
G1 X101.88 Y128.813 E.03577
G1 X101.165 Y128.488 E.0234
G1 X100.265 Y128.025 E.03014
G1 X102.884 Y125.406 E.11033
G1 X102.233 Y125.098 E.02144
G1 X101.558 Y124.732 E.02289
G1 X100.907 Y124.339 E.02266
G1 X100.247 Y123.898 E.02363
G1 X97.738 Y126.407 E.10573
G1 X97.444 Y126.193 E.01083
M73 P60 R2
G1 X96.832 Y125.7 E.0234
G1 X95.935 Y124.901 E.03577
G1 X95.513 Y124.487 E.01762
G1 X97.997 Y122.003 E.10465
G1 X97.693 Y121.697 E.01284
G1 X96.947 Y120.859 E.03344
G1 X96.468 Y120.255 E.02295
G1 X96.104 Y119.751 E.01852
G1 X93.593 Y122.262 E.10575
G1 X93.327 Y121.912 E.0131
G1 X92.88 Y121.26 E.02354
G1 X92.458 Y120.59 E.02358
G1 X91.973 Y119.737 E.02924
G1 X94.589 Y117.121 E.11021
G1 X94.23 Y116.291 E.02693
G1 X93.963 Y115.576 E.02273
G1 X93.63 Y114.505 E.03344
G1 X93.515 Y114.05 E.01397
G1 X90.698 Y116.867 E.11867
G1 X90.369 Y115.873 E.03119
G1 X90.158 Y115.116 E.02341
G1 X89.893 Y113.949 E.03564
G1 X89.833 Y113.587 E.01093
G1 X93.026 Y110.394 E.13452
G1 X93.026 Y109.607 E.02342
G1 X93.061 Y108.845 E.02272
G1 X93.174 Y107.729 E.03343
G1 X93.293 Y106.975 E.02273
G1 X93.445 Y106.228 E.0227
G1 X93.579 Y105.695 E.01636
G1 X89.515 Y109.76 E.17123
G1 X89.544 Y108.813 E.02823
G1 X89.648 Y107.617 E.03577
G1 X89.755 Y106.838 E.0234
G1 X89.975 Y105.658 E.03577
G1 X90.131 Y104.999 E.02015
G1 X104.998 Y90.132 E.62628
G1 X104.127 Y90.369 E.02687
G1 X103.438 Y90.597 E.02163
; stop printing object Генератор.stl id:0 copy 0
;LAYER_CHANGE
;Z:4.6
;HEIGHT:0.2
;BEFORE_LAYER_CHANGE
;4.6
G92 E0

G1 E-1 F2400
;WIPE_START
G1 F12000
G1 X104.127 Y90.369
G1 X104.998 Y90.132
G1 X104.735 Y90.395
;WIPE_END
M486 S-1
;_SET_FAN_SPEED_CHANGING_LAYER
; printing object Генератор.stl id:0 copy 0
M486 S0
G1 Z4.8 F24000
G1 X130.77 Y109.037 Z4.8
G1 Z4.6
G1 E1 F2700
;TYPE:Inner wall
;WIDTH:0.449999
G1 F8745
G1 X130.781 Y109.241 E.00608
G1 X130.792 Y110.406 E.03472
G1 X130.761 Y111.206 E.02385
G1 X130.655 Y112.417 E.03621
G1 X130.547 Y113.21 E.02384
G1 X130.324 Y114.406 E.03621
G1 X130.14 Y115.185 E.02384
G1 X129.802 Y116.352 E.0362
G1 X129.543 Y117.11 E.02385
G1 X129.095 Y118.237 E.03613
G1 X128.583 Y119.336 E.03611
G1 X128.208 Y120.047 E.02394
G1 X127.807 Y120.743 E.02393
G1 X127.15 Y121.763 E.03615
G1 X126.525 Y122.624 E.03167
G1 X125.932 Y123.366 E.02831
G1 X125.125 Y124.274 E.03617
G1 X124.562 Y124.847 E.02393
G1 X123.977 Y125.399 E.02393
G1 X123.056 Y126.187 E.03612
G1 X122.09 Y126.921 E.03612
G1 X121.428 Y127.375 E.02393
G1 X120.747 Y127.804 E.02396
G1 X119.82 Y128.331 E.03176
G1 X118.973 Y128.761 E.02831
G1 X117.862 Y129.253 E.03617
G1 X117.116 Y129.541 E.02384
G1 X115.964 Y129.923 E.03612
G1 X114.793 Y130.236 E.03612
G1 X114.011 Y130.406 E.02385
G1 X112.814 Y130.605 E.03612
G1 X111.609 Y130.734 E.03612
G1 X110.809 Y130.781 E.02385
G1 X109.594 Y130.792 E.03621
G1 X108.794 Y130.761 E.02385
G1 X107.585 Y130.656 E.03615
G1 X106.532 Y130.504 E.03167
G1 X105.596 Y130.325 E.0284
G1 X104.815 Y130.14 E.02389
G1 X103.648 Y129.802 E.0362
G1 X102.89 Y129.543 E.02385
G1 X101.763 Y129.095 E.03613
G1 X100.664 Y128.583 E.03611
G1 X99.953 Y128.208 E.02394
G1 X99.257 Y127.807 E.02393
G1 X98.237 Y127.15 E.03615
G1 X97.376 Y126.525 E.03167
G1 X96.634 Y125.932 E.02831
G1 X95.726 Y125.125 E.03617
G1 X95.153 Y124.562 E.02393
G1 X94.601 Y123.977 E.02393
G1 X93.813 Y123.056 E.03612
G1 X93.079 Y122.09 E.03612
G1 X92.625 Y121.428 E.02393
G1 X92.196 Y120.747 E.02396
G1 X91.669 Y119.82 E.03176
G1 X91.239 Y118.973 E.02831
G1 X90.747 Y117.862 E.03617
G1 X90.459 Y117.116 E.02384
G1 X90.077 Y115.964 E.03612
G1 X89.764 Y114.793 E.03612
G1 X89.594 Y114.011 E.02385
G1 X89.395 Y112.814 E.03612
G1 X89.266 Y111.609 E.03612
G1 X89.219 Y110.809 E.02385
G1 X89.208 Y109.594 E.03621
G1 X89.239 Y108.794 E.02385
G1 X89.344 Y107.585 E.03615
G1 X89.496 Y106.532 E.03167
G1 X89.675 Y105.596 E.0284
G1 X89.86 Y104.815 E.02389
G1 X90.198 Y103.648 E.0362
G1 X90.457 Y102.89 E.02385
G1 X90.905 Y101.763 E.03613
G1 X91.417 Y100.664 E.03611
G1 X91.792 Y99.953 E.02394
G1 X92.193 Y99.257 E.02393
G1 X92.85 Y98.237 E.03615
G1 X93.475 Y97.376 E.03167
G1 X94.069 Y96.633 E.02834
G1 X94.774 Y95.836 E.03172
G1 X95.439 Y95.152 E.0284
G1 X96.023 Y94.601 E.02389
G1 X96.944 Y93.813 E.03612
G1 X97.91 Y93.079 E.03612
G1 X98.572 Y92.625 E.02393
G1 X99.252 Y92.196 E.02393
G1 X100.308 Y91.6 E.03612
G1 X101.397 Y91.067 E.03611
G1 X102.135 Y90.748 E.02394
G1 X102.884 Y90.459 E.02393
G1 X104.036 Y90.077 E.03612
G1 X105.207 Y89.764 E.03611
G1 X105.989 Y89.594 E.02385
G1 X107.189 Y89.395 E.03622
G1 X107.984 Y89.302 E.02384
G1 X109.194 Y89.219 E.03615
G1 X110.258 Y89.206 E.03167
G1 X111.208 Y89.239 E.02831
G1 X112.417 Y89.345 E.03616
G1 X113.21 Y89.453 E.02385
G1 X114.406 Y89.676 E.03621
G1 X115.185 Y89.86 E.02384
G1 X116.352 Y90.198 E.0362
G1 X117.11 Y90.457 E.02385
G1 X118.237 Y90.905 E.03613
G1 X119.336 Y91.417 E.03611
G1 X120.047 Y91.792 E.02394
G1 X120.743 Y92.193 E.02393
G1 X121.763 Y92.85 E.03615
G1 X122.624 Y93.475 E.03167
G1 X123.367 Y94.069 E.02834
G1 X124.164 Y94.774 E.03172
G1 X124.848 Y95.439 E.0284
G1 X125.399 Y96.023 E.02389
G1 X126.187 Y96.944 E.03612
G1 X126.921 Y97.91 E.03612
G1 X127.375 Y98.572 E.02393
G1 X127.804 Y99.252 E.02393
G1 X128.4 Y100.308 E.03612
G1 X128.933 Y101.397 E.03611
G1 X129.252 Y102.135 E.02394
G1 X129.541 Y102.884 E.02392
G1 X129.923 Y104.036 E.03613
G1 X130.22 Y105.146 E.03424
G1 X130.515 Y106.613 E.04458
G1 X130.646 Y107.571 E.02881
G1 X130.737 Y108.441 E.02605
G1 X130.768 Y108.997 E.01657
G1 X131.183 Y109.014 F24000
M204 P4000
;TYPE:Outer wall
;WIDTH:0.419999
G1 F8745
G1 X131.195 Y109.237 E.00615
G1 X131.206 Y110.412 E.03243
G1 X131.174 Y111.232 E.02265
G1 X131.066 Y112.463 E.0341
G1 X130.955 Y113.276 E.02264
G1 X130.729 Y114.491 E.0341
G1 X130.54 Y115.29 E.02264
G1 X130.197 Y116.477 E.03409
G1 X129.931 Y117.253 E.02265
G1 X129.475 Y118.401 E.03407
G1 X128.954 Y119.52 E.03406
G1 X128.571 Y120.247 E.02268
G1 X128.16 Y120.958 E.02267
G1 X127.491 Y121.997 E.03408
G1 X126.854 Y122.874 E.02992
G1 X126.248 Y123.633 E.02679
G1 X125.427 Y124.556 E.03409
G1 X124.852 Y125.142 E.02267
G1 X124.254 Y125.706 E.02267
G1 X123.316 Y126.509 E.03407
G1 X122.333 Y127.256 E.03407
G1 X121.655 Y127.721 E.02267
G1 X120.96 Y128.159 E.02268
G1 X120.016 Y128.695 E.02995
G1 X119.15 Y129.135 E.02679
G1 X118.021 Y129.635 E.03409
G1 X117.255 Y129.93 E.02264
G1 X116.083 Y130.319 E.03407
G1 X114.89 Y130.638 E.03407
G1 X114.088 Y130.812 E.02264
G1 X112.87 Y131.015 E.03407
G1 X111.643 Y131.146 E.03406
G1 X110.823 Y131.194 E.02265
G1 X109.588 Y131.206 E.03409
G1 X108.768 Y131.174 E.02265
G1 X107.537 Y131.066 E.03408
G1 X106.464 Y130.912 E.02992
G1 X105.509 Y130.729 E.02682
G1 X104.71 Y130.54 E.02266
G1 X103.523 Y130.197 E.03409
G1 X102.747 Y129.931 E.02265
G1 X101.599 Y129.475 E.03407
G1 X100.48 Y128.954 E.03406
G1 X99.753 Y128.571 E.02268
G1 X99.042 Y128.16 E.02267
G1 X98.003 Y127.491 E.03408
G1 X97.126 Y126.854 E.02992
G1 X96.367 Y126.248 E.02679
G1 X95.444 Y125.427 E.03409
G1 X94.858 Y124.852 E.02267
G1 X94.294 Y124.254 E.02267
G1 X93.491 Y123.316 E.03407
G1 X92.744 Y122.333 E.03407
G1 X92.279 Y121.655 E.02267
G1 X91.841 Y120.96 E.02268
G1 X91.305 Y120.016 E.02995
G1 X90.865 Y119.15 E.02679
G1 X90.365 Y118.021 E.03409
G1 X90.07 Y117.255 E.02264
G1 X89.681 Y116.083 E.03407
G1 X89.362 Y114.89 E.03407
G1 X89.188 Y114.088 E.02264
G1 X88.985 Y112.87 E.03407
G1 X88.854 Y111.643 E.03406
G1 X88.806 Y110.823 E.02265
G1 X88.794 Y109.588 E.03409
G1 X88.826 Y108.768 E.02265
G1 X88.934 Y107.537 E.03408
G1 X89.088 Y106.464 E.02992
G1 X89.271 Y105.509 E.02682
G1 X89.46 Y104.71 E.02266
G1 X89.803 Y103.523 E.03409
G1 X90.069 Y102.747 E.02265
G1 X90.525 Y101.599 E.03407
G1 X91.046 Y100.48 E.03406
G1 X91.429 Y99.753 E.02268
G1 X91.84 Y99.042 E.02267
G1 X92.509 Y98.003 E.03408
G1 X93.146 Y97.126 E.02992
G1 X93.752 Y96.367 E.0268
G1 X94.471 Y95.554 E.02993
G1 X95.149 Y94.857 E.02682
G1 X95.746 Y94.294 E.02266
G1 X96.684 Y93.491 E.03407
G1 X97.667 Y92.744 E.03407
G1 X98.345 Y92.279 E.02267
G1 X99.04 Y91.841 E.02267
G1 X100.115 Y91.234 E.03407
G1 X101.224 Y90.691 E.03406
G1 X101.978 Y90.365 E.02268
G1 X102.745 Y90.07 E.02267
G1 X103.917 Y89.681 E.03407
G1 X105.109 Y89.362 E.03406
G1 X105.912 Y89.188 E.02265
G1 X107.131 Y88.985 E.0341
G1 X107.946 Y88.89 E.02264
G1 X109.178 Y88.806 E.03408
G1 X110.262 Y88.793 E.02992
G1 X111.233 Y88.826 E.0268
G1 X112.463 Y88.934 E.03408
G1 X113.276 Y89.045 E.02265
G1 X114.491 Y89.271 E.0341
G1 X115.29 Y89.46 E.02264
G1 X116.477 Y89.803 E.03409
G1 X117.253 Y90.069 E.02265
G1 X118.401 Y90.525 E.03407
G1 X119.52 Y91.046 E.03406
G1 X120.247 Y91.429 E.02268
G1 X120.958 Y91.84 E.02267
G1 X121.997 Y92.509 E.03408
G1 X122.874 Y93.146 E.02992
G1 X123.633 Y93.752 E.0268
G1 X124.446 Y94.471 E.02993
G1 X125.143 Y95.149 E.02682
G1 X125.706 Y95.746 E.02266
G1 X126.509 Y96.684 E.03407
G1 X127.256 Y97.667 E.03407
G1 X127.721 Y98.345 E.02267
G1 X128.159 Y99.04 E.02267
G1 X128.766 Y100.115 E.03407
G1 X129.309 Y101.224 E.03406
G1 X129.635 Y101.978 E.02268
G1 X129.93 Y102.745 E.02266
G1 X130.319 Y103.917 E.03408
G1 X130.638 Y105.109 E.03404
G1 X130.924 Y106.549 E.04052
G1 X131.057 Y107.527 E.02724
G1 X131.167 Y108.721 E.03307
G1 X131.181 Y108.974 E.00699
G1 E-1 F2400
;WIPE_START
G1 F12000
G1 X131.195 Y109.237
G1 X131.206 Y110.412
G1 X131.184 Y110.973
;WIPE_END
G1 Z4.8 F24000
G1 X95.929 Y101.075 Z4.8
G1 Z4.6
G1 E1 F2700
M204 P5000
;TYPE:Inner wall
;WIDTH:0.449999
G1 F8745
G1 X96.267 Y100.545 E.01873
G1 X96.703 Y99.94 E.02221
G1 X97.166 Y99.356 E.02221
G1 X97.829 Y98.609 E.02973
G1 X98.349 Y98.076 E.02221
G1 X98.798 Y97.655 E.01833
G1 X99.552 Y97.017 E.02941
G1 X100.335 Y96.416 E.02941
G1 X100.849 Y96.067 E.01851
G1 X101.374 Y95.736 E.0185
G1 X102.254 Y95.238 E.0301
G1 X103.143 Y94.809 E.0294
G1 X103.692 Y94.57 E.01783
G1 X104.249 Y94.355 E.01781
G1 X105.119 Y94.057 E.02737
G1 X105.837 Y93.855 E.02224
G1 X106.563 Y93.685 E.02221
G1 X107.296 Y93.547 E.02221
G1 X108.034 Y93.443 E.02221
G1 X108.777 Y93.372 E.02221
G1 X110.212 Y93.334 E.04277
G1 X110.955 Y93.358 E.02215
G1 X111.969 Y93.446 E.0303
G1 X112.572 Y93.53 E.01812
G1 X113.578 Y93.715 E.03049
G1 X114.67 Y93.994 E.03358
G1 X115.388 Y94.221 E.02241
G1 X116.088 Y94.478 E.02221
G1 X116.623 Y94.701 E.01727
G1 X117.45 Y95.084 E.02715
G1 X118.071 Y95.417 E.02099
G1 X119.065 Y96.006 E.03441
G1 X119.684 Y96.427 E.02231
G1 X120.73 Y97.241 E.03948
G1 X121.362 Y97.809 E.0253
G1 X121.899 Y98.326 E.0222
G1 X122.697 Y99.194 E.03513
G1 X123.168 Y99.772 E.0222
G1 X123.592 Y100.344 E.0212
G1 X123.94 Y100.858 E.01851
G1 X124.525 Y101.815 E.0334
G1 X124.945 Y102.607 E.02672
G1 X125.434 Y103.702 E.03572
G1 X125.658 Y104.281 E.01849
G1 X125.977 Y105.24 E.03011
G1 X126.223 Y106.183 E.02902
G1 X126.427 Y107.149 E.02941
G1 X126.518 Y107.751 E.01812
G1 X126.619 Y108.746 E.02979
G1 X126.656 Y109.33 E.01743
G1 X126.667 Y110.353 E.03048
G1 X126.642 Y110.961 E.01813
G1 X126.551 Y111.964 E.03001
G1 X126.376 Y113.134 E.03522
G1 X126.219 Y113.866 E.02232
G1 X125.925 Y114.938 E.0331
G1 X125.686 Y115.652 E.02242
G1 X125.418 Y116.347 E.02221
G1 X125.119 Y117.03 E.02221
G1 X124.594 Y118.055 E.03431
G1 X124.284 Y118.594 E.0185
G1 X123.735 Y119.447 E.03021
G1 X123.234 Y120.132 E.02531
G1 X122.773 Y120.707 E.02195
G1 X122.106 Y121.46 E.02996
G1 X121.67 Y121.903 E.0185
G1 X120.711 Y122.777 E.03867
G1 X120.008 Y123.335 E.02672
G1 X119.4 Y123.771 E.02231
G1 X118.774 Y124.178 E.02221
G1 X117.94 Y124.66 E.02869
G1 X117.155 Y125.06 E.02625
G1 X116.457 Y125.372 E.02277
G1 X115.763 Y125.646 E.02221
G1 X115.058 Y125.888 E.02221
G1 X114.343 Y126.098 E.02221
G1 X113.256 Y126.349 E.03324
G1 X112.523 Y126.481 E.02217
G1 X111.78 Y126.578 E.02231
G1 X110.659 Y126.657 E.0335
G1 X109.635 Y126.668 E.03048
G1 X108.438 Y126.6 E.03574
G1 X107.69 Y126.513 E.02241
G1 X106.954 Y126.393 E.02221
G1 X106.452 Y126.288 E.01529
G1 X105.853 Y126.146 E.01833
G1 X104.87 Y125.863 E.03048
G1 X104.295 Y125.664 E.01813
G1 X103.395 Y125.309 E.02881
G1 X102.522 Y124.901 E.02869
G1 X101.925 Y124.582 E.02019
G1 X101.397 Y124.278 E.01815
G1 X100.543 Y123.73 E.03021
G1 X99.866 Y123.24 E.02489
G1 X99.276 Y122.757 E.02271
G1 X98.531 Y122.099 E.02962
G1 X98.089 Y121.662 E.01851
G1 X97.187 Y120.669 E.03997
G1 X96.719 Y120.08 E.02241
G1 X96.073 Y119.161 E.03346
G1 X95.477 Y118.19 E.03392
G1 X95.137 Y117.556 E.02143
G1 X94.814 Y116.884 E.02221
G1 X94.55 Y116.265 E.02004
G1 X94.333 Y115.697 E.01812
G1 X94.028 Y114.758 E.02941
G1 X93.769 Y113.806 E.02941
G1 X93.642 Y113.21 E.01812
G1 X93.478 Y112.243 E.02923
G1 X93.375 Y111.232 E.03028
G1 X93.343 Y110.647 E.01744
G1 X93.33 Y109.64 E.03
G1 X93.414 Y108.3 E.04001
G1 X93.528 Y107.417 E.02651
G1 X93.661 Y106.68 E.02232
G1 X93.865 Y105.82 E.02631
G1 X94.133 Y104.878 E.02919
G1 X94.339 Y104.284 E.01873
G1 X94.654 Y103.481 E.02568
G1 X94.961 Y102.801 E.02221
G1 X95.298 Y102.136 E.02222
M73 P61 R2
G1 X95.742 Y101.368 E.02642
G1 X95.907 Y101.109 E.00916
G1 X96.277 Y101.297 F24000
M204 P4000
;TYPE:Outer wall
;WIDTH:0.419999
G1 F8745
G1 X96.612 Y100.772 E.01719
G1 X97.038 Y100.183 E.02006
G1 X97.49 Y99.613 E.02007
G1 X98.138 Y98.884 E.0269
G1 X98.642 Y98.367 E.01993
G1 X99.078 Y97.959 E.01647
G1 X99.814 Y97.336 E.0266
G1 X100.579 Y96.75 E.0266
G1 X101.078 Y96.411 E.01663
G1 X101.588 Y96.09 E.01663
G1 X102.451 Y95.601 E.02737
G1 X103.32 Y95.183 E.0266
G1 X103.847 Y94.953 E.01587
G1 X104.383 Y94.746 E.01586
G1 X105.249 Y94.45 E.02524
G1 X105.949 Y94.253 E.02008
G1 X106.657 Y94.087 E.02006
G1 X107.372 Y93.954 E.02006
G1 X108.092 Y93.852 E.02006
G1 X108.816 Y93.783 E.02007
G1 X110.207 Y93.748 E.03841
G1 X110.93 Y93.77 E.01995
G1 X111.925 Y93.857 E.02756
G1 X112.509 Y93.939 E.01628
G1 X113.498 Y94.121 E.02773
G1 X114.567 Y94.395 E.03047
G1 X115.262 Y94.615 E.02012
G1 X115.945 Y94.866 E.02006
G1 X116.463 Y95.083 E.01549
G1 X117.273 Y95.457 E.02464
G1 X117.875 Y95.781 E.01884
G1 X118.849 Y96.359 E.03126
G1 X119.451 Y96.769 E.02009
G1 X120.467 Y97.561 E.03555
G1 X121.082 Y98.113 E.0228
G1 X121.603 Y98.614 E.01993
G1 X122.39 Y99.471 E.03212
G1 X122.847 Y100.033 E.01997
G1 X123.259 Y100.59 E.01913
G1 X123.597 Y101.089 E.01663
G1 X124.17 Y102.028 E.03034
G1 X124.579 Y102.801 E.02414
G1 X125.052 Y103.86 E.032
G1 X125.269 Y104.422 E.01662
G1 X125.582 Y105.363 E.02738
G1 X125.822 Y106.284 E.02624
G1 X126.021 Y107.227 E.02661
G1 X126.109 Y107.811 E.01627
G1 X126.207 Y108.783 E.02696
G1 X126.243 Y109.344 E.01551
G1 X126.253 Y110.348 E.02772
G1 X126.229 Y110.938 E.01628
G1 X126.14 Y111.92 E.0272
G1 X125.968 Y113.067 E.03201
G1 X125.815 Y113.779 E.0201
G1 X125.527 Y114.828 E.03002
G1 X125.294 Y115.52 E.02013
G1 X125.032 Y116.198 E.02006
G1 X124.74 Y116.864 E.02006
G1 X124.232 Y117.856 E.03076
G1 X123.931 Y118.378 E.01663
G1 X123.392 Y119.216 E.02747
G1 X122.903 Y119.884 E.02285
G1 X122.456 Y120.441 E.01972
G1 X121.803 Y121.179 E.02718
G1 X121.38 Y121.608 E.01663
G1 X120.434 Y122.469 E.0353
G1 X119.751 Y123.011 E.02406
G1 X119.159 Y123.435 E.02009
G1 X118.549 Y123.831 E.02007
G1 X117.734 Y124.302 E.02598
G1 X116.968 Y124.691 E.02371
G1 X116.289 Y124.995 E.02052
G1 X115.612 Y125.261 E.02006
G1 X114.924 Y125.496 E.02006
G1 X114.226 Y125.701 E.02007
G1 X113.182 Y125.942 E.02958
G1 X112.447 Y126.075 E.0206
G1 X111.727 Y126.168 E.02003
G1 X111.003 Y126.229 E.02006
G1 X110.276 Y126.258 E.02006
G1 X109.638 Y126.254 E.01762
G1 X108.463 Y126.187 E.03247
G1 X107.739 Y126.102 E.02012
G1 X107.021 Y125.985 E.02006
G1 X106.31 Y125.836 E.02006
G1 X105.605 Y125.655 E.02006
G1 X104.991 Y125.467 E.01773
G1 X104.433 Y125.274 E.01628
G1 X103.551 Y124.926 E.02618
G1 X102.698 Y124.527 E.02598
G1 X102.12 Y124.218 E.01809
G1 X101.61 Y123.924 E.01624
G1 X100.772 Y123.386 E.02747
G1 X100.11 Y122.907 E.02255
G1 X99.539 Y122.438 E.0204
G1 X98.811 Y121.795 E.0268
G1 X98.382 Y121.371 E.01663
G1 X97.494 Y120.392 E.03647
G1 X97.043 Y119.823 E.02003
G1 X96.616 Y119.234 E.02006
G1 X96.217 Y118.626 E.02006
G1 X95.845 Y118.002 E.02006
G1 X95.502 Y117.361 E.02006
G1 X95.187 Y116.705 E.02006
G1 X94.931 Y116.103 E.01806
G1 X94.721 Y115.552 E.01627
G1 X94.423 Y114.635 E.0266
G1 X94.17 Y113.705 E.0266
G1 X94.047 Y113.128 E.01628
G1 X93.887 Y112.178 E.02657
G1 X93.787 Y111.19 E.02741
G1 X93.756 Y110.629 E.01551
G1 X93.744 Y109.64 E.02728
G1 X93.826 Y108.335 E.03607
G1 X93.938 Y107.47 E.02407
G1 X94.067 Y106.753 E.0201
G1 X94.267 Y105.917 E.02373
G1 X94.529 Y104.996 E.0264
G1 X94.73 Y104.42 E.01684
G1 X95.038 Y103.635 E.02328
G1 X95.337 Y102.972 E.02007
G1 X95.666 Y102.323 E.02007
G1 X96.1 Y101.576 E.02384
G1 X96.256 Y101.331 E.008
G1 E-1 F2400
;WIPE_START
G1 F12000
G1 X96.612 Y100.772
G1 X97.038 Y100.183
G1 X97.417 Y99.705
;WIPE_END
G1 Z4.8 F24000
G1 X104.146 Y94.068 Z4.8
G1 Z4.6
G1 E1 F2700
M204 P5000
;TYPE:Sparse infill
;WIDTH:0.45
G1 F8745
G1 X105.024 Y93.767 E.02765
G1 X105.698 Y93.577 E.02086
G1 X109.756 Y89.519 E.17094
G1 X110.298 Y89.513 E.01613
G1 X111.189 Y89.544 E.02657
G1 X112.383 Y89.648 E.0357
G1 X113.162 Y89.755 E.02341
G1 X113.586 Y89.834 E.01286
G1 X110.389 Y93.031 E.13469
G1 X111.425 Y93.081 E.03089
G1 X112.183 Y93.162 E.0227
G1 X112.936 Y93.277 E.0227
G1 X113.684 Y93.426 E.02273
G1 X114.046 Y93.519 E.01113
G1 X116.868 Y90.697 E.11888
G1 X117.004 Y90.743 E.00428
G1 X118.116 Y91.185 E.03564
G1 X119.2 Y91.691 E.03563
G1 X119.737 Y91.973 E.01807
G1 X117.12 Y94.59 E.11023
G1 X117.609 Y94.822 E.01612
G1 X118.466 Y95.283 E.02899
G1 X119.242 Y95.757 E.02708
G1 X119.751 Y96.104 E.01836
G1 X122.264 Y93.591 E.10586
G1 X123.17 Y94.302 E.03432
G1 X123.957 Y94.998 E.03128
G1 X124.487 Y95.513 E.02201
G1 X122.004 Y97.996 E.10458
G1 X122.43 Y98.434 E.0182
G1 X122.937 Y99.004 E.0227
G1 X123.422 Y99.601 E.02292
G1 X123.898 Y100.248 E.02391
G1 X126.407 Y97.738 E.10571
G1 X126.673 Y98.088 E.0131
G1 X127.12 Y98.74 E.02354
G1 X127.541 Y99.409 E.02354
G1 X128.025 Y100.265 E.0293
G1 X125.41 Y102.881 E.11017
G1 X125.837 Y103.877 E.0323
G1 X126.095 Y104.594 E.0227
G1 X126.324 Y105.33 E.02295
G1 X126.48 Y105.955 E.01918
G1 X129.302 Y103.133 E.11886
G1 X129.63 Y104.123 E.03107
G1 X129.938 Y105.274 E.0355
G1 X130.172 Y106.408 E.03447
G1 X126.971 Y109.609 E.13486
G1 X126.969 Y110.574 E.02873
G1 X126.926 Y111.335 E.02272
G1 X126.821 Y112.306 E.02908
G1 X126.674 Y113.203 E.02708
G1 X126.513 Y113.949 E.02274
G1 X126.414 Y114.311 E.01119
G1 X130.485 Y110.24 E.17151
G1 X130.456 Y111.187 E.02823
G1 X130.352 Y112.383 E.03577
G1 X130.245 Y113.162 E.0234
G1 X130.025 Y114.342 E.03577
G1 X129.869 Y115.001 E.02015
G1 X115.007 Y129.863 E.62608
G1 X115.877 Y129.63 E.02682
G1 X116.568 Y129.401 E.02169
G1 X115.857 Y125.936 F24000
G1 F8745
G1 X115.121 Y126.188 E.02316
G1 X114.304 Y126.421 E.02534
G1 X110.244 Y130.481 E.171
G1 X109.598 Y130.487 E.01924
G1 X108.813 Y130.456 E.02341
G1 X107.62 Y130.352 E.03567
G1 X106.41 Y130.17 E.03644
G1 X109.608 Y126.973 E.13469
G1 X108.396 Y126.903 E.03616
G1 X107.633 Y126.813 E.02289
G1 X106.903 Y126.694 E.02202
G1 X105.95 Y126.485 E.02907
G1 X103.132 Y129.303 E.1187
G1 X102.996 Y129.257 E.00428
G1 X101.884 Y128.815 E.03564
G1 X100.8 Y128.309 E.03563
G1 X100.263 Y128.027 E.01807
G1 X102.883 Y125.407 E.11036
G1 X102.371 Y125.167 E.01685
G1 X101.563 Y124.734 E.02729
G1 X100.91 Y124.341 E.02271
G1 X100.247 Y123.898 E.02375
G1 X97.736 Y126.409 E.1058
G1 X96.831 Y125.698 E.03428
G1 X95.935 Y124.901 E.03571
G1 X95.513 Y124.487 E.01762
G1 X97.997 Y122.003 E.10465
G1 X97.693 Y121.697 E.01284
G1 X96.947 Y120.858 E.03344
G1 X96.468 Y120.255 E.02295
G1 X96.104 Y119.751 E.01852
G1 X93.593 Y122.262 E.10575
G1 X93.327 Y121.912 E.0131
G1 X92.88 Y121.26 E.02354
G1 X92.458 Y120.59 E.02358
G1 X91.973 Y119.737 E.02924
G1 X94.589 Y117.121 E.11021
G1 X94.23 Y116.291 E.02693
G1 X93.963 Y115.576 E.02273
G1 X93.628 Y114.497 E.03366
G1 X93.515 Y114.05 E.01374
G1 X90.698 Y116.867 E.11868
G1 X90.37 Y115.877 E.03107
G1 X90.06 Y114.721 E.03564
G1 X89.894 Y113.953 E.02341
G1 X89.833 Y113.587 E.01107
G1 X93.026 Y110.394 E.13451
G1 X93.026 Y109.607 E.02342
G1 X93.06 Y108.847 E.02268
G1 X93.114 Y108.238 E.01819
G1 X93.232 Y107.336 E.0271
G1 X93.37 Y106.58 E.02291
G1 X93.583 Y105.692 E.02718
G1 X89.515 Y109.76 E.17136
G1 X89.544 Y108.813 E.02823
G1 X89.648 Y107.62 E.03567
G1 X89.797 Y106.583 E.03121
G1 X89.974 Y105.66 E.02799
G1 X90.131 Y104.999 E.02022
G1 X104.993 Y90.137 E.62608
G1 X104.123 Y90.37 E.02682
G1 X103.432 Y90.599 E.02168
; stop printing object Генератор.stl id:0 copy 0
;LAYER_CHANGE
;Z:4.8
;HEIGHT:0.2
;BEFORE_LAYER_CHANGE
;4.8
G92 E0

G1 E-1 F2400
;WIPE_START
G1 F12000
G1 X104.123 Y90.37
G1 X104.993 Y90.137
G1 X104.73 Y90.4
;WIPE_END
M486 S-1
;_SET_FAN_SPEED_CHANGING_LAYER
; printing object Генератор.stl id:0 copy 0
M486 S0
G1 Z5 F24000
G1 X130.773 Y109.104 Z5
G1 Z4.8
G1 E1 F2700
;TYPE:Inner wall
;WIDTH:0.449999
G1 F8745
G1 X130.781 Y109.241 E.00407
G1 X130.792 Y110.406 E.03472
G1 X130.761 Y111.206 E.02385
G1 X130.655 Y112.417 E.03621
G1 X130.547 Y113.21 E.02384
G1 X130.324 Y114.406 E.03621
G1 X130.14 Y115.185 E.02384
G1 X129.802 Y116.353 E.03621
M73 P62 R2
G1 X129.543 Y117.11 E.02384
G1 X129.095 Y118.237 E.03613
G1 X128.583 Y119.336 E.03611
G1 X128.209 Y120.045 E.02388
G1 X127.663 Y120.975 E.03214
G1 X127.151 Y121.761 E.02793
G1 X126.435 Y122.742 E.03617
G1 X125.933 Y123.365 E.02384
G1 X125.125 Y124.273 E.03621
G1 X124.562 Y124.847 E.02394
G1 X123.978 Y125.398 E.02393
G1 X123.056 Y126.187 E.03613
G1 X122.09 Y126.921 E.03612
G1 X121.428 Y127.375 E.02393
G1 X120.747 Y127.804 E.02396
G1 X119.809 Y128.337 E.03214
G1 X118.973 Y128.761 E.02793
G1 X117.862 Y129.253 E.03618
G1 X117.116 Y129.541 E.02384
G1 X115.965 Y129.922 E.03612
G1 X114.793 Y130.236 E.03613
G1 X114.011 Y130.406 E.02385
G1 X112.814 Y130.605 E.03613
G1 X111.609 Y130.734 E.03612
G1 X110.809 Y130.781 E.02385
G1 X109.594 Y130.792 E.03621
G1 X108.794 Y130.761 E.02385
G1 X107.583 Y130.655 E.03621
G1 X106.79 Y130.547 E.02384
G1 X105.594 Y130.324 E.03621
G1 X104.815 Y130.14 E.02384
G1 X103.648 Y129.802 E.03621
G1 X102.89 Y129.543 E.02384
G1 X101.763 Y129.095 E.03613
G1 X100.664 Y128.583 E.03611
G1 X99.955 Y128.209 E.02388
G1 X99.025 Y127.663 E.03214
G1 X98.239 Y127.151 E.02793
G1 X97.258 Y126.435 E.03617
G1 X96.635 Y125.933 E.02384
G1 X95.727 Y125.125 E.03621
G1 X95.153 Y124.562 E.02394
G1 X94.602 Y123.978 E.02393
G1 X93.813 Y123.056 E.03613
G1 X93.079 Y122.09 E.03612
G1 X92.625 Y121.428 E.02393
G1 X92.196 Y120.747 E.02396
G1 X91.663 Y119.809 E.03214
G1 X91.239 Y118.973 E.02793
G1 X90.747 Y117.862 E.03618
G1 X90.459 Y117.116 E.02384
G1 X90.078 Y115.965 E.03612
G1 X89.764 Y114.793 E.03613
G1 X89.594 Y114.011 E.02385
G1 X89.395 Y112.814 E.03613
G1 X89.266 Y111.609 E.03612
G1 X89.219 Y110.809 E.02385
G1 X89.208 Y109.594 E.03621
G1 X89.239 Y108.794 E.02385
G1 X89.345 Y107.583 E.03621
G1 X89.453 Y106.79 E.02384
G1 X89.676 Y105.594 E.03621
G1 X89.86 Y104.815 E.02384
G1 X90.198 Y103.648 E.03621
G1 X90.457 Y102.89 E.02384
G1 X90.905 Y101.763 E.03613
G1 X91.417 Y100.664 E.03611
G1 X91.791 Y99.955 E.02388
G1 X92.337 Y99.025 E.03214
G1 X92.849 Y98.239 E.02793
G1 X93.565 Y97.258 E.03617
G1 X94.069 Y96.632 E.02393
G1 X94.597 Y96.027 E.02393
G1 X95.44 Y95.151 E.03622
G1 X96.023 Y94.601 E.02384
G1 X96.944 Y93.813 E.03612
G1 X97.91 Y93.079 E.03612
G1 X98.572 Y92.625 E.02393
G1 X99.252 Y92.196 E.02393
G1 X100.308 Y91.6 E.03612
G1 X101.397 Y91.067 E.03612
G1 X102.135 Y90.748 E.02394
G1 X102.884 Y90.459 E.02393
G1 X104.038 Y90.077 E.03621
G1 X104.81 Y89.862 E.02385
G1 X105.995 Y89.593 E.03621
G1 X106.784 Y89.454 E.02384
G1 X107.986 Y89.302 E.03612
G1 X109.194 Y89.219 E.03606
G1 X110.27 Y89.206 E.03205
G1 X111.207 Y89.239 E.02793
G1 X112.417 Y89.345 E.03618
G1 X113.21 Y89.453 E.02384
G1 X114.406 Y89.676 E.03621
G1 X115.185 Y89.86 E.02384
G1 X116.353 Y90.198 E.03621
G1 X117.11 Y90.457 E.02384
G1 X118.237 Y90.905 E.03613
G1 X119.336 Y91.417 E.03611
G1 X120.045 Y91.791 E.02388
G1 X120.975 Y92.337 E.03214
G1 X121.761 Y92.849 E.02793
G1 X122.742 Y93.565 E.03617
G1 X123.368 Y94.069 E.02393
G1 X123.973 Y94.597 E.02393
G1 X124.849 Y95.44 E.03622
G1 X125.399 Y96.023 E.02384
G1 X126.187 Y96.944 E.03612
G1 X126.921 Y97.91 E.03612
G1 X127.375 Y98.572 E.02393
G1 X127.804 Y99.252 E.02393
G1 X128.4 Y100.308 E.03612
G1 X128.933 Y101.397 E.03612
G1 X129.252 Y102.135 E.02394
G1 X129.541 Y102.884 E.02393
G1 X129.923 Y104.036 E.03612
G1 X130.236 Y105.207 E.03612
G1 X130.406 Y105.989 E.02385
G1 X130.646 Y107.571 E.04766
G1 X130.737 Y108.441 E.02605
G1 X130.771 Y109.064 E.01859
G1 X131.186 Y109.082 F24000
M204 P4000
;TYPE:Outer wall
;WIDTH:0.419999
G1 F8745
G1 X131.195 Y109.237 E.00428
G1 X131.206 Y110.412 E.03243
G1 X131.174 Y111.232 E.02265
G1 X131.066 Y112.463 E.0341
G1 X130.955 Y113.276 E.02264
G1 X130.729 Y114.491 E.0341
G1 X130.54 Y115.29 E.02264
G1 X130.197 Y116.477 E.0341
G1 X129.931 Y117.253 E.02264
G1 X129.475 Y118.401 E.03407
G1 X128.954 Y119.52 E.03406
G1 X128.571 Y120.246 E.02266
G1 X128.015 Y121.193 E.0303
G1 X127.492 Y121.996 E.02644
G1 X126.764 Y122.994 E.03409
G1 X126.248 Y123.633 E.02264
G1 X125.427 Y124.556 E.0341
G1 X124.852 Y125.142 E.02267
G1 X124.254 Y125.706 E.02266
G1 X123.316 Y126.509 E.03408
G1 X122.333 Y127.256 E.03407
G1 X121.655 Y127.721 E.02267
G1 X120.96 Y128.159 E.02268
G1 X120.005 Y128.701 E.0303
G1 X119.15 Y129.135 E.02644
G1 X118.021 Y129.635 E.03409
G1 X117.255 Y129.93 E.02264
G1 X116.083 Y130.319 E.03406
G1 X114.89 Y130.638 E.03408
G1 X114.088 Y130.812 E.02264
G1 X112.87 Y131.015 E.03407
G1 X111.643 Y131.146 E.03406
G1 X110.823 Y131.194 E.02265
G1 X109.588 Y131.206 E.03409
G1 X108.768 Y131.174 E.02265
G1 X107.537 Y131.066 E.0341
G1 X106.724 Y130.955 E.02264
G1 X105.509 Y130.729 E.0341
G1 X104.71 Y130.54 E.02264
G1 X103.523 Y130.197 E.0341
G1 X102.747 Y129.931 E.02264
G1 X101.599 Y129.475 E.03407
G1 X100.48 Y128.954 E.03406
G1 X99.754 Y128.571 E.02266
G1 X98.807 Y128.015 E.0303
G1 X98.004 Y127.492 E.02644
G1 X97.006 Y126.764 E.03409
G1 X96.367 Y126.248 E.02264
G1 X95.444 Y125.427 E.0341
G1 X94.858 Y124.852 E.02267
G1 X94.294 Y124.254 E.02266
G1 X93.491 Y123.316 E.03408
G1 X92.744 Y122.333 E.03407
G1 X92.279 Y121.655 E.02267
G1 X91.841 Y120.96 E.02268
G1 X91.299 Y120.005 E.0303
G1 X90.865 Y119.15 E.02644
G1 X90.365 Y118.021 E.03409
G1 X90.07 Y117.255 E.02264
G1 X89.681 Y116.083 E.03406
G1 X89.362 Y114.89 E.03408
G1 X89.188 Y114.088 E.02264
G1 X88.985 Y112.87 E.03407
G1 X88.854 Y111.643 E.03406
G1 X88.806 Y110.823 E.02265
G1 X88.794 Y109.588 E.03409
G1 X88.826 Y108.768 E.02265
G1 X88.934 Y107.537 E.0341
G1 X89.045 Y106.724 E.02264
G1 X89.271 Y105.509 E.0341
G1 X89.46 Y104.71 E.02264
G1 X89.803 Y103.523 E.0341
G1 X90.069 Y102.747 E.02264
G1 X90.525 Y101.599 E.03407
G1 X91.046 Y100.48 E.03406
G1 X91.429 Y99.754 E.02266
G1 X91.985 Y98.807 E.0303
G1 X92.508 Y98.004 E.02644
G1 X93.236 Y97.006 E.03409
G1 X93.752 Y96.366 E.02267
G1 X94.292 Y95.748 E.02267
G1 X95.149 Y94.857 E.0341
G1 X95.746 Y94.294 E.02264
G1 X96.684 Y93.491 E.03407
G1 X97.667 Y92.744 E.03407
G1 X98.345 Y92.279 E.02267
G1 X99.04 Y91.841 E.02267
G1 X100.115 Y91.234 E.03407
G1 X101.224 Y90.691 E.03407
G1 X101.978 Y90.365 E.02267
G1 X102.745 Y90.07 E.02267
G1 X103.918 Y89.681 E.03409
G1 X104.708 Y89.461 E.02265
G1 X105.914 Y89.187 E.0341
G1 X106.722 Y89.045 E.02264
G1 X107.946 Y88.89 E.03406
G1 X109.178 Y88.806 E.03405
G1 X110.275 Y88.793 E.03027
G1 X111.233 Y88.826 E.02644
G1 X112.463 Y88.934 E.03409
G1 X113.276 Y89.045 E.02264
G1 X114.491 Y89.271 E.0341
G1 X115.29 Y89.46 E.02264
G1 X116.477 Y89.803 E.0341
G1 X117.253 Y90.069 E.02264
G1 X118.401 Y90.525 E.03407
G1 X119.52 Y91.046 E.03406
G1 X120.246 Y91.429 E.02266
G1 X121.193 Y91.985 E.0303
G1 X121.996 Y92.508 E.02644
G1 X122.994 Y93.236 E.03409
G1 X123.634 Y93.752 E.02267
G1 X124.252 Y94.292 E.02267
G1 X125.143 Y95.149 E.0341
G1 X125.706 Y95.746 E.02264
G1 X126.509 Y96.684 E.03407
G1 X127.256 Y97.667 E.03407
G1 X127.721 Y98.345 E.02267
G1 X128.159 Y99.04 E.02267
G1 X128.766 Y100.115 E.03407
G1 X129.309 Y101.224 E.03407
G1 X129.635 Y101.978 E.02267
G1 X129.93 Y102.745 E.02267
G1 X130.319 Y103.917 E.03407
G1 X130.638 Y105.11 E.03407
G1 X130.812 Y105.912 E.02264
G1 X131.057 Y107.527 E.04509
G1 X131.167 Y108.721 E.03308
G1 X131.184 Y109.042 E.00886
G1 E-1 F2400
;WIPE_START
G1 F12000
G1 X131.195 Y109.237
G1 X131.206 Y110.412
G1 X131.182 Y111.041
;WIPE_END
G1 Z5 F24000
G1 X95.92 Y101.075 Z5
G1 Z4.8
G1 E1 F2700
M204 P5000
;TYPE:Inner wall
;WIDTH:0.449999
G1 F8745
G1 X96.262 Y100.565 E.01829
G1 X96.845 Y99.759 E.02963
G1 X97.645 Y98.809 E.037
G1 X98.354 Y98.071 E.03049
G1 X98.798 Y97.655 E.01812
G1 X99.552 Y97.017 E.02941
G1 X100.335 Y96.416 E.02941
G1 X101.374 Y95.736 E.037
G1 X102.688 Y95.016 E.04462
G1 X103.371 Y94.701 E.02241
G1 X104.062 Y94.42 E.02221
G1 X105.113 Y94.059 E.0331
G1 X105.837 Y93.855 E.02241
G1 X106.563 Y93.685 E.02221
G1 X107.296 Y93.547 E.02221
G1 X108.034 Y93.443 E.02221
G1 X108.777 Y93.372 E.02221
G1 X110.223 Y93.334 E.04311
G1 X110.955 Y93.358 E.0218
G1 X111.969 Y93.446 E.03032
G1 X112.572 Y93.53 E.01812
G1 X113.578 Y93.715 E.03049
G1 X114.169 Y93.859 E.01812
G1 X115.136 Y94.141 E.03
G1 X115.693 Y94.335 E.01756
G1 X116.623 Y94.701 E.02977
G1 X117.45 Y95.084 E.02715
G1 X118.055 Y95.411 E.02048
G1 X118.806 Y95.846 E.02585
G1 X119.427 Y96.252 E.02213
G1 X120.251 Y96.851 E.03032
G1 X120.732 Y97.244 E.01851
G1 X121.179 Y97.641 E.01781
G1 X121.676 Y98.098 E.02011
G1 X122.202 Y98.637 E.02241
G1 X122.697 Y99.193 E.02221
G1 X123.083 Y99.665 E.01813
G1 X123.598 Y100.352 E.0256
G1 X124.223 Y101.299 E.03379
G1 X124.601 Y101.95 E.02241
G1 X124.946 Y102.61 E.0222
G1 X125.434 Y103.702 E.03562
G1 X125.658 Y104.282 E.0185
G1 X125.968 Y105.226 E.02961
G1 X126.225 Y106.184 E.02954
G1 X126.353 Y106.767 E.01779
G1 X126.52 Y107.764 E.0301
G1 X126.619 Y108.746 E.0294
G1 X126.656 Y109.33 E.01743
G1 X126.667 Y110.353 E.03048
G1 X126.642 Y110.961 E.01812
G1 X126.551 Y111.964 E.02999
G1 X126.472 Y112.548 E.01756
G1 X126.376 Y113.134 E.01769
G1 X126.219 Y113.866 E.02231
G1 X125.925 Y114.938 E.0331
G1 X125.686 Y115.652 E.02242
G1 X125.418 Y116.347 E.02221
G1 X125.119 Y117.03 E.02221
G1 X124.599 Y118.047 E.03402
G1 X124.149 Y118.816 E.02654
G1 X123.742 Y119.437 E.02213
G1 X123.151 Y120.238 E.02963
G1 X122.461 Y121.078 E.03239
G1 X121.67 Y121.903 E.03403
G1 X121.23 Y122.317 E.01801
G1 X120.702 Y122.784 E.02099
G1 X120.008 Y123.335 E.0264
G1 X119.4 Y123.771 E.0223
G1 X118.774 Y124.178 E.02221
G1 X117.931 Y124.665 E.02901
G1 X117.156 Y125.059 E.0259
G1 X116.457 Y125.372 E.02281
G1 X115.763 Y125.646 E.02221
G1 X115.058 Y125.888 E.02221
G1 X114.343 Y126.098 E.02221
G1 X113.816 Y126.228 E.01615
G1 X113.222 Y126.355 E.01812
G1 X112.241 Y126.515 E.02961
G1 X111.255 Y126.622 E.02953
G1 X110.659 Y126.657 E.0178
G1 X109.635 Y126.668 E.03048
G1 X108.543 Y126.609 E.03258
G1 X107.693 Y126.513 E.02547
G1 X106.954 Y126.393 E.0223
G1 X105.853 Y126.146 E.03361
G1 X104.87 Y125.863 E.03049
G1 X104.295 Y125.664 E.01812
G1 X103.395 Y125.309 E.0288
G1 X102.717 Y124.999 E.02221
G1 X102.054 Y124.658 E.02222
G1 X101.155 Y124.131 E.03105
G1 X100.552 Y123.736 E.02145
G1 X99.866 Y123.24 E.02522
G1 X99.281 Y122.761 E.02254
G1 X98.531 Y122.099 E.0298
G1 X98.089 Y121.662 E.01851
G1 X97.187 Y120.669 E.03997
G1 X96.719 Y120.08 E.02241
G1 X96.424 Y119.674 E.01496
G1 X96.073 Y119.161 E.0185
G1 X95.484 Y118.203 E.0335
G1 X95.137 Y117.556 E.02186
G1 X94.814 Y116.884 E.02221
G1 X94.55 Y116.265 E.02004
G1 X94.333 Y115.697 E.01812
G1 X94.03 Y114.791 E.02846
G1 X93.778 Y113.85 E.02901
G1 X93.641 Y113.2 E.0198
G1 X93.478 Y112.243 E.02891
G1 X93.375 Y111.232 E.03028
G1 X93.343 Y110.647 E.01744
G1 X93.33 Y109.64 E.03
G1 X93.358 Y109.016 E.01861
G1 X93.451 Y108.02 E.0298
G1 X93.528 Y107.44 E.01743
G1 X93.715 Y106.434 E.03049
G1 X93.857 Y105.842 E.01812
G1 X94.133 Y104.878 E.02989
G1 X94.338 Y104.301 E.01823
G1 X94.703 Y103.379 E.02954
G1 X95.123 Y102.472 E.02976
G1 X95.411 Y101.932 E.01823
G1 X95.858 Y101.168 E.02637
G1 X95.898 Y101.108 E.00214
G1 X96.263 Y101.305 F24000
M204 P4000
;TYPE:Outer wall
;WIDTH:0.419999
G1 F8745
G1 X96.606 Y100.796 E.01693
G1 X97.175 Y100.009 E.02681
G1 X97.951 Y99.087 E.03325
G1 X98.727 Y98.282 E.03084
G1 X99.262 Y97.79 E.02007
G1 X99.814 Y97.336 E.01971
G1 X100.579 Y96.75 E.0266
G1 X101.588 Y96.09 E.03326
G1 X102.881 Y95.381 E.0407
G1 X103.544 Y95.077 E.02012
G1 X104.218 Y94.803 E.02007
G1 X105.247 Y94.45 E.03003
G1 X105.949 Y94.253 E.02012
G1 X106.657 Y94.087 E.02006
G1 X107.372 Y93.954 E.02006
G1 X108.092 Y93.852 E.02006
G1 X108.816 Y93.783 E.02007
G1 X109.382 Y93.759 E.01563
G1 X110.219 Y93.748 E.02309
G1 X110.93 Y93.77 E.01963
G1 X111.925 Y93.857 E.02758
G1 X112.509 Y93.939 E.01627
G1 X113.498 Y94.121 E.02773
G1 X114.071 Y94.261 E.01628
G1 X115.016 Y94.537 E.02718
G1 X115.552 Y94.724 E.01565
G1 X116.463 Y95.083 E.02701
G1 X117.273 Y95.457 E.02464
G1 X118.588 Y96.198 E.04163
G1 X119.195 Y96.594 E.01999
G1 X120.003 Y97.182 E.02758
G1 X120.47 Y97.563 E.01663
G1 X121.396 Y98.402 E.03449
G1 X121.905 Y98.925 E.02012
G1 X122.388 Y99.468 E.02006
G1 X122.762 Y99.926 E.01631
G1 X123.267 Y100.6 E.02324
G1 X123.879 Y101.529 E.03069
G1 X124.243 Y102.157 E.02003
G1 X124.58 Y102.802 E.02006
G1 X124.815 Y103.306 E.01535
G1 X125.269 Y104.422 E.03326
G1 X125.572 Y105.346 E.02682
G1 X125.824 Y106.282 E.02674
G1 X125.947 Y106.845 E.01591
G1 X126.111 Y107.824 E.02737
G1 X126.207 Y108.783 E.0266
G1 X126.243 Y109.344 E.01551
G1 X126.253 Y110.348 E.02772
G1 X126.229 Y110.938 E.01628
G1 X126.14 Y111.919 E.02718
G1 X126.064 Y112.481 E.01565
G1 X125.968 Y113.067 E.01639
G1 X125.815 Y113.779 E.0201
G1 X125.527 Y114.828 E.03002
G1 X125.294 Y115.52 E.02013
G1 X125.032 Y116.198 E.02006
G1 X124.74 Y116.864 E.02006
G1 X124.236 Y117.847 E.03049
G1 X123.796 Y118.6 E.02407
G1 X123.399 Y119.206 E.01999
G1 X122.821 Y119.988 E.02681
G1 X122.471 Y120.428 E.0155
G1 X121.803 Y121.179 E.02773
G1 X120.956 Y122.007 E.0327
G1 X120.426 Y122.476 E.01952
G1 X119.751 Y123.011 E.02377
G1 X119.159 Y123.435 E.02009
G1 X118.549 Y123.831 E.02007
G1 X117.724 Y124.307 E.02627
G1 X116.969 Y124.69 E.02338
G1 X116.289 Y124.995 E.02056
G1 X115.612 Y125.261 E.02006
G1 X114.924 Y125.496 E.02006
G1 X114.227 Y125.701 E.02006
G1 X113.141 Y125.95 E.03072
G1 X112.182 Y126.106 E.02682
G1 X111.218 Y126.21 E.02674
G1 X110.642 Y126.243 E.01591
G1 X109.638 Y126.254 E.02772
G1 X109.068 Y126.226 E.01573
G1 X108.09 Y126.141 E.02711
G1 X107.518 Y126.066 E.01591
G1 X107.021 Y125.985 E.01389
G1 X105.956 Y125.745 E.03011
G1 X104.991 Y125.467 E.02773
G1 X104.433 Y125.274 E.01627
G1 X103.551 Y124.926 E.02617
G1 X102.89 Y124.623 E.02006
G1 X102.243 Y124.29 E.02007
G1 X101.364 Y123.774 E.02813
G1 X100.781 Y123.392 E.01923
G1 X100.11 Y122.907 E.02285
G1 X99.543 Y122.441 E.02024
G1 X98.811 Y121.795 E.02696
G1 X98.382 Y121.371 E.01663
G1 X97.494 Y120.392 E.03647
G1 X97.043 Y119.823 E.02003
G1 X96.616 Y119.234 E.02006
G1 X96.217 Y118.627 E.02006
G1 X95.845 Y118.002 E.02006
G1 X95.502 Y117.361 E.02006
G1 X95.187 Y116.705 E.02006
G1 X94.931 Y116.103 E.01806
G1 X94.721 Y115.552 E.01627
G1 X94.423 Y114.664 E.02585
G1 X94.178 Y113.744 E.02627
G1 X94.046 Y113.115 E.01773
G1 X93.887 Y112.178 E.0262
G1 X93.787 Y111.19 E.02741
G1 X93.756 Y110.629 E.01551
G1 X93.744 Y109.64 E.02728
G1 X93.771 Y109.034 E.01673
G1 X93.862 Y108.061 E.02697
G1 X93.937 Y107.504 E.01551
G1 X94.12 Y106.516 E.02773
G1 X94.258 Y105.943 E.01627
G1 X94.529 Y104.996 E.02717
G1 X94.728 Y104.44 E.01629
G1 X95.084 Y103.539 E.02675
G1 X95.496 Y102.651 E.027
G1 X95.776 Y102.128 E.01637
G1 X96.213 Y101.38 E.02391
G1 X96.241 Y101.339 E.00136
G1 E-1 F2400
;WIPE_START
G1 F12000
G1 X96.606 Y100.796
G1 X97.175 Y100.009
G1 X97.416 Y99.722
;WIPE_END
G1 Z5 F24000
G1 X104.146 Y94.068 Z5
G1 Z4.8
G1 E1 F2700
M204 P5000
;TYPE:Sparse infill
;WIDTH:0.45
G1 F8745
G1 X105.024 Y93.767 E.02765
G1 X105.698 Y93.577 E.02086
G1 X109.756 Y89.519 E.17093
G1 X110.31 Y89.513 E.01651
G1 X111.189 Y89.544 E.02619
G1 X112.383 Y89.648 E.03572
G1 X113.162 Y89.755 E.0234
G1 X113.586 Y89.834 E.01286
G1 X110.389 Y93.031 E.13468
G1 X111.425 Y93.081 E.03089
G1 X112.183 Y93.162 E.0227
G1 X112.936 Y93.277 E.0227
G1 X114.049 Y93.516 E.03391
G1 X116.868 Y90.697 E.11874
G1 X117.004 Y90.743 E.00428
M73 P63 R2
G1 X118.116 Y91.185 E.03564
G1 X119.2 Y91.691 E.03563
G1 X119.737 Y91.973 E.01807
G1 X117.12 Y94.59 E.11023
G1 X117.609 Y94.822 E.01613
G1 X118.598 Y95.359 E.03351
G1 X119.246 Y95.759 E.02269
G1 X119.751 Y96.104 E.01821
G1 X122.262 Y93.593 E.10579
G1 X122.556 Y93.807 E.01083
G1 X123.171 Y94.303 E.02354
G1 X123.767 Y94.823 E.02353
G1 X124.486 Y95.514 E.02972
G1 X122.004 Y97.996 E.10455
G1 X122.43 Y98.434 E.01821
G1 X122.937 Y99.003 E.0227
G1 X123.337 Y99.495 E.01889
G1 X123.897 Y100.248 E.02795
G1 X126.407 Y97.738 E.10572
G1 X126.673 Y98.088 E.0131
G1 X127.12 Y98.74 E.02354
G1 X127.541 Y99.409 E.02354
G1 X128.025 Y100.265 E.0293
G1 X125.41 Y102.881 E.11017
G1 X125.837 Y103.877 E.0323
G1 X126.096 Y104.595 E.02272
G1 X126.383 Y105.547 E.02962
G1 X126.483 Y105.952 E.01244
G1 X129.302 Y103.133 E.11876
G1 X129.63 Y104.123 E.03107
G1 X129.94 Y105.279 E.03564
G1 X130.106 Y106.047 E.02341
G1 X130.167 Y106.413 E.01107
G1 X126.971 Y109.609 E.13463
G1 X126.969 Y110.574 E.02873
G1 X126.926 Y111.335 E.02272
G1 X126.819 Y112.316 E.0294
G1 X126.674 Y113.203 E.02676
G1 X126.513 Y113.949 E.02274
G1 X126.414 Y114.311 E.01119
G1 X130.485 Y110.24 E.17151
G1 X130.456 Y111.187 E.02823
G1 X130.352 Y112.383 E.03577
G1 X130.245 Y113.162 E.0234
G1 X130.025 Y114.342 E.03577
G1 X129.869 Y115.001 E.02015
G1 X115.007 Y129.863 E.62608
G1 X115.877 Y129.63 E.02682
G1 X116.568 Y129.401 E.02168
G1 X115.856 Y125.937 F24000
G1 F8745
G1 X115.148 Y126.18 E.02231
G1 X114.303 Y126.423 E.02619
G1 X110.244 Y130.481 E.17095
G1 X109.598 Y130.487 E.01924
G1 X108.813 Y130.456 E.02341
G1 X107.617 Y130.352 E.03577
G1 X106.838 Y130.245 E.0234
G1 X106.414 Y130.166 E.01286
G1 X109.608 Y126.973 E.13454
G1 X108.531 Y126.914 E.03211
G1 X107.638 Y126.814 E.02676
G1 X106.886 Y126.691 E.02271
G1 X105.95 Y126.485 E.02855
G1 X103.132 Y129.303 E.1187
G1 X102.996 Y129.257 E.00428
G1 X101.884 Y128.815 E.03564
G1 X100.8 Y128.309 E.03563
G1 X100.263 Y128.027 E.01807
G1 X102.881 Y125.409 E.11026
G1 X101.873 Y124.907 E.03353
G1 X100.907 Y124.339 E.03339
G1 X100.247 Y123.898 E.02364
G1 X97.738 Y126.407 E.10573
G1 X97.444 Y126.193 E.01083
G1 X96.832 Y125.7 E.0234
G1 X95.935 Y124.901 E.03577
G1 X95.513 Y124.487 E.01762
G1 X97.997 Y122.003 E.10465
G1 X97.693 Y121.697 E.01284
G1 X96.947 Y120.859 E.03344
G1 X96.468 Y120.255 E.02295
G1 X96.104 Y119.751 E.01852
G1 X93.593 Y122.262 E.10575
G1 X93.327 Y121.912 E.0131
G1 X92.88 Y121.26 E.02354
G1 X92.458 Y120.591 E.02357
G1 X91.973 Y119.737 E.02925
G1 X94.589 Y117.121 E.1102
G1 X94.23 Y116.291 E.02693
G1 X93.963 Y115.577 E.0227
G1 X93.734 Y114.867 E.02223
G1 X93.516 Y114.049 E.02521
G1 X90.698 Y116.867 E.11869
G1 X90.37 Y115.877 E.03106
G1 X90.06 Y114.721 E.03564
G1 X89.894 Y113.953 E.0234
G1 X89.833 Y113.587 E.01107
G1 X93.026 Y110.394 E.13451
G1 X93.026 Y109.607 E.02342
G1 X93.061 Y108.845 E.02272
G1 X93.174 Y107.728 E.03344
G1 X93.293 Y106.975 E.02272
G1 X93.445 Y106.228 E.0227
G1 X93.579 Y105.695 E.01636
G1 X89.515 Y109.76 E.17123
G1 X89.544 Y108.813 E.02823
G1 X89.648 Y107.617 E.03577
G1 X89.755 Y106.838 E.0234
G1 X89.975 Y105.658 E.03577
G1 X90.131 Y104.999 E.02015
G1 X104.998 Y90.132 E.62628
G1 X104.127 Y90.369 E.02687
G1 X103.438 Y90.597 E.02163
; stop printing object Генератор.stl id:0 copy 0
;LAYER_CHANGE
;Z:5
;HEIGHT:0.2
;BEFORE_LAYER_CHANGE
;5
G92 E0

G1 E-1 F2400
;WIPE_START
G1 F12000
G1 X104.127 Y90.369
G1 X104.998 Y90.132
G1 X104.735 Y90.395
;WIPE_END
M486 S-1
;_SET_FAN_SPEED_CHANGING_LAYER
; printing object Генератор.stl id:0 copy 0
M486 S0
G1 Z5.2 F24000
G1 X130.777 Y109.171 Z5.2
G1 Z5
G1 E1 F2700
;TYPE:Inner wall
;WIDTH:0.449999
G1 F8854
G1 X130.781 Y109.241 E.00208
G1 X130.792 Y110.403 E.03463
G1 X130.734 Y111.615 E.03612
G1 X130.656 Y112.414 E.02393
G1 X130.547 Y113.21 E.02393
G1 X130.324 Y114.406 E.03621
G1 X130.14 Y115.185 E.02384
G1 X129.802 Y116.352 E.03621
G1 X129.543 Y117.11 E.02385
G1 X129.095 Y118.237 E.03613
G1 X128.583 Y119.336 E.03611
G1 X128.209 Y120.045 E.02387
G1 X127.657 Y120.986 E.03252
G1 X127.151 Y121.762 E.02757
G1 X126.51 Y122.644 E.03248
G1 X125.932 Y123.366 E.02755
G1 X125.126 Y124.272 E.03611
G1 X124.358 Y125.043 E.03243
G1 X123.675 Y125.667 E.02755
G1 X122.74 Y126.437 E.03609
G1 X121.76 Y127.152 E.03612
G1 X121.089 Y127.593 E.02393
G1 X120.401 Y128.009 E.02393
G1 X119.331 Y128.586 E.03621
G1 X118.608 Y128.931 E.02385
G1 X117.49 Y129.4 E.03612
G1 X116.347 Y129.804 E.03612
G1 X115.577 Y130.035 E.02394
G1 X114.799 Y130.235 E.02393
G1 X113.608 Y130.481 E.03621
G1 X112.817 Y130.605 E.02385
G1 X111.609 Y130.734 E.03621
G1 X110.809 Y130.781 E.02384
G1 X109.597 Y130.792 E.03612
G1 X108.385 Y130.734 E.03612
G1 X107.586 Y130.656 E.02393
G1 X106.79 Y130.547 E.02393
G1 X105.594 Y130.324 E.03621
G1 X104.815 Y130.14 E.02384
G1 X103.648 Y129.802 E.03621
G1 X102.89 Y129.543 E.02385
G1 X101.763 Y129.095 E.03613
G1 X100.664 Y128.583 E.03611
G1 X99.955 Y128.209 E.02387
G1 X99.014 Y127.657 E.03252
G1 X98.238 Y127.151 E.02757
G1 X97.356 Y126.51 E.03248
G1 X96.634 Y125.932 E.02755
G1 X95.728 Y125.126 E.03611
G1 X94.957 Y124.358 E.03243
G1 X94.333 Y123.675 E.02755
G1 X93.563 Y122.74 E.03609
G1 X92.848 Y121.76 E.03612
G1 X92.407 Y121.089 E.02393
G1 X91.991 Y120.401 E.02393
G1 X91.414 Y119.331 E.03621
G1 X91.069 Y118.608 E.02385
G1 X90.6 Y117.49 E.03612
G1 X90.196 Y116.347 E.03612
G1 X89.965 Y115.577 E.02394
G1 X89.765 Y114.799 E.02393
G1 X89.519 Y113.608 E.03621
G1 X89.395 Y112.817 E.02385
G1 X89.266 Y111.609 E.03621
G1 X89.219 Y110.809 E.02384
G1 X89.208 Y109.597 E.03612
G1 X89.266 Y108.385 E.03612
G1 X89.344 Y107.586 E.02393
G1 X89.453 Y106.79 E.02393
G1 X89.676 Y105.594 E.03621
G1 X89.86 Y104.815 E.02384
G1 X90.198 Y103.648 E.03621
G1 X90.457 Y102.89 E.02385
G1 X90.905 Y101.763 E.03613
G1 X91.417 Y100.664 E.03611
G1 X91.791 Y99.955 E.02387
G1 X92.343 Y99.014 E.03252
G1 X92.849 Y98.238 E.02757
G1 X93.49 Y97.356 E.03248
G1 X94.068 Y96.633 E.02757
G1 X94.792 Y95.817 E.03248
G1 X95.439 Y95.152 E.02764
G1 X96.023 Y94.601 E.0239
G1 X96.946 Y93.811 E.03621
G1 X97.579 Y93.321 E.02385
G1 X98.573 Y92.625 E.03614
G1 X99.498 Y92.051 E.03243
G1 X100.306 Y91.601 E.02755
G1 X101.397 Y91.067 E.03617
G1 X102.135 Y90.748 E.02394
G1 X102.884 Y90.459 E.02393
G1 X104.036 Y90.077 E.03612
G1 X105.207 Y89.764 E.03612
G1 X105.989 Y89.594 E.02385
G1 X107.188 Y89.395 E.03621
G1 X107.984 Y89.302 E.02385
G1 X109.194 Y89.219 E.03614
G1 X110.283 Y89.206 E.03243
G1 X111.207 Y89.239 E.02755
G1 X112.417 Y89.345 E.03617
G1 X113.21 Y89.453 E.02385
G1 X114.406 Y89.676 E.03621
G1 X115.185 Y89.86 E.02384
G1 X116.352 Y90.198 E.03621
G1 X117.11 Y90.457 E.02385
G1 X118.237 Y90.905 E.03613
G1 X119.336 Y91.417 E.03611
G1 X120.045 Y91.791 E.02387
G1 X120.986 Y92.343 E.03252
G1 X121.762 Y92.849 E.02757
G1 X122.644 Y93.49 E.03248
G1 X123.367 Y94.068 E.02757
G1 X124.183 Y94.792 E.03248
G1 X124.848 Y95.439 E.02764
G1 X125.399 Y96.023 E.0239
G1 X126.189 Y96.946 E.03621
G1 X126.679 Y97.579 E.02385
G1 X127.375 Y98.573 E.03614
G1 X127.949 Y99.498 E.03243
G1 X128.399 Y100.306 E.02755
G1 X128.933 Y101.397 E.03617
G1 X129.252 Y102.135 E.02394
G1 X129.541 Y102.884 E.02393
G1 X129.923 Y104.036 E.03612
G1 X130.22 Y105.146 E.03424
G1 X130.515 Y106.613 E.04457
G1 X130.646 Y107.571 E.02881
G1 X130.737 Y108.441 E.02606
G1 X130.775 Y109.131 E.02057
G1 X131.19 Y109.148 F24000
M204 P4000
;TYPE:Outer wall
;WIDTH:0.419999
G1 F8854
G1 X131.195 Y109.237 E.00244
G1 X131.206 Y110.411 E.03241
G1 X131.146 Y111.645 E.03407
G1 X131.067 Y112.462 E.02267
G1 X130.955 Y113.276 E.02267
G1 X130.729 Y114.491 E.0341
G1 X130.54 Y115.29 E.02264
G1 X130.197 Y116.477 E.03409
G1 X129.931 Y117.253 E.02265
G1 X129.475 Y118.401 E.03407
G1 X128.954 Y119.52 E.03406
G1 X128.571 Y120.246 E.02265
G1 X128.008 Y121.204 E.03065
G1 X127.492 Y121.996 E.0261
G1 X126.839 Y122.895 E.03064
G1 X126.248 Y123.633 E.02609
G1 X125.427 Y124.555 E.03407
G1 X124.644 Y125.342 E.03062
G1 X123.946 Y125.98 E.02609
G1 X122.993 Y126.764 E.03406
G1 X121.996 Y127.492 E.03407
G1 X121.309 Y127.943 E.02267
G1 X120.606 Y128.368 E.02267
G1 X119.518 Y128.954 E.03409
G1 X118.778 Y129.308 E.02265
G1 X117.639 Y129.786 E.03407
G1 X116.475 Y130.197 E.03407
G1 X115.688 Y130.433 E.02267
G1 X114.892 Y130.638 E.02267
G1 X113.682 Y130.888 E.0341
G1 X112.871 Y131.015 E.02264
G1 X111.643 Y131.146 E.0341
G1 X110.823 Y131.194 E.02264
G1 X109.589 Y131.206 E.03407
G1 X108.355 Y131.146 E.03407
G1 X107.538 Y131.067 E.02267
G1 X106.724 Y130.955 E.02267
G1 X105.509 Y130.729 E.0341
G1 X104.71 Y130.54 E.02264
G1 X103.523 Y130.197 E.03409
G1 X102.747 Y129.931 E.02265
G1 X101.599 Y129.475 E.03407
G1 X100.48 Y128.954 E.03406
G1 X99.754 Y128.571 E.02265
G1 X98.796 Y128.008 E.03065
G1 X98.004 Y127.492 E.0261
G1 X97.105 Y126.839 E.03064
G1 X96.367 Y126.248 E.02609
G1 X95.445 Y125.427 E.03407
G1 X94.658 Y124.644 E.03062
G1 X94.02 Y123.946 E.02609
G1 X93.236 Y122.993 E.03406
G1 X92.508 Y121.996 E.03407
G1 X92.057 Y121.309 E.02267
G1 X91.632 Y120.606 E.02267
G1 X91.046 Y119.518 E.03409
G1 X90.692 Y118.778 E.02265
G1 X90.214 Y117.639 E.03407
G1 X89.803 Y116.475 E.03407
G1 X89.567 Y115.688 E.02267
G1 X89.362 Y114.892 E.02267
G1 X89.112 Y113.682 E.0341
G1 X88.985 Y112.871 E.02264
G1 X88.854 Y111.643 E.0341
M73 P64 R2
G1 X88.806 Y110.823 E.02264
G1 X88.794 Y109.589 E.03407
G1 X88.854 Y108.355 E.03407
G1 X88.933 Y107.538 E.02267
G1 X89.045 Y106.724 E.02267
G1 X89.271 Y105.509 E.0341
G1 X89.46 Y104.71 E.02264
G1 X89.803 Y103.523 E.03409
G1 X90.069 Y102.747 E.02265
G1 X90.525 Y101.599 E.03407
G1 X91.046 Y100.48 E.03406
G1 X91.429 Y99.754 E.02265
G1 X91.992 Y98.796 E.03065
G1 X92.508 Y98.004 E.0261
G1 X93.161 Y97.105 E.03064
G1 X93.752 Y96.367 E.0261
G1 X94.489 Y95.536 E.03064
G1 X95.149 Y94.857 E.02612
G1 X95.746 Y94.294 E.02266
G1 X96.685 Y93.49 E.03409
G1 X97.333 Y92.988 E.02265
G1 X98.345 Y92.279 E.03408
G1 X99.289 Y91.694 E.03063
G1 X100.115 Y91.235 E.02609
G1 X101.224 Y90.691 E.03408
G1 X101.978 Y90.365 E.02268
G1 X102.745 Y90.07 E.02267
G1 X103.917 Y89.681 E.03407
G1 X105.11 Y89.362 E.03407
G1 X105.912 Y89.188 E.02264
G1 X107.13 Y88.985 E.03409
G1 X107.946 Y88.89 E.02264
G1 X109.178 Y88.806 E.03408
G1 X110.288 Y88.793 E.03063
G1 X111.233 Y88.826 E.02609
G1 X112.463 Y88.934 E.03408
G1 X113.276 Y89.045 E.02265
G1 X114.491 Y89.271 E.0341
G1 X115.29 Y89.46 E.02264
G1 X116.477 Y89.803 E.03409
G1 X117.253 Y90.069 E.02265
G1 X118.401 Y90.525 E.03407
G1 X119.52 Y91.046 E.03406
G1 X120.246 Y91.429 E.02265
G1 X121.204 Y91.992 E.03065
G1 X121.996 Y92.508 E.0261
G1 X122.895 Y93.161 E.03064
G1 X123.633 Y93.752 E.0261
G1 X124.464 Y94.489 E.03064
G1 X125.143 Y95.149 E.02612
G1 X125.706 Y95.746 E.02266
G1 X126.51 Y96.685 E.03409
G1 X127.012 Y97.333 E.02265
G1 X127.721 Y98.345 E.03408
G1 X128.306 Y99.289 E.03063
G1 X128.765 Y100.115 E.02609
G1 X129.309 Y101.224 E.03408
G1 X129.635 Y101.978 E.02268
G1 X129.93 Y102.745 E.02267
G1 X130.319 Y103.917 E.03407
G1 X130.638 Y105.109 E.03404
G1 X130.924 Y106.549 E.04052
G1 X131.057 Y107.527 E.02724
G1 X131.167 Y108.721 E.03307
G1 X131.188 Y109.108 E.0107
G1 E-1 F2400
;WIPE_START
G1 F12000
G1 X131.195 Y109.237
G1 X131.206 Y110.411
G1 X131.172 Y111.107
;WIPE_END
G1 Z5.2 F24000
G1 X95.912 Y101.088 Z5.2
G1 Z5
G1 E1 F2700
M204 P5000
;TYPE:Inner wall
;WIDTH:0.449999
G1 F8854
G1 X96.264 Y100.563 E.01881
G1 X96.774 Y99.853 E.02607
G1 X97.234 Y99.281 E.02185
G1 X97.828 Y98.608 E.02676
G1 X98.434 Y97.991 E.02575
G1 X98.982 Y97.485 E.02221
G1 X100.021 Y96.646 E.03978
G1 X100.447 Y96.335 E.01573
G1 X101.068 Y95.921 E.02221
G1 X101.607 Y95.595 E.01878
G1 X102.234 Y95.254 E.02125
G1 X103.131 Y94.813 E.02976
G1 X104.249 Y94.355 E.03602
G1 X105.119 Y94.057 E.02737
G1 X105.837 Y93.855 E.02224
G1 X106.563 Y93.685 E.02221
G1 X107.296 Y93.547 E.02221
G1 X108.034 Y93.443 E.02221
G1 X108.777 Y93.372 E.02221
G1 X109.363 Y93.346 E.01749
G1 X110.235 Y93.334 E.02596
G1 X110.955 Y93.358 E.02145
G1 X111.969 Y93.446 E.03033
G1 X112.571 Y93.53 E.01812
G1 X113.578 Y93.715 E.03049
G1 X114.67 Y93.994 E.03358
G1 X115.388 Y94.221 E.02241
G1 X116.088 Y94.478 E.02221
G1 X116.623 Y94.701 E.01727
G1 X117.45 Y95.084 E.02715
G1 X118.816 Y95.852 E.04668
G1 X119.43 Y96.254 E.02185
G1 X120.157 Y96.781 E.02676
G1 X120.713 Y97.233 E.02134
G1 X121.372 Y97.815 E.02619
G1 X121.898 Y98.325 E.02184
G1 X122.306 Y98.756 E.01766
G1 X122.934 Y99.478 E.02852
G1 X123.39 Y100.065 E.02215
G1 X123.824 Y100.678 E.02234
G1 X124.227 Y101.305 E.02221
G1 X124.601 Y101.95 E.02221
G1 X124.947 Y102.611 E.02221
G1 X125.421 Y103.669 E.03454
G1 X125.678 Y104.324 E.02095
G1 X125.916 Y105.031 E.02222
G1 X126.122 Y105.747 E.02221
G1 X126.296 Y106.472 E.02221
G1 X126.427 Y107.149 E.02054
G1 X126.518 Y107.751 E.01812
G1 X126.619 Y108.746 E.0298
G1 X126.656 Y109.33 E.01743
G1 X126.667 Y110.34 E.0301
G1 X126.623 Y111.291 E.02834
G1 X126.556 Y111.968 E.02027
G1 X126.467 Y112.559 E.01782
G1 X126.377 Y113.13 E.01722
G1 X126.219 Y113.866 E.02241
G1 X126.03 Y114.588 E.02222
G1 X125.689 Y115.645 E.0331
G1 X125.418 Y116.347 E.02241
G1 X125.171 Y116.915 E.01845
G1 X124.599 Y118.046 E.03776
G1 X124.142 Y118.826 E.02691
G1 X123.74 Y119.439 E.02185
G1 X123.219 Y120.15 E.02625
G1 X122.775 Y120.706 E.02119
G1 X122.113 Y121.453 E.02973
G1 X121.486 Y122.084 E.02652
G1 X120.954 Y122.561 E.02125
G1 X120.194 Y123.189 E.02938
G1 X119.4 Y123.771 E.02934
G1 X118.866 Y124.118 E.01896
G1 X117.907 Y124.678 E.03307
G1 X117.141 Y125.067 E.0256
G1 X116.457 Y125.372 E.0223
G1 X115.763 Y125.646 E.02221
G1 X115.058 Y125.888 E.02221
G1 X113.842 Y126.221 E.03757
G1 X112.861 Y126.418 E.0298
G1 X112.284 Y126.513 E.01743
G1 X111.78 Y126.578 E.01511
G1 X110.659 Y126.657 E.0335
G1 X109.648 Y126.668 E.0301
G1 X108.802 Y126.63 E.02522
G1 X108.06 Y126.56 E.02221
G1 X107.423 Y126.466 E.01918
G1 X106.435 Y126.283 E.02992
G1 X105.853 Y126.146 E.01781
G1 X104.87 Y125.863 E.03048
G1 X104.295 Y125.664 E.01813
G1 X103.395 Y125.309 E.0288
G1 X102.717 Y124.999 E.02221
G1 X102.054 Y124.658 E.02222
G1 X101.144 Y124.125 E.03141
G1 X100.55 Y123.735 E.02116
G1 X99.866 Y123.24 E.02515
G1 X99.277 Y122.758 E.02269
G1 X98.538 Y122.106 E.02934
G1 X97.922 Y121.487 E.02601
G1 X97.443 Y120.961 E.0212
G1 X96.809 Y120.194 E.02964
G1 X96.281 Y119.476 E.02653
G1 X95.874 Y118.857 E.02208
G1 X95.555 Y118.324 E.01851
G1 X95.137 Y117.556 E.02603
G1 X94.814 Y116.884 E.02221
G1 X94.522 Y116.198 E.02221
G1 X94.26 Y115.5 E.02222
G1 X93.929 Y114.439 E.0331
G1 X93.775 Y113.831 E.0187
G1 X93.595 Y112.979 E.02592
G1 X93.478 Y112.243 E.02221
G1 X93.376 Y111.263 E.02934
G1 X93.344 Y110.637 E.01869
G1 X93.33 Y109.64 E.02969
G1 X93.363 Y108.895 E.02221
G1 X93.528 Y107.44 E.04362
G1 X93.715 Y106.434 E.03049
G1 X93.857 Y105.842 E.01812
G1 X94.133 Y104.878 E.02989
G1 X94.338 Y104.302 E.01821
G1 X94.703 Y103.379 E.02953
G1 X95.123 Y102.472 E.02979
G1 X95.411 Y101.933 E.01821
G1 X95.858 Y101.168 E.02638
G1 X95.89 Y101.121 E.0017
G1 X96.256 Y101.319 F24000
M204 P4000
;TYPE:Outer wall
;WIDTH:0.419999
G1 F8854
G1 X97.104 Y100.102 E.04091
G1 X97.552 Y99.545 E.01973
G1 X98.134 Y98.886 E.02427
G1 X98.727 Y98.282 E.02334
G1 X99.262 Y97.79 E.02007
G1 X100.265 Y96.98 E.03557
G1 X100.691 Y96.668 E.01457
G1 X101.297 Y96.265 E.02006
G1 X101.821 Y95.949 E.01689
G1 X102.428 Y95.619 E.01908
G1 X103.305 Y95.188 E.02695
G1 X104.383 Y94.746 E.03216
G1 X105.249 Y94.45 E.02524
G1 X105.949 Y94.253 E.02008
G1 X106.657 Y94.087 E.02006
G1 X107.372 Y93.954 E.02006
G1 X108.092 Y93.852 E.02006
G1 X108.816 Y93.783 E.02007
G1 X109.381 Y93.759 E.0156
G1 X110.23 Y93.748 E.02343
G1 X110.929 Y93.77 E.0193
G1 X111.925 Y93.857 E.02758
G1 X112.509 Y93.939 E.01628
G1 X113.498 Y94.121 E.02773
G1 X114.567 Y94.395 E.03047
G1 X115.262 Y94.615 E.02012
G1 X115.945 Y94.866 E.02006
G1 X116.463 Y95.083 E.01549
G1 X117.273 Y95.457 E.02464
G1 X118.598 Y96.204 E.04197
G1 X119.197 Y96.595 E.01973
G1 X119.909 Y97.112 E.02427
G1 X120.447 Y97.55 E.01916
G1 X121.09 Y98.117 E.02365
G1 X121.602 Y98.613 E.01967
G1 X121.994 Y99.027 E.01573
G1 X122.62 Y99.747 E.02633
G1 X123.064 Y100.319 E.01996
G1 X123.486 Y100.916 E.02018
G1 X123.879 Y101.528 E.02006
G1 X124.243 Y102.157 E.02006
G1 X124.58 Y102.802 E.02007
G1 X125.036 Y103.82 E.03078
G1 X125.292 Y104.473 E.01936
G1 X125.524 Y105.162 E.02007
G1 X125.724 Y105.861 E.02006
G1 X125.894 Y106.568 E.02006
G1 X126.021 Y107.227 E.01852
G1 X126.109 Y107.811 E.01627
G1 X126.207 Y108.783 E.02696
G1 X126.243 Y109.344 E.0155
G1 X126.253 Y110.336 E.02737
G1 X126.21 Y111.267 E.02574
G1 X126.144 Y111.926 E.01827
G1 X126.058 Y112.495 E.01587
G1 X125.968 Y113.066 E.01595
G1 X125.815 Y113.779 E.02012
G1 X125.63 Y114.482 E.02007
G1 X125.294 Y115.52 E.0301
G1 X125.032 Y116.198 E.02004
G1 X124.792 Y116.75 E.01661
G1 X124.508 Y117.334 E.01792
G1 X124.237 Y117.847 E.01602
G1 X123.789 Y118.611 E.02442
G1 X123.397 Y119.208 E.01973
G1 X122.889 Y119.901 E.02371
G1 X122.458 Y120.439 E.01902
G1 X121.81 Y121.171 E.02697
G1 X121.196 Y121.79 E.02406
G1 X120.68 Y122.251 E.01908
G1 X119.937 Y122.864 E.0266
G1 X119.159 Y123.435 E.02661
G1 X118.641 Y123.772 E.01705
G1 X118.139 Y124.068 E.01607
G1 X117.276 Y124.535 E.0271
G1 X116.289 Y124.995 E.03004
G1 X115.612 Y125.261 E.02006
G1 X114.924 Y125.496 E.02006
G1 X113.743 Y125.82 E.03379
G1 X112.785 Y126.012 E.02696
G1 X111.727 Y126.168 E.0295
G1 X111.003 Y126.229 E.02006
G1 X110.276 Y126.258 E.02006
G1 X109.651 Y126.254 E.01727
G1 X108.823 Y126.217 E.02285
G1 X108.099 Y126.148 E.02007
G1 X107.484 Y126.057 E.01716
G1 X106.518 Y125.878 E.0271
G1 X105.956 Y125.745 E.01593
G1 X104.991 Y125.467 E.02772
G1 X104.433 Y125.274 E.01628
G1 X103.551 Y124.926 E.02617
G1 X102.89 Y124.623 E.02006
G1 X102.243 Y124.29 E.02007
G1 X101.354 Y123.768 E.02846
G1 X100.779 Y123.391 E.01897
G1 X100.11 Y122.907 E.02278
G1 X99.539 Y122.438 E.02038
G1 X98.818 Y121.802 E.02654
G1 X98.218 Y121.197 E.02349
G1 X97.754 Y120.688 E.01902
G1 X97.133 Y119.937 E.02689
G1 X96.616 Y119.234 E.02407
G1 X96.219 Y118.63 E.01994
G1 X95.911 Y118.112 E.01663
G1 X95.502 Y117.361 E.0236
G1 X95.187 Y116.705 E.02006
G1 X94.902 Y116.036 E.02006
G1 X94.647 Y115.355 E.02007
G1 X94.323 Y114.316 E.03002
G1 X94.176 Y113.73 E.01668
G1 X94 Y112.897 E.0235
G1 X93.887 Y112.178 E.02007
G1 X93.787 Y111.221 E.02657
G1 X93.757 Y110.616 E.0167
G1 X93.744 Y109.64 E.02694
G1 X93.776 Y108.914 E.02007
G1 X93.937 Y107.504 E.03913
G1 X94.12 Y106.516 E.02773
G1 X94.258 Y105.943 E.01627
G1 X94.529 Y104.996 E.02717
G1 X94.728 Y104.441 E.01627
G1 X95.084 Y103.54 E.02674
G1 X95.496 Y102.651 E.02702
G1 X95.775 Y102.128 E.01636
G1 X96.213 Y101.38 E.02392
G1 X96.233 Y101.351 E.00095
G1 E-1 F2400
;WIPE_START
G1 F12000
G1 X97.104 Y100.102
G1 X97.403 Y99.73
;WIPE_END
G1 Z5.2 F24000
G1 X115.856 Y125.937 Z5.2
G1 Z5
G1 E1 F2700
M204 P5000
;TYPE:Sparse infill
;WIDTH:0.45
G1 F8854
G1 X115.15 Y126.179 E.02224
G1 X114.302 Y126.423 E.02626
G1 X110.244 Y130.481 E.17095
G1 X109.603 Y130.487 E.01912
G1 X108.408 Y130.429 E.03564
G1 X107.621 Y130.352 E.02354
G1 X106.838 Y130.245 E.02354
G1 X106.414 Y130.166 E.01286
G1 X109.608 Y126.972 E.13455
G1 X108.75 Y126.933 E.02559
G1 X107.997 Y126.86 E.02254
G1 X107.01 Y126.713 E.02971
G1 X105.95 Y126.485 E.0323
G1 X103.132 Y129.303 E.1187
G1 X101.884 Y128.815 E.03991
G1 X100.8 Y128.309 E.03563
G1 X100.263 Y128.027 E.01807
G1 X102.881 Y125.409 E.11026
G1 X101.873 Y124.907 E.03353
G1 X100.907 Y124.339 E.03339
G1 X100.247 Y123.898 E.02364
G1 X97.736 Y126.409 E.10578
G1 X96.831 Y125.699 E.03428
G1 X95.938 Y124.904 E.03562
G1 X95.516 Y124.484 E.01772
G1 X97.999 Y122.001 E.10459
G1 X97.525 Y121.516 E.0202
G1 X96.937 Y120.846 E.02654
G1 X96.459 Y120.243 E.02294
G1 X96.104 Y119.751 E.01806
G1 X93.593 Y122.262 E.10578
G1 X93.099 Y121.586 E.02494
G1 X92.665 Y120.926 E.02354
G1 X92.257 Y120.249 E.02354
G1 X91.978 Y119.732 E.0175
G1 X94.59 Y117.12 E.11002
G1 X94.238 Y116.312 E.02624
G1 X93.968 Y115.591 E.02295
G1 X93.634 Y114.519 E.03344
G1 X93.516 Y114.049 E.01443
G1 X90.702 Y116.863 E.11853
G1 X90.486 Y116.252 E.0193
G1 X90.26 Y115.495 E.02354
G1 X90.062 Y114.73 E.02353
G1 X89.828 Y113.592 E.0346
G1 X93.026 Y110.394 E.13475
G1 X93.026 Y109.603 E.02356
G1 X93.062 Y108.835 E.0229
G1 X93.174 Y107.728 E.03312
G1 X93.293 Y106.975 E.02273
G1 X93.445 Y106.228 E.0227
G1 X93.579 Y105.695 E.01636
G1 X89.515 Y109.76 E.17123
G1 X89.571 Y108.408 E.04033
G1 X89.648 Y107.621 E.02354
G1 X89.755 Y106.838 E.02354
G1 X89.975 Y105.658 E.03577
G1 X90.131 Y104.999 E.02015
G1 X104.993 Y90.137 E.62608
G1 X106.047 Y89.894 E.03222
G1 X107.231 Y89.697 E.03577
G1 X108.012 Y89.606 E.02341
G1 X109.206 Y89.525 E.03566
G1 X109.756 Y89.519 E.01637
G1 X105.698 Y93.577 E.17093
G1 X106.508 Y93.384 E.0248
G1 X107.257 Y93.244 E.0227
G1 X108.012 Y93.138 E.0227
G1 X108.772 Y93.066 E.02272
G1 X109.774 Y93.024 E.02989
G1 X110.389 Y93.031 E.01832
G1 X113.586 Y89.834 E.13468
G1 X114.342 Y89.975 E.02291
M73 P65 R2
G1 X115.107 Y90.156 E.0234
G1 X116.26 Y90.489 E.03576
G1 X116.868 Y90.697 E.01913
G1 X114.046 Y93.519 E.11888
G1 X114.772 Y93.705 E.02231
G1 X115.499 Y93.936 E.02273
G1 X116.214 Y94.199 E.02271
G1 X117.12 Y94.59 E.02938
G1 X119.737 Y91.973 E.11023
G1 X120.825 Y92.603 E.03747
G1 X121.588 Y93.101 E.02713
G1 X122.264 Y93.591 E.02486
G1 X119.751 Y96.104 E.10584
G1 X120.486 Y96.646 E.02721
G1 X121.253 Y97.287 E.02975
G1 X122.004 Y97.996 E.03077
G1 X124.487 Y95.513 E.10458
G1 X125.171 Y96.227 E.02945
G1 X125.952 Y97.139 E.03577
G1 X126.412 Y97.733 E.02238
G1 X123.895 Y100.25 E.10604
G1 X124.491 Y101.152 E.03221
G1 X124.873 Y101.81 E.02267
G1 X125.227 Y102.489 E.02281
G1 X125.407 Y102.883 E.01289
G1 X128.026 Y100.264 E.11032
G1 X128.656 Y101.525 E.04197
G1 X128.969 Y102.25 E.02355
G1 X129.254 Y102.987 E.02354
G1 X129.302 Y103.133 E.00457
G1 X126.485 Y105.95 E.11867
G1 X126.599 Y106.427 E.0146
G1 X126.742 Y107.176 E.0227
G1 X126.852 Y107.931 E.02273
G1 X126.952 Y109.049 E.03344
G1 X126.971 Y109.609 E.0167
G1 X130.172 Y106.408 E.13486
G1 X130.302 Y107.222 E.02457
G1 X130.43 Y108.417 E.03577
G1 X130.475 Y109.201 E.0234
G1 X130.485 Y110.24 E.03094
G1 X126.419 Y114.306 E.17128
G1 X126.319 Y114.686 E.01172
G1 X125.934 Y115.859 E.03678
G1 X129.408 Y116.562 F24000
G1 F8854
G1 X129.511 Y116.26 E.00948
G1 X129.869 Y115.001 E.03901
G1 X115.003 Y129.867 E.62625
G1 X115.495 Y129.74 E.01514
G1 X116.563 Y129.404 E.03336
; stop printing object Генератор.stl id:0 copy 0
;LAYER_CHANGE
;Z:5.2
;HEIGHT:0.2
;BEFORE_LAYER_CHANGE
;5.2
G92 E0

G1 E-1 F2400
;WIPE_START
G1 F12000
G1 X115.495 Y129.74
G1 X115.003 Y129.867
G1 X115.266 Y129.604
;WIPE_END
M486 S-1
;_SET_FAN_SPEED_CHANGING_LAYER
; printing object Генератор.stl id:0 copy 0
M486 S0
G1 Z5.4 F24000
G1 X130.781 Y109.237 Z5.4
G1 Z5.2
G1 E1 F2700
;TYPE:Inner wall
;WIDTH:0.449999
G1 F9044
G1 X130.781 Y109.241 E.00012
G1 X130.792 Y110.403 E.03463
G1 X130.734 Y111.615 E.03612
G1 X130.656 Y112.414 E.02393
G1 X130.547 Y113.21 E.02393
G1 X130.324 Y114.406 E.03621
G1 X130.14 Y115.185 E.02384
G1 X129.802 Y116.352 E.03621
G1 X129.543 Y117.11 E.02385
G1 X129.095 Y118.238 E.03614
G1 X128.632 Y119.237 E.03281
G1 X128.209 Y120.046 E.02719
G1 X127.65 Y120.997 E.03287
G1 X127.151 Y121.761 E.02717
G1 X126.435 Y122.742 E.03618
G1 X125.933 Y123.365 E.02384
G1 X125.126 Y124.272 E.03614
G1 X124.349 Y125.052 E.03281
G1 X123.675 Y125.667 E.02717
G1 X122.737 Y126.439 E.03618
G1 X122.095 Y126.917 E.02385
G1 X121.086 Y127.595 E.03621
G1 X120.401 Y128.009 E.02384
G1 X119.333 Y128.584 E.03612
G1 X118.234 Y129.097 E.03612
G1 X117.493 Y129.4 E.02386
G1 X116.452 Y129.769 E.0329
G1 X115.576 Y130.035 E.02726
G1 X114.799 Y130.235 E.0239
G1 X113.608 Y130.481 E.03621
G1 X112.817 Y130.605 E.02385
G1 X111.609 Y130.734 E.03621
G1 X110.809 Y130.781 E.02385
G1 X109.597 Y130.792 E.03612
G1 X108.385 Y130.734 E.03612
G1 X107.586 Y130.656 E.02393
G1 X106.79 Y130.547 E.02393
G1 X105.594 Y130.324 E.03621
G1 X104.815 Y130.14 E.02384
G1 X103.648 Y129.802 E.03621
G1 X102.89 Y129.543 E.02385
G1 X101.762 Y129.095 E.03614
G1 X100.763 Y128.632 E.03281
G1 X99.954 Y128.209 E.02719
G1 X99.003 Y127.65 E.03287
G1 X98.239 Y127.151 E.02717
G1 X97.258 Y126.435 E.03618
G1 X96.635 Y125.933 E.02384
G1 X95.728 Y125.126 E.03614
G1 X94.948 Y124.349 E.03281
G1 X94.333 Y123.675 E.02717
G1 X93.561 Y122.737 E.03618
G1 X93.083 Y122.095 E.02385
G1 X92.405 Y121.086 E.03621
G1 X91.991 Y120.401 E.02384
G1 X91.416 Y119.333 E.03612
G1 X90.903 Y118.234 E.03612
G1 X90.6 Y117.493 E.02386
G1 X90.231 Y116.452 E.0329
G1 X89.965 Y115.576 E.02726
G1 X89.765 Y114.799 E.0239
G1 X89.519 Y113.608 E.03621
G1 X89.395 Y112.817 E.02385
G1 X89.266 Y111.609 E.03621
G1 X89.219 Y110.809 E.02385
G1 X89.208 Y109.597 E.03612
G1 X89.266 Y108.385 E.03612
G1 X89.344 Y107.586 E.02393
G1 X89.453 Y106.79 E.02393
G1 X89.676 Y105.594 E.03621
G1 X89.86 Y104.815 E.02384
G1 X90.198 Y103.648 E.03621
G1 X90.457 Y102.89 E.02385
G1 X90.905 Y101.762 E.03614
G1 X91.368 Y100.763 E.03281
G1 X91.791 Y99.954 E.02719
G1 X92.35 Y99.003 E.03287
G1 X92.849 Y98.239 E.02717
G1 X93.565 Y97.258 E.03618
G1 X94.068 Y96.634 E.02386
G1 X94.8 Y95.808 E.0329
G1 X95.439 Y95.152 E.02726
G1 X96.023 Y94.601 E.0239
G1 X96.944 Y93.813 E.03612
G1 X97.91 Y93.079 E.03612
G1 X98.57 Y92.626 E.02386
G1 X99.509 Y92.045 E.0329
G1 X100.306 Y91.601 E.02717
G1 X101.397 Y91.067 E.03618
G1 X102.135 Y90.748 E.02394
G1 X102.884 Y90.459 E.02393
G1 X104.035 Y90.078 E.03612
G1 X105.207 Y89.764 E.03613
G1 X105.989 Y89.594 E.02385
G1 X107.189 Y89.395 E.03622
G1 X107.984 Y89.302 E.02384
G1 X109.194 Y89.219 E.03614
G1 X110.296 Y89.207 E.03281
G1 X111.207 Y89.239 E.02717
G1 X112.417 Y89.345 E.03618
G1 X113.21 Y89.453 E.02385
G1 X114.406 Y89.676 E.03621
G1 X115.185 Y89.86 E.02384
G1 X116.352 Y90.198 E.03621
G1 X117.11 Y90.457 E.02385
G1 X118.238 Y90.905 E.03614
G1 X119.237 Y91.368 E.03281
G1 X120.046 Y91.791 E.02719
G1 X120.997 Y92.35 E.03287
G1 X121.761 Y92.849 E.02717
G1 X122.742 Y93.565 E.03618
G1 X123.366 Y94.068 E.02386
G1 X124.192 Y94.8 E.0329
G1 X124.848 Y95.439 E.02726
G1 X125.399 Y96.023 E.0239
G1 X126.187 Y96.944 E.03612
G1 X126.921 Y97.91 E.03612
G1 X127.374 Y98.57 E.02386
G1 X127.955 Y99.509 E.0329
G1 X128.399 Y100.306 E.02717
G1 X128.933 Y101.397 E.03618
G1 X129.25 Y102.132 E.02385
G1 X129.676 Y103.268 E.03614
G1 X130.017 Y104.366 E.03425
G1 X130.252 Y105.282 E.02817
G1 X130.489 Y106.441 E.03523
G1 X130.643 Y107.541 E.0331
G1 X130.739 Y108.474 E.02794
G1 X130.779 Y109.197 E.02155
G1 X131.193 Y109.214 F24000
M204 P4000
;TYPE:Outer wall
;WIDTH:0.419999
G1 F9044
G1 X131.195 Y109.237 E.00062
G1 X131.206 Y110.411 E.03241
G1 X131.146 Y111.645 E.03407
G1 X131.067 Y112.462 E.02267
G1 X130.955 Y113.276 E.02267
G1 X130.729 Y114.491 E.0341
G1 X130.54 Y115.29 E.02264
G1 X130.197 Y116.477 E.03409
G1 X129.931 Y117.253 E.02265
G1 X129.475 Y118.401 E.03408
G1 X129.003 Y119.419 E.03098
G1 X128.571 Y120.246 E.02574
G1 X128.001 Y121.215 E.031
G1 X127.492 Y121.996 E.02573
G1 X126.764 Y122.994 E.03409
G1 X126.248 Y123.633 E.02264
G1 X125.428 Y124.555 E.03407
G1 X124.635 Y125.351 E.03099
G1 X123.946 Y125.98 E.02573
G1 X122.992 Y126.765 E.03409
G1 X122.334 Y127.255 E.02264
G1 X121.308 Y127.944 E.0341
G1 X120.606 Y128.368 E.02264
G1 X119.519 Y128.954 E.03407
G1 X118.4 Y129.476 E.03407
G1 X117.64 Y129.786 E.02265
G1 X116.581 Y130.162 E.03101
G1 X115.688 Y130.433 E.02576
G1 X114.892 Y130.638 E.02266
G1 X113.682 Y130.888 E.0341
G1 X112.871 Y131.015 E.02264
G1 X111.643 Y131.146 E.03409
G1 X110.823 Y131.194 E.02265
G1 X109.589 Y131.206 E.03407
G1 X108.355 Y131.146 E.03407
G1 X107.538 Y131.067 E.02267
G1 X106.724 Y130.955 E.02267
G1 X105.509 Y130.729 E.0341
G1 X104.71 Y130.54 E.02264
G1 X103.523 Y130.197 E.03409
G1 X102.747 Y129.931 E.02265
G1 X101.599 Y129.475 E.03408
G1 X100.581 Y129.003 E.03098
G1 X99.754 Y128.571 E.02574
G1 X98.785 Y128.001 E.031
G1 X98.004 Y127.492 E.02573
G1 X97.006 Y126.764 E.03409
G1 X96.367 Y126.248 E.02264
G1 X95.445 Y125.428 E.03407
G1 X94.649 Y124.635 E.03099
G1 X94.02 Y123.946 E.02573
G1 X93.235 Y122.992 E.03409
G1 X92.745 Y122.334 E.02264
G1 X92.056 Y121.308 E.0341
G1 X91.632 Y120.606 E.02264
G1 X91.046 Y119.519 E.03407
G1 X90.524 Y118.4 E.03407
G1 X90.214 Y117.64 E.02265
G1 X89.838 Y116.581 E.03101
G1 X89.567 Y115.688 E.02576
G1 X89.362 Y114.892 E.02266
G1 X89.112 Y113.682 E.0341
G1 X88.985 Y112.871 E.02264
G1 X88.854 Y111.643 E.03409
G1 X88.806 Y110.823 E.02265
G1 X88.794 Y109.589 E.03407
G1 X88.854 Y108.355 E.03407
G1 X88.933 Y107.538 E.02267
G1 X89.045 Y106.724 E.02267
G1 X89.271 Y105.509 E.0341
G1 X89.46 Y104.71 E.02264
G1 X89.803 Y103.523 E.03409
G1 X90.069 Y102.747 E.02265
G1 X90.525 Y101.599 E.03408
G1 X90.997 Y100.581 E.03098
G1 X91.429 Y99.754 E.02574
G1 X91.999 Y98.785 E.031
G1 X92.508 Y98.004 E.02573
G1 X93.236 Y97.006 E.03409
G1 X93.752 Y96.367 E.02265
G1 X94.497 Y95.526 E.03101
G1 X95.149 Y94.857 E.02576
G1 X95.746 Y94.294 E.02266
G1 X96.684 Y93.491 E.03407
G1 X97.667 Y92.744 E.03407
G1 X98.344 Y92.28 E.02265
G1 X99.3 Y91.688 E.031
G1 X100.115 Y91.235 E.02574
G1 X101.224 Y90.691 E.03409
G1 X101.978 Y90.365 E.02267
G1 X102.745 Y90.07 E.02267
G1 X103.917 Y89.681 E.03406
G1 X105.11 Y89.362 E.03407
G1 X105.912 Y89.188 E.02264
G1 X107.131 Y88.985 E.0341
G1 X107.946 Y88.89 E.02264
G1 X109.178 Y88.806 E.03408
G1 X110.301 Y88.793 E.03098
G1 X111.233 Y88.826 E.02573
G1 X112.463 Y88.934 E.03408
G1 X113.276 Y89.045 E.02265
G1 X114.491 Y89.271 E.0341
G1 X115.29 Y89.46 E.02264
G1 X116.477 Y89.803 E.03409
G1 X117.253 Y90.069 E.02265
G1 X118.401 Y90.525 E.03408
G1 X119.419 Y90.997 E.03098
G1 X120.246 Y91.429 E.02574
G1 X121.215 Y91.999 E.031
G1 X121.996 Y92.508 E.02573
G1 X122.994 Y93.236 E.03409
G1 X123.633 Y93.752 E.02265
G1 X124.474 Y94.497 E.03101
G1 X125.143 Y95.149 E.02576
G1 X125.706 Y95.746 E.02266
G1 X126.509 Y96.684 E.03407
G1 X127.256 Y97.667 E.03407
G1 X127.72 Y98.344 E.02265
G1 X128.312 Y99.3 E.031
G1 X128.765 Y100.115 E.02574
G1 X129.309 Y101.224 E.03409
G1 X129.634 Y101.978 E.02264
G1 X130.068 Y103.134 E.03407
G1 X130.417 Y104.262 E.03258
G1 X130.657 Y105.199 E.02668
G1 X130.897 Y106.377 E.03319
G1 X131.054 Y107.497 E.03121
G1 X131.152 Y108.45 E.02643
G1 X131.191 Y109.174 E.02
G1 E-1 F2400
;WIPE_START
G1 F12000
G1 X131.195 Y109.237
G1 X131.206 Y110.411
G1 X131.169 Y111.173
;WIPE_END
G1 Z5.4 F24000
G1 X95.904 Y101.1 Z5.4
G1 Z5.2
G1 E1 F2700
M204 P5000
;TYPE:Inner wall
;WIDTH:0.449999
G1 F9044
G1 X96.262 Y100.566 E.01914
G1 X96.845 Y99.759 E.02966
G1 X97.23 Y99.285 E.01819
G1 X97.837 Y98.599 E.02728
G1 X98.348 Y98.077 E.02178
G1 X98.798 Y97.655 E.01837
G1 X99.552 Y97.017 E.02941
G1 X100.335 Y96.416 E.02941
G1 X100.84 Y96.072 E.0182
G1 X101.605 Y95.602 E.02675
G1 X102.692 Y95.014 E.03681
G1 X103.371 Y94.701 E.02229
G1 X104.062 Y94.42 E.02221
G1 X104.764 Y94.17 E.02221
G1 X105.477 Y93.952 E.02221
G1 X106.2 Y93.765 E.02221
G1 X107.289 Y93.549 E.0331
G1 X108.034 Y93.443 E.02241
G1 X108.776 Y93.372 E.02221
G1 X109.38 Y93.341 E.018
G1 X110.266 Y93.329 E.02641
G1 X111 Y93.357 E.02187
G1 X111.755 Y93.419 E.02255
G1 X112.494 Y93.514 E.02221
G1 X113.229 Y93.642 E.02222
G1 X114.197 Y93.865 E.0296
G1 X115.031 Y94.104 E.02583
G1 X115.728 Y94.341 E.02193
G1 X116.433 Y94.618 E.02258
G1 X117.444 Y95.081 E.0331
G1 X118.008 Y95.376 E.01897
G1 X118.75 Y95.807 E.02556
G1 X119.378 Y96.214 E.02229
G1 X119.985 Y96.647 E.02221
G1 X120.572 Y97.107 E.02221
G1 X121.322 Y97.762 E.02966
G1 X121.939 Y98.362 E.02565
G1 X122.354 Y98.806 E.01809
G1 X122.936 Y99.48 E.02653
G1 X123.393 Y100.069 E.0222
G1 X123.824 Y100.678 E.02221
G1 X124.227 Y101.305 E.02222
G1 X124.774 Y102.272 E.0331
G1 X125.108 Y102.946 E.02241
G1 X125.363 Y103.523 E.01877
G1 X125.677 Y104.321 E.02556
G1 X125.916 Y105.031 E.0223
G1 X126.211 Y106.102 E.0331
G1 X126.371 Y106.838 E.02242
G1 X126.519 Y107.774 E.02824
G1 X126.621 Y108.684 E.02727
G1 X126.661 Y109.376 E.02065
G1 X126.673 Y110.173 E.02376
G1 X126.648 Y110.919 E.02222
G1 X126.553 Y111.991 E.03205
G1 X126.469 Y112.583 E.01782
G1 X126.301 Y113.503 E.02784
G1 X126.14 Y114.181 E.02077
G1 X125.923 Y114.944 E.02364
G1 X125.686 Y115.652 E.02221
G1 X125.418 Y116.347 E.02221
G1 X125.119 Y117.03 E.02222
G1 X124.617 Y118.022 E.0331
G1 X124.24 Y118.673 E.02241
G1 X123.838 Y119.301 E.02221
G1 X123.409 Y119.91 E.02221
G1 X122.952 Y120.5 E.02221
G1 X122.224 Y121.339 E.0331
G1 X121.7 Y121.879 E.02241
G1 X121.157 Y122.391 E.02222
G1 X120.307 Y123.106 E.0331
G1 X119.705 Y123.558 E.02241
G1 X119.089 Y123.978 E.02222
G1 X118.312 Y124.448 E.02704
G1 X117.473 Y124.905 E.02846
G1 X116.799 Y125.224 E.02222
G1 X115.98 Y125.558 E.02635
G1 X115.14 Y125.86 E.02659
G1 X114.439 Y126.07 E.02178
G1 X113.842 Y126.221 E.01837
G1 X112.888 Y126.421 E.02904
G1 X112.238 Y126.521 E.01958
G1 X111.41 Y126.614 E.02483
G1 X110.665 Y126.66 E.02221
M73 P66 R2
G1 X109.92 Y126.673 E.02221
G1 X109.174 Y126.653 E.02221
G1 X108.431 Y126.599 E.02222
G1 X107.383 Y126.465 E.03147
G1 X106.589 Y126.321 E.02404
G1 X105.862 Y126.152 E.02221
G1 X105.144 Y125.951 E.02222
G1 X104.274 Y125.654 E.02739
G1 X103.395 Y125.309 E.02812
G1 X102.717 Y124.999 E.02221
G1 X102.04 Y124.651 E.02269
G1 X101.134 Y124.119 E.0313
G1 X100.553 Y123.737 E.0207
G1 X99.866 Y123.24 E.02525
G1 X99.281 Y122.761 E.02254
G1 X98.538 Y122.106 E.02948
G1 X97.926 Y121.499 E.0257
G1 X97.437 Y120.95 E.0219
G1 X96.801 Y120.184 E.02966
G1 X96.439 Y119.695 E.01812
G1 X95.871 Y118.854 E.03023
G1 X95.555 Y118.324 E.01838
G1 X95.137 Y117.556 E.02603
G1 X94.814 Y116.884 E.02221
G1 X94.522 Y116.198 E.02221
G1 X94.26 Y115.5 E.02222
G1 X93.929 Y114.439 E.0331
G1 X93.775 Y113.831 E.0187
G1 X93.595 Y112.98 E.02591
G1 X93.478 Y112.243 E.02222
G1 X93.375 Y111.232 E.03028
G1 X93.343 Y110.647 E.01744
G1 X93.33 Y109.64 E.03
G1 X93.363 Y108.895 E.02221
G1 X93.448 Y108.027 E.02598
G1 X93.531 Y107.431 E.01794
G1 X93.715 Y106.434 E.0302
G1 X93.857 Y105.842 E.01812
G1 X94.133 Y104.878 E.02989
G1 X94.338 Y104.302 E.0182
G1 X94.703 Y103.378 E.02961
G1 X95.077 Y102.567 E.02661
G1 X95.413 Y101.929 E.02147
G1 X95.858 Y101.168 E.02625
G1 X95.881 Y101.133 E.00126
G1 X96.247 Y101.33 F24000
M204 P4000
;TYPE:Outer wall
;WIDTH:0.419999
G1 F9044
G1 X96.605 Y100.797 E.01772
G1 X97.175 Y100.009 E.02683
G1 X97.548 Y99.549 E.01634
G1 X98.142 Y98.877 E.02476
G1 X98.642 Y98.368 E.01966
G1 X99.078 Y97.959 E.0165
G1 X99.814 Y97.336 E.0266
G1 X100.579 Y96.75 E.0266
G1 X101.069 Y96.417 E.01635
G1 X101.816 Y95.958 E.02417
G1 X102.883 Y95.381 E.03348
G1 X103.544 Y95.077 E.02009
G1 X104.218 Y94.803 E.02006
G1 X104.903 Y94.56 E.02006
G1 X105.598 Y94.347 E.02006
G1 X106.302 Y94.166 E.02007
G1 X107.37 Y93.954 E.03002
G1 X108.092 Y93.852 E.02012
G1 X108.816 Y93.783 E.02006
G1 X109.401 Y93.754 E.01616
G1 X110.269 Y93.742 E.02395
G1 X110.984 Y93.77 E.01975
G1 X111.72 Y93.831 E.02037
G1 X112.441 Y93.924 E.02006
G1 X113.158 Y94.05 E.02007
G1 X114.104 Y94.268 E.02681
G1 X114.916 Y94.501 E.02331
G1 X115.594 Y94.733 E.01975
G1 X116.282 Y95.003 E.0204
G1 X117.271 Y95.456 E.03002
G1 X117.815 Y95.742 E.01696
G1 X118.542 Y96.165 E.0232
G1 X119.153 Y96.561 E.02009
G1 X119.745 Y96.983 E.02006
G1 X120.317 Y97.432 E.02007
G1 X121.05 Y98.073 E.02686
G1 X121.651 Y98.658 E.02314
G1 X122.051 Y99.088 E.01619
G1 X122.621 Y99.748 E.02407
G1 X123.066 Y100.322 E.02006
G1 X123.486 Y100.916 E.02007
G1 X123.879 Y101.528 E.02007
G1 X124.414 Y102.476 E.03002
G1 X124.737 Y103.129 E.02012
G1 X124.985 Y103.69 E.0169
G1 X125.292 Y104.472 E.0232
G1 X125.524 Y105.163 E.02009
G1 X125.812 Y106.212 E.03002
G1 X125.967 Y106.925 E.02013
G1 X126.111 Y107.838 E.02552
G1 X126.21 Y108.725 E.02462
G1 X126.248 Y109.399 E.01862
G1 X126.259 Y110.178 E.0215
G1 X126.235 Y110.905 E.02007
G1 X126.141 Y111.954 E.02905
G1 X126.06 Y112.523 E.01587
G1 X125.895 Y113.424 E.02528
G1 X125.738 Y114.085 E.01873
G1 X125.526 Y114.83 E.02139
G1 X125.294 Y115.52 E.02007
G1 X125.032 Y116.198 E.02006
G1 X124.74 Y116.864 E.02007
G1 X124.248 Y117.835 E.03002
G1 X123.882 Y118.465 E.02012
G1 X123.49 Y119.078 E.02006
G1 X123.071 Y119.672 E.02006
G1 X122.625 Y120.246 E.02007
G1 X121.912 Y121.068 E.03002
G1 X121.403 Y121.591 E.02012
G1 X120.874 Y122.089 E.02007
G1 X120.041 Y122.789 E.03002
G1 X119.457 Y123.227 E.02012
G1 X118.856 Y123.637 E.02007
G1 X118.099 Y124.093 E.02441
G1 X117.28 Y124.539 E.02573
G1 X116.622 Y124.85 E.02007
G1 X115.824 Y125.175 E.02377
G1 X115.006 Y125.469 E.02399
G1 X114.323 Y125.673 E.01966
G1 X113.743 Y125.82 E.0165
G1 X112.807 Y126.016 E.02639
G1 X112.176 Y126.112 E.01762
G1 X111.366 Y126.203 E.02249
G1 X110.64 Y126.247 E.02007
G1 X109.913 Y126.26 E.02006
G1 X109.186 Y126.24 E.02006
G1 X108.461 Y126.187 E.02007
G1 X107.436 Y126.055 E.02851
G1 X106.665 Y125.914 E.02163
G1 X105.956 Y125.749 E.02006
G1 X105.256 Y125.553 E.02007
G1 X104.408 Y125.263 E.02473
G1 X103.551 Y124.926 E.02541
G1 X102.89 Y124.623 E.02006
G1 X102.239 Y124.288 E.0202
G1 X101.343 Y123.762 E.02867
G1 X100.782 Y123.392 E.01854
G1 X100.11 Y122.907 E.02288
G1 X99.543 Y122.441 E.02024
G1 X98.818 Y121.802 E.02667
G1 X98.219 Y121.207 E.02329
G1 X97.746 Y120.675 E.01965
G1 X97.125 Y119.927 E.02683
G1 X96.774 Y119.452 E.01627
G1 X96.217 Y118.627 E.02749
G1 X95.911 Y118.112 E.01652
G1 X95.502 Y117.361 E.0236
G1 X95.187 Y116.705 E.02006
G1 X94.902 Y116.036 E.02006
G1 X94.647 Y115.355 E.02007
G1 X94.323 Y114.316 E.03002
G1 X94.176 Y113.73 E.01668
G1 X94 Y112.897 E.02349
G1 X93.887 Y112.178 E.02007
G1 X93.787 Y111.19 E.02741
G1 X93.756 Y110.629 E.01551
G1 X93.744 Y109.64 E.02728
G1 X93.776 Y108.914 E.02007
G1 X93.859 Y108.068 E.02346
G1 X93.94 Y107.493 E.016
G1 X94.12 Y106.516 E.02741
G1 X94.258 Y105.943 E.01627
G1 X94.529 Y104.996 E.02717
G1 X94.727 Y104.442 E.01625
G1 X95.085 Y103.538 E.02681
G1 X95.45 Y102.746 E.02408
G1 X95.777 Y102.124 E.01937
G1 X96.213 Y101.38 E.0238
G1 X96.224 Y101.363 E.00054
G1 E-1 F2400
;WIPE_START
G1 F12000
G1 X96.605 Y100.797
G1 X97.175 Y100.009
G1 X97.392 Y99.741
;WIPE_END
G1 Z5.4 F24000
G1 X94.469 Y96.641 Z5.4
G1 Z5.2
G1 E1 F2700
M204 P5000
;TYPE:Sparse infill
;WIDTH:0.45
G1 F9044
G1 X95.024 Y96.016 E.02491
G1 X95.577 Y95.448 E.02359
G1 X96.529 Y94.949 E.03203
G1 X97.021 Y94.456 E.02075
G1 X97.299 Y93.927 E.01782
G1 X98.088 Y93.327 E.02952
G1 X98.737 Y92.882 E.02343
G1 X99.664 Y92.308 E.03247
G1 X100.448 Y91.872 E.02672
G1 X101.525 Y91.344 E.03572
G1 X102.25 Y91.031 E.02354
G1 X102.987 Y90.746 E.02353
G1 X104.123 Y90.37 E.03563
G1 X105.464 Y90.02 E.04128
G1 X105.311 Y90.311 E.00978
G1 X104.819 Y90.804 E.02075
G1 X102.746 Y91.891 E.06971
G1 X102.254 Y92.384 E.02075
G1 X101.166 Y94.456 E.06971
G1 X100.674 Y94.949 E.02075
G1 X98.601 Y96.036 E.06971
G1 X98.109 Y96.529 E.02075
G1 X97.021 Y98.601 E.06971
G1 X96.529 Y99.094 E.02075
G1 X94.456 Y100.181 E.06971
G1 X93.964 Y100.674 E.02075
G1 X92.876 Y102.746 E.06971
G1 X92.384 Y103.239 E.02075
G1 X90.321 Y104.321 E.06938
G1 X90.489 Y103.74 E.01803
G1 X90.831 Y102.776 E.03047
G1 X94.173 Y103.859 F24000
G1 F9044
G1 X93.851 Y104.758 E.02847
G1 X93.657 Y105.402 E.02003
G1 X92.876 Y106.891 E.05008
G1 X92.384 Y107.384 E.02075
G1 X90.311 Y108.471 E.06971
G1 X89.819 Y108.964 E.02075
G1 X89.516 Y109.54 E.01939
G1 X89.525 Y110.799 E.0375
G1 X89.546 Y111.168 E.011
G1 X93.05 Y109.095 F24000
G1 F9044
G1 X93.025 Y109.637 E.01615
G1 X93.041 Y110.723 E.03234
G1 X92.876 Y111.036 E.01055
G1 X92.384 Y111.529 E.02075
G1 X90.311 Y112.616 E.06971
G1 X89.819 Y113.109 E.02075
G1 X89.766 Y113.209 E.00338
G1 X89.82 Y113.554 E.01038
G1 X90.062 Y114.73 E.03577
G1 X90.259 Y115.494 E.02349
G1 X90.609 Y116.605 E.03471
G1 X92.384 Y115.674 E.05969
G1 X92.876 Y115.181 E.02075
G1 X93.501 Y113.991 E.04005
G1 X93.633 Y114.518 E.01619
G1 X93.968 Y115.592 E.03353
G1 X94.227 Y116.283 E.02198
G1 X94.438 Y116.78 E.01606
G1 X93.964 Y117.254 E.01997
G1 X92.876 Y119.326 E.06971
G1 X92.384 Y119.819 E.02075
G1 X92.104 Y119.966 E.00942
G1 X92.663 Y120.922 E.03299
G1 X93.332 Y121.919 E.03577
G1 X93.542 Y122.201 E.01049
G1 X93.964 Y121.399 E.027
G1 X94.456 Y120.906 E.02075
G1 X96.256 Y119.962 E.06055
G1 X96.937 Y120.847 E.03327
G1 X97.863 Y121.868 E.04104
G1 X97.021 Y123.471 E.05394
G1 X96.529 Y123.964 E.02075
G1 X95.524 Y124.491 E.03381
G1 X95.938 Y124.904 E.01742
G1 X96.832 Y125.7 E.03566
G1 X97.444 Y126.193 E.0234
G1 X97.678 Y126.364 E.00865
G1 X98.109 Y125.544 E.02759
G1 X98.601 Y125.051 E.02075
G1 X100.49 Y124.06 E.06353
G1 X100.938 Y124.358 E.01603
G1 X101.873 Y124.907 E.0323
G1 X102.544 Y125.253 E.02249
G1 X102.254 Y125.544 E.01225
G1 X101.166 Y127.616 E.06971
G1 X100.674 Y128.109 E.02075
G1 X100.548 Y128.175 E.00422
G1 X100.898 Y128.358 E.01177
G1 X101.883 Y128.815 E.03234
G1 X102.788 Y129.174 E.02901
G1 X104.819 Y128.109 E.0683
G1 X105.311 Y127.616 E.02075
G1 X105.909 Y126.476 E.03835
G1 X106.496 Y126.613 E.01795
G1 X107.286 Y126.76 E.02394
G1 X108.387 Y126.902 E.03304
G1 X109.148 Y126.957 E.02273
G1 X109.792 Y126.976 E.01922
G1 X109.456 Y127.616 E.02155
G1 X108.964 Y128.109 E.02075
G1 X106.891 Y129.196 E.06971
G1 X106.399 Y129.689 E.02075
G1 X106.172 Y130.121 E.01455
G1 X106.838 Y130.245 E.02019
G1 X107.621 Y130.352 E.02354
G1 X108.408 Y130.429 E.02354
G1 X109.603 Y130.487 E.03564
G1 X110.128 Y130.482 E.01564
G1 X110.544 Y129.689 E.02667
G1 X111.036 Y129.196 E.02075
G1 X113.109 Y128.109 E.06971
G1 X113.601 Y127.616 E.02075
G1 X114.217 Y126.444 E.03945
G1 X115.129 Y126.186 E.02823
G1 X115.772 Y125.965 E.02027
G1 X125.52 Y123.37 F24000
G1 F9044
G1 X124.904 Y124.062 E.02759
G1 X124.408 Y124.56 E.02091
G1 X123.471 Y125.051 E.03152
G1 X122.979 Y125.544 E.02075
G1 X122.701 Y126.074 E.01784
G1 X121.919 Y126.668 E.02924
G1 X120.922 Y127.337 E.03577
G1 X120.249 Y127.743 E.0234
G1 X119.196 Y128.311 E.03564
G1 X118.112 Y128.817 E.03564
G1 X117.384 Y129.114 E.02343
G1 X116.356 Y129.479 E.03247
G1 X115.494 Y129.741 E.02686
G1 X114.537 Y129.977 E.02934
G1 X114.689 Y129.689 E.0097
G1 X115.181 Y129.196 E.02075
G1 X117.254 Y128.109 E.06971
G1 X117.746 Y127.616 E.02075
G1 X118.834 Y125.544 E.06971
G1 X119.326 Y125.051 E.02075
G1 X121.399 Y123.964 E.06971
G1 X121.891 Y123.471 E.02075
G1 X122.979 Y121.399 E.06971
G1 X123.471 Y120.906 E.02075
G1 X125.544 Y119.819 E.06971
G1 X126.036 Y119.326 E.02075
G1 X127.124 Y117.254 E.06971
G1 X127.616 Y116.761 E.02075
G1 X129.679 Y115.679 E.06938
G1 X129.511 Y116.26 E.01803
G1 X129.169 Y117.224 E.03047
G1 X125.821 Y116.151 F24000
G1 F9044
G1 X125.966 Y115.777 E.01197
G1 X126.216 Y115.032 E.0234
G1 X126.337 Y114.608 E.01313
G1 X127.124 Y113.109 E.05044
G1 X127.616 Y112.616 E.02075
G1 X129.689 Y111.529 E.06971
G1 X130.181 Y111.036 E.02075
M73 P67 R2
G1 X130.484 Y110.46 E.01939
G1 X130.475 Y109.201 E.0375
G1 X130.454 Y108.832 E.011
G1 X126.954 Y110.902 F24000
G1 F9044
G1 X126.978 Y110.173 E.02172
G1 X126.961 Y109.275 E.02678
G1 X127.124 Y108.964 E.01046
G1 X127.616 Y108.471 E.02075
G1 X129.689 Y107.384 E.06971
G1 X130.181 Y106.891 E.02075
G1 X130.234 Y106.791 E.00338
G1 X130.18 Y106.446 E.01038
G1 X129.938 Y105.272 E.03573
G1 X129.711 Y104.404 E.02672
G1 X129.396 Y103.393 E.03155
G1 X127.616 Y104.326 E.05985
G1 X127.124 Y104.819 E.02075
G1 X126.501 Y106.005 E.03992
G1 X126.211 Y104.952 E.03253
G1 X125.966 Y104.223 E.02292
G1 X125.562 Y103.22 E.0322
G1 X126.036 Y102.746 E.01997
G1 X127.124 Y100.674 E.06971
G1 X127.616 Y100.181 E.02075
G1 X127.898 Y100.034 E.00946
G1 X127.692 Y99.664 E.0126
G1 X127.118 Y98.737 E.03247
G1 X126.456 Y97.802 E.03413
G1 X126.036 Y98.601 E.02688
G1 X125.544 Y99.094 E.02075
G1 X123.745 Y100.038 E.06051
G1 X123.192 Y99.311 E.02719
G1 X122.699 Y98.73 E.02269
G1 X122.138 Y98.13 E.02446
G1 X122.979 Y96.529 E.05388
G1 X123.471 Y96.036 E.02075
G1 X124.48 Y95.507 E.03393
G1 X123.984 Y95.024 E.02062
G1 X123.169 Y94.301 E.03247
G1 X122.556 Y93.807 E.02343
G1 X122.322 Y93.636 E.00865
G1 X121.891 Y94.456 E.02759
G1 X121.399 Y94.949 E.02075
G1 X119.513 Y95.938 E.06344
G1 X118.909 Y95.546 E.02145
G1 X118.152 Y95.107 E.02607
G1 X117.453 Y94.749 E.02337
G1 X117.746 Y94.456 E.01234
G1 X118.834 Y92.384 E.06971
G1 X119.326 Y91.891 E.02075
G1 X119.452 Y91.825 E.00422
G1 X119.102 Y91.642 E.01177
G1 X118.117 Y91.185 E.03234
G1 X117.212 Y90.826 E.02901
G1 X115.181 Y91.891 E.0683
G1 X114.689 Y92.384 E.02075
G1 X114.089 Y93.526 E.03844
G1 X113.325 Y93.35 E.02336
G1 X112.541 Y93.212 E.02371
G1 X111.785 Y93.115 E.0227
G1 X111.026 Y93.052 E.02269
G1 X110.208 Y93.024 E.02438
G1 X110.544 Y92.384 E.02153
G1 X111.036 Y91.891 E.02075
G1 X113.109 Y90.804 E.06971
G1 X113.601 Y90.311 E.02075
G1 X113.828 Y89.879 E.01455
G1 X113.162 Y89.755 E.02019
G1 X112.383 Y89.648 E.02341
G1 X111.189 Y89.544 E.03572
G1 X110.335 Y89.514 E.02543
G1 X109.872 Y89.518 E.01379
G1 X109.456 Y90.311 E.02668
G1 X108.964 Y90.804 E.02075
G1 X106.891 Y91.891 E.06971
G1 X106.399 Y92.384 E.02075
G1 X105.783 Y93.558 E.03949
G1 X104.68 Y93.876 E.03419
G1 X104.227 Y94.037 E.01431
; stop printing object Генератор.stl id:0 copy 0
;LAYER_CHANGE
;Z:5.4
;HEIGHT:0.2
;BEFORE_LAYER_CHANGE
;5.4
G92 E0

G1 E-1 F2400
;WIPE_START
G1 F12000
G1 X104.68 Y93.876
G1 X105.783 Y93.558
G1 X105.955 Y93.228
;WIPE_END
M486 S-1
;_SET_FAN_SPEED_CHANGING_LAYER
; printing object Генератор.stl id:0 copy 0
M486 S0
G1 Z5.6 F24000
G1 X130.781 Y109.283 Z5.6
G1 Z5.4
G1 E1 F2700
;TYPE:Inner wall
;WIDTH:0.449999
G1 F9198
G1 X130.792 Y110.403 E.03336
G1 X130.734 Y111.615 E.03612
G1 X130.656 Y112.414 E.02393
G1 X130.547 Y113.21 E.02393
G1 X130.324 Y114.406 E.03621
G1 X130.14 Y115.185 E.02384
G1 X129.802 Y116.352 E.03621
G1 X129.543 Y117.11 E.02385
G1 X129.094 Y118.24 E.03622
G1 X128.763 Y118.968 E.02384
G1 X128.207 Y120.05 E.03622
G1 X127.807 Y120.743 E.02384
G1 X127.15 Y121.763 E.03613
G1 X126.435 Y122.742 E.03612
G1 X125.933 Y123.365 E.02384
G1 X125.126 Y124.272 E.03614
G1 X124.34 Y125.061 E.03319
G1 X123.676 Y125.667 E.02679
G1 X122.74 Y126.437 E.03609
G1 X121.76 Y127.152 E.03612
G1 X121.089 Y127.593 E.02393
G1 X120.401 Y128.009 E.02393
G1 X119.331 Y128.586 E.03621
G1 X118.608 Y128.931 E.02385
G1 X117.49 Y129.401 E.03614
G1 X116.44 Y129.773 E.03319
G1 X115.576 Y130.035 E.02688
G1 X114.799 Y130.235 E.0239
G1 X113.608 Y130.481 E.03621
G1 X112.817 Y130.605 E.02385
G1 X111.609 Y130.734 E.03621
G1 X110.809 Y130.781 E.02385
G1 X109.597 Y130.792 E.03612
G1 X108.385 Y130.734 E.03612
G1 X107.586 Y130.656 E.02393
G1 X106.79 Y130.547 E.02393
G1 X105.594 Y130.324 E.03621
G1 X104.815 Y130.14 E.02384
G1 X103.648 Y129.802 E.03621
G1 X102.89 Y129.543 E.02385
G1 X101.76 Y129.094 E.03622
G1 X101.032 Y128.763 E.02384
G1 X99.95 Y128.207 E.03622
G1 X99.257 Y127.807 E.02384
G1 X98.237 Y127.15 E.03613
G1 X97.258 Y126.435 E.03612
G1 X96.635 Y125.933 E.02384
G1 X95.728 Y125.126 E.03614
G1 X94.939 Y124.34 E.03319
G1 X94.333 Y123.676 E.02679
G1 X93.563 Y122.74 E.03609
G1 X92.848 Y121.76 E.03612
G1 X92.407 Y121.089 E.02393
G1 X91.991 Y120.401 E.02393
G1 X91.414 Y119.331 E.03621
G1 X91.069 Y118.608 E.02385
G1 X90.599 Y117.49 E.03614
G1 X90.227 Y116.44 E.03319
G1 X89.965 Y115.576 E.02688
G1 X89.765 Y114.799 E.0239
G1 X89.519 Y113.608 E.03621
G1 X89.395 Y112.817 E.02385
G1 X89.266 Y111.609 E.03621
G1 X89.219 Y110.809 E.02385
G1 X89.208 Y109.597 E.03612
G1 X89.266 Y108.385 E.03612
G1 X89.344 Y107.586 E.02393
G1 X89.453 Y106.79 E.02393
G1 X89.676 Y105.594 E.03621
G1 X89.86 Y104.815 E.02384
G1 X90.198 Y103.648 E.03621
G1 X90.457 Y102.89 E.02385
G1 X90.906 Y101.76 E.03622
G1 X91.237 Y101.032 E.02384
G1 X91.793 Y99.95 E.03622
G1 X92.193 Y99.257 E.02384
G1 X92.85 Y98.237 E.03613
G1 X93.565 Y97.258 E.03612
G1 X94.067 Y96.634 E.02386
G1 X94.809 Y95.798 E.03328
G1 X95.439 Y95.152 E.02688
G1 X96.023 Y94.601 E.0239
G1 X96.944 Y93.813 E.03612
G1 X97.909 Y93.079 E.03612
G1 X98.572 Y92.625 E.02394
G1 X99.252 Y92.196 E.02393
G1 X100.308 Y91.6 E.03612
G1 X101.397 Y91.067 E.03612
G1 X102.135 Y90.748 E.02394
G1 X102.884 Y90.459 E.02393
G1 X104.035 Y90.078 E.03612
G1 X105.207 Y89.764 E.03613
G1 X105.989 Y89.594 E.02385
G1 X107.189 Y89.395 E.03622
G1 X107.984 Y89.302 E.02384
G1 X109.194 Y89.219 E.03614
G1 X110.308 Y89.207 E.03319
G1 X111.207 Y89.239 E.02679
G1 X112.417 Y89.345 E.03619
G1 X113.21 Y89.453 E.02384
G1 X114.406 Y89.676 E.03621
G1 X115.185 Y89.86 E.02384
G1 X116.352 Y90.198 E.03621
G1 X117.11 Y90.457 E.02385
G1 X118.24 Y90.906 E.03622
G1 X118.968 Y91.237 E.02384
G1 X120.093 Y91.818 E.0377
G1 X121.009 Y92.365 E.03178
G1 X121.813 Y92.887 E.02853
G1 X122.781 Y93.596 E.03576
G1 X123.402 Y94.1 E.02381
G1 X124.313 Y94.918 E.03649
G1 X124.97 Y95.568 E.02753
G1 X125.602 Y96.261 E.02792
G1 X126.223 Y96.992 E.02857
G1 X126.949 Y97.951 E.03582
G1 X127.396 Y98.606 E.02364
G1 X127.834 Y99.305 E.02457
G1 X128.403 Y100.314 E.03452
G1 X128.953 Y101.443 E.03738
G1 X129.266 Y102.172 E.02364
G1 X129.594 Y103.044 E.02775
G1 X129.938 Y104.094 E.03289
G1 X130.252 Y105.282 E.03662
G1 X130.489 Y106.441 E.03523
G1 X130.643 Y107.541 E.0331
G1 X130.739 Y108.474 E.02794
G1 X130.781 Y109.241 E.02286
G1 X130.781 Y109.243 E.00008
G1 X131.195 Y109.279 F24000
M204 P4000
;TYPE:Outer wall
;WIDTH:0.419999
G1 F9198
G1 X131.206 Y110.411 E.03123
G1 X131.146 Y111.645 E.03407
G1 X131.067 Y112.462 E.02267
G1 X130.955 Y113.276 E.02267
G1 X130.729 Y114.491 E.0341
G1 X130.54 Y115.29 E.02264
G1 X130.197 Y116.477 E.03409
G1 X129.931 Y117.253 E.02265
G1 X129.475 Y118.402 E.0341
G1 X129.135 Y119.149 E.02264
G1 X128.57 Y120.248 E.0341
G1 X128.16 Y120.958 E.02264
G1 X127.491 Y121.997 E.03407
G1 X126.764 Y122.994 E.03407
G1 X126.248 Y123.633 E.02264
G1 X125.427 Y124.555 E.03407
G1 X124.626 Y125.36 E.03133
G1 X123.947 Y125.98 E.02538
G1 X122.993 Y126.764 E.03406
G1 X121.996 Y127.492 E.03407
G1 X121.309 Y127.943 E.02267
G1 X120.606 Y128.368 E.02267
G1 X119.518 Y128.954 E.03409
G1 X118.778 Y129.308 E.02264
G1 X117.639 Y129.786 E.03407
G1 X116.569 Y130.166 E.03133
G1 X115.688 Y130.433 E.02541
G1 X114.892 Y130.638 E.02266
G1 X113.682 Y130.888 E.0341
G1 X112.871 Y131.015 E.02264
G1 X111.643 Y131.146 E.03409
G1 X110.823 Y131.194 E.02264
G1 X109.589 Y131.206 E.03407
G1 X108.355 Y131.146 E.03407
G1 X107.538 Y131.067 E.02267
G1 X106.724 Y130.955 E.02267
G1 X105.509 Y130.729 E.0341
G1 X104.71 Y130.54 E.02264
G1 X103.523 Y130.197 E.03409
G1 X102.747 Y129.931 E.02265
G1 X101.598 Y129.475 E.0341
G1 X100.851 Y129.135 E.02264
G1 X99.752 Y128.57 E.0341
G1 X99.042 Y128.16 E.02264
G1 X98.003 Y127.491 E.03407
G1 X97.006 Y126.764 E.03407
G1 X96.367 Y126.248 E.02264
G1 X95.445 Y125.427 E.03407
G1 X94.64 Y124.626 E.03133
G1 X94.02 Y123.947 E.02538
G1 X93.236 Y122.993 E.03406
G1 X92.508 Y121.996 E.03407
G1 X92.057 Y121.309 E.02267
G1 X91.632 Y120.606 E.02267
G1 X91.046 Y119.518 E.03409
G1 X90.692 Y118.778 E.02264
G1 X90.214 Y117.639 E.03407
G1 X89.834 Y116.569 E.03133
G1 X89.567 Y115.688 E.02541
G1 X89.362 Y114.892 E.02266
G1 X89.112 Y113.682 E.0341
G1 X88.985 Y112.871 E.02264
G1 X88.854 Y111.643 E.03409
G1 X88.806 Y110.823 E.02264
G1 X88.794 Y109.589 E.03407
G1 X88.854 Y108.355 E.03407
G1 X88.933 Y107.538 E.02267
G1 X89.045 Y106.724 E.02267
G1 X89.271 Y105.509 E.0341
G1 X89.46 Y104.71 E.02264
G1 X89.803 Y103.523 E.03409
G1 X90.069 Y102.747 E.02265
G1 X90.525 Y101.598 E.0341
G1 X90.865 Y100.851 E.02264
G1 X91.43 Y99.752 E.0341
G1 X91.84 Y99.042 E.02264
G1 X92.509 Y98.003 E.03407
G1 X93.236 Y97.006 E.03407
G1 X93.752 Y96.367 E.02264
G1 X94.506 Y95.517 E.03136
G1 X95.149 Y94.857 E.02541
G1 X95.746 Y94.294 E.02266
G1 X96.684 Y93.491 E.03407
G1 X97.667 Y92.744 E.03407
G1 X98.345 Y92.279 E.02267
G1 X99.04 Y91.841 E.02267
G1 X100.115 Y91.234 E.03407
G1 X101.224 Y90.691 E.03406
G1 X101.978 Y90.365 E.02268
G1 X102.745 Y90.07 E.02267
G1 X103.917 Y89.681 E.03407
G1 X105.11 Y89.362 E.03407
G1 X105.912 Y89.188 E.02264
G1 X107.131 Y88.985 E.0341
G1 X107.946 Y88.89 E.02264
G1 X109.178 Y88.806 E.03407
G1 X110.313 Y88.793 E.03133
G1 X111.233 Y88.826 E.02538
G1 X112.463 Y88.934 E.03409
G1 X113.276 Y89.045 E.02264
G1 X114.491 Y89.271 E.0341
G1 X115.29 Y89.46 E.02264
G1 X116.477 Y89.803 E.03409
G1 X117.253 Y90.069 E.02265
G1 X118.402 Y90.525 E.0341
G1 X119.149 Y90.865 E.02264
G1 X120.248 Y91.43 E.0341
G1 X120.958 Y91.84 E.02264
G1 X121.997 Y92.509 E.03407
G1 X122.994 Y93.236 E.03407
G1 X123.633 Y93.752 E.02264
G1 X124.483 Y94.506 E.03136
G1 X125.143 Y95.149 E.02541
G1 X125.706 Y95.746 E.02266
G1 X126.509 Y96.684 E.03407
G1 X127.29 Y97.717 E.03572
G1 X127.746 Y98.386 E.02234
G1 X128.194 Y99.102 E.02331
G1 X128.77 Y100.123 E.03235
G1 X129.333 Y101.279 E.03547
G1 X129.652 Y102.023 E.02234
G1 X129.987 Y102.914 E.02626
G1 X130.338 Y103.987 E.03113
G1 X130.657 Y105.199 E.03459
G1 X130.897 Y106.377 E.03319
G1 X131.054 Y107.497 E.03121
G1 X131.152 Y108.45 E.02643
G1 X131.195 Y109.237 E.02173
G1 X131.195 Y109.239 E.00008
G1 E-1 F2400
;WIPE_START
G1 F12000
G1 X131.206 Y110.411
G1 X131.166 Y111.238
;WIPE_END
G1 Z5.6 F24000
G1 X95.901 Y101.121 Z5.6
G1 Z5.4
G1 E1 F2700
M204 P5000
;TYPE:Inner wall
;WIDTH:0.449999
G1 F9198
G1 X96.267 Y100.559 E.01998
G1 X96.845 Y99.759 E.02941
G1 X97.23 Y99.285 E.01818
G1 X97.845 Y98.59 E.02765
G1 X98.348 Y98.077 E.02141
G1 X98.798 Y97.655 E.01838
G1 X99.552 Y97.017 E.02941
G1 X100.335 Y96.417 E.0294
G1 X101.374 Y95.736 E.03701
G1 X102.24 Y95.251 E.02955
G1 X103.129 Y94.813 E.02951
G1 X103.692 Y94.57 E.01825
G1 X104.764 Y94.17 E.03411
G1 X105.477 Y93.952 E.02221
G1 X106.2 Y93.765 E.02221
G1 X107.289 Y93.549 E.0331
G1 X108.034 Y93.443 E.02241
G1 X108.776 Y93.372 E.02221
G1 X109.38 Y93.341 E.01799
G1 X110.266 Y93.329 E.02642
G1 X111 Y93.357 E.02186
G1 X111.755 Y93.419 E.02256
G1 X112.51 Y93.516 E.02269
G1 X113.587 Y93.717 E.03263
G1 X114.169 Y93.859 E.01785
G1 X115.033 Y94.105 E.02676
G1 X115.728 Y94.341 E.02185
G1 X116.433 Y94.618 E.02257
G1 X117.114 Y94.921 E.02221
G1 X117.782 Y95.254 E.02221
G1 X118.643 Y95.746 E.02954
G1 X119.378 Y96.214 E.02596
G1 X119.985 Y96.647 E.02221
G1 X120.572 Y97.107 E.02221
G1 X121.407 Y97.84 E.0331
G1 X121.932 Y98.355 E.02191
G1 X122.354 Y98.806 E.01838
G1 X122.936 Y99.48 E.02653
G1 X123.393 Y100.069 E.0222
G1 X123.824 Y100.678 E.02221
G1 X124.235 Y101.319 E.02269
G1 X124.774 Y102.272 E.03263
G1 X125.108 Y102.946 E.02241
G1 X125.367 Y103.533 E.01909
G1 X125.677 Y104.322 E.02525
G1 X125.916 Y105.031 E.02229
G1 X126.211 Y106.102 E.0331
G1 X126.371 Y106.838 E.02242
G1 X126.519 Y107.774 E.02824
G1 X126.621 Y108.684 E.02727
G1 X126.661 Y109.376 E.02065
M73 P68 R2
G1 X126.673 Y110.173 E.02376
G1 X126.648 Y110.919 E.02221
G1 X126.59 Y111.662 E.02221
G1 X126.465 Y112.611 E.0285
G1 X126.302 Y113.5 E.02693
G1 X126.14 Y114.181 E.02084
G1 X125.923 Y114.945 E.02364
G1 X125.686 Y115.651 E.02221
G1 X125.457 Y116.25 E.01909
G1 X125.12 Y117.028 E.02526
G1 X124.617 Y118.022 E.03318
G1 X124.263 Y118.634 E.02108
G1 X123.838 Y119.301 E.02353
G1 X123.409 Y119.91 E.02221
G1 X122.952 Y120.5 E.02221
G1 X122.224 Y121.339 E.0331
G1 X121.7 Y121.879 E.02241
G1 X121.157 Y122.39 E.02221
G1 X120.672 Y122.809 E.01909
G1 X120.195 Y123.188 E.01814
G1 X119.399 Y123.772 E.02939
G1 X118.45 Y124.374 E.03347
G1 X117.896 Y124.684 E.01892
G1 X117.14 Y125.067 E.02525
G1 X116.457 Y125.372 E.02229
G1 X115.99 Y125.556 E.01495
G1 X115.148 Y125.85 E.02657
G1 X113.982 Y126.191 E.03619
G1 X113.357 Y126.331 E.01909
G1 X112.522 Y126.482 E.02526
G1 X111.416 Y126.613 E.03318
G1 X110.665 Y126.66 E.02241
G1 X109.92 Y126.673 E.02221
G1 X109.174 Y126.653 E.02222
G1 X108.067 Y126.561 E.0331
G1 X107.405 Y126.469 E.0199
G1 X106.589 Y126.321 E.02472
G1 X105.862 Y126.152 E.02221
G1 X105.144 Y125.951 E.02222
G1 X104.274 Y125.654 E.02739
G1 X103.395 Y125.309 E.02812
G1 X102.361 Y124.821 E.03407
G1 X101.728 Y124.477 E.02144
G1 X101.09 Y124.093 E.02221
G1 X100.546 Y123.732 E.01943
G1 X99.866 Y123.24 E.025
G1 X99.281 Y122.761 E.02254
G1 X98.539 Y122.107 E.02948
G1 X97.907 Y121.47 E.02672
G1 X97.445 Y120.963 E.02044
G1 X96.809 Y120.194 E.02971
G1 X96.281 Y119.476 E.02653
G1 X95.874 Y118.857 E.02208
G1 X95.555 Y118.324 E.01851
G1 X95.137 Y117.556 E.02603
G1 X94.814 Y116.884 E.02221
G1 X94.522 Y116.198 E.02221
G1 X94.26 Y115.5 E.02222
G1 X93.929 Y114.439 E.0331
G1 X93.775 Y113.831 E.0187
G1 X93.595 Y112.98 E.02591
G1 X93.478 Y112.243 E.02222
G1 X93.375 Y111.232 E.03028
G1 X93.343 Y110.647 E.01743
G1 X93.33 Y109.64 E.03
G1 X93.363 Y108.895 E.02221
G1 X93.528 Y107.44 E.04362
G1 X93.715 Y106.434 E.03049
G1 X93.857 Y105.842 E.01812
G1 X94.133 Y104.878 E.02989
G1 X94.338 Y104.303 E.01818
G1 X94.707 Y103.369 E.02991
G1 X94.955 Y102.823 E.01785
G1 X95.422 Y101.912 E.03049
G1 X95.728 Y101.387 E.01811
G1 X95.879 Y101.155 E.00824
G1 X96.247 Y101.347 F24000
M204 P4000
;TYPE:Outer wall
;WIDTH:0.419999
G1 F9198
G1 X96.61 Y100.79 E.01834
G1 X97.175 Y100.009 E.0266
G1 X97.548 Y99.55 E.01633
G1 X98.151 Y98.868 E.0251
G1 X98.641 Y98.369 E.01932
G1 X99.078 Y97.959 E.01652
G1 X99.814 Y97.336 E.0266
G1 X100.579 Y96.75 E.0266
G1 X101.588 Y96.09 E.03326
G1 X102.434 Y95.616 E.02677
G1 X103.303 Y95.188 E.02672
G1 X103.847 Y94.953 E.01635
G1 X104.903 Y94.56 E.03109
G1 X105.598 Y94.347 E.02006
G1 X106.302 Y94.166 E.02007
G1 X107.37 Y93.954 E.03002
G1 X108.092 Y93.852 E.02012
G1 X108.816 Y93.783 E.02006
G1 X109.4 Y93.754 E.01615
G1 X110.269 Y93.742 E.02396
G1 X110.984 Y93.77 E.01974
G1 X111.72 Y93.831 E.02039
G1 X112.446 Y93.925 E.0202
G1 X113.511 Y94.124 E.0299
G1 X114.071 Y94.261 E.0159
G1 X114.917 Y94.501 E.02428
G1 X115.594 Y94.733 E.01973
G1 X116.282 Y95.003 E.0204
G1 X116.946 Y95.298 E.02006
G1 X117.597 Y95.624 E.02007
G1 X118.437 Y96.105 E.02673
G1 X119.153 Y96.561 E.02341
G1 X119.745 Y96.983 E.02006
G1 X120.317 Y97.432 E.02007
G1 X121.134 Y98.15 E.03002
G1 X121.642 Y98.65 E.01966
G1 X122.051 Y99.088 E.01652
G1 X122.621 Y99.748 E.02407
G1 X123.066 Y100.322 E.02006
G1 X123.486 Y100.916 E.02007
G1 X123.881 Y101.532 E.0202
G1 X124.414 Y102.476 E.0299
G1 X124.737 Y103.129 E.02012
G1 X124.989 Y103.7 E.0172
G1 X125.292 Y104.472 E.0229
G1 X125.524 Y105.163 E.02009
G1 X125.812 Y106.212 E.03002
G1 X125.967 Y106.925 E.02013
G1 X126.111 Y107.838 E.02552
G1 X126.21 Y108.725 E.02462
G1 X126.248 Y109.399 E.01862
G1 X126.259 Y110.178 E.0215
G1 X126.235 Y110.905 E.02006
G1 X126.178 Y111.63 E.02007
G1 X126.056 Y112.556 E.02579
G1 X125.895 Y113.424 E.02433
G1 X125.738 Y114.085 E.01875
G1 X125.526 Y114.83 E.02139
G1 X125.294 Y115.52 E.02006
G1 X125.071 Y116.101 E.01719
G1 X124.74 Y116.863 E.02291
G1 X124.248 Y117.835 E.03005
G1 X123.905 Y118.427 E.01889
G1 X123.49 Y119.078 E.02129
G1 X123.071 Y119.672 E.02006
G1 X122.625 Y120.246 E.02007
G1 X121.912 Y121.068 E.03002
G1 X121.403 Y121.591 E.02012
G1 X120.874 Y122.089 E.02006
G1 X120.402 Y122.496 E.0172
G1 X119.938 Y122.863 E.01632
G1 X119.159 Y123.435 E.02667
G1 X118.237 Y124.019 E.03012
G1 X117.694 Y124.323 E.01715
G1 X116.954 Y124.698 E.0229
G1 X116.289 Y124.995 E.02009
G1 X115.612 Y125.261 E.02007
G1 X114.376 Y125.657 E.0358
G1 X113.873 Y125.792 E.01439
G1 X113.266 Y125.928 E.01715
G1 X112.449 Y126.074 E.02291
G1 X111.368 Y126.202 E.03005
G1 X110.64 Y126.247 E.02012
G1 X109.913 Y126.26 E.02006
G1 X109.186 Y126.24 E.02007
G1 X108.102 Y126.149 E.03002
G1 X107.463 Y126.059 E.01779
G1 X106.665 Y125.914 E.02239
G1 X105.956 Y125.749 E.02006
G1 X105.256 Y125.553 E.02007
G1 X104.408 Y125.263 E.02473
G1 X103.551 Y124.926 E.02541
G1 X102.991 Y124.662 E.01706
G1 X102.12 Y124.219 E.02696
G1 X101.61 Y123.924 E.01627
G1 X100.775 Y123.388 E.02737
G1 X100.11 Y122.907 E.02265
G1 X99.543 Y122.441 E.02024
G1 X98.818 Y121.802 E.02667
G1 X98.202 Y121.181 E.02414
G1 X97.756 Y120.69 E.01831
G1 X97.133 Y119.937 E.02696
G1 X96.616 Y119.234 E.02407
G1 X96.219 Y118.63 E.01994
G1 X95.911 Y118.112 E.01663
G1 X95.502 Y117.361 E.0236
G1 X95.187 Y116.705 E.02006
G1 X94.902 Y116.036 E.02006
G1 X94.647 Y115.355 E.02007
G1 X94.323 Y114.316 E.03002
G1 X94.176 Y113.73 E.01668
G1 X94 Y112.897 E.02349
G1 X93.887 Y112.178 E.02007
G1 X93.787 Y111.19 E.02741
G1 X93.756 Y110.629 E.01551
G1 X93.744 Y109.64 E.02728
G1 X93.776 Y108.914 E.02007
G1 X93.937 Y107.504 E.03913
G1 X94.12 Y106.516 E.02773
G1 X94.258 Y105.943 E.01627
G1 X94.529 Y104.996 E.02717
G1 X94.727 Y104.442 E.01623
G1 X95.088 Y103.529 E.02709
G1 X95.327 Y103.002 E.01598
G1 X95.786 Y102.108 E.02773
G1 X96.083 Y101.598 E.01627
G1 X96.225 Y101.381 E.00717
G1 E-1 F2400
;WIPE_START
G1 F12000
G1 X96.61 Y100.79
G1 X97.175 Y100.009
G1 X97.384 Y99.752
;WIPE_END
G1 Z5.6 F24000
G1 X94.549 Y102.963 Z5.6
G1 Z5.4
G1 E1 F2700
M204 P5000
;TYPE:Sparse infill
;WIDTH:0.45
G1 F9198
G1 X94.195 Y103.799 E.02705
G1 X93.951 Y104.477 E.02146
G1 X93.61 Y104.819 E.01438
G1 X93.23 Y106.891 E.06276
G1 X92.384 Y107.737 E.03564
G1 X90.311 Y108.118 E.06276
G1 X89.548 Y108.881 E.03214
G1 X89.513 Y109.603 E.02153
G1 X89.525 Y110.799 E.03564
G1 X89.57 Y111.584 E.02341
G1 X89.711 Y112.862 E.03832
G1 X90.311 Y112.263 E.02526
G1 X92.384 Y111.882 E.06276
G1 X93.066 Y111.2 E.02873
G1 X93.171 Y112.249 E.03139
G1 X93.289 Y113.004 E.02276
G1 X93.471 Y113.869 E.02634
G1 X93.23 Y115.181 E.03973
G1 X92.384 Y116.027 E.03564
G1 X90.525 Y116.368 E.05628
G1 X90.884 Y117.38 E.03196
G1 X91.099 Y117.892 E.01654
G1 X95.03 Y118.002 F24000
G1 F9198
G1 X94.536 Y117.011 E.03298
G1 X94.332 Y116.531 E.01552
G1 X93.61 Y117.254 E.03043
G1 X93.23 Y119.326 E.06276
G1 X92.384 Y120.172 E.03564
G1 X92.23 Y120.201 E.00464
G1 X92.665 Y120.926 E.02519
G1 X93.099 Y121.586 E.02354
G1 X93.48 Y122.108 E.01924
G1 X93.61 Y121.399 E.02148
G1 X94.456 Y120.553 E.03564
G1 X96.423 Y120.192 E.05956
G1 X96.937 Y120.846 E.0248
G1 X97.701 Y121.696 E.03402
G1 X97.375 Y123.471 E.05377
G1 X96.529 Y124.317 E.03564
G1 X95.533 Y124.5 E.03016
G1 X95.938 Y124.904 E.01704
G1 X96.832 Y125.7 E.03566
G1 X97.613 Y126.317 E.02965
G1 X97.755 Y125.544 E.02341
G1 X98.601 Y124.698 E.03564
G1 X100.674 Y124.317 E.06276
G1 X100.754 Y124.237 E.00339
G1 X101.581 Y124.744 E.02889
G1 X102.309 Y125.134 E.02462
G1 X101.9 Y125.544 E.01725
G1 X101.52 Y127.616 E.06276
G1 X100.823 Y128.313 E.02933
G1 X101.165 Y128.488 E.01143
G1 X101.88 Y128.813 E.0234
G1 X102.521 Y129.068 E.02055
G1 X102.746 Y128.843 E.00949
G1 X104.819 Y128.462 E.06276
G1 X105.665 Y127.616 E.03564
G1 X105.875 Y126.468 E.03477
G1 X106.496 Y126.613 E.01898
G1 X107.242 Y126.753 E.02262
G1 X108.018 Y126.863 E.02333
G1 X109.147 Y126.957 E.03374
G1 X109.927 Y126.978 E.02325
G1 X109.81 Y127.616 E.01934
G1 X108.964 Y128.462 E.03564
G1 X106.891 Y128.843 E.06276
G1 X106.045 Y129.689 E.03564
G1 X105.973 Y130.084 E.01197
G1 X106.838 Y130.245 E.02623
G1 X107.621 Y130.352 E.02354
G1 X108.408 Y130.429 E.02354
G1 X109.603 Y130.487 E.03564
G1 X110.044 Y130.483 E.01316
G1 X110.19 Y129.689 E.02404
G1 X111.036 Y128.843 E.03564
G1 X113.109 Y128.462 E.06276
G1 X113.955 Y127.616 E.03564
G1 X114.168 Y126.457 E.03511
G1 X114.783 Y126.291 E.01898
G1 X115.724 Y125.981 E.02953
G1 X115.85 Y129.633 F24000
G1 F9198
G1 X114.73 Y129.938 E.03457
G1 X114.272 Y130.032 E.01392
G1 X114.335 Y129.689 E.01039
G1 X115.181 Y128.843 E.03564
G1 X117.254 Y128.462 E.06276
G1 X118.1 Y127.616 E.03564
G1 X118.48 Y125.544 E.06276
G1 X119.326 Y124.698 E.03564
G1 X121.399 Y124.317 E.06276
G1 X122.245 Y123.471 E.03564
G1 X122.625 Y121.399 E.06276
G1 X123.471 Y120.553 E.03564
G1 X125.544 Y120.172 E.06276
G1 X126.39 Y119.326 E.03564
G1 X126.77 Y117.254 E.06276
G1 X127.616 Y116.408 E.03564
G1 X129.572 Y116.049 E.05923
G1 X129.257 Y117.004 E.02997
G1 X128.813 Y118.12 E.03577
G1 X128.488 Y118.835 E.0234
G1 X127.939 Y119.903 E.03578
G1 X127.475 Y120.694 E.02731
G1 X126.77 Y121.399 E.02969
G1 X126.68 Y121.888 E.01482
G1 X126.193 Y122.556 E.02463
G1 X125.7 Y123.168 E.0234
G1 X124.904 Y124.062 E.03566
G1 X124.449 Y124.518 E.01918
G1 X123.471 Y124.698 E.02962
G1 X122.625 Y125.544 E.03564
G1 X122.498 Y126.235 E.02094
G1 X121.586 Y126.901 E.03363
G1 X121.169 Y127.175 E.01487
G1 X125.451 Y117.031 F24000
G1 F9198
G1 X125.729 Y116.392 E.02073
G1 X126.053 Y115.518 E.02777
G1 X126.39 Y115.181 E.01419
G1 X126.77 Y113.109 E.06276
G1 X127.616 Y112.263 E.03564
G1 X129.689 Y111.882 E.06276
G1 X130.452 Y111.119 E.03214
G1 X130.487 Y110.397 E.02153
G1 X130.475 Y109.201 E.03564
G1 X130.43 Y108.416 E.02341
G1 X130.289 Y107.138 E.03832
G1 X129.689 Y107.737 E.02526
G1 X127.616 Y108.118 E.06276
G1 X126.934 Y108.8 E.02876
G1 X126.847 Y107.89 E.02723
M73 P69 R2
G1 X126.671 Y106.783 E.0334
G1 X126.53 Y106.13 E.01989
G1 X126.77 Y104.819 E.03971
G1 X127.616 Y103.973 E.03564
G1 X129.467 Y103.633 E.05606
G1 X129.254 Y102.987 E.02026
G1 X128.906 Y102.105 E.02824
G1 X124.97 Y101.997 F24000
G1 F9198
G1 X125.384 Y102.815 E.0273
G1 X125.67 Y103.466 E.02119
G1 X126.39 Y102.746 E.03034
G1 X126.77 Y100.674 E.06276
G1 X127.616 Y99.828 E.03564
G1 X127.763 Y99.801 E.00443
G1 X127.541 Y99.409 E.01341
G1 X127.12 Y98.74 E.02354
G1 X126.521 Y97.888 E.03103
G1 X126.39 Y98.601 E.0216
G1 X125.544 Y99.447 E.03564
G1 X123.577 Y99.808 E.05956
G1 X123.192 Y99.311 E.01872
G1 X122.699 Y98.73 E.0227
G1 X122.3 Y98.3 E.01748
G1 X122.625 Y96.529 E.05365
G1 X123.471 Y95.683 E.03564
G1 X124.472 Y95.499 E.03031
G1 X123.994 Y95.032 E.01991
G1 X123.168 Y94.301 E.03285
G1 X122.387 Y93.683 E.02967
G1 X122.245 Y94.456 E.02341
G1 X121.399 Y95.302 E.03564
G1 X119.326 Y95.683 E.06276
G1 X119.244 Y95.764 E.00345
G1 X118.901 Y95.541 E.01221
G1 X117.959 Y95.003 E.0323
G1 X117.689 Y94.867 E.00902
G1 X118.1 Y94.456 E.01731
G1 X118.48 Y92.384 E.06276
G1 X119.177 Y91.687 E.02933
G1 X118.835 Y91.512 E.01143
G1 X118.12 Y91.187 E.0234
G1 X117.479 Y90.932 E.02055
G1 X117.254 Y91.157 E.00949
G1 X115.181 Y91.538 E.06276
G1 X114.335 Y92.384 E.03564
G1 X114.124 Y93.534 E.03485
G1 X113.65 Y93.418 E.01454
G1 X112.573 Y93.217 E.03263
G1 X111.817 Y93.119 E.0227
G1 X111.026 Y93.052 E.02366
G1 X110.073 Y93.024 E.02841
G1 X110.19 Y92.384 E.01941
G1 X111.036 Y91.538 E.03564
G1 X113.109 Y91.157 E.06276
G1 X113.955 Y90.311 E.03564
G1 X114.027 Y89.916 E.01197
G1 X113.162 Y89.755 E.02623
G1 X112.383 Y89.648 E.0234
G1 X111.188 Y89.544 E.03573
G1 X110.348 Y89.514 E.02505
G1 X109.956 Y89.517 E.01169
G1 X109.81 Y90.311 E.02404
G1 X108.964 Y91.157 E.03564
G1 X106.891 Y91.538 E.06276
G1 X106.045 Y92.384 E.03564
G1 X105.832 Y93.545 E.03517
G1 X105.416 Y93.652 E.01278
G1 X104.68 Y93.876 E.02293
G1 X104.275 Y94.02 E.01279
G1 X104.151 Y90.363 F24000
G1 F9198
G1 X105.279 Y90.06 E.03479
G1 X105.729 Y89.963 E.01371
G1 X105.665 Y90.311 E.01054
G1 X104.819 Y91.157 E.03564
G1 X102.746 Y91.538 E.06276
G1 X101.9 Y92.384 E.03564
G1 X101.52 Y94.456 E.06276
G1 X100.674 Y95.302 E.03564
G1 X98.601 Y95.683 E.06276
G1 X97.755 Y96.529 E.03564
G1 X97.375 Y98.601 E.06276
G1 X96.529 Y99.447 E.03564
G1 X94.456 Y99.828 E.06276
G1 X93.61 Y100.674 E.03564
G1 X93.23 Y102.746 E.06276
G1 X92.384 Y103.592 E.03564
G1 X90.428 Y103.951 E.05923
G1 X90.743 Y102.996 E.02997
G1 X91.187 Y101.88 E.03577
G1 X91.512 Y101.165 E.0234
G1 X92.061 Y100.097 E.03578
G1 X92.525 Y99.306 E.02731
G1 X93.23 Y98.601 E.02969
G1 X93.32 Y98.112 E.01482
G1 X93.807 Y97.444 E.02463
G1 X94.301 Y96.832 E.02343
G1 X95.032 Y96.006 E.03285
G1 X95.542 Y95.483 E.02176
G1 X96.529 Y95.302 E.02987
G1 X97.375 Y94.456 E.03564
G1 X97.5 Y93.774 E.02066
G1 X98.088 Y93.327 E.022
G1 X98.824 Y92.827 E.0265
; stop printing object Генератор.stl id:0 copy 0
;LAYER_CHANGE
;Z:5.6
;HEIGHT:0.2
;BEFORE_LAYER_CHANGE
;5.6
G92 E0

G1 E-1 F2400
;WIPE_START
G1 F12000
G1 X98.088 Y93.327
G1 X97.5 Y93.774
G1 X97.433 Y94.14
;WIPE_END
M486 S-1
;_SET_FAN_SPEED_CHANGING_LAYER
; printing object Генератор.stl id:0 copy 0
M486 S0
G1 Z5.8 F24000
G1 X130.782 Y109.347 Z5.8
G1 Z5.6
G1 E1 F2700
;TYPE:Inner wall
;WIDTH:0.449999
G1 F9410
G1 X130.792 Y110.406 E.03156
G1 X130.761 Y111.206 E.02385
G1 X130.656 Y112.415 E.03614
G1 X130.494 Y113.53 E.03357
G1 X130.325 Y114.403 E.0265
G1 X130.14 Y115.185 E.02391
G1 X129.802 Y116.352 E.03621
G1 X129.543 Y117.11 E.02385
G1 X129.095 Y118.237 E.03613
G1 X128.583 Y119.336 E.03612
G1 X128.208 Y120.047 E.02394
G1 X127.807 Y120.743 E.02393
G1 X127.15 Y121.762 E.03612
G1 X126.435 Y122.742 E.03612
G1 X125.933 Y123.365 E.02385
G1 X125.125 Y124.273 E.03621
G1 X124.562 Y124.847 E.02394
G1 X123.978 Y125.398 E.02393
G1 X123.054 Y126.189 E.03622
G1 X122.421 Y126.679 E.02384
G1 X121.425 Y127.377 E.03621
G1 X120.748 Y127.804 E.02386
G1 X119.764 Y128.361 E.03366
G1 X118.973 Y128.761 E.02641
G1 X117.862 Y129.253 E.03619
G1 X117.116 Y129.541 E.02384
G1 X115.965 Y129.922 E.03612
G1 X114.796 Y130.236 E.03604
G1 X113.608 Y130.481 E.03612
G1 X112.817 Y130.605 E.02385
G1 X111.609 Y130.734 E.03621
G1 X110.809 Y130.781 E.02385
G1 X109.594 Y130.792 E.03621
G1 X108.794 Y130.761 E.02385
G1 X107.585 Y130.656 E.03614
G1 X106.47 Y130.494 E.03357
G1 X105.597 Y130.325 E.0265
G1 X104.815 Y130.14 E.02391
G1 X103.648 Y129.802 E.03621
G1 X102.89 Y129.543 E.02385
G1 X101.763 Y129.095 E.03613
G1 X100.664 Y128.583 E.03612
G1 X99.953 Y128.208 E.02394
G1 X99.257 Y127.807 E.02393
G1 X98.238 Y127.15 E.03612
G1 X97.258 Y126.435 E.03612
G1 X96.635 Y125.933 E.02385
G1 X95.727 Y125.125 E.03621
G1 X95.153 Y124.562 E.02394
G1 X94.602 Y123.978 E.02393
G1 X93.811 Y123.054 E.03622
G1 X93.321 Y122.421 E.02384
G1 X92.623 Y121.425 E.03621
G1 X92.196 Y120.748 E.02386
G1 X91.639 Y119.764 E.03366
G1 X91.239 Y118.973 E.02641
G1 X90.747 Y117.862 E.03619
G1 X90.459 Y117.116 E.02384
G1 X90.078 Y115.965 E.03612
G1 X89.764 Y114.796 E.03604
G1 X89.519 Y113.608 E.03612
G1 X89.395 Y112.817 E.02385
G1 X89.266 Y111.609 E.03621
G1 X89.219 Y110.809 E.02385
G1 X89.208 Y109.594 E.03621
G1 X89.239 Y108.794 E.02385
G1 X89.344 Y107.585 E.03614
G1 X89.506 Y106.47 E.03357
G1 X89.675 Y105.597 E.0265
G1 X89.86 Y104.815 E.02391
G1 X90.198 Y103.648 E.03621
G1 X90.457 Y102.89 E.02385
G1 X90.905 Y101.763 E.03613
G1 X91.417 Y100.664 E.03612
G1 X91.792 Y99.953 E.02394
G1 X92.193 Y99.257 E.02393
G1 X92.85 Y98.238 E.03612
G1 X93.565 Y97.258 E.03612
G1 X94.067 Y96.634 E.02386
G1 X94.817 Y95.789 E.03366
G1 X95.439 Y95.152 E.0265
G1 X96.023 Y94.601 E.02391
G1 X96.946 Y93.811 E.03621
G1 X97.579 Y93.321 E.02384
G1 X98.575 Y92.623 E.03621
G1 X99.252 Y92.196 E.02384
G1 X100.308 Y91.6 E.03612
G1 X101.397 Y91.067 E.03612
G1 X102.135 Y90.748 E.02394
G1 X102.884 Y90.459 E.02393
G1 X104.035 Y90.078 E.03612
G1 X105.207 Y89.764 E.03613
G1 X105.989 Y89.594 E.02385
G1 X107.189 Y89.395 E.03622
G1 X107.984 Y89.302 E.02384
G1 X109.194 Y89.219 E.03614
G1 X110.321 Y89.207 E.03357
G1 X111.207 Y89.239 E.02641
G1 X112.417 Y89.345 E.03618
G1 X113.21 Y89.453 E.02385
G1 X114.406 Y89.676 E.03621
G1 X115.185 Y89.86 E.02384
G1 X116.352 Y90.198 E.03621
G1 X117.11 Y90.457 E.02385
G1 X118.237 Y90.905 E.03613
G1 X119.336 Y91.417 E.03612
G1 X120.047 Y91.792 E.02394
G1 X120.743 Y92.193 E.02393
G1 X121.762 Y92.85 E.03612
G1 X122.742 Y93.565 E.03612
G1 X123.366 Y94.067 E.02386
G1 X124.211 Y94.817 E.03366
G1 X124.848 Y95.439 E.0265
G1 X125.399 Y96.023 E.02391
G1 X126.189 Y96.946 E.03621
G1 X126.679 Y97.579 E.02384
G1 X127.377 Y98.575 E.03621
G1 X127.804 Y99.252 E.02384
G1 X128.4 Y100.308 E.03612
G1 X128.933 Y101.397 E.03612
G1 X129.252 Y102.135 E.02394
G1 X129.541 Y102.884 E.02393
G1 X130.009 Y104.356 E.04601
G1 X130.252 Y105.283 E.02852
G1 X130.489 Y106.441 E.03522
G1 X130.61 Y107.232 E.02384
G1 X130.735 Y108.396 E.03487
G1 X130.781 Y109.241 E.02518
G1 X130.782 Y109.307 E.00197
G1 X131.196 Y109.343 F24000
M204 P4000
;TYPE:Outer wall
;WIDTH:0.419999
G1 F9410
G1 X131.206 Y110.412 E.02951
G1 X131.174 Y111.232 E.02265
G1 X131.066 Y112.462 E.03407
G1 X130.902 Y113.599 E.03169
G1 X130.729 Y114.491 E.02505
G1 X130.54 Y115.29 E.02266
G1 X130.197 Y116.477 E.03409
G1 X129.931 Y117.253 E.02265
G1 X129.475 Y118.401 E.03407
G1 X128.953 Y119.52 E.03407
G1 X128.571 Y120.247 E.02267
G1 X128.16 Y120.958 E.02267
G1 X127.491 Y121.996 E.03407
G1 X126.764 Y122.994 E.03407
G1 X126.248 Y123.633 E.02265
G1 X125.427 Y124.556 E.03409
G1 X124.852 Y125.142 E.02267
G1 X124.254 Y125.706 E.02266
G1 X123.315 Y126.51 E.0341
G1 X122.667 Y127.012 E.02264
G1 X121.654 Y127.721 E.0341
G1 X120.96 Y128.159 E.02265
G1 X119.96 Y128.725 E.03171
G1 X119.15 Y129.135 E.02503
G1 X118.021 Y129.635 E.03409
G1 X117.255 Y129.93 E.02264
G1 X116.083 Y130.319 E.03407
G1 X114.891 Y130.638 E.03405
G1 X113.682 Y130.888 E.03407
G1 X112.871 Y131.015 E.02264
G1 X111.643 Y131.146 E.03409
G1 X110.823 Y131.194 E.02264
G1 X109.588 Y131.206 E.03409
G1 X108.768 Y131.174 E.02265
G1 X107.538 Y131.066 E.03407
G1 X106.401 Y130.902 E.03169
G1 X105.51 Y130.729 E.02505
G1 X104.71 Y130.54 E.02266
G1 X103.523 Y130.197 E.03409
G1 X102.747 Y129.931 E.02265
G1 X101.599 Y129.475 E.03407
G1 X100.48 Y128.953 E.03407
G1 X99.753 Y128.571 E.02267
G1 X99.042 Y128.16 E.02267
G1 X98.004 Y127.491 E.03407
G1 X97.006 Y126.764 E.03407
G1 X96.367 Y126.248 E.02265
G1 X95.444 Y125.427 E.03409
G1 X94.858 Y124.852 E.02267
G1 X94.294 Y124.254 E.02266
G1 X93.49 Y123.315 E.0341
G1 X92.988 Y122.667 E.02264
G1 X92.279 Y121.654 E.0341
G1 X91.841 Y120.96 E.02265
G1 X91.275 Y119.96 E.03171
G1 X90.865 Y119.15 E.02503
G1 X90.365 Y118.021 E.03409
G1 X90.07 Y117.255 E.02264
G1 X89.681 Y116.083 E.03407
G1 X89.362 Y114.891 E.03405
G1 X89.112 Y113.682 E.03407
G1 X88.985 Y112.871 E.02264
G1 X88.854 Y111.643 E.03409
G1 X88.806 Y110.823 E.02264
G1 X88.794 Y109.588 E.03409
G1 X88.826 Y108.768 E.02265
G1 X88.934 Y107.538 E.03407
G1 X89.098 Y106.401 E.03169
G1 X89.271 Y105.51 E.02505
G1 X89.46 Y104.71 E.02266
G1 X89.803 Y103.523 E.03409
G1 X90.069 Y102.747 E.02265
G1 X90.525 Y101.599 E.03407
G1 X91.047 Y100.48 E.03407
G1 X91.429 Y99.753 E.02267
G1 X91.84 Y99.042 E.02267
G1 X92.509 Y98.004 E.03407
G1 X93.236 Y97.006 E.03407
G1 X93.752 Y96.367 E.02265
G1 X94.515 Y95.507 E.03171
G1 X95.149 Y94.857 E.02505
G1 X95.746 Y94.294 E.02266
G1 X96.685 Y93.49 E.0341
G1 X97.333 Y92.988 E.02264
G1 X98.346 Y92.279 E.0341
G1 X99.04 Y91.841 E.02264
G1 X100.115 Y91.234 E.03407
G1 X101.224 Y90.691 E.03406
G1 X101.978 Y90.365 E.02268
G1 X102.745 Y90.07 E.02267
G1 X103.917 Y89.681 E.03407
G1 X105.11 Y89.362 E.03407
G1 X105.912 Y89.188 E.02264
G1 X107.131 Y88.985 E.0341
G1 X107.946 Y88.89 E.02264
G1 X109.178 Y88.806 E.03407
G1 X110.326 Y88.793 E.03169
G1 X111.233 Y88.826 E.02503
G1 X112.463 Y88.934 E.03409
G1 X113.276 Y89.045 E.02264
G1 X114.491 Y89.271 E.0341
G1 X115.29 Y89.46 E.02264
G1 X116.477 Y89.803 E.03409
G1 X117.253 Y90.069 E.02265
G1 X118.401 Y90.525 E.03407
G1 X119.52 Y91.047 E.03407
G1 X120.247 Y91.429 E.02267
G1 X120.958 Y91.84 E.02267
G1 X121.996 Y92.509 E.03407
G1 X122.994 Y93.236 E.03407
G1 X123.633 Y93.752 E.02265
G1 X124.493 Y94.515 E.03171
G1 X125.143 Y95.149 E.02505
G1 X125.706 Y95.746 E.02266
G1 X126.51 Y96.685 E.0341
G1 X127.012 Y97.333 E.02264
G1 X127.721 Y98.346 E.0341
G1 X128.159 Y99.04 E.02264
G1 X128.766 Y100.115 E.03407
G1 X129.309 Y101.224 E.03406
M73 P70 R2
G1 X129.635 Y101.978 E.02268
G1 X129.93 Y102.745 E.02266
G1 X130.408 Y104.249 E.04356
G1 X130.657 Y105.199 E.02708
G1 X130.897 Y106.377 E.03318
G1 X131.021 Y107.188 E.02264
G1 X131.147 Y108.364 E.03262
G1 X131.195 Y109.237 E.02412
G1 X131.195 Y109.303 E.00182
G1 E-1 F2400
;WIPE_START
G1 F12000
G1 X131.206 Y110.412
G1 X131.174 Y111.232
G1 X131.168 Y111.302
;WIPE_END
G1 Z5.8 F24000
G1 X95.89 Y101.135 Z5.8
G1 Z5.6
G1 E1 F2700
M204 P5000
;TYPE:Inner wall
;WIDTH:0.449999
G1 F9410
G1 X96.267 Y100.545 E.02086
G1 X96.703 Y99.94 E.02221
G1 X97.176 Y99.343 E.02269
G1 X97.869 Y98.564 E.03105
G1 X98.348 Y98.077 E.02034
G1 X98.798 Y97.655 E.0184
G1 X99.48 Y97.065 E.02685
G1 X100.064 Y96.613 E.02199
G1 X100.88 Y96.049 E.02956
G1 X101.374 Y95.736 E.01743
G1 X102.254 Y95.238 E.0301
G1 X103.031 Y94.853 E.02584
G1 X103.715 Y94.556 E.02221
G1 X104.313 Y94.328 E.01907
G1 X105.252 Y94.023 E.02941
G1 X106.2 Y93.765 E.02924
G1 X107.289 Y93.549 E.0331
G1 X108.034 Y93.443 E.02241
G1 X108.776 Y93.372 E.02221
G1 X109.379 Y93.341 E.01798
G1 X110.266 Y93.329 E.02643
G1 X110.999 Y93.357 E.02185
G1 X111.755 Y93.419 E.02257
G1 X112.51 Y93.516 E.02269
G1 X113.587 Y93.717 E.03263
G1 X114.169 Y93.859 E.01785
G1 X115.033 Y94.105 E.02676
G1 X115.728 Y94.341 E.02185
G1 X116.643 Y94.712 E.02942
G1 X117.45 Y95.083 E.02646
G1 X118.087 Y95.42 E.02147
G1 X118.624 Y95.733 E.01851
G1 X119.378 Y96.214 E.02665
G1 X119.985 Y96.647 E.02222
G1 X120.741 Y97.252 E.02883
G1 X121.413 Y97.845 E.02668
G1 X122.323 Y98.772 E.0387
G1 X122.697 Y99.194 E.01681
G1 X123.168 Y99.772 E.0222
G1 X123.612 Y100.371 E.02222
G1 X124.223 Y101.299 E.0331
G1 X124.601 Y101.95 E.02241
G1 X124.946 Y102.61 E.0222
G1 X125.19 Y103.131 E.01711
G1 X125.658 Y104.281 E.037
G1 X125.977 Y105.24 E.0301
G1 X126.213 Y106.109 E.0268
G1 X126.371 Y106.837 E.02221
G1 X126.498 Y107.588 E.02269
G1 X126.621 Y108.677 E.03263
G1 X126.661 Y109.376 E.02085
G1 X126.673 Y110.173 E.02376
G1 X126.648 Y110.935 E.02269
G1 X126.553 Y111.993 E.03163
G1 X126.442 Y112.77 E.0234
G1 X126.301 Y113.503 E.02221
G1 X126.14 Y114.181 E.02077
G1 X125.923 Y114.944 E.02364
G1 X125.686 Y115.652 E.02221
G1 X125.418 Y116.347 E.02221
G1 X125.119 Y117.03 E.02222
G1 X124.617 Y118.022 E.0331
G1 X124.263 Y118.634 E.02108
G1 X123.838 Y119.301 E.02353
G1 X123.408 Y119.91 E.02222
G1 X122.744 Y120.75 E.03189
G1 X122.219 Y121.344 E.02361
G1 X121.7 Y121.879 E.02221
G1 X121.187 Y122.362 E.02099
G1 X120.423 Y123.009 E.02981
G1 X119.96 Y123.367 E.01743
G1 X119.123 Y123.955 E.03049
G1 X118.605 Y124.278 E.01818
G1 X117.804 Y124.725 E.02733
G1 X117.208 Y125.031 E.01995
G1 X115.77 Y125.643 E.04655
G1 X115.058 Y125.888 E.02241
G1 X114.343 Y126.098 E.02221
G1 X113.829 Y126.224 E.01576
G1 X112.888 Y126.421 E.02865
G1 X112.238 Y126.521 E.01958
G1 X111.41 Y126.614 E.02483
G1 X110.665 Y126.66 E.02221
G1 X109.92 Y126.673 E.02221
G1 X109.174 Y126.653 E.02221
G1 X108.431 Y126.599 E.02222
G1 X107.328 Y126.458 E.0331
G1 X106.589 Y126.321 E.02241
G1 X105.862 Y126.152 E.02221
G1 X105.144 Y125.951 E.02222
G1 X104.274 Y125.654 E.02739
G1 X103.395 Y125.309 E.02812
G1 X102.717 Y124.999 E.02221
G1 X102.054 Y124.658 E.02221
G1 X101.379 Y124.263 E.02331
G1 X100.546 Y123.732 E.02941
G1 X99.866 Y123.24 E.025
G1 X99.281 Y122.761 E.02254
G1 X98.531 Y122.099 E.02979
G1 X97.741 Y121.3 E.03347
G1 X97.184 Y120.666 E.02514
G1 X96.719 Y120.08 E.02228
G1 X96.281 Y119.476 E.02221
G1 X95.871 Y118.854 E.02221
G1 X95.49 Y118.213 E.02221
G1 X95.137 Y117.556 E.02221
G1 X94.814 Y116.884 E.02221
G1 X94.55 Y116.265 E.02004
G1 X94.333 Y115.697 E.01812
G1 X94.028 Y114.758 E.0294
G1 X93.772 Y113.818 E.02902
G1 X93.595 Y112.98 E.02553
G1 X93.478 Y112.243 E.02222
G1 X93.375 Y111.232 E.03028
G1 X93.343 Y110.647 E.01743
G1 X93.33 Y109.64 E.03
G1 X93.358 Y109.016 E.01861
G1 X93.45 Y108.031 E.02947
G1 X93.576 Y107.135 E.02694
G1 X93.713 Y106.443 E.02103
G1 X93.857 Y105.842 E.0184
G1 X94.133 Y104.878 E.02988
G1 X94.339 Y104.284 E.01873
G1 X94.654 Y103.481 E.02568
G1 X94.961 Y102.801 E.02221
G1 X95.298 Y102.136 E.02221
G1 X95.742 Y101.368 E.02642
G1 X95.869 Y101.169 E.00703
G1 X96.239 Y101.358 F24000
M204 P4000
;TYPE:Outer wall
;WIDTH:0.419999
G1 F9410
G1 X96.612 Y100.772 E.01916
G1 X97.038 Y100.183 E.02006
G1 X97.493 Y99.609 E.0202
G1 X98.178 Y98.839 E.02844
G1 X98.641 Y98.369 E.01821
G1 X99.078 Y97.959 E.01653
G1 X99.747 Y97.381 E.02438
G1 X100.317 Y96.941 E.01989
G1 X101.113 Y96.391 E.0267
G1 X101.588 Y96.09 E.01551
G1 X102.451 Y95.601 E.02737
G1 X103.212 Y95.225 E.02342
G1 X103.879 Y94.936 E.02006
G1 X104.46 Y94.715 E.01716
G1 X105.378 Y94.417 E.0266
G1 X106.302 Y94.166 E.02645
G1 X107.37 Y93.954 E.03002
G1 X108.092 Y93.852 E.02012
G1 X108.816 Y93.783 E.02006
G1 X109.4 Y93.754 E.01614
G1 X110.269 Y93.742 E.02397
G1 X110.983 Y93.77 E.01973
G1 X111.72 Y93.831 E.0204
G1 X112.446 Y93.925 E.0202
G1 X113.511 Y94.124 E.0299
G1 X114.071 Y94.261 E.0159
G1 X114.917 Y94.501 E.02428
G1 X115.594 Y94.733 E.01973
G1 X116.488 Y95.095 E.02661
G1 X117.273 Y95.457 E.02387
G1 X117.894 Y95.785 E.01937
G1 X118.414 Y96.09 E.01663
G1 X119.153 Y96.561 E.02418
G1 X119.745 Y96.984 E.02007
G1 X120.482 Y97.575 E.02607
G1 X121.136 Y98.152 E.02408
G1 X122.013 Y99.047 E.03457
G1 X122.39 Y99.471 E.01565
G1 X122.847 Y100.033 E.01997
G1 X123.28 Y100.617 E.02007
G1 X123.879 Y101.529 E.03011
G1 X124.243 Y102.157 E.02003
G1 X124.58 Y102.802 E.02006
G1 X124.815 Y103.305 E.01534
G1 X125.269 Y104.422 E.03326
G1 X125.582 Y105.363 E.02738
G1 X125.813 Y106.214 E.02431
G1 X125.966 Y106.925 E.02006
G1 X126.089 Y107.646 E.0202
G1 X126.21 Y108.723 E.0299
G1 X126.248 Y109.399 E.01868
G1 X126.259 Y110.178 E.0215
G1 X126.235 Y110.91 E.0202
G1 X126.141 Y111.956 E.02898
G1 X126.032 Y112.71 E.02104
G1 X125.895 Y113.424 E.02006
G1 X125.738 Y114.085 E.01873
G1 X125.526 Y114.83 E.02139
G1 X125.294 Y115.52 E.02007
G1 X125.032 Y116.198 E.02006
G1 X124.74 Y116.864 E.02007
G1 X124.248 Y117.835 E.03002
G1 X123.905 Y118.427 E.01889
G1 X123.49 Y119.078 E.02129
G1 X123.071 Y119.672 E.02007
G1 X122.42 Y120.493 E.02891
G1 X121.91 Y121.07 E.02124
G1 X121.403 Y121.591 E.02006
G1 X120.903 Y122.061 E.01894
G1 X120.157 Y122.692 E.02697
G1 X119.712 Y123.036 E.01551
G1 X118.89 Y123.614 E.02773
G1 X118.387 Y123.926 E.01633
G1 X117.606 Y124.362 E.02467
G1 X117.031 Y124.657 E.01784
G1 X115.611 Y125.261 E.04256
G1 X114.924 Y125.496 E.02004
G1 X114.227 Y125.701 E.02006
G1 X112.807 Y126.016 E.04011
G1 X112.176 Y126.112 E.01762
G1 X111.366 Y126.203 E.02249
G1 X110.64 Y126.247 E.02007
G1 X109.913 Y126.26 E.02006
G1 X109.186 Y126.24 E.02006
G1 X108.461 Y126.187 E.02007
G1 X107.381 Y126.048 E.03002
G1 X106.665 Y125.914 E.02012
G1 X105.956 Y125.749 E.02006
G1 X105.256 Y125.553 E.02007
G1 X104.408 Y125.263 E.02473
G1 X103.551 Y124.926 E.02541
G1 X102.89 Y124.623 E.02006
G1 X102.243 Y124.291 E.02007
G1 X101.588 Y123.906 E.02095
G1 X100.775 Y123.388 E.0266
G1 X100.11 Y122.907 E.02265
G1 X99.543 Y122.441 E.02024
G1 X98.811 Y121.795 E.02696
G1 X98.035 Y121.009 E.03047
G1 X97.495 Y120.393 E.02259
G1 X97.043 Y119.823 E.02008
G1 X96.616 Y119.234 E.02006
G1 X96.217 Y118.627 E.02006
G1 X95.845 Y118.002 E.02006
G1 X95.502 Y117.361 E.02006
G1 X95.187 Y116.705 E.02006
G1 X94.931 Y116.103 E.01806
G1 X94.721 Y115.552 E.01627
G1 X94.423 Y114.635 E.0266
G1 X94.173 Y113.717 E.02625
G1 X94 Y112.897 E.02314
G1 X93.887 Y112.178 E.02007
G1 X93.787 Y111.19 E.02741
G1 X93.756 Y110.629 E.01551
G1 X93.744 Y109.64 E.02728
G1 X93.771 Y109.034 E.01673
G1 X93.861 Y108.072 E.02666
G1 X93.985 Y107.2 E.02432
G1 X94.118 Y106.525 E.01897
G1 X94.258 Y105.943 E.01653
G1 X94.529 Y104.996 E.02717
G1 X94.73 Y104.42 E.01684
G1 X95.038 Y103.634 E.02328
G1 X95.337 Y102.972 E.02007
G1 X95.666 Y102.323 E.02007
G1 X96.1 Y101.576 E.02384
G1 X96.217 Y101.391 E.00603
G1 E-1 F2400
;WIPE_START
G1 F12000
G1 X96.612 Y100.772
G1 X97.038 Y100.183
G1 X97.373 Y99.761
;WIPE_END
G1 Z5.8 F24000
G1 X94.801 Y102.439 Z5.8
G1 Z5.6
G1 E1 F2700
M204 P5000
;TYPE:Sparse infill
;WIDTH:0.45
G1 F9410
G1 X94.385 Y103.333 E.02938
G1 X94.146 Y103.929 E.01912
G1 X93.256 Y104.819 E.03748
G1 X93.466 Y106.147 E.04004
G1 X93.254 Y107.221 E.03262
G1 X92.384 Y108.091 E.03665
G1 X90.311 Y107.764 E.0625
G1 X89.57 Y108.505 E.0312
G1 X89.513 Y109.598 E.03262
G1 X89.525 Y110.799 E.03577
G1 X89.57 Y111.584 E.02341
G1 X89.674 Y112.547 E.02885
G1 X90.311 Y111.909 E.02686
G1 X92.384 Y112.236 E.0625
G1 X93.098 Y111.522 E.03009
G1 X93.171 Y112.249 E.02177
G1 X93.301 Y113.064 E.02459
G1 X93.256 Y113.109 E.00189
G1 X93.583 Y115.181 E.0625
G1 X92.384 Y116.381 E.05054
G1 X90.435 Y116.074 E.05875
G1 X90.746 Y117.013 E.02946
G1 X90.977 Y117.609 E.01904
G1 X94.902 Y117.764 F24000
G1 F9410
G1 X94.528 Y116.993 E.02555
G1 X94.227 Y116.283 E.02295
G1 X93.256 Y117.254 E.04088
G1 X93.583 Y119.326 E.0625
G1 X92.408 Y120.502 E.04952
G1 X92.878 Y121.256 E.02647
G1 X93.338 Y121.913 E.02389
G1 X93.256 Y121.399 E.01551
G1 X94.456 Y120.199 E.05054
G1 X96.529 Y120.526 E.0625
G1 X96.615 Y120.44 E.00362
G1 X96.947 Y120.858 E.01591
G1 X97.412 Y121.388 E.02101
G1 X97.728 Y123.471 E.06276
G1 X96.529 Y124.671 E.05054
G1 X95.541 Y124.515 E.02977
G1 X95.935 Y124.902 E.01643
G1 X96.832 Y125.7 E.03577
G1 X97.512 Y126.243 E.02591
G1 X97.401 Y125.544 E.02107
G1 X98.601 Y124.344 E.05054
G1 X100.674 Y124.671 E.0625
G1 X100.969 Y124.376 E.01245
G1 X102.078 Y125.013 E.03808
G1 X101.547 Y125.544 E.02237
G1 X101.873 Y127.616 E.0625
G1 X101.059 Y128.43 E.03429
G1 X101.884 Y128.815 E.0271
G1 X102.268 Y128.967 E.01231
G1 X102.746 Y128.489 E.02015
G1 X104.819 Y128.816 E.0625
G1 X106.018 Y127.616 E.05054
G1 X105.836 Y126.458 E.03492
G1 X106.525 Y126.619 E.02109
G1 X107.431 Y126.779 E.02741
G1 X107.353 Y130.313 F24000
G1 F9410
G1 X106.521 Y130.193 E.02503
G1 X105.747 Y130.043 E.02347
G1 X105.692 Y129.689 E.01068
G1 X106.891 Y128.489 E.05054
G1 X108.964 Y128.816 E.0625
G1 X110.163 Y127.616 E.05054
G1 X110.062 Y126.976 E.01931
G1 X110.666 Y126.966 E.01799
G1 X111.44 Y126.918 E.02308
G1 X112.194 Y126.836 E.02261
G1 X112.931 Y126.724 E.02218
G1 X113.689 Y126.573 E.02305
G1 X114.127 Y126.466 E.01342
G1 X114.308 Y127.616 E.0347
G1 X113.109 Y128.816 E.05054
G1 X111.036 Y128.489 E.0625
G1 X109.837 Y129.689 E.05054
G1 X109.962 Y130.483 E.02396
G1 X110.799 Y130.475 E.02494
G1 X111.584 Y130.43 E.02341
G1 X112.777 Y130.302 E.03577
G1 X113.554 Y130.18 E.02341
G1 X114.043 Y130.079 E.01488
G1 X113.982 Y129.689 E.01177
G1 X115.181 Y128.489 E.05054
G1 X117.254 Y128.816 E.0625
G1 X118.453 Y127.616 E.05054
G1 X118.127 Y125.544 E.0625
G1 X119.326 Y124.344 E.05054
G1 X121.399 Y124.671 E.0625
G1 X122.599 Y123.471 E.05054
M73 P71 R2
G1 X122.316 Y121.683 E.05393
G1 X122.956 Y120.973 E.02845
G1 X123.559 Y120.213 E.0289
G1 X125.544 Y120.526 E.05986
G1 X126.744 Y119.326 E.05054
G1 X126.417 Y117.254 E.0625
G1 X127.616 Y116.054 E.05054
G1 X129.481 Y116.348 E.05623
G1 X129.257 Y117.004 E.02065
G1 X128.815 Y118.116 E.03564
G1 X128.309 Y119.2 E.03564
G1 X127.755 Y120.221 E.03459
G1 X127.616 Y120.199 E.00419
G1 X126.417 Y121.399 E.05054
G1 X126.527 Y122.099 E.0211
G1 X126.193 Y122.556 E.01687
G1 X125.7 Y123.168 E.02341
G1 X124.902 Y124.065 E.03577
G1 X124.473 Y124.502 E.01824
G1 X123.471 Y124.344 E.0302
G1 X122.272 Y125.544 E.05054
G1 X122.393 Y126.315 E.02325
G1 X121.059 Y127.247 E.04849
G1 X125.192 Y117.562 F24000
G1 F9410
G1 X125.39 Y117.172 E.01302
G1 X125.699 Y116.466 E.02295
G1 X125.851 Y116.074 E.01253
G1 X126.744 Y115.181 E.03759
G1 X126.533 Y113.848 E.04021
G1 X126.749 Y112.776 E.03257
G1 X127.616 Y111.909 E.03652
G1 X129.689 Y112.236 E.0625
G1 X130.43 Y111.495 E.0312
G1 X130.487 Y110.402 E.03262
G1 X130.475 Y109.201 E.03577
G1 X130.43 Y108.416 E.02341
G1 X130.326 Y107.453 E.02885
G1 X129.689 Y108.091 E.02686
G1 X127.616 Y107.764 E.0625
G1 X126.905 Y108.475 E.02996
G1 X126.803 Y107.568 E.0272
G1 X126.697 Y106.938 E.01904
G1 X126.744 Y106.891 E.00195
G1 X126.417 Y104.819 E.0625
G1 X127.616 Y103.619 E.05054
G1 X129.565 Y103.926 E.05875
G1 X129.254 Y102.987 E.02947
G1 X129.023 Y102.391 E.01904
G1 X125.096 Y102.238 F24000
G1 F9410
G1 X125.54 Y103.159 E.03046
G1 X125.771 Y103.719 E.01804
G1 X126.744 Y102.746 E.04097
G1 X126.417 Y100.674 E.0625
G1 X127.592 Y99.498 E.04951
G1 X127.122 Y98.744 E.02647
G1 X126.662 Y98.087 E.02389
G1 X126.744 Y98.601 E.01551
G1 X125.544 Y99.801 E.05054
G1 X123.471 Y99.474 E.0625
G1 X123.387 Y99.558 E.00354
G1 X122.937 Y99.004 E.02128
G1 X122.588 Y98.612 E.01563
G1 X122.272 Y96.529 E.06276
G1 X123.471 Y95.329 E.05054
G1 X124.457 Y95.485 E.02974
G1 X124.003 Y95.041 E.01892
G1 X123.168 Y94.301 E.03323
G1 X122.488 Y93.757 E.02593
G1 X122.599 Y94.456 E.02107
G1 X121.399 Y95.656 E.05054
G1 X119.326 Y95.329 E.0625
G1 X119.031 Y95.625 E.01245
G1 X118.28 Y95.177 E.02605
G1 X117.922 Y94.988 E.01205
G1 X118.453 Y94.456 E.02239
G1 X118.127 Y92.384 E.0625
G1 X118.941 Y91.57 E.03429
G1 X118.116 Y91.185 E.0271
G1 X117.732 Y91.033 E.01231
G1 X117.254 Y91.511 E.02015
G1 X115.181 Y91.184 E.0625
G1 X113.982 Y92.384 E.05054
G1 X114.165 Y93.544 E.03498
G1 X113.65 Y93.418 E.01578
G1 X112.57 Y93.217 E.03272
G1 X112.648 Y89.684 F24000
G1 F9410
G1 X113.162 Y89.755 E.01545
G1 X114.253 Y89.958 E.03306
G1 X114.308 Y90.311 E.01066
G1 X113.109 Y91.511 E.05054
G1 X111.036 Y91.184 E.0625
G1 X109.837 Y92.384 E.05054
G1 X109.938 Y93.025 E.01935
G1 X108.771 Y93.066 E.03477
G1 X108.012 Y93.138 E.0227
G1 X107.257 Y93.244 E.02273
G1 X106.156 Y93.462 E.03344
G1 X105.873 Y93.535 E.00869
G1 X105.692 Y92.384 E.03471
G1 X106.891 Y91.184 E.05054
G1 X108.964 Y91.511 E.0625
G1 X110.163 Y90.311 E.05054
G1 X110.038 Y89.517 E.02395
G1 X109.206 Y89.525 E.02479
G1 X108.012 Y89.606 E.03565
G1 X107.231 Y89.697 E.0234
G1 X105.956 Y89.914 E.03854
G1 X106.018 Y90.311 E.01198
G1 X104.819 Y91.511 E.05054
G1 X102.746 Y91.184 E.0625
G1 X101.547 Y92.384 E.05054
G1 X101.873 Y94.456 E.0625
G1 X100.674 Y95.656 E.05054
G1 X98.601 Y95.329 E.0625
G1 X97.401 Y96.529 E.05054
G1 X97.683 Y98.315 E.05386
G1 X96.956 Y99.132 E.03259
G1 X96.438 Y99.787 E.02486
G1 X94.456 Y99.474 E.05978
G1 X93.256 Y100.674 E.05054
G1 X93.583 Y102.746 E.0625
G1 X92.384 Y103.946 E.05054
G1 X90.519 Y103.652 E.05623
G1 X90.743 Y102.996 E.02065
G1 X91.185 Y101.884 E.03564
G1 X91.691 Y100.8 E.03564
G1 X92.245 Y99.779 E.03459
G1 X92.384 Y99.801 E.00419
G1 X93.583 Y98.601 E.05054
G1 X93.473 Y97.901 E.0211
G1 X93.807 Y97.444 E.01687
G1 X94.301 Y96.832 E.02343
G1 X95.041 Y95.997 E.03323
G1 X95.528 Y95.498 E.02077
G1 X96.529 Y95.656 E.03018
G1 X97.728 Y94.456 E.05054
G1 X97.607 Y93.685 E.02325
G1 X98.941 Y92.753 E.04849
; stop printing object Генератор.stl id:0 copy 0
;LAYER_CHANGE
;Z:5.8
;HEIGHT:0.2
;BEFORE_LAYER_CHANGE
;5.8
G92 E0

G1 E-1 F2400
;WIPE_START
G1 F12000
G1 X97.607 Y93.685
G1 X97.665 Y94.053
;WIPE_END
M486 S-1
;_SET_FAN_SPEED_CHANGING_LAYER
; printing object Генератор.stl id:0 copy 0
M486 S0
G1 Z6 F24000
G1 X130.783 Y109.408 Z6
G1 Z5.8
G1 E1 F2700
;TYPE:Inner wall
;WIDTH:0.449999
G1 F9272
G1 X130.792 Y110.406 E.02972
G1 X130.761 Y111.206 E.02385
G1 X130.655 Y112.417 E.03621
G1 X130.547 Y113.21 E.02384
G1 X130.324 Y114.406 E.03621
G1 X130.14 Y115.185 E.02384
G1 X129.802 Y116.352 E.03621
G1 X129.543 Y117.11 E.02385
G1 X129.095 Y118.237 E.03613
G1 X128.583 Y119.336 E.03612
G1 X128.208 Y120.047 E.02394
G1 X127.807 Y120.743 E.02393
G1 X127.15 Y121.763 E.03614
G1 X126.479 Y122.684 E.03395
G1 X125.93 Y123.368 E.02612
G1 X125.403 Y123.973 E.02391
G1 X124.56 Y124.849 E.03622
G1 X123.977 Y125.399 E.02385
G1 X123.11 Y126.143 E.03404
G1 X122.421 Y126.68 E.02603
G1 X121.425 Y127.377 E.03619
G1 X120.748 Y127.804 E.02386
G1 X119.753 Y128.367 E.03404
G1 X118.973 Y128.761 E.02603
G1 X117.862 Y129.253 E.03619
G1 X117.116 Y129.541 E.02384
G1 X115.965 Y129.923 E.03612
M73 P71 R1
G1 X114.796 Y130.236 E.03604
G1 X113.608 Y130.481 E.03612
G1 X112.817 Y130.605 E.02385
G1 X111.609 Y130.734 E.03621
G1 X110.809 Y130.781 E.02385
G1 X109.594 Y130.792 E.03621
G1 X108.794 Y130.761 E.02385
G1 X107.583 Y130.655 E.03621
G1 X106.79 Y130.547 E.02384
G1 X105.594 Y130.324 E.03621
G1 X104.815 Y130.14 E.02384
G1 X103.648 Y129.802 E.03621
G1 X102.89 Y129.543 E.02385
G1 X101.763 Y129.095 E.03613
G1 X100.664 Y128.583 E.03612
G1 X99.953 Y128.208 E.02394
G1 X99.257 Y127.807 E.02393
G1 X98.237 Y127.15 E.03614
G1 X97.316 Y126.479 E.03395
G1 X96.632 Y125.93 E.02612
G1 X96.027 Y125.403 E.02391
G1 X95.151 Y124.56 E.03622
G1 X94.601 Y123.977 E.02385
G1 X93.857 Y123.11 E.03404
G1 X93.32 Y122.421 E.02603
G1 X92.623 Y121.425 E.03619
G1 X92.196 Y120.748 E.02386
G1 X91.633 Y119.753 E.03404
G1 X91.239 Y118.973 E.02603
G1 X90.747 Y117.862 E.03619
G1 X90.459 Y117.116 E.02384
G1 X90.077 Y115.965 E.03612
G1 X89.764 Y114.796 E.03604
G1 X89.519 Y113.608 E.03612
G1 X89.395 Y112.817 E.02385
G1 X89.266 Y111.609 E.03621
G1 X89.219 Y110.809 E.02385
G1 X89.208 Y109.594 E.03621
G1 X89.239 Y108.794 E.02385
G1 X89.345 Y107.583 E.03621
G1 X89.453 Y106.79 E.02384
G1 X89.676 Y105.594 E.03621
G1 X89.86 Y104.815 E.02384
G1 X90.198 Y103.648 E.03621
G1 X90.457 Y102.89 E.02385
G1 X90.905 Y101.763 E.03613
G1 X91.417 Y100.664 E.03612
G1 X91.792 Y99.953 E.02394
G1 X92.193 Y99.257 E.02393
G1 X92.85 Y98.237 E.03614
G1 X93.521 Y97.316 E.03395
G1 X94.068 Y96.634 E.02604
G1 X94.826 Y95.78 E.03401
G1 X95.439 Y95.152 E.02612
G1 X96.023 Y94.601 E.02391
M73 P72 R1
G1 X96.946 Y93.811 E.03621
G1 X97.579 Y93.321 E.02385
G1 X98.573 Y92.625 E.03614
G1 X99.542 Y92.025 E.03395
G1 X100.306 Y91.601 E.02603
G1 X101.397 Y91.067 E.03619
G1 X102.135 Y90.748 E.02394
G1 X102.884 Y90.459 E.02393
G1 X104.035 Y90.077 E.03612
G1 X105.207 Y89.764 E.03613
G1 X105.989 Y89.594 E.02385
G1 X107.189 Y89.395 E.03622
G1 X107.984 Y89.302 E.02384
G1 X109.194 Y89.219 E.03613
G1 X110.334 Y89.207 E.03394
G1 X111.207 Y89.239 E.02603
G1 X112.417 Y89.345 E.03619
G1 X113.21 Y89.453 E.02385
G1 X114.406 Y89.676 E.03621
G1 X115.185 Y89.86 E.02384
G1 X116.352 Y90.198 E.03621
G1 X117.11 Y90.457 E.02385
G1 X118.237 Y90.905 E.03613
G1 X119.336 Y91.417 E.03612
G1 X120.047 Y91.792 E.02394
G1 X120.743 Y92.193 E.02393
G1 X121.763 Y92.85 E.03614
G1 X122.684 Y93.521 E.03395
G1 X123.366 Y94.068 E.02604
G1 X124.22 Y94.826 E.03401
G1 X124.848 Y95.439 E.02612
G1 X125.399 Y96.023 E.02391
G1 X126.189 Y96.946 E.03621
G1 X126.679 Y97.579 E.02385
G1 X127.375 Y98.573 E.03614
G1 X127.998 Y99.585 E.0354
G1 X128.445 Y100.401 E.02773
G1 X128.953 Y101.443 E.03452
G1 X129.266 Y102.172 E.02364
G1 X129.594 Y103.044 E.02776
G1 X129.938 Y104.093 E.03288
G1 X130.252 Y105.282 E.03662
G1 X130.489 Y106.441 E.03523
G1 X130.61 Y107.232 E.02384
G1 X130.735 Y108.396 E.03487
G1 X130.781 Y109.241 E.02518
G1 X130.782 Y109.368 E.00381
G1 X131.196 Y109.404 F24000
M204 P4000
;TYPE:Outer wall
;WIDTH:0.419999
G1 F9272
G1 X131.206 Y110.412 E.02781
G1 X131.174 Y111.232 E.02265
G1 X131.066 Y112.463 E.0341
G1 X130.955 Y113.276 E.02264
G1 X130.729 Y114.491 E.0341
G1 X130.54 Y115.29 E.02264
G1 X130.197 Y116.477 E.03409
G1 X129.931 Y117.253 E.02264
G1 X129.475 Y118.401 E.03407
G1 X128.953 Y119.52 E.03407
G1 X128.571 Y120.247 E.02267
G1 X128.16 Y120.958 E.02266
G1 X127.491 Y121.997 E.03408
G1 X126.808 Y122.936 E.03204
G1 X126.248 Y123.634 E.0247
G1 X125.708 Y124.252 E.02266
G1 X124.851 Y125.143 E.0341
G1 X124.254 Y125.706 E.02264
G1 X123.372 Y126.463 E.03207
G1 X122.666 Y127.013 E.02467
G1 X121.654 Y127.721 E.03409
G1 X120.96 Y128.159 E.02264
G1 X119.949 Y128.731 E.03207
G1 X119.15 Y129.135 E.02467
G1 X118.021 Y129.635 E.03409
G1 X117.255 Y129.93 E.02264
G1 X116.083 Y130.319 E.03407
G1 X114.891 Y130.638 E.03404
G1 X113.682 Y130.888 E.03407
G1 X112.871 Y131.015 E.02264
G1 X111.643 Y131.146 E.03409
G1 X110.823 Y131.194 E.02264
G1 X109.588 Y131.206 E.03409
G1 X108.768 Y131.174 E.02265
G1 X107.537 Y131.066 E.0341
G1 X106.724 Y130.955 E.02264
G1 X105.509 Y130.729 E.0341
G1 X104.71 Y130.54 E.02264
G1 X103.523 Y130.197 E.03409
G1 X102.747 Y129.931 E.02264
G1 X101.599 Y129.475 E.03407
G1 X100.48 Y128.953 E.03407
G1 X99.753 Y128.571 E.02267
G1 X99.042 Y128.16 E.02266
G1 X98.003 Y127.491 E.03408
G1 X97.064 Y126.808 E.03204
G1 X96.366 Y126.248 E.0247
G1 X95.748 Y125.708 E.02266
G1 X94.857 Y124.851 E.0341
G1 X94.294 Y124.254 E.02264
G1 X93.537 Y123.372 E.03207
G1 X92.987 Y122.666 E.02467
G1 X92.279 Y121.654 E.03409
G1 X91.841 Y120.96 E.02264
G1 X91.269 Y119.949 E.03207
G1 X90.865 Y119.15 E.02467
G1 X90.365 Y118.021 E.03409
G1 X90.07 Y117.255 E.02264
G1 X89.681 Y116.083 E.03407
G1 X89.362 Y114.891 E.03404
G1 X89.112 Y113.682 E.03407
G1 X88.985 Y112.871 E.02264
G1 X88.854 Y111.643 E.03409
G1 X88.806 Y110.823 E.02264
G1 X88.794 Y109.588 E.03409
G1 X88.826 Y108.768 E.02265
G1 X88.934 Y107.537 E.0341
G1 X89.045 Y106.724 E.02264
G1 X89.271 Y105.509 E.0341
G1 X89.46 Y104.71 E.02264
G1 X89.803 Y103.523 E.03409
G1 X90.069 Y102.747 E.02264
G1 X90.525 Y101.599 E.03407
G1 X91.047 Y100.48 E.03407
G1 X91.429 Y99.753 E.02267
G1 X91.84 Y99.042 E.02266
G1 X92.509 Y98.003 E.03408
G1 X93.192 Y97.064 E.03204
G1 X93.752 Y96.367 E.02468
G1 X94.523 Y95.498 E.03206
G1 X95.149 Y94.857 E.0247
G1 X95.746 Y94.294 E.02266
G1 X96.685 Y93.49 E.03409
G1 X97.333 Y92.988 E.02264
G1 X98.345 Y92.279 E.03407
G1 X99.333 Y91.668 E.03204
G1 X100.115 Y91.235 E.02467
G1 X101.224 Y90.691 E.03409
G1 X101.978 Y90.365 E.02267
G1 X102.745 Y90.07 E.02267
G1 X103.917 Y89.681 E.03407
G1 X105.11 Y89.362 E.03407
G1 X105.912 Y89.188 E.02264
G1 X107.131 Y88.985 E.0341
G1 X107.946 Y88.89 E.02264
G1 X109.178 Y88.806 E.03407
G1 X110.339 Y88.793 E.03204
G1 X111.233 Y88.826 E.02468
G1 X112.463 Y88.934 E.03409
G1 X113.276 Y89.045 E.02264
G1 X114.491 Y89.271 E.0341
G1 X115.29 Y89.46 E.02264
G1 X116.477 Y89.803 E.03409
G1 X117.253 Y90.069 E.02264
G1 X118.401 Y90.525 E.03407
G1 X119.52 Y91.047 E.03407
G1 X120.247 Y91.429 E.02267
G1 X120.958 Y91.84 E.02266
G1 X121.997 Y92.509 E.03408
G1 X122.936 Y93.192 E.03204
G1 X123.633 Y93.752 E.02468
G1 X124.502 Y94.523 E.03206
G1 X125.143 Y95.149 E.0247
G1 X125.706 Y95.746 E.02266
G1 X126.51 Y96.685 E.03409
G1 X127.012 Y97.333 E.02264
G1 X127.721 Y98.345 E.03407
G1 X128.36 Y99.384 E.03366
G1 X128.817 Y100.219 E.02626
G1 X129.333 Y101.279 E.03253
G1 X129.652 Y102.023 E.02234
G1 X129.987 Y102.914 E.02626
G1 X130.337 Y103.986 E.03112
G1 X130.657 Y105.199 E.03459
G1 X130.897 Y106.377 E.03319
G1 X131.021 Y107.188 E.02264
G1 X131.147 Y108.364 E.03262
G1 X131.195 Y109.237 E.02412
G1 X131.196 Y109.364 E.00353
G1 E-1 F2400
;WIPE_START
G1 F12000
G1 X131.206 Y110.412
G1 X131.174 Y111.232
G1 X131.163 Y111.363
;WIPE_END
G1 Z6 F24000
G1 X95.882 Y101.146 Z6
G1 Z5.8
G1 E1 F2700
M204 P5000
;TYPE:Inner wall
;WIDTH:0.449999
G1 F9272
G1 X96.267 Y100.545 E.02125
G1 X96.82 Y99.793 E.0278
G1 X97.237 Y99.278 E.01973
G1 X97.861 Y98.572 E.02807
G1 X98.434 Y97.991 E.02431
G1 X98.982 Y97.485 E.02221
G1 X100.021 Y96.646 E.03978
G1 X100.447 Y96.335 E.01573
G1 X101.068 Y95.921 E.02222
G1 X102.212 Y95.263 E.03931
G1 X102.692 Y95.013 E.01613
G1 X103.371 Y94.701 E.02227
G1 X104.062 Y94.42 E.02221
G1 X104.764 Y94.17 E.02221
G1 X105.477 Y93.952 E.02221
G1 X106.2 Y93.765 E.02221
G1 X107.289 Y93.549 E.0331
G1 X108.034 Y93.443 E.02241
G1 X108.776 Y93.372 E.02221
G1 X109.379 Y93.341 E.01797
G1 X110.267 Y93.329 E.02644
G1 X110.999 Y93.357 E.02183
G1 X111.755 Y93.419 E.02259
G1 X112.494 Y93.514 E.02221
G1 X113.229 Y93.642 E.02222
G1 X114.195 Y93.865 E.02955
G1 X115.031 Y94.104 E.0259
G1 X115.728 Y94.341 E.02191
G1 X116.433 Y94.618 E.02257
G1 X117.114 Y94.921 E.02221
G1 X117.782 Y95.254 E.02222
G1 X118.643 Y95.746 E.02954
G1 X119.378 Y96.214 E.02596
G1 X119.985 Y96.647 E.02221
G1 X120.572 Y97.107 E.02221
G1 X121.407 Y97.84 E.0331
G1 X121.932 Y98.354 E.02188
G1 X122.354 Y98.806 E.01841
G1 X122.883 Y99.416 E.02405
G1 X123.392 Y100.067 E.02462
G1 X123.824 Y100.678 E.02227
G1 X124.227 Y101.305 E.02221
G1 X124.735 Y102.199 E.03062
G1 X125.107 Y102.945 E.02483
G1 X125.408 Y103.629 E.02227
G1 X125.677 Y104.324 E.02219
G1 X125.916 Y105.031 E.02223
G1 X126.211 Y106.102 E.0331
G1 X126.371 Y106.837 E.02241
G1 X126.498 Y107.588 E.02269
G1 X126.621 Y108.677 E.03263
G1 X126.661 Y109.376 E.02085
G1 X126.673 Y110.173 E.02376
G1 X126.648 Y110.935 E.02269
G1 X126.552 Y112.004 E.03196
G1 X126.469 Y112.583 E.01743
G1 X126.301 Y113.503 E.02784
G1 X126.14 Y114.181 E.02077
G1 X125.923 Y114.945 E.02365
G1 X125.686 Y115.651 E.02221
G1 X125.449 Y116.27 E.01973
G1 X125.12 Y117.028 E.02463
G1 X124.617 Y118.022 E.03316
G1 X124.263 Y118.634 E.02108
G1 X123.838 Y119.301 E.02353
G1 X123.409 Y119.91 E.02221
G1 X122.952 Y120.5 E.02221
G1 X122.323 Y121.225 E.02858
G1 X121.7 Y121.879 E.02692
G1 X121.186 Y122.364 E.02105
G1 X120.656 Y122.823 E.02089
G1 X120.007 Y123.336 E.02462
G1 X119.4 Y123.771 E.02227
G1 X118.774 Y124.178 E.02221
G1 X118.132 Y124.556 E.02221
G1 X117.147 Y125.064 E.03299
G1 X116.533 Y125.339 E.02004
G1 X115.749 Y125.651 E.02514
G1 X114.727 Y125.988 E.03207
G1 X113.982 Y126.191 E.023
G1 X113.254 Y126.353 E.02222
G1 X112.215 Y126.524 E.03136
G1 X111.409 Y126.614 E.02415
G1 X110.665 Y126.66 E.02221
G1 X109.92 Y126.673 E.02221
G1 X109.174 Y126.653 E.02221
G1 X108.431 Y126.599 E.02222
G1 X107.383 Y126.465 E.03147
G1 X106.423 Y126.28 E.02911
G1 X105.853 Y126.146 E.01743
G1 X104.87 Y125.863 E.03048
G1 X104.295 Y125.664 E.01812
G1 X103.395 Y125.309 E.0288
G1 X102.717 Y124.999 E.02221
G1 X102.054 Y124.658 E.02222
G1 X101.379 Y124.263 E.02331
G1 X100.545 Y123.731 E.02946
G1 X99.866 Y123.241 E.02494
G1 X99.349 Y122.827 E.01973
G1 X98.777 Y122.328 E.02261
G1 X98.186 Y121.766 E.02429
G1 X97.649 Y121.19 E.02347
G1 X97.04 Y120.487 E.02769
G1 X96.624 Y119.949 E.02027
G1 X96.073 Y119.167 E.02848
G1 X95.715 Y118.596 E.02009
G1 X95.31 Y117.886 E.02434
G1 X94.958 Y117.175 E.02363
G1 X94.55 Y116.265 E.0297
G1 X94.333 Y115.697 E.01812
G1 X94.028 Y114.758 E.02941
G1 X93.772 Y113.818 E.02902
G1 X93.595 Y112.979 E.02553
G1 X93.478 Y112.243 E.02221
G1 X93.375 Y111.232 E.03028
G1 X93.343 Y110.647 E.01743
G1 X93.33 Y109.64 E.03
G1 X93.358 Y109.016 E.01861
G1 X93.451 Y108.02 E.0298
G1 X93.528 Y107.44 E.01743
G1 X93.715 Y106.434 E.03049
G1 X93.857 Y105.842 E.01812
G1 X94.133 Y104.878 E.02989
G1 X94.338 Y104.304 E.01815
G1 X94.701 Y103.382 E.02951
G1 X95.123 Y102.472 E.02989
G1 X95.728 Y101.387 E.03701
G1 X95.861 Y101.179 E.00734
G1 X96.23 Y101.368 F24000
M204 P4000
;TYPE:Outer wall
;WIDTH:0.419999
G1 F9272
G1 X96.612 Y100.772 E.01954
G1 X97.153 Y100.039 E.02514
G1 X97.556 Y99.542 E.01765
G1 X98.167 Y98.85 E.02546
G1 X98.727 Y98.282 E.02201
G1 X99.262 Y97.79 E.02007
G1 X100.265 Y96.98 E.03557
G1 X100.691 Y96.668 E.01457
G1 X101.297 Y96.265 E.02007
G1 X102.402 Y95.63 E.03518
G1 X102.883 Y95.38 E.01494
G1 X103.544 Y95.077 E.02008
G1 X104.218 Y94.803 E.02006
G1 X104.903 Y94.56 E.02006
G1 X105.598 Y94.347 E.02006
G1 X106.302 Y94.166 E.02007
G1 X107.37 Y93.954 E.03002
G1 X108.092 Y93.852 E.02012
G1 X108.816 Y93.783 E.02006
G1 X109.4 Y93.754 E.01614
G1 X110.269 Y93.742 E.02398
G1 X110.983 Y93.77 E.01971
G1 X111.72 Y93.831 E.02041
G1 X112.441 Y93.924 E.02006
G1 X113.158 Y94.05 E.02007
G1 X114.102 Y94.268 E.02675
G1 X114.917 Y94.501 E.02337
G1 X115.594 Y94.733 E.01975
G1 X116.282 Y95.003 E.0204
G1 X116.946 Y95.298 E.02006
G1 X117.597 Y95.624 E.02007
G1 X118.437 Y96.105 E.02673
G1 X119.153 Y96.561 E.02341
G1 X119.745 Y96.983 E.02006
G1 X120.317 Y97.432 E.02007
G1 X121.134 Y98.15 E.03002
G1 X121.642 Y98.649 E.01963
G1 X122.051 Y99.088 E.01655
G1 X122.568 Y99.684 E.02179
G1 X123.066 Y100.322 E.02232
G1 X123.486 Y100.916 E.02008
G1 X123.879 Y101.528 E.02007
G1 X124.375 Y102.403 E.02775
G1 X124.737 Y103.129 E.02238
G1 X125.03 Y103.795 E.02008
G1 X125.292 Y104.473 E.02005
G1 X125.524 Y105.163 E.02008
G1 X125.812 Y106.212 E.03002
G1 X125.966 Y106.925 E.02012
G1 X126.089 Y107.646 E.0202
G1 X126.21 Y108.723 E.0299
G1 X126.248 Y109.399 E.01868
G1 X126.259 Y110.178 E.0215
G1 X126.235 Y110.91 E.0202
G1 X126.14 Y111.967 E.02928
G1 X126.06 Y112.523 E.01551
G1 X125.895 Y113.424 E.02528
G1 X125.738 Y114.085 E.01873
G1 X125.526 Y114.83 E.02139
G1 X125.294 Y115.52 E.02006
G1 X125.063 Y116.121 E.01778
G1 X124.74 Y116.863 E.02233
G1 X124.248 Y117.835 E.03004
G1 X123.905 Y118.427 E.01889
G1 X123.49 Y119.078 E.02129
G1 X123.071 Y119.672 E.02006
G1 X122.625 Y120.246 E.02007
G1 X122.011 Y120.953 E.02584
G1 X121.403 Y121.591 E.0243
G1 X120.902 Y122.062 E.01898
G1 X120.386 Y122.51 E.01886
G1 X119.751 Y123.012 E.02232
G1 X119.159 Y123.435 E.02008
G1 X118.549 Y123.831 E.02006
G1 X117.922 Y124.199 E.02007
G1 X116.958 Y124.696 E.02992
G1 X116.365 Y124.962 E.01794
G1 X115.608 Y125.262 E.02246
G1 X114.598 Y125.596 E.02936
G1 X113.875 Y125.792 E.02067
G1 X113.164 Y125.949 E.02007
G1 X112.148 Y126.116 E.02841
G1 X111.366 Y126.203 E.02173
G1 X110.64 Y126.247 E.02006
G1 X109.913 Y126.26 E.02006
G1 X109.186 Y126.24 E.02006
G1 X108.461 Y126.187 E.02007
G1 X107.436 Y126.055 E.02851
G1 X106.503 Y125.874 E.0262
G1 X105.956 Y125.745 E.01551
G1 X104.991 Y125.467 E.02773
G1 X104.433 Y125.274 E.01628
G1 X103.551 Y124.926 E.02617
G1 X102.89 Y124.623 E.02006
G1 X102.243 Y124.29 E.02007
G1 X101.588 Y123.906 E.02095
G1 X100.774 Y123.387 E.02665
G1 X100.111 Y122.907 E.02259
G1 X99.607 Y122.504 E.01778
G1 X99.049 Y122.017 E.02045
G1 X98.473 Y121.468 E.02195
G1 X97.952 Y120.908 E.0211
G1 X97.359 Y120.222 E.02502
G1 X96.953 Y119.699 E.01827
G1 X96.413 Y118.932 E.02587
G1 X96.065 Y118.377 E.0181
G1 X95.67 Y117.683 E.02203
G1 X95.329 Y116.992 E.02125
G1 X94.931 Y116.103 E.02688
G1 X94.721 Y115.552 E.01627
G1 X94.423 Y114.635 E.0266
G1 X94.173 Y113.717 E.02625
G1 X94 Y112.897 E.02314
G1 X93.887 Y112.178 E.02007
G1 X93.787 Y111.19 E.02741
G1 X93.756 Y110.629 E.01551
G1 X93.744 Y109.64 E.02728
G1 X93.771 Y109.034 E.01673
G1 X93.862 Y108.061 E.02697
G1 X93.937 Y107.504 E.01551
G1 X94.12 Y106.516 E.02773
G1 X94.258 Y105.943 E.01627
G1 X94.529 Y104.996 E.02717
G1 X94.727 Y104.444 E.01619
G1 X95.082 Y103.543 E.02671
G1 X95.496 Y102.651 E.02713
G1 X96.083 Y101.598 E.03326
G1 X96.209 Y101.402 E.00642
G1 E-1 F2400
;WIPE_START
G1 F12000
G1 X96.612 Y100.772
G1 X97.153 Y100.039
G1 X97.367 Y99.774
;WIPE_END
G1 Z6 F24000
G1 X94.998 Y102.057 Z6
G1 Z5.8
G1 E1 F2700
M204 P5000
;TYPE:Sparse infill
;WIDTH:0.45
G1 F9272
G1 X94.534 Y102.994 E.03112
G1 X94.307 Y103.531 E.01737
G1 X93.522 Y102.746 E.03306
G1 X93.317 Y100.674 E.06204
G1 X92.384 Y99.74 E.03933
G1 X92.273 Y99.729 E.0033
G1 X92.454 Y99.416 E.01076
G1 X93.102 Y98.41 E.03566
G1 X93.455 Y97.924 E.01789
G1 X93.522 Y98.601 E.02026
G1 X94.456 Y99.535 E.03933
G1 X96.484 Y99.735 E.06069
G1 X97.19 Y98.856 E.03362
G1 X97.643 Y98.358 E.02004
G1 X97.462 Y96.529 E.05476
G1 X96.529 Y95.595 E.03933
G1 X95.53 Y95.496 E.0299
G1 X96.227 Y94.829 E.02875
G1 X97.139 Y94.048 E.03577
G1 X97.592 Y93.697 E.01708
G1 X97.667 Y94.456 E.02274
G1 X98.601 Y95.39 E.03933
G1 X100.674 Y95.595 E.06204
G1 X100.807 Y95.728 E.00562
G1 X101.818 Y95.123 E.03509
G1 X102.254 Y94.897 E.01462
G1 X101.812 Y94.456 E.01858
G1 X101.607 Y92.384 E.06204
G1 X100.883 Y91.659 E.03054
G1 X101.525 Y91.344 E.0213
G1 X102.25 Y91.031 E.02354
G1 X102.454 Y90.952 E.00649
G1 X102.746 Y91.245 E.01232
G1 X104.819 Y91.45 E.06204
G1 X105.752 Y92.384 E.03933
G1 X105.866 Y93.536 E.0345
G1 X106.156 Y93.462 E.00889
G1 X107.257 Y93.244 E.03344
G1 X108.012 Y93.138 E.02273
G1 X108.771 Y93.066 E.0227
G1 X109.961 Y93.025 E.03546
G1 X109.898 Y92.384 E.0192
G1 X108.964 Y91.45 E.03933
G1 X106.891 Y91.245 E.06204
G1 X105.957 Y90.311 E.03933
G1 X105.919 Y89.922 E.01166
G1 X107.231 Y89.697 E.03966
M73 P73 R1
G1 X108.012 Y89.606 E.0234
G1 X109.206 Y89.525 E.03565
G1 X110.024 Y89.517 E.02437
G1 X110.102 Y90.311 E.02377
G1 X111.036 Y91.245 E.03933
G1 X113.109 Y91.45 E.06204
G1 X114.043 Y92.384 E.03933
G1 X114.157 Y93.543 E.0347
G1 X115.119 Y93.811 E.02973
G1 X115.715 Y94.015 E.01876
G1 X115.789 Y90.353 F24000
G1 F9272
G1 X115.107 Y90.156 E.02114
G1 X114.212 Y89.95 E.02736
G1 X114.248 Y90.311 E.0108
G1 X115.181 Y91.245 E.03933
G1 X117.254 Y91.45 E.06204
G1 X118.188 Y92.384 E.03933
G1 X118.393 Y94.456 E.06204
G1 X119.326 Y95.39 E.03933
G1 X121.399 Y95.595 E.06204
G1 X122.333 Y96.529 E.03933
G1 X122.533 Y98.551 E.06052
G1 X122.885 Y98.948 E.01582
G1 X123.471 Y99.535 E.02471
G1 X125.544 Y99.74 E.06204
G1 X126.478 Y100.674 E.03933
G1 X126.683 Y102.746 E.06204
G1 X127.616 Y103.68 E.03933
G1 X129.546 Y103.871 E.05777
G1 X129.254 Y102.987 E.02772
G1 X128.969 Y102.25 E.02353
G1 X128.656 Y101.525 E.02354
G1 X128.128 Y100.447 E.03573
G1 X127.603 Y99.522 E.03168
G1 X126.683 Y98.601 E.03879
G1 X126.627 Y98.036 E.01692
G1 X126.434 Y97.76 E.01003
G1 X125.952 Y97.139 E.02341
G1 X125.171 Y96.227 E.03577
G1 X124.461 Y95.488 E.03053
G1 X123.471 Y95.39 E.02962
G1 X122.538 Y94.456 E.03933
G1 X122.467 Y93.74 E.02144
G1 X121.59 Y93.102 E.03229
G1 X121.133 Y92.807 E.01622
G1 X125.396 Y102.842 F24000
G1 F9272
G1 X125.691 Y103.513 E.02183
G1 X126.009 Y104.35 E.02667
G1 X126.478 Y104.819 E.01975
G1 X126.691 Y106.9 E.06231
G1 X127.616 Y107.825 E.03899
G1 X129.689 Y108.03 E.06204
G1 X130.452 Y108.793 E.03213
G1 X130.475 Y109.201 E.01218
G1 X130.487 Y110.402 E.03577
G1 X130.456 Y111.187 E.02341
G1 X130.352 Y112.383 E.03577
G1 X130.297 Y112.783 E.01202
G1 X129.689 Y112.175 E.02563
G1 X127.616 Y111.97 E.06204
G1 X126.923 Y111.277 E.0292
G1 X126.854 Y112.056 E.02329
G1 X126.743 Y112.817 E.0229
G1 X126.546 Y113.796 E.02977
G1 X126.683 Y115.181 E.04146
G1 X127.616 Y116.115 E.03933
G1 X129.497 Y116.301 E.0563
G1 X129.257 Y117.004 E.02213
G1 X128.93 Y117.827 E.02637
G1 X124.999 Y117.942 F24000
G1 F9272
G1 X125.39 Y117.172 E.02574
G1 X125.695 Y116.471 E.02276
G1 X126.478 Y117.254 E.03298
G1 X126.683 Y119.326 E.06204
G1 X127.616 Y120.26 E.03933
G1 X127.727 Y120.271 E.0033
G1 X127.546 Y120.584 E.01076
G1 X126.898 Y121.59 E.03566
G1 X126.545 Y122.076 E.01789
G1 X126.478 Y121.399 E.02026
G1 X125.544 Y120.465 E.03933
G1 X123.521 Y120.265 E.06056
G1 X123.183 Y120.7 E.01639
G1 X122.357 Y121.642 E.03734
G1 X122.538 Y123.471 E.05476
G1 X123.471 Y124.405 E.03933
G1 X124.468 Y124.504 E.02985
G1 X123.773 Y125.172 E.02872
G1 X122.917 Y125.906 E.03361
G1 X122.408 Y126.303 E.01922
G1 X122.333 Y125.544 E.02272
G1 X121.399 Y124.61 E.03933
G1 X119.326 Y124.405 E.06204
G1 X119.192 Y124.27 E.00568
G1 X118.273 Y124.827 E.03199
G1 X117.743 Y125.099 E.01775
G1 X118.188 Y125.544 E.01872
G1 X118.393 Y127.616 E.06204
G1 X119.12 Y128.344 E.03067
G1 X118.843 Y128.485 E.00928
G1 X117.745 Y128.971 E.03574
G1 X117.546 Y129.048 E.00636
G1 X117.254 Y128.755 E.01232
G1 X115.181 Y128.55 E.06204
G1 X114.248 Y127.616 E.03933
G1 X114.134 Y126.466 E.03443
G1 X113.306 Y126.654 E.02528
G1 X112.204 Y126.835 E.03327
G1 X111.44 Y126.918 E.0229
G1 X110.666 Y126.966 E.02308
G1 X110.039 Y126.977 E.01868
G1 X110.102 Y127.616 E.01915
G1 X111.036 Y128.55 E.03933
G1 X113.109 Y128.755 E.06204
G1 X114.043 Y129.689 E.03933
G1 X114.08 Y130.072 E.01146
G1 X113.554 Y130.18 E.01602
G1 X112.777 Y130.302 E.02341
G1 X111.584 Y130.43 E.03577
G1 X110.799 Y130.475 E.02341
G1 X109.976 Y130.483 E.02451
G1 X109.898 Y129.689 E.02378
G1 X108.964 Y128.755 E.03933
G1 X106.891 Y128.55 E.06204
G1 X105.957 Y127.616 E.03933
G1 X105.843 Y126.458 E.03467
G1 X105.424 Y126.35 E.01288
G1 X104.673 Y126.122 E.02339
G1 X104.286 Y125.984 E.01223
G1 X104.211 Y129.647 F24000
G1 F9272
G1 X104.893 Y129.844 E.02114
G1 X105.788 Y130.05 E.02736
G1 X105.752 Y129.689 E.0108
G1 X104.819 Y128.755 E.03933
G1 X102.746 Y128.55 E.06204
G1 X101.812 Y127.616 E.03933
G1 X101.607 Y125.544 E.06204
G1 X100.674 Y124.61 E.03933
G1 X98.601 Y124.405 E.06204
G1 X97.667 Y123.471 E.03933
G1 X97.467 Y121.441 E.06077
G1 X97.102 Y121.039 E.01617
G1 X96.529 Y120.465 E.02417
G1 X94.456 Y120.26 E.06204
G1 X93.522 Y119.326 E.03933
G1 X93.317 Y117.254 E.06204
G1 X92.384 Y116.32 E.03933
G1 X90.454 Y116.129 E.05777
G1 X90.746 Y117.013 E.02772
G1 X91.029 Y117.745 E.0234
G1 X91.515 Y118.843 E.03574
G1 X91.903 Y119.609 E.02558
G1 X92.392 Y120.473 E.02957
G1 X93.317 Y121.399 E.039
G1 X93.373 Y121.964 E.01692
G1 X93.566 Y122.239 E.01
G1 X94.094 Y122.917 E.02559
G1 X94.828 Y123.773 E.03361
G1 X95.542 Y124.512 E.03061
G1 X96.529 Y124.61 E.02953
G1 X97.462 Y125.544 E.03933
G1 X97.533 Y126.26 E.02144
G1 X98.41 Y126.898 E.03229
G1 X98.867 Y127.193 E.01622
G1 X94.608 Y117.155 F24000
G1 F9272
G1 X94.23 Y116.291 E.02808
G1 X93.99 Y115.649 E.02042
G1 X93.522 Y115.181 E.0197
G1 X93.309 Y113.1 E.06232
G1 X92.384 Y112.175 E.03897
G1 X90.311 Y111.97 E.06204
G1 X89.548 Y111.207 E.03213
G1 X89.525 Y110.799 E.01218
G1 X89.513 Y109.598 E.03577
G1 X89.544 Y108.813 E.02341
G1 X89.648 Y107.617 E.03577
G1 X89.703 Y107.217 E.01202
G1 X90.311 Y107.825 E.02563
G1 X92.384 Y108.03 E.06204
G1 X93.073 Y108.72 E.02905
G1 X93.174 Y107.728 E.02968
G1 X93.293 Y106.975 E.02272
G1 X93.454 Y106.196 E.0237
G1 X93.317 Y104.819 E.04121
G1 X92.384 Y103.885 E.03933
G1 X90.503 Y103.699 E.0563
G1 X90.743 Y102.996 E.02213
G1 X91.07 Y102.173 E.02637
; stop printing object Генератор.stl id:0 copy 0
;LAYER_CHANGE
;Z:6
;HEIGHT:0.2
;BEFORE_LAYER_CHANGE
;6
G92 E0

G1 E-1 F2400
;WIPE_START
G1 F12000
G1 X90.743 Y102.996
G1 X90.503 Y103.699
G1 X90.873 Y103.736
;WIPE_END
M486 S-1
;_SET_FAN_SPEED_CHANGING_LAYER
; printing object Генератор.stl id:0 copy 0
M486 S0
G1 Z6.2 F24000
G1 X130.783 Y109.469 Z6.2
G1 Z6
M73 P74 R1
G1 E1 F2700
;TYPE:Inner wall
;WIDTH:0.449999
G1 F9132
G1 X130.792 Y110.406 E.02793
G1 X130.761 Y111.206 E.02385
G1 X130.655 Y112.417 E.03621
G1 X130.547 Y113.21 E.02384
G1 X130.324 Y114.406 E.03621
G1 X130.14 Y115.185 E.02384
G1 X129.802 Y116.353 E.03621
G1 X129.543 Y117.11 E.02384
G1 X129.095 Y118.237 E.03613
G1 X128.609 Y119.282 E.03432
G1 X128.208 Y120.048 E.02574
G1 X127.807 Y120.743 E.02391
G1 X127.15 Y121.763 E.03614
G1 X126.472 Y122.694 E.03432
G1 X125.932 Y123.366 E.02565
G1 X125.125 Y124.273 E.03619
G1 X124.562 Y124.847 E.02394
G1 X123.977 Y125.399 E.02394
G1 X123.1 Y126.151 E.03442
G1 X122.421 Y126.68 E.02565
G1 X121.425 Y127.377 E.03619
G1 X120.748 Y127.804 E.02385
G1 X119.742 Y128.373 E.03441
G1 X118.973 Y128.761 E.02565
G1 X117.862 Y129.253 E.0362
G1 X117.116 Y129.541 E.02384
G1 X115.965 Y129.923 E.03612
G1 X114.796 Y130.236 E.03604
G1 X113.608 Y130.481 E.03612
G1 X112.817 Y130.605 E.02385
G1 X111.609 Y130.734 E.03621
G1 X110.809 Y130.781 E.02385
G1 X109.594 Y130.792 E.03621
G1 X108.794 Y130.761 E.02385
G1 X107.583 Y130.655 E.03621
G1 X106.79 Y130.547 E.02384
G1 X105.594 Y130.324 E.03621
G1 X104.815 Y130.14 E.02384
G1 X103.648 Y129.802 E.03621
G1 X102.89 Y129.543 E.02384
G1 X101.763 Y129.095 E.03613
G1 X100.718 Y128.609 E.03432
G1 X99.952 Y128.208 E.02574
G1 X99.257 Y127.807 E.02391
G1 X98.237 Y127.15 E.03614
G1 X97.306 Y126.472 E.03432
G1 X96.634 Y125.932 E.02565
G1 X95.727 Y125.125 E.03619
G1 X95.153 Y124.562 E.02394
G1 X94.601 Y123.977 E.02394
G1 X93.849 Y123.1 E.03442
G1 X93.32 Y122.421 E.02565
G1 X92.623 Y121.425 E.03619
G1 X92.196 Y120.748 E.02385
G1 X91.627 Y119.742 E.03441
G1 X91.239 Y118.973 E.02565
G1 X90.747 Y117.862 E.0362
G1 X90.459 Y117.116 E.02384
G1 X90.077 Y115.965 E.03612
G1 X89.764 Y114.796 E.03604
G1 X89.519 Y113.608 E.03612
G1 X89.395 Y112.817 E.02385
G1 X89.266 Y111.609 E.03621
G1 X89.219 Y110.809 E.02385
G1 X89.208 Y109.594 E.03621
G1 X89.239 Y108.794 E.02385
G1 X89.345 Y107.583 E.03621
G1 X89.453 Y106.79 E.02384
G1 X89.676 Y105.594 E.03621
G1 X89.86 Y104.815 E.02384
G1 X90.198 Y103.648 E.03621
G1 X90.457 Y102.89 E.02384
G1 X90.905 Y101.763 E.03613
G1 X91.391 Y100.718 E.03432
G1 X91.792 Y99.952 E.02574
G1 X92.193 Y99.257 E.02391
G1 X92.85 Y98.237 E.03614
G1 X93.528 Y97.306 E.03432
G1 X94.068 Y96.634 E.02566
G1 X94.835 Y95.771 E.0344
G1 X95.439 Y95.152 E.02574
G1 X96.023 Y94.601 E.02392
G1 X96.946 Y93.811 E.03621
G1 X97.579 Y93.321 E.02384
G1 X98.575 Y92.623 E.03621
G1 X99.252 Y92.196 E.02384
G1 X100.308 Y91.6 E.03613
G1 X101.343 Y91.092 E.03433
G1 X102.135 Y90.748 E.02574
G1 X102.884 Y90.459 E.02391
G1 X104.035 Y90.077 E.03612
G1 X105.207 Y89.764 E.03613
G1 X105.989 Y89.594 E.02385
G1 X107.189 Y89.395 E.03622
G1 X107.984 Y89.302 E.02384
G1 X109.194 Y89.219 E.03613
G1 X110.346 Y89.207 E.03432
G1 X111.207 Y89.239 E.02565
G1 X112.417 Y89.345 E.0362
G1 X113.21 Y89.453 E.02384
G1 X114.406 Y89.676 E.03621
G1 X115.185 Y89.86 E.02384
G1 X116.353 Y90.198 E.03621
G1 X117.11 Y90.457 E.02384
G1 X118.237 Y90.905 E.03613
G1 X119.282 Y91.391 E.03432
G1 X120.048 Y91.792 E.02574
G1 X120.743 Y92.193 E.02391
G1 X121.763 Y92.85 E.03614
G1 X122.694 Y93.528 E.03432
G1 X123.366 Y94.068 E.02566
G1 X124.229 Y94.835 E.0344
G1 X124.848 Y95.439 E.02574
G1 X125.399 Y96.023 E.02392
G1 X126.189 Y96.946 E.03621
G1 X126.679 Y97.579 E.02384
G1 X127.377 Y98.575 E.03621
G1 X127.804 Y99.252 E.02384
G1 X128.4 Y100.308 E.03613
G1 X128.908 Y101.343 E.03433
G1 X129.252 Y102.135 E.02574
G1 X129.541 Y102.884 E.02391
G1 X129.988 Y104.279 E.04364
G1 X130.252 Y105.283 E.0309
G1 X130.489 Y106.441 E.03522
G1 X130.643 Y107.541 E.0331
G1 X130.739 Y108.474 E.02794
G1 X130.781 Y109.241 E.02286
G1 X130.783 Y109.429 E.0056
G1 X131.197 Y109.465 F24000
M204 P4000
;TYPE:Outer wall
;WIDTH:0.419999
G1 F9132
G1 X131.206 Y110.412 E.02614
G1 X131.174 Y111.232 E.02264
G1 X131.066 Y112.463 E.0341
G1 X130.955 Y113.276 E.02264
G1 X130.729 Y114.491 E.0341
G1 X130.54 Y115.29 E.02264
G1 X130.197 Y116.477 E.0341
G1 X129.931 Y117.253 E.02264
G1 X129.475 Y118.401 E.03407
G1 X128.98 Y119.465 E.03239
G1 X128.57 Y120.247 E.02435
G1 X128.16 Y120.958 E.02266
G1 X127.491 Y121.997 E.03408
G1 X126.8 Y122.946 E.03239
G1 X126.248 Y123.633 E.02432
G1 X125.427 Y124.556 E.03409
G1 X124.852 Y125.142 E.02267
G1 X124.254 Y125.706 E.02267
G1 X123.362 Y126.471 E.03242
G1 X122.666 Y127.013 E.02432
G1 X121.654 Y127.721 E.03409
G1 X120.96 Y128.159 E.02264
G1 X119.937 Y128.737 E.03242
G1 X119.15 Y129.135 E.02432
G1 X118.021 Y129.635 E.03409
G1 X117.255 Y129.93 E.02264
G1 X116.083 Y130.319 E.03407
G1 X114.891 Y130.638 E.03404
G1 X113.682 Y130.888 E.03407
G1 X112.871 Y131.015 E.02264
G1 X111.643 Y131.146 E.03409
G1 X110.823 Y131.194 E.02264
G1 X109.588 Y131.206 E.03409
G1 X108.768 Y131.174 E.02264
G1 X107.537 Y131.066 E.0341
G1 X106.724 Y130.955 E.02264
G1 X105.509 Y130.729 E.0341
G1 X104.71 Y130.54 E.02264
G1 X103.523 Y130.197 E.0341
G1 X102.747 Y129.931 E.02264
G1 X101.599 Y129.475 E.03407
G1 X100.535 Y128.98 E.03239
G1 X99.753 Y128.57 E.02435
G1 X99.042 Y128.16 E.02266
G1 X98.003 Y127.491 E.03408
G1 X97.054 Y126.8 E.03239
G1 X96.367 Y126.248 E.02432
G1 X95.444 Y125.427 E.03409
G1 X94.858 Y124.852 E.02267
G1 X94.294 Y124.254 E.02267
G1 X93.529 Y123.362 E.03242
G1 X92.987 Y122.666 E.02432
G1 X92.279 Y121.654 E.03409
G1 X91.841 Y120.96 E.02264
G1 X91.263 Y119.937 E.03242
G1 X90.865 Y119.15 E.02432
G1 X90.365 Y118.021 E.03409
G1 X90.07 Y117.255 E.02264
G1 X89.681 Y116.083 E.03407
G1 X89.362 Y114.891 E.03404
G1 X89.112 Y113.682 E.03407
G1 X88.985 Y112.871 E.02264
G1 X88.854 Y111.643 E.03409
G1 X88.806 Y110.823 E.02264
G1 X88.794 Y109.588 E.03409
G1 X88.826 Y108.768 E.02264
G1 X88.934 Y107.537 E.0341
G1 X89.045 Y106.724 E.02264
G1 X89.271 Y105.509 E.0341
G1 X89.46 Y104.71 E.02264
G1 X89.803 Y103.523 E.0341
G1 X90.069 Y102.747 E.02264
G1 X90.525 Y101.599 E.03407
G1 X91.02 Y100.535 E.03239
G1 X91.43 Y99.753 E.02435
G1 X91.84 Y99.042 E.02266
G1 X92.509 Y98.003 E.03408
G1 X93.2 Y97.054 E.03239
G1 X93.752 Y96.367 E.02432
G1 X94.532 Y95.489 E.03241
G1 X95.149 Y94.857 E.02435
G1 X95.746 Y94.294 E.02266
G1 X96.685 Y93.49 E.0341
G1 X97.333 Y92.988 E.02264
G1 X98.346 Y92.279 E.0341
G1 X99.04 Y91.841 E.02264
G1 X100.115 Y91.234 E.03407
G1 X101.169 Y90.716 E.03239
G1 X101.979 Y90.365 E.02435
G1 X102.745 Y90.07 E.02266
G1 X103.917 Y89.681 E.03407
G1 X105.11 Y89.362 E.03407
G1 X105.912 Y89.188 E.02264
G1 X107.131 Y88.985 E.0341
G1 X107.946 Y88.89 E.02264
G1 X109.178 Y88.806 E.03407
G1 X110.352 Y88.793 E.03239
G1 X111.232 Y88.826 E.02432
G1 X112.463 Y88.934 E.03409
G1 X113.276 Y89.045 E.02264
G1 X114.491 Y89.271 E.0341
G1 X115.29 Y89.46 E.02264
G1 X116.477 Y89.803 E.0341
G1 X117.253 Y90.069 E.02264
G1 X118.401 Y90.525 E.03407
G1 X119.465 Y91.02 E.03239
G1 X120.247 Y91.43 E.02435
G1 X120.958 Y91.84 E.02266
G1 X121.997 Y92.509 E.03408
G1 X122.946 Y93.2 E.03239
G1 X123.633 Y93.752 E.02432
G1 X124.511 Y94.532 E.03241
G1 X125.143 Y95.149 E.02435
G1 X125.706 Y95.746 E.02266
G1 X126.51 Y96.685 E.0341
G1 X127.012 Y97.333 E.02264
G1 X127.721 Y98.346 E.0341
G1 X128.159 Y99.04 E.02264
G1 X128.766 Y100.115 E.03407
G1 X129.284 Y101.169 E.03239
G1 X129.635 Y101.979 E.02435
G1 X129.93 Y102.745 E.02266
G1 X130.387 Y104.172 E.04136
G1 X130.657 Y105.199 E.02928
G1 X130.897 Y106.377 E.03318
G1 X131.054 Y107.497 E.03121
G1 X131.152 Y108.45 E.02643
G1 X131.195 Y109.237 E.02173
G1 X131.196 Y109.425 E.00519
G1 E-1 F2400
;WIPE_START
G1 F12000
G1 X131.206 Y110.412
G1 X131.174 Y111.232
G1 X131.157 Y111.423
;WIPE_END
G1 Z6.2 F24000
G1 X95.87 Y101.159 Z6.2
G1 Z6
G1 E1 F2700
M204 P5000
;TYPE:Inner wall
;WIDTH:0.449999
G1 F9132
G1 X96.058 Y100.856 E.01061
G1 X96.481 Y100.24 E.02226
G1 X97.231 Y99.284 E.0362
G1 X97.869 Y98.563 E.02867
G1 X98.347 Y98.078 E.02029
G1 X98.798 Y97.655 E.01843
G1 X99.562 Y97.009 E.0298
G1 X100.447 Y96.335 E.03315
G1 X101.068 Y95.921 E.02221
G1 X101.706 Y95.536 E.02221
G1 X103.075 Y94.838 E.04578
G1 X103.694 Y94.569 E.02009
G1 X104.764 Y94.17 E.03403
G1 X105.477 Y93.952 E.02221
G1 X106.2 Y93.765 E.02221
G1 X107.289 Y93.549 E.0331
G1 X108.034 Y93.443 E.02241
G1 X108.776 Y93.372 E.02221
G1 X109.379 Y93.341 E.01796
G1 X110.267 Y93.329 E.02645
G1 X110.998 Y93.357 E.02181
G1 X111.755 Y93.419 E.0226
G1 X112.51 Y93.516 E.02269
G1 X113.587 Y93.717 E.03263
G1 X114.169 Y93.859 E.01785
G1 X115.033 Y94.105 E.02676
G1 X115.728 Y94.341 E.02185
G1 X116.433 Y94.618 E.02258
G1 X117.444 Y95.081 E.0331
G1 X118.09 Y95.421 E.02175
G1 X118.624 Y95.733 E.01843
G1 X119.378 Y96.214 E.02665
G1 X119.985 Y96.647 E.02221
G1 X120.746 Y97.255 E.02899
G1 X121.411 Y97.843 E.02647
G1 X122.323 Y98.772 E.03875
G1 X122.697 Y99.194 E.01681
G1 X123.168 Y99.772 E.02221
G1 X123.612 Y100.371 E.02221
G1 X123.948 Y100.869 E.01789
G1 X124.257 Y101.369 E.01753
G1 X124.562 Y101.881 E.01774
G1 X124.946 Y102.609 E.02452
G1 X125.435 Y103.705 E.03575
G1 X125.658 Y104.282 E.01842
G1 X125.978 Y105.243 E.03017
G1 X126.212 Y106.107 E.02667
G1 X126.371 Y106.838 E.02227
G1 X126.519 Y107.774 E.02824
G1 X126.621 Y108.684 E.02727
G1 X126.661 Y109.376 E.02065
G1 X126.673 Y110.173 E.02376
G1 X126.648 Y110.935 E.02269
G1 X126.552 Y112.004 E.03196
G1 X126.469 Y112.583 E.01743
G1 X126.301 Y113.503 E.02784
G1 X126.14 Y114.181 E.02077
G1 X125.923 Y114.944 E.02364
G1 X125.686 Y115.652 E.02221
G1 X125.418 Y116.347 E.02221
G1 X125.119 Y117.03 E.02222
G1 X124.617 Y118.022 E.0331
G1 X124.263 Y118.634 E.02108
G1 X123.838 Y119.301 E.02354
G1 X123.232 Y120.144 E.03094
G1 X122.753 Y120.739 E.02274
G1 X122.219 Y121.344 E.02403
G1 X121.7 Y121.879 E.02221
G1 X121.186 Y122.363 E.02104
G1 X120.466 Y122.972 E.02807
G1 X119.958 Y123.368 E.01921
G1 X119.123 Y123.955 E.03041
G1 X118.622 Y124.261 E.01747
G1 X118.138 Y124.552 E.01684
G1 X117.473 Y124.905 E.02241
G1 X116.799 Y125.224 E.02222
G1 X115.77 Y125.643 E.0331
G1 X115.058 Y125.888 E.02241
G1 X114.343 Y126.098 E.02221
G1 X113.829 Y126.224 E.01576
G1 X112.888 Y126.421 E.02865
G1 X112.238 Y126.521 E.01958
G1 X111.409 Y126.614 E.02483
G1 X110.665 Y126.66 E.02221
G1 X109.92 Y126.673 E.02221
G1 X109.174 Y126.653 E.02221
G1 X108.431 Y126.599 E.02222
G1 X107.383 Y126.465 E.03147
G1 X106.423 Y126.28 E.02911
G1 X105.853 Y126.146 E.01743
G1 X104.87 Y125.863 E.03049
G1 X104.295 Y125.664 E.01812
G1 X103.395 Y125.309 E.02881
G1 X102.514 Y124.894 E.02901
G1 X101.932 Y124.588 E.0196
G1 X101.397 Y124.278 E.01842
G1 X100.545 Y123.731 E.03014
G1 X99.866 Y123.24 E.02496
G1 X99.279 Y122.759 E.02262
G1 X98.531 Y122.099 E.02971
G1 X97.939 Y121.515 E.02477
G1 X97.187 Y120.669 E.03372
G1 X96.719 Y120.08 E.02241
G1 X96.281 Y119.476 E.02221
G1 X95.871 Y118.854 E.02221
G1 X95.49 Y118.213 E.02221
G1 X95.137 Y117.556 E.02221
G1 X94.814 Y116.884 E.02221
G1 X94.55 Y116.265 E.02004
G1 X94.333 Y115.697 E.01812
G1 X94.028 Y114.758 E.02941
G1 X93.772 Y113.818 E.02902
G1 X93.595 Y112.98 E.02553
G1 X93.478 Y112.243 E.02222
G1 X93.375 Y111.232 E.03028
G1 X93.343 Y110.647 E.01743
G1 X93.33 Y109.64 E.03
G1 X93.358 Y109.016 E.01861
G1 X93.451 Y108.02 E.0298
G1 X93.528 Y107.44 E.01743
G1 X93.715 Y106.434 E.03049
G1 X93.857 Y105.842 E.01812
G1 X94.14 Y104.883 E.0298
G1 X94.324 Y104.327 E.01743
G1 X94.512 Y103.825 E.01597
G1 X94.958 Y102.808 E.0331
G1 X95.297 Y102.136 E.02241
G1 X95.627 Y101.55 E.02005
G1 X95.849 Y101.193 E.01251
G1 X96.221 Y101.377 F24000
M204 P4000
;TYPE:Outer wall
;WIDTH:0.419999
G1 F9132
G1 X96.409 Y101.074 E.00982
G1 X96.822 Y100.475 E.02008
G1 X97.549 Y99.548 E.03251
G1 X98.175 Y98.841 E.02605
G1 X98.64 Y98.37 E.01828
G1 X99.078 Y97.959 E.01656
G1 X99.824 Y97.328 E.02696
G1 X100.691 Y96.668 E.03007
G1 X101.297 Y96.265 E.02006
G1 X101.919 Y95.89 E.02007
G1 X103.249 Y95.213 E.04116
G1 X103.85 Y94.952 E.01807
G1 X104.903 Y94.56 E.03101
G1 X105.598 Y94.347 E.02006
G1 X106.302 Y94.166 E.02007
G1 X107.37 Y93.954 E.03002
G1 X108.092 Y93.852 E.02012
G1 X108.816 Y93.783 E.02006
G1 X109.399 Y93.754 E.01613
G1 X110.269 Y93.742 E.02399
G1 X110.982 Y93.77 E.0197
G1 X111.72 Y93.831 E.02043
G1 X112.446 Y93.925 E.0202
G1 X113.511 Y94.124 E.0299
G1 X114.071 Y94.261 E.0159
G1 X114.917 Y94.501 E.02428
G1 X115.594 Y94.733 E.01973
G1 X116.282 Y95.003 E.0204
G1 X117.271 Y95.456 E.03002
G1 X117.896 Y95.787 E.01951
G1 X118.414 Y96.09 E.01656
G1 X119.153 Y96.561 E.02418
G1 X119.745 Y96.984 E.02007
G1 X120.487 Y97.577 E.02624
G1 X121.136 Y98.152 E.0239
G1 X122.013 Y99.047 E.03459
G1 X122.39 Y99.471 E.01565
G1 X122.847 Y100.033 E.01997
G1 X123.279 Y100.617 E.02006
G1 X123.605 Y101.1 E.01606
G1 X124.207 Y102.093 E.03204
G1 X124.58 Y102.801 E.02209
G1 X124.887 Y103.461 E.02008
G1 X125.164 Y104.133 E.02006
G1 X125.412 Y104.816 E.02006
G1 X125.584 Y105.366 E.01589
G1 X125.813 Y106.213 E.02422
G1 X125.967 Y106.925 E.02008
G1 X126.111 Y107.838 E.02552
G1 X126.21 Y108.725 E.02462
G1 X126.248 Y109.399 E.01862
G1 X126.259 Y110.178 E.0215
G1 X126.235 Y110.91 E.0202
G1 X126.14 Y111.967 E.02928
G1 X126.06 Y112.523 E.01551
G1 X125.895 Y113.424 E.02528
G1 X125.738 Y114.085 E.01873
G1 X125.526 Y114.83 E.02139
G1 X125.294 Y115.52 E.02007
G1 X125.032 Y116.198 E.02006
G1 X124.74 Y116.864 E.02007
G1 X124.248 Y117.835 E.03002
G1 X123.905 Y118.427 E.01889
G1 X123.49 Y119.078 E.02129
G1 X122.896 Y119.902 E.02804
G1 X122.431 Y120.479 E.02045
G1 X121.91 Y121.07 E.02172
G1 X121.403 Y121.591 E.02006
G1 X120.902 Y122.062 E.01898
G1 X120.2 Y122.655 E.02536
G1 X119.71 Y123.037 E.01715
G1 X118.89 Y123.614 E.02766
G1 X118.408 Y123.907 E.01555
G1 X117.924 Y124.198 E.0156
G1 X117.28 Y124.539 E.02012
G1 X116.622 Y124.85 E.02007
G1 X115.611 Y125.261 E.0301
G1 X114.924 Y125.496 E.02004
G1 X114.227 Y125.701 E.02006
G1 X112.807 Y126.016 E.04011
G1 X112.176 Y126.112 E.01762
G1 X111.366 Y126.203 E.02249
G1 X110.64 Y126.247 E.02007
G1 X109.913 Y126.26 E.02006
G1 X109.186 Y126.24 E.02006
G1 X108.461 Y126.187 E.02007
G1 X107.436 Y126.055 E.02851
G1 X106.503 Y125.874 E.0262
G1 X105.956 Y125.745 E.01551
G1 X104.991 Y125.467 E.02773
G1 X104.433 Y125.274 E.01627
G1 X103.551 Y124.926 E.02618
G1 X102.691 Y124.52 E.02623
G1 X102.129 Y124.224 E.01752
G1 X101.61 Y123.924 E.01655
G1 X100.774 Y123.387 E.02741
G1 X100.11 Y122.907 E.02261
G1 X99.541 Y122.44 E.02031
G1 X98.811 Y121.795 E.02689
G1 X98.237 Y121.227 E.02227
G1 X97.496 Y120.394 E.03076
G1 X97.043 Y119.823 E.02012
G1 X96.616 Y119.234 E.02006
G1 X96.217 Y118.627 E.02006
G1 X95.845 Y118.002 E.02006
G1 X95.502 Y117.361 E.02006
G1 X95.187 Y116.705 E.02006
G1 X94.931 Y116.103 E.01806
G1 X94.721 Y115.552 E.01627
G1 X94.423 Y114.635 E.0266
G1 X94.173 Y113.717 E.02625
G1 X94 Y112.897 E.02314
G1 X93.887 Y112.178 E.02007
G1 X93.787 Y111.19 E.02741
G1 X93.756 Y110.629 E.01551
G1 X93.744 Y109.64 E.02728
G1 X93.771 Y109.034 E.01673
G1 X93.862 Y108.061 E.02697
G1 X93.937 Y107.504 E.01551
G1 X94.12 Y106.516 E.02773
G1 X94.258 Y105.943 E.01627
G1 X94.535 Y105.006 E.02696
G1 X94.712 Y104.472 E.01551
G1 X94.899 Y103.97 E.01479
G1 X95.337 Y102.974 E.03002
G1 X95.666 Y102.323 E.02012
G1 X95.988 Y101.752 E.01808
G1 X96.2 Y101.411 E.0111
G1 E-1 F2400
;WIPE_START
G1 F12000
G1 X96.409 Y101.074
G1 X96.822 Y100.475
G1 X97.363 Y99.786
;WIPE_END
G1 Z6.2 F24000
G1 X93.043 Y110.78 Z6.2
G1 Z6
G1 E1 F2700
M204 P5000
;TYPE:Sparse infill
;WIDTH:0.45
G1 F9132
G1 X93.025 Y109.633 E.03415
G1 X93.047 Y109.152 E.01434
G1 X92.964 Y108.964 E.00613
G1 X92.384 Y108.384 E.02444
G1 X90.311 Y107.471 E.06745
M73 P75 R1
G1 X89.745 Y106.906 E.02384
G1 X89.975 Y105.658 E.0378
G1 X90.156 Y104.893 E.0234
G1 X90.588 Y103.448 E.04492
G1 X92.384 Y104.239 E.05842
G1 X92.964 Y104.819 E.02444
G1 X93.496 Y106.028 E.03934
G1 X93.632 Y105.488 E.01657
G1 X93.965 Y104.416 E.03344
G1 X94.233 Y103.701 E.02275
G1 X94.415 Y103.285 E.01352
G1 X93.876 Y102.746 E.02271
G1 X92.964 Y100.674 E.06745
G1 X92.384 Y100.093 E.02444
G1 X92.128 Y99.981 E.00832
G1 X92.454 Y99.416 E.01942
G1 X93.102 Y98.41 E.03566
G1 X93.532 Y97.819 E.02175
G1 X93.876 Y98.601 E.02544
G1 X94.456 Y99.181 E.02444
G1 X96.289 Y99.988 E.05965
G1 X96.703 Y99.442 E.02041
G1 X97.191 Y98.855 E.02273
G1 X97.829 Y98.166 E.028
G1 X97.109 Y96.529 E.05327
G1 X96.529 Y95.948 E.02444
G1 X95.521 Y95.505 E.0328
G1 X96.227 Y94.829 E.02912
G1 X97.139 Y94.048 E.03577
G1 X97.663 Y93.642 E.01973
G1 X98.021 Y94.456 E.0265
G1 X98.601 Y95.036 E.02444
G1 X100.554 Y95.896 E.06357
G1 X100.917 Y95.655 E.01295
G1 X101.57 Y95.262 E.02272
G1 X102.486 Y94.776 E.03087
G1 X102.166 Y94.456 E.01347
G1 X101.254 Y92.384 E.06745
G1 X100.674 Y91.803 E.02444
G1 X100.628 Y91.783 E.00149
G1 X101.471 Y91.369 E.02797
G1 X102.251 Y91.031 E.02534
G1 X102.709 Y90.854 E.01461
G1 X102.746 Y90.891 E.00157
G1 X104.819 Y91.803 E.06745
G1 X105.399 Y92.384 E.02444
G1 X105.902 Y93.527 E.03721
G1 X107.257 Y93.244 E.04122
G1 X108.012 Y93.138 E.02273
G1 X108.771 Y93.066 E.0227
G1 X109.827 Y93.026 E.03146
G1 X109.544 Y92.384 E.0209
G1 X108.964 Y91.803 E.02444
G1 X106.891 Y90.891 E.06745
G1 X106.311 Y90.311 E.02444
G1 X106.122 Y89.882 E.01398
G1 X107.231 Y89.697 E.0335
G1 X108.012 Y89.606 E.0234
G1 X109.206 Y89.525 E.03565
G1 X110.106 Y89.517 E.02683
G1 X110.456 Y90.311 E.02586
G1 X111.036 Y90.891 E.02444
G1 X113.109 Y91.803 E.06745
G1 X113.689 Y92.384 E.02444
G1 X114.204 Y93.553 E.03807
G1 X115.121 Y93.812 E.0284
G1 X115.76 Y94.031 E.02009
G1 X125.537 Y96.654 F24000
G1 F9132
G1 X125.171 Y96.227 E.01674
G1 X124.432 Y95.459 E.03175
G1 X123.471 Y95.036 E.03125
G1 X122.891 Y94.456 E.02444
G1 X122.634 Y93.871 E.01904
G1 X121.59 Y93.102 E.03861
G1 X120.584 Y92.454 E.03566
G1 X119.9 Y92.059 E.02351
G1 X119.147 Y91.664 E.02534
G1 X118.116 Y91.185 E.03385
G1 X117.004 Y90.743 E.03565
G1 X116.261 Y90.489 E.0234
G1 X115.107 Y90.156 E.03577
G1 X114.466 Y90.004 E.01963
G1 X114.601 Y90.311 E.01
G1 X115.181 Y90.891 E.02444
G1 X117.254 Y91.803 E.06745
G1 X117.834 Y92.384 E.02444
G1 X118.746 Y94.456 E.06745
G1 X119.326 Y95.036 E.02444
G1 X121.399 Y95.948 E.06745
G1 X121.979 Y96.529 E.02444
G1 X122.891 Y98.601 E.06745
G1 X123.471 Y99.181 E.02444
G1 X125.544 Y100.093 E.06745
G1 X126.124 Y100.674 E.02444
G1 X127.036 Y102.746 E.06745
G1 X127.616 Y103.326 E.02444
G1 X129.657 Y104.225 E.06641
G1 X129.254 Y102.987 E.03876
G1 X129.136 Y102.682 E.00974
G1 X125.724 Y103.606 F24000
G1 F9132
G1 X126.095 Y104.594 E.03144
G1 X126.266 Y105.141 E.01706
G1 X127.036 Y106.891 E.05696
G1 X127.616 Y107.471 E.02444
G1 X129.689 Y108.384 E.06745
G1 X130.269 Y108.964 E.02444
G1 X130.478 Y109.438 E.01542
G1 X130.487 Y110.402 E.02872
G1 X130.461 Y111.065 E.01978
G1 X126.957 Y109.225 F24000
G1 F9132
G1 X126.978 Y110.173 E.02826
G1 X126.955 Y110.853 E.02024
G1 X127.036 Y111.036 E.00598
G1 X127.616 Y111.616 E.02444
G1 X129.689 Y112.529 E.06745
G1 X130.255 Y113.094 E.02384
G1 X130.025 Y114.342 E.0378
G1 X129.844 Y115.107 E.0234
G1 X129.412 Y116.552 E.04492
G1 X127.616 Y115.761 E.05842
G1 X127.036 Y115.181 E.02444
G1 X126.504 Y113.971 E.03937
G1 X126.216 Y115.032 E.03273
G1 X125.966 Y115.777 E.0234
G1 X125.589 Y116.718 E.03022
G1 X126.124 Y117.254 E.02255
G1 X127.036 Y119.326 E.06745
G1 X127.616 Y119.907 E.02444
G1 X127.872 Y120.019 E.00832
G1 X127.546 Y120.584 E.01942
G1 X126.898 Y121.59 E.03566
G1 X126.468 Y122.181 E.02175
G1 X126.124 Y121.399 E.02544
G1 X125.544 Y120.819 E.02444
G1 X123.705 Y120.009 E.05986
G1 X123.457 Y120.352 E.01261
G1 X122.951 Y120.979 E.02398
G1 X122.17 Y121.833 E.03448
G1 X122.891 Y123.471 E.05331
G1 X123.471 Y124.052 E.02444
G1 X124.479 Y124.495 E.03281
G1 X123.773 Y125.172 E.02913
G1 X122.907 Y125.914 E.03398
G1 X122.337 Y126.358 E.02151
G1 X121.979 Y125.544 E.02649
G1 X121.399 Y124.964 E.02444
G1 X119.446 Y124.104 E.06356
G1 X118.274 Y124.826 E.04099
G1 X117.514 Y125.224 E.02556
G1 X117.834 Y125.544 E.01349
G1 X118.746 Y127.616 E.06745
G1 X119.326 Y128.197 E.02444
G1 X119.373 Y128.217 E.00152
G1 X118.843 Y128.485 E.01769
G1 X117.745 Y128.971 E.03575
G1 X117.291 Y129.146 E.01451
G1 X117.254 Y129.109 E.00157
G1 X115.181 Y128.197 E.06745
G1 X114.601 Y127.616 E.02444
G1 X114.098 Y126.473 E.03722
G1 X113.689 Y126.573 E.01252
G1 X112.931 Y126.724 E.02305
G1 X112.194 Y126.836 E.02218
G1 X111.44 Y126.918 E.02261
G1 X110.666 Y126.966 E.02308
G1 X110.173 Y126.974 E.01468
G1 X110.456 Y127.616 E.0209
G1 X111.036 Y128.197 E.02444
G1 X113.109 Y129.109 E.06745
G1 X113.689 Y129.689 E.02444
G1 X113.876 Y130.114 E.01383
G1 X112.777 Y130.302 E.0332
G1 X111.583 Y130.43 E.03577
G1 X110.799 Y130.475 E.02341
G1 X109.894 Y130.484 E.02696
G1 X109.544 Y129.689 E.02588
G1 X108.964 Y129.109 E.02444
G1 X106.891 Y128.197 E.06745
G1 X106.311 Y127.616 E.02444
G1 X105.796 Y126.446 E.03809
G1 X104.673 Y126.122 E.03482
G1 X104.24 Y125.968 E.01367
G1 X94.462 Y123.345 F24000
G1 F9132
G1 X94.828 Y123.773 E.01678
G1 X95.567 Y124.54 E.03172
G1 X96.529 Y124.964 E.0313
G1 X97.109 Y125.544 E.02444
G1 X97.366 Y126.129 E.01904
G1 X98.41 Y126.898 E.03861
G1 X99.416 Y127.546 E.03566
G1 X100.1 Y127.941 E.02351
G1 X100.853 Y128.336 E.02534
G1 X101.884 Y128.815 E.03385
G1 X102.996 Y129.257 E.03565
G1 X103.739 Y129.511 E.0234
G1 X104.893 Y129.844 E.03577
G1 X105.534 Y129.996 E.01963
G1 X105.399 Y129.689 E.01
G1 X104.819 Y129.109 E.02444
G1 X102.746 Y128.197 E.06745
G1 X102.166 Y127.616 E.02444
G1 X101.254 Y125.544 E.06745
G1 X100.674 Y124.964 E.02444
G1 X98.601 Y124.052 E.06745
G1 X98.021 Y123.471 E.02444
G1 X97.109 Y121.399 E.06745
G1 X96.529 Y120.819 E.02444
G1 X94.456 Y119.907 E.06745
G1 X93.876 Y119.326 E.02444
G1 X92.964 Y117.254 E.06745
G1 X92.384 Y116.674 E.02444
G1 X90.343 Y115.775 E.06641
G1 X90.746 Y117.013 E.03876
M73 P76 R1
G1 X90.864 Y117.318 E.00974
G1 X94.293 Y116.44 F24000
G1 F9132
G1 X93.963 Y115.576 E.02754
G1 X93.754 Y114.904 E.02096
G1 X92.964 Y113.109 E.05844
G1 X92.384 Y112.529 E.02444
G1 X90.311 Y111.616 E.06745
G1 X89.731 Y111.036 E.02444
G1 X89.522 Y110.562 E.01542
G1 X89.513 Y109.598 E.02872
G1 X89.539 Y108.935 E.01978
; stop printing object Генератор.stl id:0 copy 0
;LAYER_CHANGE
;Z:6.2
;HEIGHT:0.2
;BEFORE_LAYER_CHANGE
;6.2
G92 E0

G1 E-1 F2400
;WIPE_START
G1 F12000
G1 X89.513 Y109.598
G1 X89.522 Y110.562
G1 X89.672 Y110.903
;WIPE_END
M486 S-1
;_SET_FAN_SPEED_CHANGING_LAYER
; printing object Генератор.stl id:0 copy 0
M486 S0
G1 Z6.4 F24000
G1 X130.784 Y109.527 Z6.4
G1 Z6.2
G1 E1 F2700
;TYPE:Inner wall
;WIDTH:0.449999
G1 F9411
G1 X130.792 Y110.403 E.0261
G1 X130.734 Y111.615 E.03612
G1 X130.656 Y112.412 E.02385
G1 X130.488 Y113.567 E.03479
G1 X130.325 Y114.403 E.02536
G1 X130.14 Y115.185 E.02392
G1 X129.802 Y116.352 E.03621
G1 X129.543 Y117.11 E.02385
G1 X129.095 Y118.237 E.03613
G1 X128.604 Y119.293 E.0347
G1 X128.208 Y120.047 E.02536
G1 X127.807 Y120.743 E.02392
G1 X127.15 Y121.762 E.03612
G1 X126.435 Y122.742 E.03613
G1 X125.933 Y123.365 E.02384
G1 X125.127 Y124.271 E.03613
G1 X124.303 Y125.096 E.03471
G1 X123.676 Y125.667 E.02527
G1 X122.74 Y126.437 E.03611
G1 X121.76 Y127.152 E.03612
G1 X121.089 Y127.593 E.02393
G1 X120.401 Y128.009 E.02393
G1 X119.331 Y128.586 E.03621
G1 X118.608 Y128.931 E.02385
G1 X117.49 Y129.401 E.03613
G1 X116.392 Y129.789 E.0347
G1 X115.577 Y130.035 E.02536
G1 X114.799 Y130.235 E.02392
G1 X113.608 Y130.481 E.03621
G1 X112.817 Y130.605 E.02385
G1 X111.609 Y130.734 E.03621
G1 X110.809 Y130.781 E.02385
G1 X109.597 Y130.792 E.03612
G1 X108.385 Y130.734 E.03612
G1 X107.588 Y130.656 E.02385
G1 X106.433 Y130.488 E.03479
G1 X105.597 Y130.325 E.02536
G1 X104.815 Y130.14 E.02392
G1 X103.648 Y129.802 E.03621
G1 X102.89 Y129.543 E.02385
G1 X101.763 Y129.095 E.03613
G1 X100.707 Y128.604 E.0347
G1 X99.953 Y128.208 E.02536
G1 X99.257 Y127.807 E.02392
G1 X98.238 Y127.15 E.03612
G1 X97.258 Y126.435 E.03613
G1 X96.635 Y125.933 E.02384
G1 X95.729 Y125.127 E.03613
G1 X94.904 Y124.303 E.03471
G1 X94.333 Y123.676 E.02527
G1 X93.563 Y122.74 E.03611
G1 X92.848 Y121.76 E.03612
G1 X92.407 Y121.089 E.02393
G1 X91.991 Y120.401 E.02393
G1 X91.414 Y119.331 E.03621
G1 X91.069 Y118.608 E.02385
G1 X90.599 Y117.49 E.03613
G1 X90.211 Y116.392 E.0347
G1 X89.965 Y115.577 E.02536
G1 X89.765 Y114.799 E.02392
G1 X89.519 Y113.608 E.03621
G1 X89.395 Y112.817 E.02385
G1 X89.266 Y111.609 E.03621
G1 X89.219 Y110.809 E.02385
G1 X89.208 Y109.597 E.03612
G1 X89.266 Y108.385 E.03612
G1 X89.344 Y107.588 E.02385
G1 X89.512 Y106.433 E.03479
G1 X89.675 Y105.597 E.02536
G1 X89.86 Y104.815 E.02392
G1 X90.198 Y103.648 E.03621
G1 X90.457 Y102.89 E.02385
G1 X90.905 Y101.763 E.03613
G1 X91.396 Y100.707 E.0347
G1 X91.792 Y99.953 E.02536
G1 X92.193 Y99.257 E.02392
G1 X92.85 Y98.238 E.03612
G1 X93.565 Y97.258 E.03613
G1 X94.067 Y96.635 E.02385
G1 X94.843 Y95.761 E.03479
G1 X95.438 Y95.153 E.02536
G1 X96.022 Y94.601 E.02392
G1 X96.944 Y93.813 E.03612
G1 X97.91 Y93.079 E.03612
G1 X98.572 Y92.625 E.02393
G1 X99.252 Y92.196 E.02393
G1 X100.308 Y91.6 E.03613
G1 X101.354 Y91.087 E.0347
G1 X102.135 Y90.748 E.02536
G1 X102.884 Y90.459 E.02392
G1 X104.035 Y90.077 E.03612
G1 X105.207 Y89.764 E.03612
G1 X105.989 Y89.594 E.02385
G1 X107.189 Y89.395 E.03622
G1 X107.984 Y89.302 E.02384
G1 X109.194 Y89.219 E.03613
G1 X110.359 Y89.207 E.0347
G1 X111.207 Y89.239 E.02527
G1 X112.417 Y89.345 E.0362
G1 X113.21 Y89.453 E.02385
G1 X114.406 Y89.676 E.03621
G1 X115.185 Y89.86 E.02384
G1 X116.352 Y90.198 E.03621
G1 X117.11 Y90.457 E.02385
G1 X118.237 Y90.905 E.03613
G1 X119.293 Y91.396 E.0347
G1 X120.047 Y91.792 E.02536
G1 X120.743 Y92.193 E.02392
G1 X121.762 Y92.85 E.03612
G1 X122.742 Y93.565 E.03613
G1 X123.365 Y94.067 E.02385
G1 X124.239 Y94.843 E.03479
G1 X124.847 Y95.438 E.02536
G1 X125.399 Y96.022 E.02392
G1 X126.187 Y96.944 E.03612
G1 X126.921 Y97.91 E.03612
G1 X127.373 Y98.57 E.02384
G1 X128.01 Y99.602 E.03612
G1 X128.684 Y100.875 E.0429
G1 X129.072 Y101.728 E.02793
G1 X129.437 Y102.612 E.02847
G1 X129.803 Y103.655 E.03295
G1 X130.045 Y104.464 E.02514
G1 X130.258 Y105.312 E.02604
G1 X130.493 Y106.453 E.0347
G1 X130.643 Y107.542 E.03274
G1 X130.739 Y108.474 E.02793
G1 X130.781 Y109.241 E.02286
G1 X130.783 Y109.487 E.00735
G1 X131.197 Y109.523 F24000
M204 P4000
;TYPE:Outer wall
;WIDTH:0.419999
G1 F9411
G1 X131.206 Y110.411 E.02451
G1 X131.146 Y111.645 E.03407
G1 X131.067 Y112.461 E.02264
G1 X130.895 Y113.637 E.03277
G1 X130.729 Y114.49 E.024
G1 X130.54 Y115.29 E.02266
G1 X130.197 Y116.477 E.03409
G1 X129.931 Y117.253 E.02264
G1 X129.475 Y118.401 E.03407
G1 X128.975 Y119.477 E.03274
G1 X128.57 Y120.247 E.024
G1 X128.16 Y120.958 E.02266
G1 X127.491 Y121.996 E.03407
G1 X126.764 Y122.994 E.03407
G1 X126.248 Y123.633 E.02264
G1 X125.428 Y124.555 E.03407
G1 X124.589 Y125.395 E.03275
G1 X123.947 Y125.98 E.02397
G1 X122.993 Y126.764 E.03406
G1 X121.996 Y127.492 E.03407
G1 X121.309 Y127.943 E.02267
G1 X120.606 Y128.368 E.02267
G1 X119.518 Y128.954 E.0341
G1 X118.778 Y129.308 E.02264
G1 X117.639 Y129.786 E.03407
G1 X116.52 Y130.182 E.03275
G1 X115.688 Y130.433 E.02399
G1 X114.892 Y130.638 E.02266
G1 X113.682 Y130.888 E.0341
G1 X112.871 Y131.015 E.02264
G1 X111.643 Y131.146 E.0341
G1 X110.823 Y131.194 E.02264
G1 X109.589 Y131.206 E.03407
G1 X108.355 Y131.146 E.03407
G1 X107.539 Y131.067 E.02264
G1 X106.363 Y130.895 E.03277
G1 X105.51 Y130.729 E.024
G1 X104.71 Y130.54 E.02266
G1 X103.523 Y130.197 E.03409
G1 X102.747 Y129.931 E.02264
G1 X101.599 Y129.475 E.03407
G1 X100.523 Y128.975 E.03274
G1 X99.753 Y128.57 E.024
G1 X99.042 Y128.16 E.02266
G1 X98.004 Y127.491 E.03407
G1 X97.006 Y126.764 E.03407
G1 X96.367 Y126.248 E.02264
G1 X95.445 Y125.428 E.03407
G1 X94.605 Y124.589 E.03275
G1 X94.02 Y123.947 E.02397
G1 X93.236 Y122.993 E.03406
G1 X92.508 Y121.996 E.03407
G1 X92.057 Y121.309 E.02267
G1 X91.632 Y120.606 E.02267
G1 X91.046 Y119.518 E.0341
G1 X90.692 Y118.778 E.02264
G1 X90.214 Y117.639 E.03407
G1 X89.818 Y116.52 E.03275
G1 X89.567 Y115.688 E.02399
G1 X89.362 Y114.892 E.02266
G1 X89.112 Y113.682 E.0341
G1 X88.985 Y112.871 E.02264
G1 X88.854 Y111.643 E.0341
G1 X88.806 Y110.823 E.02264
G1 X88.794 Y109.589 E.03407
G1 X88.854 Y108.355 E.03407
G1 X88.933 Y107.539 E.02264
G1 X89.105 Y106.363 E.03277
G1 X89.271 Y105.51 E.024
G1 X89.46 Y104.71 E.02266
G1 X89.803 Y103.523 E.03409
G1 X90.069 Y102.747 E.02264
G1 X90.525 Y101.599 E.03407
G1 X91.025 Y100.523 E.03274
G1 X91.43 Y99.753 E.024
G1 X91.84 Y99.042 E.02266
G1 X92.509 Y98.004 E.03407
G1 X93.236 Y97.006 E.03407
G1 X93.752 Y96.367 E.02264
G1 X94.541 Y95.479 E.03277
G1 X95.149 Y94.857 E.02399
G1 X95.746 Y94.294 E.02266
G1 X96.684 Y93.491 E.03407
G1 X97.667 Y92.744 E.03407
G1 X98.345 Y92.279 E.02267
G1 X99.04 Y91.841 E.02267
G1 X100.115 Y91.234 E.03407
G1 X101.181 Y90.711 E.03275
G1 X101.979 Y90.365 E.024
G1 X102.745 Y90.07 E.02266
G1 X103.917 Y89.681 E.03407
G1 X105.11 Y89.362 E.03407
G1 X105.912 Y89.188 E.02264
G1 X107.131 Y88.985 E.0341
G1 X107.946 Y88.89 E.02264
G1 X109.178 Y88.806 E.03407
G1 X110.364 Y88.794 E.03275
G1 X111.232 Y88.826 E.02397
G1 X112.463 Y88.934 E.03409
G1 X113.276 Y89.045 E.02264
G1 X114.491 Y89.271 E.0341
G1 X115.29 Y89.46 E.02264
G1 X116.477 Y89.803 E.03409
G1 X117.253 Y90.069 E.02264
G1 X118.401 Y90.525 E.03407
G1 X119.477 Y91.025 E.03274
G1 X120.247 Y91.43 E.024
G1 X120.958 Y91.84 E.02266
G1 X121.996 Y92.509 E.03407
G1 X122.994 Y93.236 E.03407
G1 X123.633 Y93.752 E.02264
G1 X124.521 Y94.541 E.03277
G1 X125.143 Y95.149 E.02399
G1 X125.706 Y95.746 E.02266
G1 X126.509 Y96.684 E.03407
G1 X127.256 Y97.667 E.03407
G1 X127.72 Y98.344 E.02264
G1 X128.368 Y99.395 E.03407
G1 X129.057 Y100.696 E.04063
G1 X129.454 Y101.568 E.02642
G1 X129.826 Y102.474 E.02703
G1 X130.199 Y103.536 E.03106
G1 X130.446 Y104.361 E.02374
G1 X130.663 Y105.228 E.02468
G1 X130.901 Y106.382 E.0325
G1 X131.054 Y107.498 E.03108
G1 X131.152 Y108.45 E.02642
G1 X131.195 Y109.237 E.02173
G1 X131.197 Y109.483 E.0068
G1 E-1 F2400
;WIPE_START
G1 F12000
G1 X131.206 Y110.411
G1 X131.154 Y111.482
;WIPE_END
G1 Z6.4 F24000
G1 X95.868 Y101.167 Z6.4
G1 Z6.2
G1 E1 F2700
M204 P5000
;TYPE:Inner wall
;WIDTH:0.449999
G1 F9411
G1 X96.267 Y100.545 E.02202
G1 X96.86 Y99.742 E.02974
G1 X97.229 Y99.286 E.01746
G1 X97.877 Y98.554 E.02912
G1 X98.434 Y97.991 E.02359
G1 X98.982 Y97.485 E.02222
G1 X99.552 Y97.017 E.02196
G1 X100.335 Y96.416 E.02941
G1 X100.849 Y96.067 E.01851
G1 X101.971 Y95.388 E.03909
G1 X102.693 Y95.013 E.02421
G1 X103.371 Y94.701 E.02225
G1 X104.062 Y94.42 E.02221
G1 X104.764 Y94.17 E.02221
G1 X105.477 Y93.952 E.02221
G1 X106.2 Y93.765 E.02221
G1 X107.289 Y93.549 E.0331
G1 X108.034 Y93.443 E.02241
G1 X108.776 Y93.372 E.02221
G1 X109.378 Y93.341 E.01795
G1 X110.267 Y93.329 E.02646
G1 X110.998 Y93.357 E.0218
G1 X111.755 Y93.419 E.02262
G1 X112.494 Y93.514 E.02221
G1 X113.229 Y93.642 E.02222
G1 X114.194 Y93.865 E.02951
G1 X115.032 Y94.104 E.02595
G1 X115.728 Y94.341 E.02189
G1 X116.644 Y94.712 E.02945
G1 X117.45 Y95.083 E.02642
G1 X118.055 Y95.402 E.02037
G1 X118.628 Y95.736 E.01976
G1 X119.378 Y96.214 E.02649
G1 X119.985 Y96.647 E.02221
G1 X120.572 Y97.107 E.02221
G1 X121.407 Y97.84 E.0331
G1 X121.931 Y98.353 E.02185
G1 X122.673 Y99.166 E.03277
G1 X123.167 Y99.771 E.02326
G1 X123.592 Y100.344 E.02124
G1 X124.223 Y101.299 E.03412
G1 X124.601 Y101.95 E.02241
G1 X124.919 Y102.557 E.02042
G1 X125.179 Y103.107 E.01812
G1 X125.547 Y103.975 E.02807
G1 X125.801 Y104.676 E.02221
G1 X126.023 Y105.388 E.02221
G1 X126.217 Y106.124 E.02269
G1 X126.431 Y107.172 E.03185
G1 X126.518 Y107.751 E.01743
G1 X126.621 Y108.684 E.02796
G1 X126.661 Y109.376 E.02065
G1 X126.673 Y110.173 E.02376
G1 X126.648 Y110.919 E.02222
G1 X126.554 Y111.979 E.0317
G1 X126.442 Y112.77 E.02381
G1 X126.301 Y113.503 E.02221
G1 X126.14 Y114.181 E.02077
G1 X125.923 Y114.945 E.02365
G1 X125.686 Y115.652 E.02221
G1 X125.441 Y116.29 E.02037
G1 X125.119 Y117.029 E.02401
G1 X124.617 Y118.022 E.03315
G1 X124.263 Y118.634 E.02108
G1 X123.838 Y119.301 E.02353
G1 X123.408 Y119.91 E.02222
G1 X122.744 Y120.75 E.03189
G1 X122.219 Y121.344 E.02361
G1 X121.7 Y121.879 E.02221
G1 X121.157 Y122.39 E.02221
G1 X120.639 Y122.837 E.02037
G1 X120.198 Y123.186 E.01676
G1 X119.4 Y123.771 E.02949
G1 X118.866 Y124.118 E.01896
G1 X117.865 Y124.701 E.03451
G1 X117.139 Y125.068 E.0242
G1 X116.457 Y125.372 E.02226
G1 X115.991 Y125.556 E.01491
G1 X115.102 Y125.865 E.02804
G1 X113.976 Y126.193 E.03494
G1 X113.315 Y126.34 E.02019
G1 X112.521 Y126.482 E.02401
G1 X111.416 Y126.613 E.03315
G1 X110.665 Y126.66 E.02241
G1 X109.92 Y126.673 E.02221
G1 X109.174 Y126.653 E.02222
G1 X108.067 Y126.561 E.0331
G1 X107.321 Y126.457 E.02242
G1 X106.434 Y126.282 E.02696
G1 X105.853 Y126.146 E.01775
G1 X104.87 Y125.863 E.03048
G1 X104.295 Y125.664 E.01812
G1 X103.395 Y125.309 E.02881
G1 X102.503 Y124.889 E.02937
G1 X101.933 Y124.588 E.01922
G1 X101.397 Y124.278 E.01844
G1 X100.546 Y123.732 E.0301
G1 X99.866 Y123.24 E.025
G1 X99.281 Y122.761 E.02254
G1 X98.54 Y122.107 E.02944
G1 X97.875 Y121.436 E.02813
G1 X97.448 Y120.967 E.01891
G1 X96.809 Y120.194 E.02987
G1 X96.281 Y119.476 E.02653
G1 X95.874 Y118.857 E.02208
G1 X95.555 Y118.324 E.01851
G1 X95.137 Y117.556 E.02603
G1 X94.814 Y116.884 E.02221
G1 X94.522 Y116.198 E.02221
G1 X94.26 Y115.5 E.02222
G1 X93.929 Y114.439 E.0331
G1 X93.775 Y113.831 E.0187
G1 X93.595 Y112.98 E.02592
G1 X93.478 Y112.243 E.02222
G1 X93.375 Y111.231 E.03028
G1 X93.343 Y110.647 E.01743
G1 X93.33 Y109.64 E.03
G1 X93.363 Y108.895 E.02221
G1 X93.448 Y108.045 E.02546
G1 X93.582 Y107.1 E.02843
G1 X93.713 Y106.444 E.01991
G1 X93.857 Y105.842 E.01844
G1 X94.133 Y104.878 E.02989
G1 X94.338 Y104.305 E.01812
G1 X94.701 Y103.383 E.02952
G1 X95.104 Y102.512 E.02856
G1 X95.417 Y101.922 E.01991
G1 X95.728 Y101.387 E.01844
G1 X95.847 Y101.201 E.00657
G1 X96.216 Y101.39 F24000
M204 P4000
;TYPE:Outer wall
;WIDTH:0.419999
G1 F9411
G1 X96.612 Y100.772 E.02026
G1 X97.193 Y99.988 E.02691
G1 X97.547 Y99.55 E.01554
G1 X98.183 Y98.832 E.02646
G1 X98.727 Y98.282 E.02135
G1 X99.262 Y97.79 E.02007
G1 X99.814 Y97.336 E.01971
G1 X100.579 Y96.75 E.0266
G1 X101.078 Y96.411 E.01663
G1 X102.184 Y95.742 E.03567
G1 X102.883 Y95.38 E.02171
G1 X103.544 Y95.077 E.02007
G1 X104.218 Y94.803 E.02006
G1 X104.903 Y94.56 E.02006
G1 X105.598 Y94.347 E.02006
G1 X106.302 Y94.166 E.02007
G1 X107.37 Y93.954 E.03002
G1 X108.092 Y93.852 E.02012
G1 X108.816 Y93.783 E.02006
G1 X109.399 Y93.754 E.01612
G1 X110.269 Y93.742 E.024
G1 X110.982 Y93.77 E.01968
G1 X111.72 Y93.831 E.02044
G1 X112.441 Y93.924 E.02006
G1 X113.158 Y94.05 E.02007
G1 X114.101 Y94.268 E.02672
G1 X114.917 Y94.501 E.02341
G1 X115.594 Y94.733 E.01974
G1 X116.489 Y95.095 E.02664
G1 X117.273 Y95.457 E.02384
G1 X117.862 Y95.768 E.01837
G1 X118.42 Y96.093 E.01781
G1 X119.153 Y96.561 E.024
G1 X119.745 Y96.983 E.02006
G1 X120.317 Y97.432 E.02007
G1 X121.134 Y98.15 E.03002
G1 X121.641 Y98.648 E.0196
G1 X122.03 Y99.073 E.0159
G1 X122.662 Y99.806 E.02669
G1 X123.259 Y100.59 E.02719
G1 X123.877 Y101.526 E.03097
G1 X124.243 Y102.157 E.02012
G1 X124.552 Y102.749 E.01841
G1 X124.804 Y103.282 E.01628
G1 X125.164 Y104.133 E.02549
G1 X125.412 Y104.816 E.02006
G1 X125.628 Y105.511 E.02006
G1 X125.814 Y106.219 E.0202
G1 X126.026 Y107.255 E.02918
G1 X126.109 Y107.811 E.01551
G1 X126.21 Y108.725 E.02539
G1 X126.248 Y109.399 E.01862
G1 X126.259 Y110.178 E.0215
G1 X126.235 Y110.905 E.02007
G1 X126.142 Y111.942 E.02872
G1 X126.033 Y112.71 E.02142
G1 X125.895 Y113.424 E.02006
G1 X125.738 Y114.085 E.01873
G1 X125.526 Y114.83 E.02139
G1 X125.294 Y115.52 E.02006
G1 X125.055 Y116.141 E.01837
G1 X124.74 Y116.864 E.02175
G1 X124.248 Y117.835 E.03004
G1 X123.905 Y118.427 E.01889
G1 X123.49 Y119.078 E.02129
G1 X123.071 Y119.672 E.02007
G1 X122.42 Y120.493 E.02891
G1 X121.91 Y121.07 E.02124
G1 X121.403 Y121.591 E.02006
G1 X120.874 Y122.089 E.02006
G1 X120.369 Y122.524 E.01837
G1 X119.942 Y122.861 E.01503
G1 X119.159 Y123.435 E.02677
G1 X118.641 Y123.772 E.01705
G1 X117.659 Y124.343 E.03134
G1 X116.953 Y124.698 E.0218
G1 X116.289 Y124.995 E.02008
G1 X115.612 Y125.261 E.02007
G1 X114.378 Y125.656 E.03574
G1 X113.873 Y125.792 E.01445
G1 X113.225 Y125.936 E.01832
G1 X112.449 Y126.075 E.02175
G1 X111.368 Y126.202 E.03004
G1 X110.64 Y126.247 E.02012
G1 X109.913 Y126.26 E.02006
G1 X109.186 Y126.24 E.02007
G1 X108.102 Y126.149 E.03002
G1 X107.379 Y126.047 E.02013
G1 X106.514 Y125.876 E.02433
G1 X105.956 Y125.745 E.0158
G1 X104.991 Y125.467 E.02773
G1 X104.433 Y125.274 E.01628
G1 X103.551 Y124.926 E.02618
G1 X102.68 Y124.515 E.02656
G1 X101.61 Y123.924 E.03373
G1 X100.775 Y123.388 E.02737
G1 X100.11 Y122.907 E.02265
G1 X99.543 Y122.441 E.02024
G1 X98.819 Y121.803 E.02663
G1 X98.171 Y121.148 E.02543
G1 X97.759 Y120.695 E.01689
G1 X97.133 Y119.937 E.02713
G1 X96.616 Y119.234 E.02407
G1 X96.219 Y118.63 E.01994
G1 X95.911 Y118.112 E.01663
G1 X95.502 Y117.361 E.0236
G1 X95.187 Y116.705 E.02006
G1 X94.902 Y116.036 E.02006
G1 X94.647 Y115.355 E.02007
G1 X94.323 Y114.316 E.03002
G1 X94.176 Y113.73 E.01668
G1 X94 Y112.897 E.0235
G1 X93.887 Y112.178 E.02007
G1 X93.787 Y111.19 E.02741
G1 X93.756 Y110.629 E.01551
G1 X93.744 Y109.64 E.02728
G1 X93.776 Y108.914 E.02007
G1 X93.86 Y108.086 E.02294
G1 X93.99 Y107.164 E.02569
G1 X94.118 Y106.527 E.01794
G1 X94.258 Y105.943 E.01657
G1 X94.529 Y104.996 E.02717
G1 X94.727 Y104.445 E.01616
G1 X95.082 Y103.544 E.02672
G1 X95.476 Y102.691 E.02592
G1 X95.781 Y102.117 E.01794
M73 P77 R1
G1 X96.083 Y101.598 E.01657
G1 X96.195 Y101.424 E.00571
G1 E-1 F2400
;WIPE_START
G1 F12000
G1 X96.612 Y100.772
G1 X97.193 Y99.988
G1 X97.35 Y99.793
;WIPE_END
G1 Z6.4 F24000
G1 X93.059 Y111.13 Z6.4
G1 Z6.2
G1 E1 F2700
M204 P5000
;TYPE:Sparse infill
;WIDTH:0.45
G1 F9411
G1 X93.026 Y110.397 E.02185
G1 X93.031 Y109.503 E.02665
G1 X92.61 Y108.964 E.02037
G1 X92.384 Y108.737 E.00955
G1 X90.311 Y107.118 E.07834
G1 X90.084 Y106.891 E.00955
G1 X89.806 Y106.535 E.01347
G1 X89.974 Y105.661 E.0265
G1 X90.156 Y104.893 E.02351
G1 X90.489 Y103.739 E.03577
G1 X90.658 Y103.244 E.01559
G1 X92.384 Y104.592 E.06522
G1 X92.61 Y104.819 E.00955
G1 X93.51 Y105.971 E.04354
G1 X93.631 Y105.489 E.0148
G1 X93.851 Y104.758 E.02272
G1 X94.21 Y103.76 E.03161
G1 X94.521 Y103.024 E.0238
G1 X94.23 Y102.746 E.012
G1 X92.61 Y100.674 E.07834
G1 X92.384 Y100.447 E.00955
G1 X92.024 Y100.166 E.01358
G1 X92.059 Y100.1 E.00224
G1 X92.454 Y99.416 E.02351
G1 X93.102 Y98.41 E.03564
G1 X93.574 Y97.763 E.02388
G1 X94.23 Y98.601 E.0317
G1 X94.456 Y98.828 E.00955
G1 X96.167 Y100.165 E.06468
G1 X96.703 Y99.441 E.02682
G1 X97.191 Y98.855 E.02271
G1 X97.944 Y98.05 E.03284
G1 X96.755 Y96.529 E.05752
G1 X96.529 Y96.302 E.00955
G1 X95.515 Y95.51 E.0383
G1 X96.227 Y94.829 E.02934
G1 X97.136 Y94.051 E.03564
G1 X97.714 Y93.611 E.02165
G1 X98.375 Y94.456 E.03194
G1 X98.601 Y94.683 E.00955
G1 X100.338 Y96.04 E.06565
G1 X100.917 Y95.655 E.02071
G1 X101.831 Y95.116 E.03161
G1 X102.725 Y94.662 E.02986
G1 X102.52 Y94.456 E.00866
G1 X100.9 Y92.384 E.07834
G1 X100.674 Y92.157 E.00955
G1 X100.367 Y91.918 E.01159
G1 X101.482 Y91.364 E.03708
G1 X102.251 Y91.031 E.02496
G1 X103.006 Y90.74 E.02408
G1 X104.819 Y92.157 E.06854
G1 X105.045 Y92.384 E.00955
G1 X105.933 Y93.519 E.04293
G1 X107.257 Y93.244 E.04028
G1 X108.012 Y93.138 E.02273
G1 X108.771 Y93.066 E.0227
G1 X109.693 Y93.027 E.02748
G1 X109.19 Y92.384 E.02431
G1 X108.964 Y92.157 E.00955
G1 X106.891 Y90.538 E.07834
G1 X106.665 Y90.311 E.00955
G1 X106.305 Y89.851 E.01739
G1 X107.231 Y89.697 E.02797
G1 X108.012 Y89.606 E.0234
G1 X109.206 Y89.525 E.03565
G1 X110.188 Y89.516 E.02927
G1 X110.81 Y90.311 E.03005
G1 X111.036 Y90.538 E.00955
G1 X113.109 Y92.157 E.07834
G1 X113.335 Y92.384 E.00955
G1 X114.26 Y93.567 E.04473
G1 X115.119 Y93.811 E.02661
G1 X115.876 Y94.071 E.02384
G1 X116.887 Y94.481 E.03248
G1 X117.597 Y94.815 E.02338
G1 X118.21 Y95.139 E.02066
G1 X118.936 Y95.563 E.02505
G1 X119.575 Y95.979 E.02269
G1 X120.193 Y96.421 E.02263
G1 X120.771 Y96.875 E.02191
G1 X121.63 Y97.63 E.03407
G1 X122.181 Y98.172 E.02302
G1 X122.896 Y98.957 E.03161
G1 X123.422 Y99.601 E.02477
G1 X123.876 Y100.215 E.02273
G1 X124.492 Y101.153 E.03344
G1 X124.866 Y101.798 E.02223
G1 X125.23 Y102.496 E.02342
G1 X125.54 Y103.159 E.02181
G1 X125.837 Y103.88 E.02323
G1 X126.09 Y104.579 E.02215
G1 X126.401 Y105.626 E.03253
G1 X127.39 Y106.891 E.04782
G1 X127.616 Y107.118 E.00955
G1 X129.689 Y108.737 E.07834
G1 X129.916 Y108.964 E.00955
G1 X130.48 Y109.686 E.02731
G1 X130.475 Y109.201 E.01446
G1 X130.43 Y108.417 E.0234
G1 X130.302 Y107.223 E.03577
G1 X130.18 Y106.446 E.0234
G1 X129.938 Y105.27 E.03577
G1 X129.789 Y104.692 E.01779
G1 X129.689 Y104.592 E.0042
G1 X127.616 Y102.973 E.07834
G1 X127.39 Y102.746 E.00955
G1 X125.77 Y100.674 E.07834
G1 X125.544 Y100.447 E.00955
G1 X123.471 Y98.828 E.07834
G1 X123.245 Y98.601 E.00955
G1 X121.625 Y96.529 E.07834
G1 X121.399 Y96.302 E.00955
G1 X119.326 Y94.683 E.07834
G1 X119.1 Y94.456 E.00955
G1 X117.48 Y92.384 E.07834
G1 X117.254 Y92.157 E.00955
G1 X115.181 Y90.538 E.07834
G1 X114.955 Y90.311 E.00955
G1 X114.771 Y90.076 E.00889
G1 X115.107 Y90.156 E.01028
G1 X116.261 Y90.489 E.03577
G1 X117.004 Y90.743 E.02341
G1 X118.116 Y91.185 E.03565
G1 X119.158 Y91.67 E.03422
G1 X119.9 Y92.059 E.02496
G1 X120.584 Y92.454 E.02351
G1 X121.59 Y93.102 E.03564
G1 X122.556 Y93.807 E.03564
G1 X123.046 Y94.202 E.01874
G1 X123.245 Y94.456 E.00961
G1 X123.471 Y94.683 E.00955
G1 X124.301 Y95.331 E.03135
G1 X124.63 Y95.652 E.01371
G1 X125.171 Y96.227 E.02351
G1 X125.418 Y96.514 E.01128
G1 X126.938 Y108.868 F24000
G1 F9411
G1 X126.97 Y109.448 E.0173
G1 X126.967 Y110.496 E.0312
G1 X127.39 Y111.036 E.02044
G1 X127.616 Y111.263 E.00955
G1 X129.689 Y112.882 E.07834
G1 X129.916 Y113.109 E.00955
G1 X130.194 Y113.465 E.01347
G1 X130.026 Y114.339 E.0265
G1 X129.844 Y115.107 E.02351
G1 X129.511 Y116.261 E.03577
G1 X129.342 Y116.756 E.01559
G1 X127.616 Y115.408 E.06522
G1 X127.39 Y115.181 E.00955
G1 X126.49 Y114.029 E.04354
G1 X126.216 Y115.032 E.03096
G1 X125.966 Y115.777 E.0234
G1 X125.722 Y116.409 E.02019
G1 X125.476 Y116.974 E.01836
G1 X125.77 Y117.254 E.0121
G1 X127.39 Y119.326 E.07834
G1 X127.616 Y119.553 E.00955
G1 X127.976 Y119.834 E.01358
G1 X127.941 Y119.9 E.00224
G1 X127.546 Y120.584 E.02351
G1 X126.898 Y121.59 E.03564
G1 X126.426 Y122.237 E.02388
G1 X125.77 Y121.399 E.0317
G1 X125.544 Y121.172 E.00955
G1 X123.834 Y119.836 E.06463
G1 X123.649 Y120.099 E.00956
G1 X122.956 Y120.973 E.03325
G1 X122.422 Y121.575 E.02395
G1 X122.056 Y121.95 E.01562
G1 X123.245 Y123.471 E.05749
G1 X123.471 Y123.698 E.00955
G1 X124.48 Y124.486 E.03814
G1 X124.092 Y124.875 E.01636
G1 X123.476 Y125.436 E.02483
G1 X122.553 Y126.196 E.03562
G1 X122.286 Y126.39 E.00981
G1 X121.625 Y125.544 E.03198
G1 X121.399 Y125.317 E.00955
G1 X119.661 Y123.959 E.0657
G1 X118.916 Y124.449 E.02655
G1 X117.996 Y124.978 E.03161
G1 X117.276 Y125.34 E.024
G1 X117.48 Y125.544 E.00861
G1 X119.1 Y127.616 E.07834
G1 X119.326 Y127.843 E.00955
G1 X119.628 Y128.079 E.0114
G1 X119.192 Y128.313 E.01474
G1 X118.483 Y128.652 E.02341
G1 X117.38 Y129.116 E.03565
G1 X116.988 Y129.254 E.01239
G1 X115.181 Y127.843 E.06829
G1 X114.955 Y127.616 E.00955
G1 X114.07 Y126.483 E.04282
G1 X113.367 Y126.641 E.02145
G1 X112.556 Y126.785 E.02455
G1 X111.441 Y126.917 E.03344
G1 X110.306 Y126.972 E.03383
G1 X110.81 Y127.616 E.02436
G1 X111.036 Y127.843 E.00955
G1 X113.109 Y129.462 E.07834
G1 X113.335 Y129.689 E.00955
G1 X113.696 Y130.151 E.01747
G1 X112.777 Y130.302 E.02774
G1 X111.583 Y130.43 E.03577
G1 X110.799 Y130.475 E.02341
G1 X109.812 Y130.485 E.02939
G1 X109.19 Y129.689 E.03009
G1 X108.964 Y129.462 E.00955
G1 X106.891 Y127.843 E.07834
G1 X106.665 Y127.616 E.00955
G1 X105.739 Y126.431 E.0448
G1 X104.673 Y126.122 E.03306
G1 X103.955 Y125.866 E.02271
G1 X103.242 Y125.576 E.02293
G1 X102.228 Y125.095 E.03342
G1 X101.563 Y124.734 E.02254
G1 X100.91 Y124.341 E.0227
G1 X100.269 Y123.914 E.02293
G1 X99.649 Y123.458 E.02293
G1 X98.787 Y122.75 E.03323
G1 X98.244 Y122.25 E.022
G1 X97.48 Y121.468 E.03256
G1 X96.952 Y120.864 E.02389
G1 X96.459 Y120.243 E.02363
G1 X96.033 Y119.653 E.02167
G1 X95.599 Y118.994 E.02351
G1 X95.21 Y118.338 E.02271
G1 X94.851 Y117.667 E.02268
G1 X94.523 Y116.982 E.02262
G1 X94.238 Y116.312 E.02168
G1 X93.968 Y115.591 E.02294
G1 X93.597 Y114.371 E.038
G1 X92.61 Y113.109 E.04772
G1 X92.384 Y112.882 E.00955
G1 X90.311 Y111.263 E.07834
G1 X90.084 Y111.036 E.00955
G1 X89.52 Y110.314 E.02731
G1 X89.525 Y110.799 E.01446
G1 X89.57 Y111.583 E.02341
G1 X89.698 Y112.777 E.03577
G1 X89.82 Y113.554 E.0234
G1 X90.062 Y114.73 E.03577
G1 X90.211 Y115.308 E.01779
G1 X90.311 Y115.408 E.0042
G1 X92.384 Y117.027 E.07834
G1 X92.61 Y117.254 E.00955
G1 X94.23 Y119.326 E.07834
G1 X94.456 Y119.553 E.00955
G1 X96.529 Y121.172 E.07834
G1 X96.755 Y121.399 E.00955
G1 X98.375 Y123.471 E.07834
G1 X98.601 Y123.698 E.00955
G1 X100.674 Y125.317 E.07834
G1 X100.9 Y125.544 E.00955
G1 X102.52 Y127.616 E.07834
G1 X102.746 Y127.843 E.00955
G1 X104.819 Y129.462 E.07834
G1 X105.045 Y129.689 E.00955
G1 X105.229 Y129.924 E.00889
G1 X104.893 Y129.844 E.01028
G1 X103.739 Y129.511 E.03577
G1 X102.996 Y129.257 E.02341
G1 X101.884 Y128.815 E.03565
G1 X100.842 Y128.33 E.03422
G1 X100.1 Y127.941 E.02496
G1 X99.416 Y127.546 E.02351
G1 X98.41 Y126.898 E.03564
G1 X97.444 Y126.193 E.03564
G1 X96.954 Y125.798 E.01874
G1 X96.755 Y125.544 E.00961
G1 X96.529 Y125.317 E.00955
G1 X95.715 Y124.682 E.03075
G1 X95.125 Y124.092 E.02484
G1 X94.59 Y123.505 E.02366
; stop printing object Генератор.stl id:0 copy 0
;LAYER_CHANGE
;Z:6.4
;HEIGHT:0.2
;BEFORE_LAYER_CHANGE
;6.4
G92 E0

G1 E-1 F2400
;WIPE_START
G1 F12000
G1 X95.125 Y124.092
G1 X95.715 Y124.682
G1 X96.008 Y124.91
;WIPE_END
M486 S-1
;_SET_FAN_SPEED_CHANGING_LAYER
; printing object Генератор.stl id:0 copy 0
M486 S0
G1 Z6.6 F24000
G1 X130.791 Y109.599 Z6.6
G1 Z6.4
M73 P78 R1
G1 E1 F2700
;TYPE:Inner wall
;WIDTH:0.449999
G1 F11891
G1 X130.791 Y109.614 E.00045
G1 X130.792 Y110.401 E.02342
G1 X130.734 Y111.615 E.0362
G1 X130.656 Y112.414 E.02394
G1 X130.547 Y113.21 E.02393
G1 X130.324 Y114.406 E.03621
G1 X130.14 Y115.185 E.02384
G1 X129.803 Y116.35 E.03613
G1 X129.412 Y117.461 E.03508
G1 X129.097 Y118.235 E.02489
G1 X128.583 Y119.336 E.0362
G1 X128.208 Y120.047 E.02394
G1 X127.807 Y120.743 E.02393
G1 X127.15 Y121.763 E.03613
G1 X126.456 Y122.715 E.03508
G1 X125.933 Y123.366 E.02489
G1 X125.126 Y124.271 E.03612
G1 X124.294 Y125.105 E.03508
G1 X123.676 Y125.667 E.02489
G1 X122.74 Y126.437 E.03611
G1 X121.76 Y127.152 E.03612
G1 X121.089 Y127.593 E.02393
G1 X120.401 Y128.009 E.02393
G1 X119.331 Y128.586 E.03621
G1 X118.608 Y128.931 E.02385
G1 X117.49 Y129.4 E.03613
G1 X116.38 Y129.793 E.03508
G1 X115.577 Y130.035 E.02498
G1 X114.799 Y130.235 E.02392
G1 X113.608 Y130.481 E.03621
G1 X112.817 Y130.605 E.02385
G1 X111.611 Y130.734 E.03613
G1 X110.435 Y130.791 E.03508
G1 X109.599 Y130.792 E.02489
G1 X108.385 Y130.734 E.0362
G1 X107.589 Y130.656 E.02385
G1 X106.42 Y130.486 E.03517
G1 X105.597 Y130.325 E.02498
G1 X104.815 Y130.14 E.02392
G1 X103.65 Y129.803 E.03613
G1 X102.539 Y129.412 E.03508
G1 X101.765 Y129.097 E.02489
G1 X100.664 Y128.583 E.0362
G1 X99.953 Y128.208 E.02394
G1 X99.257 Y127.807 E.02393
G1 X98.237 Y127.15 E.03613
G1 X97.285 Y126.456 E.03508
G1 X96.634 Y125.933 E.02489
G1 X95.729 Y125.126 E.03612
G1 X94.895 Y124.294 E.03508
G1 X94.333 Y123.676 E.02489
G1 X93.563 Y122.74 E.03611
G1 X92.848 Y121.76 E.03612
G1 X92.407 Y121.089 E.02393
G1 X91.991 Y120.401 E.02393
G1 X91.414 Y119.331 E.03621
G1 X91.069 Y118.608 E.02385
G1 X90.6 Y117.49 E.03613
G1 X90.207 Y116.38 E.03508
G1 X89.965 Y115.577 E.02498
G1 X89.765 Y114.799 E.02392
G1 X89.519 Y113.608 E.03621
G1 X89.395 Y112.817 E.02385
G1 X89.266 Y111.611 E.03613
G1 X89.209 Y110.435 E.03508
G1 X89.208 Y109.599 E.02489
G1 X89.266 Y108.385 E.0362
G1 X89.344 Y107.589 E.02385
G1 X89.514 Y106.42 E.03517
G1 X89.675 Y105.597 E.02498
G1 X89.86 Y104.815 E.02392
G1 X90.197 Y103.65 E.03613
G1 X90.588 Y102.539 E.03508
G1 X90.903 Y101.765 E.02489
G1 X91.417 Y100.664 E.0362
G1 X91.792 Y99.953 E.02394
G1 X92.193 Y99.257 E.02393
G1 X92.85 Y98.237 E.03613
G1 X93.544 Y97.285 E.03508
G1 X94.068 Y96.634 E.02489
G1 X94.852 Y95.752 E.03516
G1 X95.438 Y95.153 E.02498
G1 X96.023 Y94.601 E.02392
G1 X96.946 Y93.811 E.03621
G1 X97.579 Y93.321 E.02385
G1 X98.575 Y92.623 E.03621
G1 X99.252 Y92.196 E.02384
G1 X100.311 Y91.599 E.03621
G1 X101.026 Y91.24 E.02385
G1 X102.138 Y90.747 E.03621
G1 X102.884 Y90.459 E.02384
G1 X104.036 Y90.077 E.03612
G1 X105.207 Y89.764 E.03612
G1 X105.989 Y89.594 E.02385
G1 X107.189 Y89.395 E.03622
G1 X107.984 Y89.302 E.02384
G1 X109.194 Y89.219 E.03613
G1 X110.371 Y89.207 E.03508
G1 X111.207 Y89.239 E.02489
G1 X112.417 Y89.345 E.0362
G1 X113.21 Y89.453 E.02385
G1 X114.406 Y89.676 E.03621
G1 X115.185 Y89.86 E.02384
G1 X116.35 Y90.197 E.03613
G1 X117.461 Y90.588 E.03508
G1 X118.235 Y90.903 E.02489
G1 X119.336 Y91.417 E.0362
G1 X120.047 Y91.792 E.02394
G1 X120.743 Y92.193 E.02393
G1 X121.763 Y92.85 E.03613
G1 X122.715 Y93.544 E.03508
G1 X123.366 Y94.068 E.02489
G1 X124.248 Y94.852 E.03516
G1 X124.847 Y95.438 E.02498
G1 X125.399 Y96.023 E.02392
G1 X126.189 Y96.946 E.03621
G1 X126.679 Y97.579 E.02385
G1 X127.377 Y98.575 E.03621
G1 X127.804 Y99.252 E.02384
G1 X128.4 Y100.308 E.03612
G1 X128.932 Y101.394 E.03604
G1 X129.389 Y102.48 E.03509
G1 X129.675 Y103.265 E.02489
G1 X130.048 Y104.474 E.0377
G1 X130.252 Y105.282 E.02482
G1 X130.489 Y106.441 E.03523
G1 X130.61 Y107.232 E.02384
G1 X130.734 Y108.392 E.03475
G1 X130.789 Y109.559 E.0348
G1 X131.203 Y109.58 F24000
M204 P4000
;TYPE:Outer wall
;WIDTH:0.419999
G1 F11891
G1 X131.205 Y109.614 E.00094
G1 X131.206 Y110.41 E.02198
G1 X131.146 Y111.645 E.03409
G1 X131.067 Y112.462 E.02267
G1 X130.955 Y113.276 E.02267
G1 X130.729 Y114.491 E.0341
G1 X130.54 Y115.29 E.02264
G1 X130.197 Y116.476 E.03407
G1 X129.798 Y117.607 E.0331
G1 X129.476 Y118.4 E.02361
G1 X128.953 Y119.52 E.03409
G1 X128.571 Y120.247 E.02267
G1 X128.16 Y120.958 E.02266
G1 X127.491 Y121.997 E.03407
G1 X126.785 Y122.966 E.0331
G1 X126.248 Y123.633 E.02361
G1 X125.427 Y124.555 E.03407
G1 X124.58 Y125.404 E.0331
G1 X123.947 Y125.98 E.02361
G1 X122.993 Y126.764 E.03407
G1 X121.996 Y127.492 E.03407
G1 X121.309 Y127.943 E.02267
G1 X120.606 Y128.368 E.02267
G1 X119.518 Y128.954 E.0341
G1 X118.778 Y129.308 E.02264
G1 X117.639 Y129.786 E.03407
G1 X116.508 Y130.186 E.0331
G1 X115.688 Y130.433 E.02364
G1 X114.892 Y130.638 E.02266
G1 X113.682 Y130.888 E.0341
G1 X112.871 Y131.015 E.02264
G1 X111.644 Y131.146 E.03407
G1 X110.445 Y131.205 E.0331
G1 X109.59 Y131.206 E.02361
G1 X108.355 Y131.146 E.03409
G1 X107.539 Y131.067 E.02264
G1 X106.351 Y130.893 E.03313
G1 X105.51 Y130.729 E.02364
G1 X104.71 Y130.54 E.02266
G1 X103.524 Y130.197 E.03407
G1 X102.393 Y129.798 E.0331
G1 X101.6 Y129.476 E.02361
G1 X100.48 Y128.953 E.03409
G1 X99.753 Y128.571 E.02267
G1 X99.042 Y128.16 E.02266
G1 X98.003 Y127.491 E.03407
G1 X97.034 Y126.785 E.0331
G1 X96.367 Y126.248 E.02361
G1 X95.445 Y125.427 E.03407
G1 X94.596 Y124.58 E.0331
G1 X94.02 Y123.947 E.02361
G1 X93.236 Y122.993 E.03407
G1 X92.508 Y121.996 E.03407
G1 X92.057 Y121.309 E.02267
G1 X91.632 Y120.606 E.02267
G1 X91.046 Y119.518 E.0341
G1 X90.692 Y118.778 E.02264
G1 X90.214 Y117.639 E.03407
G1 X89.814 Y116.508 E.0331
G1 X89.567 Y115.688 E.02364
G1 X89.362 Y114.892 E.02266
G1 X89.112 Y113.682 E.0341
G1 X88.985 Y112.871 E.02264
G1 X88.854 Y111.644 E.03407
G1 X88.795 Y110.445 E.0331
G1 X88.794 Y109.59 E.02361
G1 X88.854 Y108.355 E.03409
G1 X88.933 Y107.539 E.02264
G1 X89.107 Y106.351 E.03313
G1 X89.271 Y105.51 E.02364
G1 X89.46 Y104.71 E.02266
G1 X89.803 Y103.524 E.03407
G1 X90.202 Y102.393 E.0331
G1 X90.524 Y101.6 E.02361
G1 X91.047 Y100.48 E.03409
G1 X91.429 Y99.753 E.02267
G1 X91.84 Y99.042 E.02266
G1 X92.509 Y98.003 E.03407
G1 X93.215 Y97.034 E.0331
G1 X93.752 Y96.367 E.02361
G1 X94.549 Y95.47 E.03312
G1 X95.149 Y94.857 E.02364
G1 X95.746 Y94.294 E.02266
G1 X96.685 Y93.49 E.0341
G1 X97.333 Y92.988 E.02264
G1 X98.346 Y92.279 E.0341
G1 X99.04 Y91.841 E.02264
G1 X100.116 Y91.234 E.0341
G1 X100.849 Y90.865 E.02264
G1 X101.979 Y90.365 E.0341
G1 X102.745 Y90.07 E.02264
G1 X103.917 Y89.681 E.03407
G1 X105.11 Y89.362 E.03407
G1 X105.912 Y89.188 E.02264
G1 X107.131 Y88.985 E.0341
G1 X107.946 Y88.89 E.02264
G1 X109.178 Y88.806 E.03407
G1 X110.377 Y88.794 E.0331
G1 X111.232 Y88.826 E.02361
G1 X112.463 Y88.934 E.03409
G1 X113.276 Y89.045 E.02264
G1 X114.491 Y89.271 E.0341
G1 X115.29 Y89.46 E.02264
G1 X116.476 Y89.803 E.03407
G1 X117.607 Y90.202 E.0331
G1 X118.4 Y90.524 E.02361
G1 X119.52 Y91.047 E.03409
G1 X120.247 Y91.429 E.02267
G1 X120.958 Y91.84 E.02266
G1 X121.997 Y92.509 E.03407
G1 X122.966 Y93.215 E.0331
G1 X123.633 Y93.752 E.02361
G1 X124.53 Y94.549 E.03312
G1 X125.143 Y95.149 E.02364
G1 X125.706 Y95.746 E.02266
G1 X126.51 Y96.685 E.0341
G1 X127.012 Y97.333 E.02264
G1 X127.721 Y98.346 E.0341
G1 X128.159 Y99.04 E.02264
G1 X128.766 Y100.115 E.03407
G1 X129.309 Y101.223 E.03404
G1 X129.774 Y102.329 E.0331
G1 X130.067 Y103.133 E.02361
G1 X130.448 Y104.371 E.03575
G1 X130.657 Y105.199 E.02354
G1 X130.897 Y106.377 E.03319
G1 X131.021 Y107.188 E.02264
G1 X131.147 Y108.361 E.03255
G1 X131.202 Y109.54 E.03256
G1 E-1 F2400
;WIPE_START
G1 F12000
G1 X131.205 Y109.614
G1 X131.206 Y110.41
G1 X131.151 Y111.539
;WIPE_END
G1 Z6.6 F24000
G1 X95.862 Y101.178 Z6.6
G1 Z6.4
G1 E1 F2700
M204 P5000
;TYPE:Inner wall
;WIDTH:0.449999
G1 F11891
G1 X96.267 Y100.545 E.02238
G1 X96.841 Y99.768 E.02876
G1 X97.23 Y99.285 E.01848
G1 X97.885 Y98.545 E.02944
G1 X98.346 Y98.079 E.01954
G1 X98.798 Y97.655 E.01846
G1 X99.562 Y97.009 E.02979
G1 X100.447 Y96.335 E.03315
G1 X101.068 Y95.921 E.02221
G1 X101.706 Y95.536 E.02221
G1 X102.265 Y95.232 E.01896
G1 X103.365 Y94.704 E.03635
G1 X104.062 Y94.42 E.02241
G1 X104.764 Y94.17 E.02221
G1 X105.477 Y93.952 E.02221
G1 X106.2 Y93.765 E.02222
G1 X107.289 Y93.549 E.0331
G1 X108.034 Y93.443 E.02241
G1 X108.776 Y93.372 E.02221
G1 X109.378 Y93.341 E.01794
G1 X110.267 Y93.329 E.02647
G1 X110.997 Y93.357 E.02178
G1 X111.755 Y93.419 E.02264
G1 X112.51 Y93.516 E.02269
G1 X113.587 Y93.717 E.03263
G1 X114.169 Y93.859 E.01785
G1 X115.033 Y94.105 E.02676
G1 X115.739 Y94.345 E.02221
G1 X116.433 Y94.618 E.02221
G1 X117.114 Y94.921 E.02221
G1 X117.782 Y95.254 E.02222
G1 X118.643 Y95.746 E.02954
G1 X119.378 Y96.214 E.02596
G1 X119.985 Y96.647 E.02222
G1 X120.741 Y97.253 E.02884
G1 X121.412 Y97.844 E.02666
G1 X121.931 Y98.353 E.02163
G1 X122.354 Y98.806 E.01846
G1 X122.936 Y99.48 E.02653
G1 X123.39 Y100.065 E.02208
G1 X123.824 Y100.678 E.02234
G1 X124.235 Y101.319 E.02269
G1 X124.774 Y102.272 E.03263
G1 X125.108 Y102.946 E.02241
G1 X125.408 Y103.629 E.02221
G1 X125.678 Y104.324 E.02221
G1 X125.916 Y105.031 E.02222
G1 X126.211 Y106.102 E.0331
G1 X126.371 Y106.837 E.02241
G1 X126.498 Y107.588 E.02269
G1 X126.621 Y108.677 E.03263
G1 X126.664 Y109.428 E.02241
G1 X126.673 Y110.173 E.02221
G1 X126.648 Y110.919 E.02221
G1 X126.59 Y111.662 E.02221
G1 X126.465 Y112.608 E.02842
G1 X126.302 Y113.501 E.02705
G1 X126.14 Y114.181 E.02081
G1 X125.923 Y114.944 E.02364
G1 X125.686 Y115.652 E.02221
G1 X125.418 Y116.347 E.02221
G1 X125.119 Y117.03 E.02222
G1 X124.617 Y118.022 E.0331
G1 X124.263 Y118.634 E.02108
G1 X123.838 Y119.301 E.02353
G1 X123.409 Y119.91 E.02221
G1 X122.952 Y120.5 E.02221
G1 X122.224 Y121.339 E.0331
G1 X121.7 Y121.879 E.02241
G1 X121.157 Y122.391 E.02222
G1 X120.307 Y123.106 E.0331
G1 X119.705 Y123.558 E.02241
G1 X119.089 Y123.978 E.02221
G1 X118.441 Y124.379 E.02269
G1 X117.479 Y124.902 E.03262
G1 X116.883 Y125.185 E.01966
G1 X115.969 Y125.562 E.02943
G1 X115.071 Y125.883 E.02841
G1 X114.442 Y126.069 E.01954
G1 X113.842 Y126.221 E.01846
G1 X112.888 Y126.421 E.02903
G1 X112.238 Y126.521 E.01958
G1 X111.409 Y126.614 E.02484
G1 X110.665 Y126.66 E.02221
G1 X109.92 Y126.673 E.02221
G1 X109.174 Y126.653 E.02221
G1 X108.431 Y126.599 E.02222
G1 X107.328 Y126.458 E.03311
G1 X106.434 Y126.282 E.02714
G1 X105.853 Y126.146 E.01777
G1 X104.882 Y125.866 E.03012
G1 X104.086 Y125.589 E.02509
G1 X103.395 Y125.309 E.02221
G1 X102.717 Y124.999 E.02221
G1 X102.054 Y124.658 E.02221
G1 X101.407 Y124.288 E.02221
G1 X100.777 Y123.89 E.02221
G1 X100.165 Y123.464 E.02221
G1 X99.573 Y123.011 E.02222
G1 X98.729 Y122.287 E.0331
G1 X98.186 Y121.766 E.02242
G1 X97.429 Y120.953 E.0331
G1 X96.947 Y120.375 E.02241
G1 X96.497 Y119.781 E.02221
G1 X96.073 Y119.167 E.02221
G1 X95.677 Y118.536 E.02221
G1 X95.31 Y117.886 E.02222
G1 X94.817 Y116.89 E.0331
G1 X94.521 Y116.198 E.02241
G1 X94.143 Y115.153 E.0331
G1 X93.927 Y114.433 E.02241
G1 X93.775 Y113.831 E.0185
G1 X93.595 Y112.979 E.02592
G1 X93.478 Y112.243 E.02221
G1 X93.376 Y111.244 E.02992
G1 X93.331 Y110.386 E.02559
G1 X93.33 Y109.648 E.02197
G1 X93.363 Y108.895 E.02245
G1 X93.447 Y108.043 E.02552
G1 X93.585 Y107.083 E.02886
G1 X93.712 Y106.445 E.0194
G1 X93.857 Y105.842 E.01846
G1 X94.133 Y104.878 E.02989
G1 X94.459 Y103.97 E.02871
G1 X94.695 Y103.395 E.01853
G1 X95.123 Y102.472 E.0303
G1 X95.416 Y101.924 E.01851
G1 X95.728 Y101.387 E.0185
G1 X95.84 Y101.211 E.0062
G1 X96.21 Y101.401 F24000
M204 P4000
;TYPE:Outer wall
;WIDTH:0.419999
G1 F11891
G1 X96.612 Y100.772 E.0206
G1 X97.173 Y100.014 E.02601
G1 X97.548 Y99.549 E.01648
G1 X98.191 Y98.824 E.02676
G1 X98.639 Y98.37 E.01759
G1 X99.078 Y97.959 E.01659
G1 X99.824 Y97.328 E.02696
G1 X100.691 Y96.668 E.03007
G1 X101.297 Y96.265 E.02006
G1 X101.919 Y95.89 E.02006
G1 X102.462 Y95.595 E.01706
G1 X103.542 Y95.078 E.03303
G1 X104.218 Y94.803 E.02012
G1 X104.903 Y94.56 E.02006
G1 X105.598 Y94.347 E.02006
G1 X106.302 Y94.166 E.02007
G1 X107.37 Y93.954 E.03002
G1 X108.092 Y93.852 E.02012
G1 X108.816 Y93.783 E.02006
G1 X109.399 Y93.754 E.01611
G1 X110.269 Y93.742 E.02401
G1 X110.981 Y93.77 E.01967
G1 X111.72 Y93.831 E.02046
G1 X112.446 Y93.925 E.0202
G1 X113.511 Y94.124 E.0299
G1 X114.071 Y94.261 E.0159
G1 X114.917 Y94.501 E.02428
G1 X115.605 Y94.737 E.02006
G1 X116.282 Y95.003 E.02006
G1 X116.946 Y95.298 E.02006
G1 X117.597 Y95.624 E.02007
G1 X118.437 Y96.105 E.02673
G1 X119.153 Y96.561 E.02341
G1 X119.745 Y96.984 E.02007
G1 X120.482 Y97.575 E.02608
G1 X121.136 Y98.152 E.02406
G1 X121.641 Y98.648 E.01953
G1 X122.051 Y99.088 E.01659
G1 X122.621 Y99.748 E.02407
G1 X123.064 Y100.319 E.01994
G1 X123.486 Y100.916 E.02018
G1 X123.881 Y101.532 E.0202
G1 X124.414 Y102.476 E.0299
G1 X124.737 Y103.129 E.02012
G1 X125.03 Y103.795 E.02006
G1 X125.292 Y104.473 E.02006
G1 X125.524 Y105.163 E.02007
G1 X125.813 Y106.214 E.0301
G1 X125.966 Y106.925 E.02005
G1 X126.089 Y107.646 E.0202
G1 X126.21 Y108.723 E.0299
G1 X126.251 Y109.451 E.02012
G1 X126.259 Y110.178 E.02006
G1 X126.235 Y110.905 E.02006
G1 X126.178 Y111.63 E.02007
G1 X126.055 Y112.553 E.0257
G1 X125.895 Y113.424 E.02443
G1 X125.738 Y114.085 E.01874
G1 X125.526 Y114.83 E.02139
G1 X125.294 Y115.52 E.02007
G1 X125.032 Y116.198 E.02006
G1 X124.74 Y116.864 E.02007
G1 X124.248 Y117.835 E.03002
G1 X123.905 Y118.427 E.01889
G1 X123.49 Y119.078 E.02129
G1 X123.071 Y119.672 E.02006
G1 X122.625 Y120.246 E.02007
G1 X121.912 Y121.068 E.03002
G1 X121.403 Y121.591 E.02012
G1 X120.874 Y122.089 E.02007
G1 X120.041 Y122.789 E.03002
G1 X119.457 Y123.227 E.02012
G1 X118.856 Y123.636 E.02006
G1 X118.234 Y124.021 E.0202
G1 X117.282 Y124.538 E.0299
G1 X116.706 Y124.811 E.01757
G1 X115.814 Y125.179 E.02663
G1 X114.937 Y125.492 E.02568
G1 X114.326 Y125.672 E.01759
G1 X113.743 Y125.82 E.01659
G1 X112.807 Y126.016 E.02638
G1 X112.176 Y126.112 E.01763
G1 X111.366 Y126.203 E.0225
G1 X110.64 Y126.247 E.02006
G1 X109.913 Y126.26 E.02006
G1 X109.186 Y126.24 E.02006
G1 X108.461 Y126.187 E.02007
G1 X107.381 Y126.048 E.03003
G1 X106.515 Y125.876 E.02437
G1 X105.956 Y125.745 E.01582
G1 X105.002 Y125.471 E.02739
G1 X104.225 Y125.2 E.02273
G1 X103.551 Y124.926 E.02006
G1 X102.89 Y124.623 E.02006
G1 X102.243 Y124.291 E.02006
G1 X101.612 Y123.93 E.02006
G1 X100.998 Y123.541 E.02006
G1 X100.402 Y123.125 E.02006
G1 X99.824 Y122.682 E.02007
G1 X98.999 Y121.973 E.03002
G1 X98.473 Y121.468 E.02013
G1 X97.732 Y120.671 E.03002
G1 X97.266 Y120.11 E.02012
G1 X96.826 Y119.531 E.02006
G1 X96.413 Y118.932 E.02006
G1 X96.028 Y118.316 E.02006
G1 X95.67 Y117.683 E.02007
G1 X95.188 Y116.707 E.03002
G1 X94.902 Y116.036 E.02012
G1 X94.532 Y115.013 E.03002
G1 X94.323 Y114.314 E.02012
G1 X94.176 Y113.73 E.01662
G1 X94 Y112.897 E.0235
G1 X93.887 Y112.178 E.02007
G1 X93.788 Y111.202 E.02707
G1 X93.744 Y110.367 E.02307
G1 X93.744 Y109.648 E.01984
G1 X93.776 Y108.914 E.02029
G1 X93.859 Y108.084 E.02301
G1 X93.993 Y107.147 E.02611
G1 X94.118 Y106.527 E.01744
G1 X94.258 Y105.943 E.01659
G1 X94.529 Y104.996 E.02717
G1 X94.848 Y104.11 E.02597
G1 X95.076 Y103.556 E.01654
G1 X95.496 Y102.651 E.02753
G1 X95.78 Y102.119 E.01664
G1 X96.083 Y101.598 E.01663
G1 X96.188 Y101.434 E.00537
G1 E-1 F2400
;WIPE_START
G1 F12000
G1 X96.612 Y100.772
G1 X97.173 Y100.014
G1 X97.343 Y99.803
;WIPE_END
G1 Z6.6 F24000
G1 X93.45 Y115.322 Z6.6
G1 Z6.4
G1 E1 F2700
M204 P5000
;TYPE:Sparse infill
;WIDTH:0.45
G1 F11891
G1 X93.233 Y114.597 E.02254
G1 X93.025 Y113.75 E.02596
G1 X89.933 Y110.658 E.13027
G1 X89.92 Y109.616 E.03102
G1 X89.977 Y108.437 E.03517
G1 X90.052 Y107.669 E.023
G1 X90.183 Y106.763 E.02726
G1 X92.636 Y109.216 E.10336
G1 X92.655 Y108.805 E.01226
G1 X92.767 Y107.705 E.03295
G1 X92.893 Y106.898 E.02432
G1 X93.048 Y106.138 E.02311
G1 X93.18 Y105.615 E.01605
G1 X91.021 Y103.456 E.09095
G1 X91.267 Y102.76 E.02197
G1 X91.559 Y102.045 E.02301
M73 P79 R1
G1 X91.878 Y101.342 E.02301
G1 X92.275 Y100.565 E.02599
G1 X94.284 Y102.574 E.08465
G1 X94.5 Y102.124 E.01489
G1 X94.867 Y101.441 E.02307
G1 X95.266 Y100.77 E.02325
G1 X95.813 Y99.958 E.02917
G1 X93.878 Y98.023 E.08151
G1 X94.612 Y97.095 E.03525
G1 X95.373 Y96.238 E.03413
G1 X95.801 Y95.801 E.01822
G1 X97.709 Y97.709 E.0804
G1 X98.532 Y96.933 E.03369
G1 X99.42 Y96.204 E.03424
G1 X99.956 Y95.811 E.01979
G1 X98.024 Y93.879 E.08141
G1 X98.964 Y93.22 E.03419
G1 X99.617 Y92.808 E.02301
G1 X100.564 Y92.274 E.03238
G1 X102.578 Y94.288 E.08485
G1 X103.097 Y94.043 E.01708
G1 X103.817 Y93.751 E.02316
G1 X104.553 Y93.489 E.02325
G1 X105.615 Y93.18 E.03297
G1 X103.455 Y91.02 E.09099
G1 X104.24 Y90.76 E.02462
G1 X105.375 Y90.456 E.03499
G1 X106.123 Y90.294 E.02282
G1 X106.767 Y90.187 E.01944
G1 X109.216 Y92.636 E.10317
G1 X110.303 Y92.617 E.03238
G1 X111.086 Y92.648 E.02334
G1 X111.828 Y92.71 E.02219
G1 X112.626 Y92.814 E.02397
G1 X113.749 Y93.024 E.03401
G1 X110.656 Y89.931 E.13029
G1 X111.162 Y89.95 E.01508
G1 X112.338 Y90.053 E.03517
G1 X113.097 Y90.157 E.02282
G1 X114.252 Y90.371 E.03499
G1 X115.003 Y90.55 E.02301
G1 X115.589 Y90.719 E.01815
G1 X129.287 Y104.417 E.57705
G1 X129.541 Y105.362 E.02914
G1 X129.672 Y105.998 E.01935
G1 X126.542 Y104.677 F24000
G1 F11891
G1 X126.903 Y105.935 E.03899
G1 X126.972 Y106.247 E.0095
G1 X130.067 Y109.342 E.13038
G1 X130.08 Y110.384 E.03102
G1 X130.023 Y111.563 E.03517
G1 X129.948 Y112.332 E.02301
G1 X129.817 Y113.237 E.02726
G1 X127.365 Y110.785 E.10332
G1 X127.273 Y111.935 E.03438
G1 X127.152 Y112.838 E.02712
G1 X126.994 Y113.673 E.02532
G1 X126.822 Y114.387 E.02188
G1 X128.983 Y116.548 E.09101
G1 X128.745 Y117.208 E.0209
G1 X128.443 Y117.95 E.02386
G1 X128.122 Y118.658 E.02318
G1 X127.725 Y119.435 E.02599
G1 X125.717 Y117.427 E.08461
G1 X125.243 Y118.362 E.03123
G1 X124.842 Y119.054 E.02384
G1 X124.435 Y119.689 E.02246
G1 X124.187 Y120.042 E.01284
G1 X126.122 Y121.977 E.0815
G1 X125.389 Y122.905 E.03524
G1 X124.608 Y123.782 E.03498
G1 X124.195 Y124.195 E.01739
G1 X122.292 Y122.292 E.08018
G1 X121.625 Y122.928 E.02745
G1 X120.748 Y123.666 E.03414
G1 X120.044 Y124.189 E.02613
G1 X121.971 Y126.116 E.08117
G1 X121.354 Y126.566 E.02275
G1 X120.709 Y126.991 E.02301
G1 X120.047 Y127.39 E.02301
G1 X119.432 Y127.722 E.02084
G1 X117.426 Y125.716 E.0845
G1 X117.091 Y125.874 E.01103
G1 X116.174 Y126.248 E.02949
G1 X115.279 Y126.565 E.02829
G1 X114.386 Y126.821 E.02766
G1 X116.544 Y128.979 E.09091
G1 X116.158 Y129.116 E.01219
G1 X115.385 Y129.348 E.02405
G1 X114.638 Y129.541 E.02298
G1 X113.238 Y129.818 E.04252
G1 X110.786 Y127.366 E.10329
G1 X109.908 Y127.386 E.02615
G1 X109.108 Y127.363 E.02384
G1 X108.346 Y127.307 E.02277
G1 X107.221 Y127.162 E.03377
G1 X106.245 Y126.97 E.02964
G1 X109.342 Y130.067 E.13044
G1 X108.437 Y130.023 E.02697
G1 X107.669 Y129.948 E.023
G1 X106.903 Y129.843 E.02301
G1 X105.747 Y129.628 E.03502
G1 X104.997 Y129.45 E.02298
G1 X104.411 Y129.281 E.01815
G1 X90.71 Y115.58 E.57716
G1 X90.884 Y116.158 E.01798
G1 X91.226 Y117.124 E.03052
G1 E-1 F2400
;WIPE_START
G1 F12000
G1 X90.884 Y116.158
G1 X90.71 Y115.58
G1 X90.973 Y115.843
;WIPE_END
G1 Z6.6 F24000
G1 X126.308 Y105.111 Z6.6
G1 Z6.4
G1 E1 F2700
;TYPE:Internal solid infill
;WIDTH:0.38292
G1 F11891
G1 X126.027 Y104.244 E.02266
G1 X125.741 Y103.504 E.01975
G1 X125.445 Y102.827 E.01838
G1 X125.087 Y102.109 E.01995
G1 X124.553 Y101.157 E.02716
G1 X124.12 Y100.48 E.01998
G1 X123.7 Y99.884 E.01816
G1 X123.233 Y99.282 E.01894
G1 X122.74 Y98.699 E.01901
G1 X122.22 Y98.139 E.01902
G1 X121.671 Y97.598 E.01916
G1 X121.079 Y97.072 E.01969
G1 X120.234 Y96.389 E.02704
G1 X119.606 Y95.939 E.01922
G1 X118.963 Y95.52 E.0191
G1 X118.074 Y95.01 E.0255
G1 X117.513 Y94.721 E.01568
G1 X116.646 Y94.322 E.02375
G1 X115.904 Y94.027 E.01988
G1 X115.172 Y93.775 E.01925
G1 X114.523 Y93.584 E.01684
G1 X113.659 Y93.368 E.02216
G1 X112.585 Y93.168 E.02717
G1 X111.794 Y93.065 E.01985
G1 X111.067 Y93.004 E.01814
G1 X110.298 Y92.973 E.01916
G1 X109.612 Y92.976 E.01706
G1 X108.771 Y93.015 E.02095
G1 X108.01 Y93.087 E.01902
G1 X107.248 Y93.194 E.01913
G1 X106.148 Y93.412 E.02789
G1 X105.406 Y93.602 E.01907
G1 X104.667 Y93.827 E.01921
G1 X103.947 Y94.082 E.01902
G1 X103.239 Y94.37 E.01901
G1 X102.334 Y94.797 E.02489
G1 X101.704 Y95.131 E.01774
G1 X101.097 Y95.487 E.01752
G1 X100.278 Y96.019 E.02429
G1 X99.637 Y96.486 E.01974
G1 X98.81 Y97.165 E.0266
G1 X98.204 Y97.717 E.02041
G1 X97.669 Y98.254 E.01885
G1 X97.155 Y98.819 E.019
G1 X96.666 Y99.407 E.01904
G1 X96.096 Y100.176 E.0238
G1 X95.573 Y100.951 E.02326
G1 X95.178 Y101.614 E.01918
G1 X94.821 Y102.28 E.01883
G1 X94.489 Y102.969 E.01902
G1 X94.17 Y103.723 E.02035
G1 X93.824 Y104.681 E.02535
G1 X93.583 Y105.472 E.02057
G1 X93.397 Y106.213 E.01902
G1 X93.245 Y106.956 E.01885
G1 X93.119 Y107.758 E.02019
G1 X93.013 Y108.807 E.02624
G1 X92.975 Y109.598 E.0197
G1 X92.975 Y110.395 E.01982
G1 X93.011 Y111.169 E.01928
G1 X93.12 Y112.251 E.02706
G1 X93.238 Y113.009 E.01909
G1 X93.39 Y113.757 E.01899
G1 X93.575 Y114.499 E.01902
G1 X93.805 Y115.265 E.0199
G1 X94.175 Y116.289 E.02708
G1 X94.49 Y117.032 E.02008
G1 X94.988 Y118.041 E.02798
G1 X95.354 Y118.688 E.01851
G1 X95.766 Y119.349 E.01939
G1 X96.2 Y119.979 E.01902
G1 X96.667 Y120.594 E.01921
G1 X97.157 Y121.183 E.01907
G1 X97.923 Y122.006 E.02796
G1 X98.461 Y122.525 E.0186
G1 X99.335 Y123.276 E.02867
G1 X99.927 Y123.731 E.01858
G1 X100.575 Y124.184 E.01967
G1 X101.209 Y124.585 E.01865
G1 X101.879 Y124.968 E.0192
G1 X102.56 Y125.314 E.01902
G1 X103.247 Y125.63 E.01882
G1 X103.962 Y125.92 E.01918
G1 X104.648 Y126.163 E.01811
G1 X105.408 Y126.396 E.01977
G1 X106.126 Y126.58 E.01844
G1 X107.237 Y126.803 E.02819
G1 X108.377 Y126.952 E.02862
G1 X109.123 Y127.007 E.01859
G1 X109.907 Y127.029 E.01951
G1 X110.645 Y127.017 E.01838
G1 X111.405 Y126.971 E.01894
G1 X112.163 Y126.891 E.01895
G1 X112.936 Y126.775 E.01945
G1 X113.697 Y126.623 E.01931
G1 X114.412 Y126.448 E.0183
G1 X115.167 Y126.227 E.01959
G1 X115.895 Y125.973 E.01917
G1 X116.944 Y125.55 E.02813
G1 X117.626 Y125.227 E.01879
G1 X118.628 Y124.682 E.02836
G1 X119.274 Y124.283 E.01888
G1 X119.905 Y123.853 E.01902
G1 X120.526 Y123.387 E.01932
G1 X121.385 Y122.664 E.02791
G1 X121.943 Y122.14 E.01905
G1 X122.484 Y121.583 E.01931
G1 X123.209 Y120.747 E.02753
G1 X123.675 Y120.149 E.01885
G1 X124.133 Y119.5 E.01978
G1 X124.537 Y118.869 E.01864
G1 X124.928 Y118.195 E.0194
G1 X125.434 Y117.197 E.02782
G1 X125.742 Y116.495 E.01909
G1 X126.01 Y115.804 E.01842
G1 X126.263 Y115.05 E.01979
G1 X126.47 Y114.33 E.01864
G1 X126.644 Y113.602 E.01862
G1 X126.8 Y112.78 E.02083
G1 X126.919 Y111.896 E.02219
G1 X127.001 Y110.972 E.02306
G1 X127.029 Y110.184 E.01962
G1 X127.02 Y109.42 E.01901
G1 X126.976 Y108.645 E.01931
G1 X126.85 Y107.531 E.02789
G1 X126.722 Y106.776 E.01907
G1 X126.565 Y106.049 E.01849
G1 X126.318 Y105.149 E.02322
G1 X126.631 Y98.123 F24000
G1 F11891
G1 X125.913 Y97.172 E.02964
G1 X125.136 Y96.263 E.02975
G1 X124.595 Y95.69 E.01963
G1 X124.005 Y95.112 E.02053
G1 X123.138 Y94.342 E.02885
G1 X122.498 Y93.826 E.02046
G1 X121.563 Y93.145 E.02877
G1 X120.56 Y92.499 E.02968
G1 X119.877 Y92.105 E.01962
G1 X119.178 Y91.736 E.01968
G1 X118.105 Y91.236 E.02945
G1 X117.334 Y90.921 E.02071
G1 X116.244 Y90.537 E.02877
G1 X115.098 Y90.206 E.02968
G1 X114.332 Y90.024 E.01958
G1 X113.557 Y89.876 E.01963
G1 X112.379 Y89.699 E.02964
G1 X111.188 Y89.595 E.02973
G1 X110.411 Y89.565 E.01935
G1 X109.208 Y89.576 E.02994
G1 X108.02 Y89.656 E.02961
G1 X107.239 Y89.747 E.01958
G1 X106.06 Y89.943 E.02973
G1 X105.291 Y90.11 E.01958
G1 X104.138 Y90.419 E.0297
G1 X103.008 Y90.793 E.02961
G1 X102.274 Y91.076 E.01958
G1 X101.551 Y91.392 E.01963
G1 X100.479 Y91.913 E.02964
G1 X99.438 Y92.501 E.02975
G1 X98.772 Y92.92 E.01958
G1 X98.123 Y93.369 E.01963
G1 X97.172 Y94.087 E.02964
G1 X96.263 Y94.864 E.02975
G1 X95.689 Y95.406 E.01964
G1 X95.112 Y95.995 E.02052
G1 X94.342 Y96.862 E.02885
G1 X93.826 Y97.502 E.02046
G1 X93.145 Y98.437 E.02877
G1 X92.499 Y99.44 E.02968
G1 X92.105 Y100.123 E.01962
G1 X91.736 Y100.822 E.01968
G1 X91.234 Y101.9 E.02959
G1 X90.921 Y102.666 E.02057
G1 X90.536 Y103.759 E.02884
G1 X90.206 Y104.902 E.02961
G1 X90.024 Y105.669 E.01961
G1 X89.866 Y106.48 E.02055
G1 X89.699 Y107.623 E.02873
G1 X89.622 Y108.411 E.01971
G1 X89.564 Y109.604 E.02971
G1 X89.565 Y110.426 E.02045
G1 X89.622 Y111.584 E.02884
G1 X89.748 Y112.767 E.02961
G1 X89.87 Y113.545 E.01958
G1 X90.111 Y114.715 E.02973
G1 X90.308 Y115.478 E.0196
G1 X90.545 Y116.269 E.02055
G1 X90.932 Y117.362 E.02883
G1 X91.232 Y118.087 E.01952
G1 X91.732 Y119.168 E.02964
G1 X92.299 Y120.221 E.02975
G1 X92.706 Y120.896 E.01962
G1 X93.141 Y121.557 E.01968
G1 X93.845 Y122.521 E.0297
G1 X94.6 Y123.44 E.02959
G1 X95.153 Y124.048 E.02045
G1 X95.973 Y124.867 E.02883
G1 X96.862 Y125.658 E.0296
G1 X97.502 Y126.174 E.02045
G1 X98.437 Y126.855 E.02877
G1 X99.44 Y127.501 E.02968
G1 X100.122 Y127.895 E.01962
G1 X100.822 Y128.264 E.01968
G1 X101.9 Y128.766 E.02959
G1 X102.666 Y129.079 E.02057
G1 X103.759 Y129.464 E.02884
G1 X104.902 Y129.794 E.02961
G1 X105.669 Y129.976 E.01961
G1 X106.48 Y130.134 E.02055
G1 X107.623 Y130.301 E.02873
G1 X108.411 Y130.378 E.01971
G1 X109.604 Y130.436 E.02971
G1 X110.426 Y130.435 E.02045
G1 X111.584 Y130.378 E.02884
G1 X112.767 Y130.252 E.02961
G1 X113.545 Y130.13 E.01958
G1 X114.715 Y129.889 E.02973
G1 X115.479 Y129.692 E.01964
G1 X116.269 Y129.455 E.02052
G1 X117.362 Y129.068 E.02883
G1 X118.087 Y128.768 E.01952
G1 X119.168 Y128.268 E.02964
G1 X120.221 Y127.701 E.02975
G1 X120.896 Y127.294 E.01962
G1 X121.557 Y126.859 E.01968
G1 X122.521 Y126.155 E.0297
G1 X123.44 Y125.4 E.02959
G1 X124.048 Y124.847 E.02045
G1 X124.867 Y124.027 E.02883
G1 X125.658 Y123.138 E.0296
G1 X126.174 Y122.498 E.02045
G1 X126.855 Y121.563 E.02877
G1 X127.501 Y120.56 E.02968
G1 X127.895 Y119.877 E.01962
G1 X128.264 Y119.178 E.01968
G1 X128.764 Y118.105 E.02945
G1 X129.079 Y117.334 E.02071
G1 X129.463 Y116.244 E.02877
G1 X129.794 Y115.098 E.02968
G1 X129.976 Y114.332 E.01958
G1 X130.124 Y113.557 E.01963
G1 X130.301 Y112.377 E.02967
G1 X130.378 Y111.589 E.01972
G1 X130.436 Y110.396 E.02971
G1 X130.435 Y109.574 E.02044
G1 X130.378 Y108.416 E.02885
G1 X130.252 Y107.233 E.02961
G1 X130.13 Y106.455 E.01958
G1 X129.889 Y105.285 E.02973
G1 X129.693 Y104.523 E.01957
G1 X129.339 Y103.383 E.02971
G1 X129.057 Y102.61 E.02045
G1 X128.609 Y101.544 E.02877
G1 X128.084 Y100.474 E.02965
G1 X127.499 Y99.438 E.02961
G1 X127.08 Y98.772 E.01958
G1 X126.653 Y98.156 E.01863
; stop printing object Генератор.stl id:0 copy 0
;LAYER_CHANGE
;Z:6.6
;HEIGHT:0.2
;BEFORE_LAYER_CHANGE
;6.6
G92 E0

G1 E-1 F2400
;WIPE_START
G1 F12000
M73 P80 R1
G1 X127.08 Y98.772
G1 X127.499 Y99.438
G1 X127.728 Y99.842
;WIPE_END
M486 S-1
;_SET_FAN_SPEED_CHANGING_LAYER
; printing object Генератор.stl id:0 copy 0
M486 S0
G1 Z6.8 F24000
G1 X130.792 Y109.635 Z6.8
G1 Z6.6
G1 E1 F2700
;TYPE:Inner wall
;WIDTH:0.449999
G1 F15074.133
G1 X130.792 Y110.401 E.02281
G1 X130.734 Y111.615 E.0362
G1 X130.656 Y112.411 E.02384
G1 X130.48 Y113.614 E.03621
G1 X130.325 Y114.403 E.02393
G1 X130.14 Y115.185 E.02393
G1 X129.802 Y116.352 E.03621
G1 X129.543 Y117.11 E.02385
G1 X129.094 Y118.24 E.03621
G1 X128.763 Y118.968 E.02384
G1 X128.207 Y120.05 E.03622
G1 X127.807 Y120.743 E.02384
G1 X127.148 Y121.765 E.03621
G1 X126.683 Y122.416 E.02384
G1 X125.931 Y123.368 E.03612
G1 X125.127 Y124.271 E.03603
G1 X124.285 Y125.113 E.03546
G1 X123.676 Y125.667 E.02451
G1 X122.74 Y126.437 E.03612
G1 X121.76 Y127.152 E.03612
G1 X121.089 Y127.593 E.02394
G1 X120.401 Y128.009 E.02393
G1 X119.333 Y128.584 E.03612
G1 X118.234 Y129.097 E.03612
G1 X117.493 Y129.399 E.02385
G1 X116.368 Y129.797 E.03555
G1 X115.577 Y130.035 E.0246
G1 X114.799 Y130.235 E.02393
G1 X113.608 Y130.481 E.03621
G1 X112.817 Y130.605 E.02385
G1 X111.611 Y130.734 E.03612
G1 X110.422 Y130.792 E.03546
G1 X109.599 Y130.792 E.02451
G1 X108.385 Y130.734 E.0362
G1 X107.586 Y130.656 E.02394
G1 X106.79 Y130.547 E.02393
G1 X105.594 Y130.324 E.03621
G1 X104.815 Y130.14 E.02384
G1 X103.65 Y129.803 E.03612
G1 X102.507 Y129.399 E.03612
G1 X101.763 Y129.096 E.02394
G1 X101.032 Y128.763 E.02393
G1 X99.95 Y128.207 E.03622
G1 X99.257 Y127.807 E.02384
G1 X98.235 Y127.148 E.03621
G1 X97.584 Y126.683 E.02384
G1 X96.632 Y125.931 E.03612
G1 X95.729 Y125.127 E.03603
G1 X94.887 Y124.285 E.03546
G1 X94.333 Y123.676 E.02451
G1 X93.563 Y122.74 E.03612
G1 X92.848 Y121.76 E.03612
G1 X92.407 Y121.089 E.02394
G1 X91.991 Y120.401 E.02393
G1 X91.416 Y119.333 E.03612
G1 X90.903 Y118.234 E.03612
G1 X90.601 Y117.493 E.02385
G1 X90.203 Y116.368 E.03555
G1 X89.965 Y115.577 E.0246
G1 X89.765 Y114.799 E.02393
G1 X89.519 Y113.608 E.03621
G1 X89.395 Y112.817 E.02385
G1 X89.266 Y111.611 E.03612
G1 X89.208 Y110.422 E.03546
G1 X89.208 Y109.599 E.02451
G1 X89.266 Y108.385 E.0362
G1 X89.344 Y107.586 E.02394
G1 X89.453 Y106.79 E.02393
G1 X89.676 Y105.594 E.03621
G1 X89.86 Y104.815 E.02384
G1 X90.197 Y103.65 E.03612
G1 X90.601 Y102.507 E.03612
G1 X90.904 Y101.763 E.02394
G1 X91.237 Y101.032 E.02393
G1 X91.793 Y99.95 E.03622
G1 X92.193 Y99.257 E.02384
G1 X92.852 Y98.235 E.03621
G1 X93.317 Y97.584 E.02384
G1 X94.069 Y96.632 E.03613
G1 X94.86 Y95.743 E.03546
G1 X95.438 Y95.153 E.0246
G1 X96.022 Y94.601 E.02393
G1 X96.944 Y93.813 E.03612
G1 X97.91 Y93.079 E.03613
G1 X98.572 Y92.625 E.02393
G1 X99.252 Y92.196 E.02393
G1 X100.308 Y91.6 E.03612
G1 X101.397 Y91.067 E.03612
G1 X102.135 Y90.748 E.02394
G1 X102.884 Y90.459 E.02393
G1 X104.036 Y90.077 E.03613
G1 X105.207 Y89.764 E.03612
G1 X105.989 Y89.594 E.02385
G1 X107.189 Y89.395 E.03622
G1 X107.984 Y89.302 E.02384
G1 X109.194 Y89.219 E.03613
G1 X110.384 Y89.207 E.03546
G1 X111.206 Y89.239 E.02451
G1 X112.414 Y89.344 E.03612
G1 X113.614 Y89.52 E.03612
G1 X114.403 Y89.675 E.02393
G1 X115.185 Y89.86 E.02393
G1 X116.352 Y90.198 E.03621
G1 X117.11 Y90.457 E.02385
G1 X118.24 Y90.906 E.03621
G1 X118.968 Y91.237 E.02384
G1 X120.05 Y91.793 E.03622
G1 X120.743 Y92.193 E.02384
G1 X121.765 Y92.852 E.03621
G1 X122.416 Y93.317 E.02384
G1 X123.368 Y94.069 E.03613
G1 X124.257 Y94.86 E.03546
G1 X124.847 Y95.438 E.0246
G1 X125.399 Y96.022 E.02393
G1 X126.187 Y96.944 E.03612
G1 X126.921 Y97.91 E.03613
G1 X127.375 Y98.572 E.02393
G1 X127.804 Y99.252 E.02393
G1 X128.426 Y100.362 E.03791
G1 X128.953 Y101.443 E.03582
G1 X129.266 Y102.172 E.02364
G1 X129.603 Y103.073 E.02864
G1 X130.008 Y104.356 E.04009
G1 X130.252 Y105.283 E.02853
G1 X130.489 Y106.441 E.03522
G1 X130.61 Y107.232 E.02384
G1 X130.734 Y108.392 E.03474
G1 X130.79 Y109.595 E.03586
G1 X131.205 Y109.634 F24000
M204 P4000
;TYPE:Outer wall
;WIDTH:0.419999
G1 F12000
G1 X131.206 Y110.41 E.02141
G1 X131.146 Y111.645 E.03409
G1 X131.067 Y112.461 E.02264
G1 X130.888 Y113.684 E.0341
G1 X130.729 Y114.49 E.02267
G1 X130.54 Y115.29 E.02267
G1 X130.197 Y116.477 E.0341
G1 X129.931 Y117.253 E.02264
G1 X129.475 Y118.402 E.0341
G1 X129.135 Y119.149 E.02264
G1 X128.57 Y120.248 E.0341
G1 X128.16 Y120.958 E.02264
G1 X127.491 Y121.997 E.0341
G1 X127.014 Y122.665 E.02264
G1 X126.248 Y123.633 E.03407
G1 X125.428 Y124.555 E.03404
G1 X124.571 Y125.413 E.03345
G1 X123.947 Y125.98 E.02326
G1 X122.993 Y126.764 E.03407
G1 X121.996 Y127.492 E.03407
G1 X121.309 Y127.943 E.02267
G1 X120.606 Y128.368 E.02267
G1 X119.519 Y128.954 E.03407
G1 X118.4 Y129.476 E.03407
G1 X117.64 Y129.786 E.02264
G1 X116.496 Y130.19 E.03348
G1 X115.688 Y130.433 E.02329
G1 X114.892 Y130.638 E.02266
G1 X113.682 Y130.888 E.0341
G1 X112.871 Y131.015 E.02264
G1 X111.644 Y131.146 E.03407
G1 X110.433 Y131.205 E.03345
G1 X109.59 Y131.206 E.02326
G1 X108.355 Y131.146 E.03409
G1 X107.538 Y131.067 E.02267
G1 X106.724 Y130.955 E.02267
G1 X105.509 Y130.729 E.0341
G1 X104.71 Y130.54 E.02264
G1 X103.524 Y130.197 E.03407
G1 X102.36 Y129.786 E.03407
G1 X101.599 Y129.475 E.02267
G1 X100.851 Y129.135 E.02267
G1 X99.752 Y128.57 E.0341
G1 X99.042 Y128.16 E.02264
G1 X98.003 Y127.491 E.0341
G1 X97.335 Y127.014 E.02264
G1 X96.367 Y126.248 E.03407
G1 X95.445 Y125.428 E.03404
G1 X94.587 Y124.571 E.03345
G1 X94.02 Y123.947 E.02326
G1 X93.236 Y122.993 E.03407
G1 X92.508 Y121.996 E.03407
G1 X92.057 Y121.309 E.02267
G1 X91.632 Y120.606 E.02267
G1 X91.046 Y119.519 E.03407
G1 X90.524 Y118.4 E.03407
G1 X90.214 Y117.64 E.02264
G1 X89.81 Y116.496 E.03348
G1 X89.567 Y115.688 E.02329
G1 X89.362 Y114.892 E.02266
G1 X89.112 Y113.682 E.0341
G1 X88.985 Y112.871 E.02264
G1 X88.854 Y111.644 E.03407
G1 X88.795 Y110.433 E.03345
G1 X88.794 Y109.59 E.02326
G1 X88.854 Y108.355 E.03409
G1 X88.933 Y107.538 E.02267
G1 X89.045 Y106.724 E.02267
G1 X89.271 Y105.509 E.0341
G1 X89.46 Y104.71 E.02264
G1 X89.803 Y103.524 E.03407
G1 X90.214 Y102.36 E.03407
G1 X90.525 Y101.599 E.02267
G1 X90.865 Y100.851 E.02267
G1 X91.43 Y99.752 E.0341
G1 X91.84 Y99.042 E.02264
G1 X92.509 Y98.003 E.0341
G1 X92.986 Y97.335 E.02264
G1 X93.752 Y96.367 E.03407
G1 X94.558 Y95.461 E.03345
G1 X95.148 Y94.857 E.02329
G1 X95.746 Y94.294 E.02266
G1 X96.684 Y93.491 E.03407
G1 X97.667 Y92.744 E.03407
G1 X98.345 Y92.279 E.02267
G1 X99.04 Y91.841 E.02267
G1 X100.115 Y91.234 E.03407
G1 X101.224 Y90.691 E.03407
G1 X101.978 Y90.365 E.02267
G1 X102.745 Y90.07 E.02267
G1 X103.917 Y89.681 E.03407
G1 X105.11 Y89.362 E.03407
G1 X105.912 Y89.188 E.02264
G1 X107.131 Y88.985 E.0341
G1 X107.946 Y88.89 E.02264
G1 X109.178 Y88.806 E.03407
G1 X110.39 Y88.794 E.03345
G1 X111.232 Y88.826 E.02326
G1 X112.462 Y88.934 E.03407
G1 X113.684 Y89.112 E.03407
G1 X114.49 Y89.271 E.02267
G1 X115.29 Y89.46 E.02267
G1 X116.477 Y89.803 E.0341
G1 X117.253 Y90.069 E.02264
G1 X118.402 Y90.525 E.0341
G1 X119.149 Y90.865 E.02264
G1 X120.248 Y91.43 E.0341
G1 X120.958 Y91.84 E.02264
G1 X121.997 Y92.509 E.0341
G1 X122.665 Y92.986 E.02264
G1 X123.633 Y93.752 E.03407
G1 X124.539 Y94.558 E.03345
G1 X125.143 Y95.148 E.02329
G1 X125.706 Y95.746 E.02266
G1 X126.509 Y96.684 E.03407
G1 X127.256 Y97.667 E.03407
G1 X127.721 Y98.345 E.02267
G1 X128.159 Y99.04 E.02267
G1 X128.797 Y100.18 E.03606
G1 X129.333 Y101.279 E.03373
G1 X129.652 Y102.023 E.02234
G1 X129.996 Y102.943 E.02708
G1 X130.408 Y104.249 E.0378
G1 X130.657 Y105.199 E.02709
G1 X130.897 Y106.377 E.03318
G1 X131.021 Y107.188 E.02264
G1 X131.147 Y108.361 E.03255
G1 X131.204 Y109.594 E.03406
G1 E-1 F2400
;WIPE_START
G1 F12000
G1 X131.206 Y110.41
G1 X131.149 Y111.593
;WIPE_END
G1 Z6.8 F24000
G1 X95.858 Y101.187 Z6.8
G1 Z6.6
G1 E1 F2700
M204 P5000
;TYPE:Inner wall
;WIDTH:0.449999
G1 F15074.133
G1 X96.274 Y100.548 E.02269
G1 X96.931 Y99.646 E.03326
G1 X97.407 Y99.072 E.02221
G1 X97.893 Y98.537 E.02154
G1 X98.346 Y98.079 E.01917
G1 X98.798 Y97.655 E.01847
G1 X99.551 Y97.017 E.02941
G1 X100.335 Y96.416 E.02941
G1 X101.379 Y95.729 E.03723
G1 X102.031 Y95.354 E.02241
G1 X102.694 Y95.012 E.02221
G1 X103.371 Y94.701 E.02221
G1 X104.062 Y94.42 E.02221
G1 X104.764 Y94.17 E.02221
G1 X105.477 Y93.952 E.02221
G1 X106.2 Y93.765 E.02222
G1 X107.289 Y93.549 E.0331
G1 X108.034 Y93.443 E.02241
G1 X108.776 Y93.372 E.02221
G1 X109.378 Y93.341 E.01794
G1 X110.267 Y93.329 E.02648
G1 X110.997 Y93.357 E.02176
G1 X111.755 Y93.419 E.02265
G1 X112.494 Y93.514 E.02222
G1 X113.587 Y93.717 E.0331
G1 X114.169 Y93.859 E.01785
G1 X115.033 Y94.105 E.02676
G1 X115.728 Y94.341 E.02185
G1 X116.433 Y94.618 E.02258
G1 X117.207 Y94.972 E.02535
G1 X118.099 Y95.426 E.0298
G1 X118.624 Y95.733 E.01812
G1 X119.378 Y96.214 E.02665
G1 X119.978 Y96.642 E.02196
G1 X120.572 Y97.107 E.02246
G1 X121.407 Y97.84 E.0331
G1 X121.93 Y98.353 E.02181
G1 X122.354 Y98.806 E.01848
G1 X122.91 Y99.449 E.02534
G1 X123.392 Y100.068 E.02337
G1 X123.824 Y100.678 E.02224
G1 X124.227 Y101.305 E.02221
G1 X124.601 Y101.95 E.02222
G1 X125.105 Y102.94 E.0331
G1 X125.392 Y103.592 E.02121
G1 X125.677 Y104.323 E.02338
G1 X125.982 Y105.263 E.02943
G1 X126.213 Y106.109 E.02611
G1 X126.371 Y106.837 E.02221
G1 X126.498 Y107.588 E.02269
G1 X126.621 Y108.677 E.03263
G1 X126.664 Y109.428 E.02241
G1 X126.673 Y110.173 E.02221
G1 X126.648 Y110.919 E.02222
G1 X126.554 Y111.978 E.03166
G1 X126.442 Y112.77 E.02384
G1 X126.301 Y113.503 E.02221
G1 X126.14 Y114.181 E.02077
G1 X125.935 Y114.906 E.02245
G1 X125.687 Y115.651 E.02338
G1 X125.418 Y116.347 E.02224
G1 X125.119 Y117.03 E.02222
G1 X124.617 Y118.022 E.0331
G1 X124.263 Y118.634 E.02108
G1 X123.86 Y119.267 E.02233
G1 X123.409 Y119.909 E.02338
G1 X122.952 Y120.5 E.02225
G1 X122.224 Y121.339 E.0331
G1 X121.7 Y121.879 E.02241
G1 X121.157 Y122.391 E.02222
G1 X120.307 Y123.106 E.0331
G1 X119.705 Y123.558 E.02241
G1 X119.089 Y123.978 E.02221
G1 X118.441 Y124.379 E.02269
G1 X117.479 Y124.902 E.03262
G1 X116.799 Y125.224 E.02241
G1 X116.097 Y125.519 E.02269
G1 X115.065 Y125.885 E.03263
G1 X114.443 Y126.069 E.01931
G1 X113.842 Y126.221 E.01847
G1 X112.888 Y126.421 E.02903
G1 X112.238 Y126.521 E.01958
G1 X111.409 Y126.614 E.02484
G1 X110.665 Y126.66 E.02221
G1 X109.92 Y126.673 E.02221
G1 X109.174 Y126.653 E.02221
G1 X108.431 Y126.599 E.02222
G1 X107.383 Y126.465 E.03147
G1 X106.589 Y126.321 E.02404
G1 X105.862 Y126.152 E.02221
G1 X105.145 Y125.951 E.02221
G1 X104.436 Y125.718 E.02221
G1 X103.739 Y125.453 E.02221
G1 X103.054 Y125.158 E.02222
G1 X102.06 Y124.661 E.0331
G1 X101.407 Y124.288 E.02241
G1 X100.777 Y123.89 E.02221
G1 X100.165 Y123.464 E.02221
G1 X99.573 Y123.011 E.02222
G1 X98.729 Y122.287 E.0331
G1 X98.186 Y121.766 E.02242
G1 X97.429 Y120.953 E.0331
G1 X96.947 Y120.375 E.02241
G1 X96.497 Y119.781 E.02221
G1 X96.073 Y119.167 E.02221
G1 X95.677 Y118.536 E.02221
G1 X95.31 Y117.886 E.02222
G1 X94.817 Y116.89 E.0331
G1 X94.522 Y116.198 E.02241
G1 X94.143 Y115.153 E.03311
G1 X93.927 Y114.433 E.02241
G1 X93.775 Y113.831 E.0185
G1 X93.595 Y112.979 E.02592
G1 X93.478 Y112.243 E.02221
G1 X93.376 Y111.244 E.02991
G1 X93.331 Y110.386 E.0256
G1 X93.33 Y109.649 E.02196
G1 X93.363 Y108.895 E.02247
G1 X93.449 Y108.033 E.02581
G1 X93.528 Y107.44 E.01781
G1 X93.715 Y106.434 E.03049
G1 X93.857 Y105.842 E.01812
G1 X94.133 Y104.878 E.02989
G1 X94.47 Y103.94 E.02968
G1 X94.699 Y103.385 E.01788
G1 X94.955 Y102.823 E.01839
G1 X95.422 Y101.912 E.03049
G1 X95.728 Y101.387 E.01812
G1 X95.836 Y101.22 E.00591
G1 X96.204 Y101.412 F24000
M204 P4000
;TYPE:Outer wall
;WIDTH:0.419999
G1 F12000
G1 X96.617 Y100.779 E.02085
G1 X97.261 Y99.895 E.03018
G1 X97.725 Y99.336 E.02006
G1 X98.199 Y98.815 E.01944
G1 X98.639 Y98.371 E.01724
G1 X99.078 Y97.959 E.0166
G1 X99.814 Y97.336 E.0266
G1 X100.579 Y96.75 E.0266
G1 X101.606 Y96.074 E.03391
G1 X102.237 Y95.713 E.02006
G1 X102.883 Y95.38 E.02006
G1 X103.544 Y95.077 E.02006
G1 X104.218 Y94.803 E.02006
G1 X104.903 Y94.56 E.02006
G1 X105.598 Y94.347 E.02006
G1 X106.302 Y94.166 E.02007
G1 X107.37 Y93.954 E.03002
G1 X108.092 Y93.852 E.02012
G1 X108.816 Y93.783 E.02006
G1 X109.399 Y93.754 E.0161
G1 X110.269 Y93.742 E.02401
G1 X110.981 Y93.77 E.01965
G1 X111.72 Y93.831 E.02047
G1 X112.441 Y93.924 E.02007
G1 X113.511 Y94.124 E.03003
G1 X114.071 Y94.261 E.0159
G1 X114.917 Y94.501 E.02428
G1 X115.594 Y94.733 E.01973
G1 X116.282 Y95.003 E.0204
G1 X117.035 Y95.348 E.02284
G1 X117.905 Y95.791 E.02697
G1 X118.414 Y96.09 E.01627
G1 X119.153 Y96.561 E.02418
G1 X119.738 Y96.979 E.01983
G1 X120.317 Y97.432 E.02029
G1 X121.134 Y98.15 E.03002
G1 X121.64 Y98.648 E.01957
G1 X122.051 Y99.088 E.0166
G1 X122.595 Y99.717 E.02297
G1 X123.066 Y100.322 E.02115
G1 X123.486 Y100.916 E.02007
G1 X123.879 Y101.528 E.02006
G1 X124.244 Y102.157 E.02007
G1 X124.736 Y103.128 E.03002
G1 X125.014 Y103.758 E.01902
G1 X125.292 Y104.473 E.02116
G1 X125.589 Y105.39 E.0266
G1 X125.813 Y106.214 E.02355
G1 X125.966 Y106.925 E.02006
G1 X126.089 Y107.646 E.0202
G1 X126.21 Y108.723 E.0299
G1 X126.251 Y109.451 E.02012
G1 X126.259 Y110.178 E.02006
G1 X126.235 Y110.905 E.02007
G1 X126.142 Y111.941 E.02869
G1 X126.032 Y112.71 E.02145
G1 X125.895 Y113.424 E.02006
G1 X125.738 Y114.085 E.01873
G1 X125.537 Y114.792 E.02029
G1 X125.295 Y115.519 E.02116
G1 X125.032 Y116.198 E.02007
G1 X124.74 Y116.864 E.02007
G1 X124.248 Y117.835 E.03002
G1 X123.905 Y118.427 E.01889
G1 X123.512 Y119.044 E.02019
G1 X123.071 Y119.671 E.02115
G1 X122.625 Y120.246 E.02008
G1 X121.912 Y121.068 E.03002
G1 X121.403 Y121.591 E.02012
G1 X120.874 Y122.089 E.02007
G1 X120.041 Y122.789 E.03002
G1 X119.457 Y123.227 E.02012
G1 X118.856 Y123.636 E.02006
G1 X118.234 Y124.021 E.0202
G1 X117.282 Y124.538 E.0299
G1 X116.623 Y124.85 E.02012
G1 X115.947 Y125.133 E.0202
G1 X114.926 Y125.496 E.0299
G1 X114.327 Y125.672 E.01725
G1 X113.743 Y125.82 E.0166
G1 X112.807 Y126.016 E.02638
G1 X112.176 Y126.112 E.01763
G1 X111.366 Y126.203 E.0225
G1 X110.64 Y126.247 E.02006
G1 X109.913 Y126.26 E.02006
G1 X109.186 Y126.24 E.02006
G1 X108.461 Y126.187 E.02007
G1 X107.436 Y126.055 E.02851
G1 X106.665 Y125.914 E.02163
G1 X105.956 Y125.749 E.02006
G1 X105.256 Y125.553 E.02006
G1 X104.566 Y125.325 E.02006
G1 X103.886 Y125.067 E.02006
G1 X103.218 Y124.778 E.02007
G1 X102.245 Y124.292 E.03002
G1 X101.612 Y123.93 E.02012
G1 X100.998 Y123.541 E.02006
G1 X100.402 Y123.125 E.02006
G1 X99.824 Y122.682 E.02007
G1 X98.999 Y121.973 E.03002
G1 X98.473 Y121.468 E.02013
G1 X97.732 Y120.671 E.03002
G1 X97.266 Y120.11 E.02012
G1 X96.826 Y119.531 E.02006
G1 X96.413 Y118.932 E.02006
G1 X96.028 Y118.316 E.02006
G1 X95.67 Y117.683 E.02007
G1 X95.188 Y116.707 E.03003
G1 X94.902 Y116.036 E.02012
G1 X94.532 Y115.013 E.03003
G1 X94.323 Y114.314 E.02012
G1 X94.176 Y113.73 E.01662
G1 X94 Y112.897 E.0235
G1 X93.887 Y112.178 E.02007
G1 X93.788 Y111.202 E.02707
G1 X93.744 Y110.367 E.02307
G1 X93.744 Y109.649 E.01983
G1 X93.776 Y108.914 E.0203
G1 X93.861 Y108.074 E.02327
G1 X93.937 Y107.504 E.01586
G1 X94.12 Y106.516 E.02773
G1 X94.258 Y105.943 E.01627
G1 X94.529 Y104.996 E.02717
G1 X94.859 Y104.08 E.02687
G1 X95.08 Y103.547 E.01593
G1 X95.327 Y103.002 E.01651
G1 X95.786 Y102.108 E.02773
G1 X96.083 Y101.598 E.01627
G1 X96.182 Y101.446 E.00501
G1 E-1 F2400
;WIPE_START
G1 F12000
G1 X96.617 Y100.779
G1 X97.261 Y99.895
G1 X97.332 Y99.81
;WIPE_END
G1 Z6.8 F24000
G1 X130.025 Y104.898 Z6.8
G1 Z6.6
G1 E1 F2700
M204 P2000
;TYPE:Internal Bridge
;WIDTH:0.4
;HEIGHT:0.4
G1 F5850
G1 X130.025 Y114.235 E.42926
G1 X129.824 Y115.101 E.04091
G1 X129.575 Y115.962 E.04118
G1 X129.575 Y104.025 E.54879
M73 P81 R1
G1 X129.125 Y102.714 E.06375
G1 X129.125 Y117.278 E.66957
G1 X128.675 Y118.373 E.05443
G1 X128.675 Y101.623 E.77008
G1 X128.225 Y100.694 E.04745
G1 X128.225 Y119.3 E.85543
G1 X127.775 Y120.144 E.04398
G1 X127.775 Y99.866 E.9323
G1 X127.325 Y99.106 E.04063
G1 X127.325 Y120.887 E1.00143
G1 X126.875 Y121.586 E.0382
G1 X126.875 Y98.421 E1.06502
G1 X126.425 Y97.797 E.03535
G1 X126.425 Y105.634 E.36027
G1 X126.333 Y105.284 E.01663
G1 X125.975 Y104.19 E.05292
G1 X125.975 Y97.205 E.32114
G1 X125.525 Y96.673 E.03204
G1 X125.525 Y103.082 E.29465
G1 X125.075 Y102.16 E.04715
G1 X125.075 Y96.156 E.27605
G1 X124.625 Y95.679 E.03015
G1 X124.625 Y101.34 E.26027
G1 X124.175 Y100.62 E.03904
G1 X124.175 Y95.237 E.24747
G1 X123.725 Y94.824 E.02808
G1 X123.725 Y99.971 E.23664
G1 X123.275 Y99.385 E.03397
G1 X123.275 Y94.424 E.22809
G1 X122.825 Y94.057 E.02671
G1 X122.825 Y98.845 E.22015
G1 X122.375 Y98.349 E.03078
G1 X122.375 Y93.701 E.21371
G1 X122.22 Y93.578 E.00909
G1 X121.925 Y93.368 E.01666
G1 X121.925 Y97.89 E.20791
G1 X121.475 Y97.465 E.02845
G1 X121.475 Y93.053 E.20282
G1 X121.025 Y92.764 E.02461
G1 X121.025 Y97.069 E.19793
G1 X120.575 Y96.695 E.02691
G1 X120.575 Y92.474 E.19405
G1 X120.125 Y92.214 E.02389
G1 X120.125 Y96.346 E.18998
G1 X119.675 Y96.024 E.02545
G1 X119.675 Y91.968 E.18648
G1 X119.225 Y91.736 E.02327
G1 X119.225 Y95.725 E.1834
G1 X118.775 Y95.443 E.02442
G1 X118.775 Y91.508 E.18093
G1 X118.325 Y91.303 E.02273
G1 X118.325 Y95.179 E.17816
G1 X117.875 Y94.938 E.02345
G1 X117.875 Y91.112 E.17589
G1 X117.425 Y90.934 E.02226
G1 X117.425 Y94.713 E.17377
G1 X116.975 Y94.506 E.02277
M73 P82 R1
G1 X116.975 Y90.756 E.17241
G1 X116.525 Y90.602 E.02187
G1 X116.525 Y94.304 E.17019
G1 X116.075 Y94.126 E.02224
G1 X116.075 Y90.458 E.16866
G1 X115.625 Y90.328 E.02153
G1 X115.625 Y93.962 E.16707
G1 X115.175 Y93.807 E.02188
G1 X115.175 Y90.198 E.16594
G1 X114.725 Y90.087 E.0213
G1 X114.725 Y93.674 E.16492
G1 X114.275 Y93.549 E.02148
G1 X114.275 Y89.983 E.16393
G1 X113.825 Y89.895 E.02108
G1 X113.825 Y93.439 E.16296
G1 X113.375 Y93.345 E.02113
G1 X113.375 Y89.815 E.16229
G1 X112.925 Y89.749 E.02091
G1 X112.925 Y93.262 E.16147
G1 X112.475 Y93.182 E.02101
G1 X112.475 Y89.684 E.16086
G1 X112.025 Y89.638 E.02079
G1 X112.025 Y93.125 E.16028
G1 X111.575 Y93.076 E.02081
G1 X111.575 Y89.599 E.15986
G1 X111.125 Y89.563 E.02076
G1 X111.125 Y93.038 E.1598
G1 X110.675 Y93.018 E.02071
G1 X110.675 Y89.546 E.15963
G1 X110.225 Y89.538 E.02069
G1 X110.225 Y93.003 E.15931
G1 X109.775 Y93.005 E.02069
G1 X109.775 Y89.541 E.15924
G1 X109.325 Y89.545 E.02069
G1 X109.325 Y93.017 E.15961
G1 X108.875 Y93.039 E.02071
G1 X108.875 Y89.569 E.15955
G1 X108.425 Y89.599 E.02074
G1 X108.425 Y93.077 E.15989
G1 X107.975 Y93.121 E.02079
G1 X107.975 Y89.632 E.16044
G1 X107.525 Y89.684 E.02083
G1 X107.525 Y93.185 E.16094
G1 X107.075 Y93.258 E.02096
G1 X107.075 Y89.745 E.16153
G1 X106.625 Y89.82 E.02097
G1 X106.625 Y93.347 E.16219
G1 X106.175 Y93.436 E.02109
G1 X106.175 Y89.894 E.16284
G1 X105.725 Y89.986 E.02111
G1 X105.725 Y93.55 E.16388
G1 X105.275 Y93.672 E.02143
G1 X105.275 Y90.084 E.16499
G1 X104.825 Y90.204 E.02142
G1 X104.825 Y93.809 E.16575
G1 X104.375 Y93.962 E.02184
G1 X104.375 Y90.325 E.1672
G1 X104.129 Y90.391 E.01169
G1 X103.925 Y90.458 E.0099
G1 X103.925 Y94.123 E.16848
G1 X103.475 Y94.306 E.02233
G1 X103.475 Y90.607 E.17003
G1 X103.025 Y90.757 E.0218
G1 X103.025 Y94.501 E.17213
G1 X102.575 Y94.707 E.02277
G1 X102.575 Y90.929 E.17372
G1 X102.259 Y91.051 E.0156
G1 X102.125 Y91.108 E.00669
G1 X102.125 Y94.938 E.17608
G1 X101.675 Y95.182 E.02352
G1 X101.675 Y91.303 E.17835
G1 X101.225 Y91.515 E.02287
G1 X101.225 Y95.44 E.18044
G1 X100.775 Y95.731 E.02466
G1 X100.775 Y91.735 E.18371
G1 X100.325 Y91.966 E.02325
G1 X100.325 Y96.023 E.18654
G1 X99.875 Y96.349 E.02552
G1 X99.875 Y92.22 E.18981
G1 X99.425 Y92.474 E.02376
G1 X99.425 Y96.699 E.19422
G1 X98.975 Y97.068 E.02676
G1 X98.975 Y92.757 E.19818
G1 X98.525 Y93.054 E.02477
M73 P83 R1
G1 X98.525 Y97.462 E.2027
G1 X98.075 Y97.888 E.02849
G1 X98.075 Y93.364 E.20801
G1 X97.625 Y93.706 E.02598
G1 X97.625 Y98.346 E.21335
G1 X97.175 Y98.841 E.03073
G1 X97.175 Y94.048 E.22036
G1 X96.725 Y94.43 E.02716
G1 X96.725 Y99.382 E.22766
G1 X96.275 Y99.971 E.03408
G1 X96.275 Y94.816 E.23704
G1 X95.825 Y95.237 E.02835
G1 X95.825 Y100.631 E.24797
G1 X95.375 Y101.341 E.03867
G1 X95.375 Y95.684 E.26008
G1 X94.925 Y96.162 E.03017
G1 X94.925 Y102.148 E.27522
G1 X94.475 Y103.078 E.04748
G1 X94.475 Y96.668 E.2947
G1 X94.025 Y97.215 E.03258
G1 X94.025 Y104.212 E.32166
G1 X93.833 Y104.744 E.02603
G1 X93.575 Y105.625 E.04221
G1 X93.575 Y97.458 E.3755
G1 E-1 F2400
;WIPE_START
G1 F12000
G1 X93.575 Y99.458
;WIPE_END
G1 Z6.8 F24000
G1 X126.425 Y122.542 Z6.8
G1 Z6.6
G1 E1 F2700
G1 F5850
G1 X126.425 Y114.381 E.3752
G1 X126.238 Y115.031 E.03109
G1 X125.975 Y115.813 E.03792
G1 X125.975 Y122.785 E.32054
G1 X125.525 Y123.332 E.03257
G1 X125.525 Y116.917 E.29491
G1 X125.075 Y117.84 E.0472
G1 X125.075 Y123.838 E.27574
G1 X124.625 Y124.311 E.03002
G1 X124.625 Y118.659 E.25984
G1 X124.175 Y119.381 E.0391
G1 X124.175 Y124.761 E.24738
G1 X123.725 Y125.181 E.02829
G1 X123.725 Y120.028 E.23692
G1 X123.275 Y120.615 E.03402
G1 X123.275 Y125.574 E.22797
G1 X122.825 Y125.944 E.02679
G1 X122.825 Y121.146 E.22061
G1 X122.375 Y121.653 E.03117
G1 X122.375 Y126.299 E.2136
G1 X121.925 Y126.627 E.02561
G1 X121.925 Y122.116 E.20738
G1 X121.475 Y122.54 E.02841
G1 X121.475 Y126.948 E.20268
G1 X121.025 Y127.244 E.02476
G1 X121.025 Y122.929 E.1984
G1 X120.575 Y123.307 E.02703
G1 X120.575 Y127.522 E.19376
G1 X120.125 Y127.786 E.02399
G1 X120.125 Y123.651 E.1901
G1 X119.675 Y123.974 E.02547
G1 X119.675 Y128.029 E.18641
G1 X119.225 Y128.271 E.0235
G1 X119.225 Y124.279 E.18356
G1 X118.775 Y124.557 E.02432
G1 X118.775 Y128.484 E.18055
G1 X118.325 Y128.694 E.02283
G1 X118.325 Y124.813 E.1784
G1 X117.875 Y125.058 E.02355
G1 X117.875 Y128.89 E.17619
G1 X117.425 Y129.074 E.02235
M73 P84 R1
G1 X117.425 Y125.289 E.17401
G1 X116.975 Y125.502 E.02289
G1 X116.975 Y129.236 E.17165
G1 X116.525 Y129.395 E.02194
G1 X116.525 Y125.693 E.17021
G1 X116.075 Y125.874 E.02229
G1 X116.075 Y129.544 E.16874
G1 X115.625 Y129.679 E.0216
G1 X115.625 Y126.033 E.16761
G1 X115.175 Y126.193 E.02195
G1 X115.175 Y129.801 E.16587
G1 X114.725 Y129.917 E.02136
G1 X114.725 Y126.326 E.16509
G1 X114.275 Y126.452 E.02148
G1 X114.275 Y130.01 E.16358
G1 X113.825 Y130.102 E.02113
G1 X113.825 Y126.562 E.16278
G1 X113.375 Y126.657 E.02115
G1 X113.375 Y130.187 E.16225
G1 X112.925 Y130.257 E.02094
G1 X112.925 Y126.747 E.16139
G1 X112.475 Y126.815 E.02093
G1 X112.475 Y130.313 E.16079
G1 X112.025 Y130.361 E.02081
G1 X112.025 Y126.876 E.16021
G1 X111.575 Y126.925 E.02081
G1 X111.575 Y130.408 E.16017
G1 X111.125 Y130.43 E.02071
G1 X111.125 Y126.959 E.15961
G1 X110.675 Y126.987 E.02073
G1 X110.675 Y130.452 E.15932
G1 X110.225 Y130.465 E.0207
G1 X110.225 Y126.995 E.15956
G1 X109.775 Y126.996 E.02069
G1 X109.775 Y130.466 E.1595
G1 X109.325 Y130.452 E.0207
G1 X109.325 Y126.983 E.15947
G1 X108.875 Y126.959 E.02072
G1 X108.875 Y130.43 E.15957
G1 X108.425 Y130.408 E.02071
G1 X108.425 Y126.926 E.16008
G1 X107.975 Y126.871 E.02085
G1 X107.975 Y130.365 E.16067
G1 X107.525 Y130.318 E.0208
G1 X107.525 Y126.813 E.16114
G1 X107.075 Y126.743 E.02094
G1 X107.075 Y130.256 E.16152
G1 X106.625 Y130.184 E.02095
G1 X106.625 Y126.66 E.16203
G1 X106.175 Y126.56 E.02119
G1 X106.175 Y130.1 E.16276
G1 X105.725 Y130.016 E.02105
G1 X105.725 Y126.453 E.16382
G1 X105.275 Y126.327 E.02149
G1 X105.275 Y129.913 E.16487
G1 X104.825 Y129.802 E.0213
G1 X104.825 Y126.189 E.1661
G1 X104.375 Y126.041 E.02179
G1 X104.375 Y129.672 E.16696
G1 X103.925 Y129.542 E.02153
G1 X103.925 Y125.873 E.16868
G1 X103.475 Y125.696 E.02225
G1 X103.475 Y129.395 E.17007
G1 X103.025 Y129.236 E.02194
G1 X103.025 Y125.501 E.17171
G1 X102.575 Y125.284 E.02297
G1 X102.575 Y129.074 E.17426
G1 X102.125 Y128.89 E.02235
G1 X102.125 Y125.059 E.17615
G1 X101.675 Y124.818 E.02347
G1 X101.675 Y128.697 E.17833
G1 X101.225 Y128.492 E.02273
G1 X101.225 Y124.561 E.18075
G1 X100.775 Y124.276 E.02449
G1 X100.775 Y128.264 E.18335
G1 X100.325 Y128.032 E.02327
G1 X100.325 Y123.973 E.18661
G1 X99.875 Y123.654 E.02537
G1 X99.875 Y127.786 E.18997
G1 X99.425 Y127.526 E.02389
G1 X99.425 Y123.309 E.19388
G1 X98.975 Y122.928 E.02711
M73 P85 R1
G1 X98.975 Y127.236 E.19809
G1 X98.525 Y126.947 E.02461
G1 X98.525 Y122.541 E.20257
G1 X98.075 Y122.112 E.02857
G1 X98.075 Y126.632 E.20782
G1 X97.78 Y126.422 E.01666
G1 X97.625 Y126.299 E.0091
G1 X97.625 Y121.643 E.21406
G1 X97.175 Y121.159 E.03039
G1 X97.175 Y125.943 E.21996
G1 X96.725 Y125.576 E.02671
G1 X96.725 Y120.618 E.22793
G1 X96.275 Y120.029 E.03409
G1 X96.275 Y125.175 E.23661
G1 X95.825 Y124.761 E.02813
G1 X95.825 Y119.383 E.24725
G1 X95.375 Y118.666 E.0389
G1 X95.375 Y124.311 E.25952
G1 X94.925 Y123.841 E.02991
G1 X94.925 Y117.846 E.27563
G1 X94.475 Y116.922 E.04726
G1 X94.475 Y123.334 E.29479
G1 X94.025 Y122.787 E.03256
G1 X94.025 Y115.787 E.32183
G1 X93.833 Y115.256 E.02596
G1 X93.575 Y114.376 E.04217
G1 X93.575 Y122.202 E.35981
G1 X93.125 Y121.585 E.0351
G1 X93.125 Y98.414 E1.06528
G1 X92.675 Y99.113 E.0382
G1 X92.675 Y120.901 E1.00172
G1 X92.225 Y120.145 E.04043
G1 X92.225 Y99.856 E.93282
G1 X91.775 Y100.7 E.04398
G1 X91.775 Y119.311 E.85564
G1 X91.325 Y118.365 E.04815
G1 X91.325 Y101.628 E.76952
G1 X90.875 Y102.711 E.05394
G1 X90.875 Y117.289 E.67022
G1 X90.425 Y115.971 E.06402
G1 X90.425 Y104.038 E.54863
G1 X90.176 Y104.899 E.04117
G1 X89.975 Y105.772 E.04123
G1 X89.975 Y115.116 E.42957
; stop printing object Генератор.stl id:0 copy 0
;LAYER_CHANGE
;Z:6.8
;HEIGHT:0.2
;BEFORE_LAYER_CHANGE
;6.8
G92 E0

G1 E-1 F2400
;WIPE_START
G1 F12000
G1 X89.975 Y113.116
;WIPE_END
M486 S-1
;_SET_FAN_SPEED_CHANGING_LAYER
; printing object Генератор.stl id:0 copy 0
M486 S0
G1 Z7 F24000
G1 X130.785 Y109.691 Z7
G1 Z6.8
G1 E1 F2700
M204 P5000
;TYPE:Inner wall
;WIDTH:0.449999
G1 F15074.133
M106 S255
G1 X130.792 Y110.406 E.02131
G1 X130.761 Y111.206 E.02385
G1 X130.655 Y112.417 E.03621
G1 X130.547 Y113.21 E.02384
G1 X130.324 Y114.406 E.03621
G1 X130.14 Y115.185 E.02384
G1 X129.802 Y116.352 E.03621
G1 X129.543 Y117.11 E.02385
G1 X129.095 Y118.237 E.03613
G1 X128.583 Y119.336 E.03612
G1 X128.208 Y120.047 E.02394
G1 X127.807 Y120.743 E.02393
G1 X127.15 Y121.763 E.03613
G1 X126.437 Y122.74 E.03603
G1 X125.673 Y123.669 E.03584
G1 X125.129 Y124.269 E.02413
G1 X124.269 Y125.129 E.03621
G1 X123.676 Y125.667 E.02385
G1 X122.737 Y126.439 E.03621
G1 X122.095 Y126.917 E.02385
G1 X121.086 Y127.595 E.03621
G1 X120.401 Y128.009 E.02384
G1 X119.331 Y128.586 E.03621
G1 X118.608 Y128.931 E.02385
G1 X117.49 Y129.4 E.03612
G1 X116.356 Y129.801 E.03584
G1 X115.577 Y130.035 E.02422
G1 X114.799 Y130.235 E.02393
G1 X113.608 Y130.481 E.03621
G1 X112.817 Y130.605 E.02385
G1 X111.609 Y130.734 E.03621
G1 X110.809 Y130.781 E.02384
M73 P86 R1
G1 X109.594 Y130.792 E.03621
G1 X108.794 Y130.761 E.02385
G1 X107.586 Y130.656 E.03612
G1 X106.395 Y130.481 E.03584
G1 X105.597 Y130.325 E.02422
G1 X104.815 Y130.14 E.02393
G1 X103.648 Y129.802 E.03621
G1 X102.89 Y129.543 E.02385
G1 X101.763 Y129.095 E.03612
G1 X100.664 Y128.583 E.03612
M73 P86 R0
G1 X99.953 Y128.208 E.02394
G1 X99.257 Y127.807 E.02393
G1 X98.237 Y127.15 E.03613
G1 X97.26 Y126.437 E.03603
G1 X96.324 Y125.667 E.03612
G1 X95.731 Y125.129 E.02384
G1 X94.871 Y124.269 E.03621
G1 X94.333 Y123.676 E.02385
G1 X93.561 Y122.737 E.03621
G1 X93.083 Y122.095 E.02385
G1 X92.405 Y121.086 E.03621
G1 X91.991 Y120.401 E.02384
G1 X91.414 Y119.331 E.03621
G1 X91.069 Y118.608 E.02385
G1 X90.6 Y117.49 E.03612
G1 X90.199 Y116.356 E.03584
G1 X89.965 Y115.577 E.02422
G1 X89.765 Y114.799 E.02393
G1 X89.519 Y113.608 E.03621
G1 X89.395 Y112.817 E.02385
G1 X89.266 Y111.609 E.03621
G1 X89.219 Y110.809 E.02384
G1 X89.208 Y109.594 E.03621
G1 X89.239 Y108.794 E.02385
G1 X89.344 Y107.586 E.03612
G1 X89.519 Y106.395 E.03584
G1 X89.675 Y105.597 E.02422
G1 X89.86 Y104.815 E.02393
G1 X90.198 Y103.648 E.03621
G1 X90.457 Y102.89 E.02385
G1 X90.905 Y101.763 E.03612
G1 X91.417 Y100.664 E.03612
G1 X91.792 Y99.953 E.02394
G1 X92.193 Y99.257 E.02393
G1 X92.85 Y98.237 E.03613
G1 X93.565 Y97.258 E.03612
G1 X94.067 Y96.635 E.02384
G1 X94.875 Y95.727 E.03621
G1 X95.438 Y95.153 E.02393
G1 X96.022 Y94.601 E.02393
G1 X96.946 Y93.811 E.03621
G1 X97.579 Y93.321 E.02384
G1 X98.575 Y92.623 E.03621
G1 X99.252 Y92.196 E.02384
G1 X100.311 Y91.599 E.03621
G1 X101.026 Y91.24 E.02385
G1 X102.138 Y90.747 E.03621
G1 X102.884 Y90.459 E.02384
G1 X104.036 Y90.077 E.03612
G1 X105.198 Y89.766 E.03584
G1 X105.992 Y89.593 E.02422
G1 X106.784 Y89.454 E.02393
G1 X107.987 Y89.301 E.03612
G1 X109.194 Y89.219 E.03603
G1 X110.397 Y89.208 E.03584
G1 X111.206 Y89.239 E.02413
G1 X112.417 Y89.345 E.03621
G1 X113.21 Y89.453 E.02384
G1 X114.406 Y89.676 E.03621
G1 X115.185 Y89.86 E.02384
G1 X116.352 Y90.198 E.03621
G1 X117.11 Y90.457 E.02385
G1 X118.237 Y90.905 E.03613
G1 X119.336 Y91.417 E.03612
G1 X120.047 Y91.792 E.02394
G1 X120.743 Y92.193 E.02393
G1 X121.763 Y92.85 E.03613
G1 X122.742 Y93.565 E.03612
G1 X123.365 Y94.067 E.02384
G1 X124.273 Y94.875 E.03621
G1 X124.847 Y95.438 E.02393
G1 X125.399 Y96.022 E.02393
G1 X126.187 Y96.944 E.03612
G1 X126.921 Y97.91 E.03612
G1 X127.375 Y98.572 E.02393
G1 X127.804 Y99.252 E.02393
G1 X128.4 Y100.308 E.03612
G1 X128.932 Y101.394 E.03603
G1 X129.398 Y102.504 E.03584
G1 X129.675 Y103.265 E.02413
G1 X130.048 Y104.474 E.0377
G1 X130.252 Y105.282 E.02482
G1 X130.489 Y106.441 E.03523
G1 X130.643 Y107.541 E.0331
G1 X130.739 Y108.474 E.02794
G1 X130.781 Y109.241 E.02286
G1 X130.785 Y109.651 E.01222
G1 X131.199 Y109.687 F24000
M204 P4000
;TYPE:Outer wall
;WIDTH:0.419999
G1 F12000
G1 X131.206 Y110.412 E.02002
G1 X131.174 Y111.232 E.02264
G1 X131.066 Y112.463 E.0341
G1 X130.955 Y113.276 E.02264
G1 X130.729 Y114.491 E.0341
G1 X130.54 Y115.29 E.02264
G1 X130.197 Y116.477 E.0341
G1 X129.931 Y117.253 E.02264
G1 X129.475 Y118.401 E.03407
G1 X128.953 Y119.52 E.03407
G1 X128.571 Y120.247 E.02267
G1 X128.16 Y120.958 E.02267
G1 X127.491 Y121.997 E.03407
G1 X126.764 Y122.993 E.03404
G1 X125.986 Y123.939 E.0338
G1 X125.428 Y124.554 E.02291
G1 X124.554 Y125.428 E.0341
G1 X123.947 Y125.98 E.02264
G1 X122.992 Y126.765 E.0341
G1 X122.334 Y127.255 E.02264
G1 X121.308 Y127.944 E.0341
G1 X120.606 Y128.368 E.02264
G1 X119.518 Y128.954 E.0341
G1 X118.778 Y129.308 E.02264
G1 X117.639 Y129.786 E.03407
G1 X116.484 Y130.194 E.0338
G1 X115.688 Y130.433 E.02294
G1 X114.892 Y130.638 E.02266
G1 X113.682 Y130.888 E.0341
G1 X112.871 Y131.015 E.02264
G1 X111.643 Y131.146 E.0341
G1 X110.823 Y131.194 E.02264
G1 X109.588 Y131.206 E.0341
G1 X108.768 Y131.174 E.02264
G1 X107.538 Y131.066 E.03407
G1 X106.325 Y130.889 E.0338
G1 X105.51 Y130.729 E.02294
G1 X104.71 Y130.54 E.02267
G1 X103.523 Y130.197 E.0341
G1 X102.747 Y129.931 E.02264
G1 X101.599 Y129.475 E.03407
G1 X100.48 Y128.953 E.03407
G1 X99.753 Y128.571 E.02267
G1 X99.042 Y128.16 E.02267
G1 X98.003 Y127.491 E.03407
G1 X97.007 Y126.764 E.03404
G1 X96.053 Y125.98 E.03407
G1 X95.446 Y125.428 E.02264
G1 X94.572 Y124.554 E.0341
G1 X94.02 Y123.947 E.02264
G1 X93.235 Y122.992 E.0341
G1 X92.745 Y122.334 E.02264
G1 X92.056 Y121.308 E.0341
G1 X91.632 Y120.606 E.02264
G1 X91.046 Y119.518 E.0341
G1 X90.692 Y118.778 E.02264
G1 X90.214 Y117.639 E.03407
G1 X89.806 Y116.484 E.0338
G1 X89.567 Y115.688 E.02294
G1 X89.362 Y114.892 E.02266
G1 X89.112 Y113.682 E.0341
G1 X88.985 Y112.871 E.02264
G1 X88.854 Y111.643 E.0341
G1 X88.806 Y110.823 E.02264
G1 X88.794 Y109.588 E.0341
G1 X88.826 Y108.768 E.02264
G1 X88.934 Y107.538 E.03407
G1 X89.111 Y106.325 E.0338
G1 X89.271 Y105.51 E.02294
G1 X89.46 Y104.71 E.02267
G1 X89.803 Y103.523 E.0341
G1 X90.069 Y102.747 E.02264
G1 X90.525 Y101.599 E.03407
G1 X91.047 Y100.48 E.03407
G1 X91.429 Y99.753 E.02267
G1 X91.84 Y99.042 E.02267
G1 X92.509 Y98.003 E.03407
G1 X93.236 Y97.006 E.03407
G1 X93.752 Y96.367 E.02264
G1 X94.573 Y95.444 E.0341
G1 X95.148 Y94.858 E.02267
G1 X95.746 Y94.294 E.02267
G1 X96.685 Y93.49 E.0341
G1 X97.333 Y92.988 E.02264
G1 X98.346 Y92.279 E.0341
G1 X99.04 Y91.841 E.02264
G1 X100.116 Y91.234 E.0341
G1 X100.849 Y90.865 E.02264
G1 X101.979 Y90.365 E.0341
G1 X102.745 Y90.07 E.02264
G1 X103.917 Y89.681 E.03407
G1 X105.1 Y89.364 E.03381
G1 X105.913 Y89.188 E.02293
G1 X106.722 Y89.045 E.02267
G1 X107.947 Y88.89 E.03407
G1 X109.178 Y88.806 E.03404
G1 X110.403 Y88.794 E.0338
G1 X111.232 Y88.826 E.02291
G1 X112.463 Y88.934 E.0341
G1 X113.276 Y89.045 E.02264
G1 X114.491 Y89.271 E.0341
G1 X115.29 Y89.46 E.02264
G1 X116.477 Y89.803 E.0341
G1 X117.253 Y90.069 E.02264
G1 X118.401 Y90.525 E.03407
G1 X119.52 Y91.047 E.03407
G1 X120.247 Y91.429 E.02267
G1 X120.958 Y91.84 E.02267
G1 X121.997 Y92.509 E.03407
G1 X122.994 Y93.236 E.03407
G1 X123.633 Y93.752 E.02264
G1 X124.556 Y94.573 E.0341
G1 X125.142 Y95.148 E.02267
G1 X125.706 Y95.746 E.02267
G1 X126.509 Y96.684 E.03407
G1 X127.256 Y97.667 E.03407
G1 X127.721 Y98.345 E.02267
G1 X128.159 Y99.04 E.02267
G1 X128.766 Y100.115 E.03407
G1 X129.309 Y101.223 E.03404
G1 X129.783 Y102.353 E.03381
G1 X130.067 Y103.133 E.0229
G1 X130.448 Y104.371 E.03576
G1 X130.657 Y105.199 E.02355
G1 X130.897 Y106.377 E.03318
G1 X131.054 Y107.497 E.03121
G1 X131.152 Y108.45 E.02643
G1 X131.195 Y109.237 E.02173
G1 X131.199 Y109.647 E.01132
G1 E-1 F2400
;WIPE_START
G1 F12000
G1 X131.206 Y110.412
G1 X131.174 Y111.232
G1 X131.138 Y111.645
;WIPE_END
G1 Z7 F24000
G1 X95.844 Y101.198 Z7
G1 Z6.8
G1 E1 F2700
M204 P5000
;TYPE:Inner wall
;WIDTH:0.449999
G1 F15074.133
G1 X96.059 Y100.854 E.01206
G1 X96.481 Y100.24 E.02221
G1 X96.845 Y99.759 E.01796
G1 X97.228 Y99.287 E.01812
G1 X97.907 Y98.521 E.03049
G1 X98.434 Y97.991 E.02226
G1 X98.982 Y97.486 E.02221
G1 X99.553 Y97.005 E.02222
G1 X100.457 Y96.328 E.03365
G1 X101.068 Y95.921 E.02187
G1 X102 Y95.372 E.03222
G1 X102.693 Y95.013 E.02327
G1 X103.371 Y94.701 E.02223
G1 X104.062 Y94.42 E.02221
G1 X104.764 Y94.17 E.02221
G1 X105.477 Y93.952 E.02221
G1 X106.197 Y93.766 E.02213
G1 X107.289 Y93.549 E.03319
G1 X108.034 Y93.443 E.02241
G1 X108.776 Y93.372 E.02221
G1 X109.378 Y93.341 E.01793
G1 X110.267 Y93.329 E.02648
G1 X110.996 Y93.357 E.02175
G1 X111.755 Y93.419 E.02267
G1 X112.51 Y93.516 E.02269
G1 X113.587 Y93.717 E.03263
G1 X114.169 Y93.859 E.01785
G1 X115.033 Y94.105 E.02676
G1 X115.728 Y94.341 E.02185
G1 X116.433 Y94.618 E.02258
G1 X117.444 Y95.081 E.0331
G1 X118.087 Y95.42 E.02167
G1 X118.624 Y95.733 E.0185
G1 X119.39 Y96.222 E.02708
G1 X120.269 Y96.865 E.03244
G1 X120.722 Y97.235 E.01743
G1 X121.412 Y97.844 E.02742
G1 X121.929 Y98.352 E.02158
G1 X122.354 Y98.806 E.01851
G1 X122.945 Y99.491 E.02696
G1 X123.605 Y100.362 E.03256
G1 X124.27 Y101.384 E.03632
G1 X124.769 Y102.263 E.0301
G1 X125.108 Y102.946 E.02272
G1 X125.397 Y103.602 E.02133
G1 X125.677 Y104.323 E.02306
G1 X125.916 Y105.031 E.02224
G1 X126.211 Y106.102 E.0331
G1 X126.371 Y106.838 E.02242
G1 X126.519 Y107.774 E.02824
G1 X126.621 Y108.684 E.02727
G1 X126.661 Y109.376 E.02065
G1 X126.673 Y110.173 E.02376
G1 X126.648 Y110.935 E.02269
G1 X126.552 Y112.004 E.03196
G1 X126.469 Y112.583 E.01743
G1 X126.301 Y113.503 E.02784
G1 X126.14 Y114.181 E.02077
G1 X125.923 Y114.945 E.02365
G1 X125.686 Y115.652 E.02221
G1 X125.429 Y116.32 E.02133
G1 X125.119 Y117.029 E.02306
G1 X124.885 Y117.506 E.01583
G1 X124.244 Y118.667 E.0395
G1 X123.838 Y119.301 E.02241
G1 X123.409 Y119.91 E.02221
G1 X122.952 Y120.5 E.02222
G1 X122.216 Y121.348 E.03346
G1 X121.7 Y121.879 E.02205
G1 X121.157 Y122.391 E.02222
G1 X120.307 Y123.106 E.0331
G1 X119.705 Y123.558 E.02241
G1 X119.089 Y123.978 E.02221
G1 X118.442 Y124.379 E.02269
G1 X117.479 Y124.902 E.03263
G1 X116.883 Y125.185 E.01966
G1 X115.97 Y125.562 E.02942
G1 X115.058 Y125.888 E.02884
G1 X113.842 Y126.221 E.03757
G1 X112.888 Y126.421 E.02903
G1 X112.238 Y126.521 E.01958
G1 X111.409 Y126.614 E.02484
G1 X110.665 Y126.66 E.02221
G1 X109.92 Y126.673 E.02221
G1 X109.174 Y126.653 E.02221
G1 X108.431 Y126.599 E.02222
G1 X107.328 Y126.458 E.0331
G1 X106.589 Y126.321 E.02241
G1 X105.862 Y126.152 E.02221
G1 X105.145 Y125.951 E.02221
G1 X104.436 Y125.718 E.02221
G1 X103.739 Y125.453 E.02221
G1 X103.054 Y125.158 E.02222
G1 X102.049 Y124.656 E.03346
G1 X101.407 Y124.288 E.02205
G1 X100.777 Y123.89 E.02221
G1 X100.165 Y123.464 E.02221
G1 X99.573 Y123.011 E.02222
G1 X98.584 Y122.148 E.03908
G1 X98.186 Y121.766 E.01643
G1 X97.429 Y120.953 E.0331
G1 X96.947 Y120.375 E.02241
G1 X96.487 Y119.768 E.02269
G1 X95.875 Y118.859 E.03262
G1 X95.555 Y118.324 E.01858
G1 X95.137 Y117.556 E.02603
G1 X94.814 Y116.884 E.02221
G1 X94.521 Y116.198 E.02221
G1 X94.143 Y115.153 E.0331
G1 X93.927 Y114.433 E.02241
G1 X93.775 Y113.831 E.0185
G1 X93.595 Y112.979 E.02592
G1 X93.478 Y112.243 E.02221
G1 X93.375 Y111.231 E.03028
G1 X93.343 Y110.647 E.01743
G1 X93.33 Y109.64 E.03
G1 X93.358 Y109.016 E.01861
G1 X93.449 Y108.033 E.02942
G1 X93.587 Y107.064 E.02914
G1 X93.857 Y105.842 E.03728
G1 X94.14 Y104.883 E.02979
G1 X94.512 Y103.826 E.03338
G1 X94.803 Y103.139 E.02221
G1 X95.123 Y102.472 E.02204
G1 X95.66 Y101.493 E.03327
G1 X95.823 Y101.232 E.00916
G1 X96.195 Y101.417 F24000
M204 P4000
;TYPE:Outer wall
;WIDTH:0.419999
G1 F12000
G1 X96.409 Y101.074 E.01116
G1 X96.822 Y100.475 E.02006
G1 X97.175 Y100.009 E.01613
G1 X97.547 Y99.551 E.01627
G1 X98.213 Y98.799 E.02773
G1 X98.727 Y98.282 E.02011
G1 X99.262 Y97.79 E.02006
G1 X99.819 Y97.322 E.02007
G1 X100.694 Y96.666 E.03017
G1 X101.297 Y96.265 E.01998
G1 X102.209 Y95.728 E.02921
G1 X102.883 Y95.38 E.02092
G1 X103.544 Y95.077 E.02007
G1 X104.218 Y94.803 E.02006
G1 X104.903 Y94.56 E.02006
G1 X105.598 Y94.347 E.02006
G1 X106.3 Y94.167 E.01998
G1 X107.37 Y93.954 E.03011
G1 X108.092 Y93.852 E.02012
G1 X108.816 Y93.783 E.02006
G1 X109.398 Y93.754 E.0161
G1 X110.269 Y93.742 E.02402
G1 X110.98 Y93.77 E.01963
G1 X111.72 Y93.831 E.02049
G1 X112.446 Y93.925 E.0202
G1 X113.511 Y94.124 E.0299
G1 X114.071 Y94.261 E.0159
G1 X114.917 Y94.501 E.02428
G1 X115.594 Y94.733 E.01973
G1 X116.282 Y95.003 E.0204
G1 X117.271 Y95.456 E.03002
G1 X117.894 Y95.785 E.01943
G1 X118.414 Y96.09 E.01663
G1 X119.157 Y96.563 E.0243
G1 X120.025 Y97.199 E.02969
G1 X120.46 Y97.555 E.01551
G1 X121.136 Y98.152 E.02489
G1 X121.639 Y98.647 E.01948
G1 X122.051 Y99.088 E.01663
G1 X122.623 Y99.751 E.02419
G1 X123.276 Y100.612 E.0298
G1 X123.917 Y101.6 E.0325
G1 X124.407 Y102.462 E.02737
G1 X124.737 Y103.129 E.02054
G1 X125.018 Y103.768 E.01925
G1 X125.292 Y104.473 E.02086
G1 X125.524 Y105.163 E.02008
G1 X125.813 Y106.214 E.0301
G1 X125.967 Y106.925 E.02005
G1 X126.111 Y107.838 E.02552
G1 X126.21 Y108.725 E.02462
G1 X126.248 Y109.399 E.01862
G1 X126.259 Y110.178 E.0215
G1 X126.235 Y110.91 E.0202
G1 X126.14 Y111.967 E.02928
G1 X126.06 Y112.523 E.01551
G1 X125.895 Y113.424 E.02528
G1 X125.738 Y114.085 E.01873
G1 X125.526 Y114.83 E.02139
G1 X125.294 Y115.52 E.02006
G1 X125.043 Y116.171 E.01925
G1 X124.74 Y116.864 E.02086
G1 X124.514 Y117.323 E.01414
G1 X123.884 Y118.464 E.03595
G1 X123.49 Y119.078 E.02012
G1 X123.071 Y119.672 E.02006
G1 X122.625 Y120.246 E.02007
G1 X121.909 Y121.071 E.03012
G1 X121.403 Y121.591 E.02002
G1 X120.874 Y122.089 E.02007
G1 X120.041 Y122.789 E.03002
G1 X119.457 Y123.227 E.02012
G1 X118.856 Y123.636 E.02006
G1 X118.234 Y124.021 E.0202
G1 X117.282 Y124.538 E.0299
G1 X116.706 Y124.811 E.01757
G1 X115.814 Y125.179 E.02661
G1 X114.924 Y125.496 E.02607
G1 X113.743 Y125.82 E.03379
G1 X112.807 Y126.016 E.02638
G1 X112.176 Y126.112 E.01762
G1 X111.366 Y126.203 E.0225
G1 X110.64 Y126.247 E.02006
G1 X109.913 Y126.26 E.02006
G1 X109.186 Y126.24 E.02006
G1 X108.461 Y126.187 E.02007
G1 X107.381 Y126.048 E.03003
G1 X106.665 Y125.914 E.02012
G1 X105.956 Y125.749 E.02006
G1 X105.256 Y125.553 E.02006
G1 X104.566 Y125.325 E.02006
G1 X103.886 Y125.067 E.02006
G1 X103.218 Y124.778 E.02007
G1 X102.242 Y124.29 E.03012
G1 X101.612 Y123.93 E.02002
G1 X100.998 Y123.541 E.02006
G1 X100.402 Y123.125 E.02006
G1 X99.824 Y122.682 E.02007
G1 X98.87 Y121.85 E.03493
G1 X98.473 Y121.468 E.01522
G1 X97.732 Y120.671 E.03002
G1 X97.266 Y120.11 E.02012
G1 X96.823 Y119.527 E.0202
G1 X96.218 Y118.628 E.0299
G1 X95.911 Y118.112 E.01657
G1 X95.502 Y117.361 E.0236
G1 X95.187 Y116.705 E.02006
G1 X94.902 Y116.036 E.02007
G1 X94.532 Y115.013 E.03003
G1 X94.323 Y114.314 E.02012
G1 X94.176 Y113.73 E.01662
G1 X94 Y112.897 E.0235
G1 X93.887 Y112.178 E.02007
G1 X93.787 Y111.19 E.02741
G1 X93.756 Y110.629 E.01551
G1 X93.744 Y109.64 E.02728
G1 X93.771 Y109.034 E.01673
G1 X93.861 Y108.074 E.02661
G1 X93.996 Y107.129 E.02635
G1 X94.258 Y105.943 E.03351
G1 X94.535 Y105.006 E.02696
G1 X94.899 Y103.97 E.03028
G1 X95.184 Y103.301 E.02006
G1 X95.496 Y102.651 E.01991
G1 X96.023 Y101.692 E.03018
G1 X96.174 Y101.451 E.00785
G1 E-1 F2400
;WIPE_START
G1 F12000
G1 X96.409 Y101.074
G1 X96.822 Y100.475
G1 X97.175 Y100.009
G1 X97.328 Y99.82
;WIPE_END
G1 Z7 F24000
G1 X93.765 Y114.292 Z7
G1 Z6.8
G1 E1 F2700
M204 P5000
;TYPE:Internal solid infill
;WIDTH:0.45814
G1 F14778.584
G1 X90.83 Y117.227 E.1261
G1 X90.677 Y116.793 E.01398
G1 X93.497 Y113.974 E.12114
G1 X93.389 Y113.494 E.01493
G1 X90.524 Y116.359 E.12309
G1 X90.384 Y115.911 E.01425
G1 X93.29 Y113.006 E.12483
G1 X93.21 Y112.499 E.01561
G1 X90.25 Y115.459 E.12718
G1 X90.13 Y114.992 E.01465
G1 X93.144 Y111.978 E.1295
G1 X93.09 Y111.444 E.0163
G1 X90.018 Y114.516 E.13199
G1 X89.918 Y114.029 E.0151
G1 X93.048 Y110.899 E.13452
G1 X93.026 Y110.334 E.01717
G1 X89.818 Y113.542 E.13784
G1 X89.74 Y113.033 E.01565
M73 P87 R0
G1 X93.025 Y109.747 E.14117
G1 X93.047 Y109.138 E.01853
G1 X89.674 Y112.511 E.14494
G1 X89.618 Y111.98 E.01623
G1 X93.095 Y108.503 E.1494
G1 X93.162 Y107.849 E.01996
G1 X89.573 Y111.438 E.15421
G1 X89.548 Y110.876 E.01711
G1 X93.264 Y107.16 E.15965
G1 X93.403 Y106.433 E.02249
G1 X89.537 Y110.299 E.16612
G1 X89.534 Y109.999 E.00911
G1 X89.54 Y109.71 E.0088
G1 X93.588 Y105.661 E.17395
G1 X93.839 Y104.824 E.02657
G1 X89.561 Y109.101 E.18381
G1 X89.575 Y108.817 E.00864
G1 X89.606 Y108.469 E.01062
G1 X94.149 Y103.926 E.19519
G1 X94.571 Y102.917 E.03326
G1 X89.671 Y107.817 E.21056
G1 X89.76 Y107.141 E.02072
G1 X95.696 Y101.205 E.25507
G1 E-1 F2400
;WIPE_START
G1 F12000
G1 X94.282 Y102.619
;WIPE_END
G1 Z7 F24000
G1 X117.367 Y90.69 Z7
G1 Z6.8
G1 E1 F2700
G1 F14778.584
G1 X114.443 Y93.614 E.12563
G1 X113.973 Y93.497 E.01472
G1 X116.798 Y90.673 E.12136
G1 X116.36 Y90.523 E.01405
G1 X113.494 Y93.389 E.12316
G1 X112.999 Y93.297 E.0153
G1 X115.909 Y90.387 E.12502
G1 X115.453 Y90.256 E.01441
G1 X112.501 Y93.208 E.12686
G1 X111.981 Y93.141 E.01593
G1 X114.993 Y90.129 E.12942
G1 X114.518 Y90.016 E.01482
G1 X111.447 Y93.087 E.13194
G1 X110.899 Y93.048 E.0167
G1 X114.031 Y89.916 E.13456
G1 X113.536 Y89.824 E.0153
G1 X110.335 Y93.025 E.13754
G1 X109.746 Y93.027 E.01788
G1 X113.035 Y89.738 E.1413
G1 X112.513 Y89.672 E.01598
G1 X109.138 Y93.048 E.14502
G1 X108.507 Y93.091 E.0192
G1 X111.979 Y89.62 E.14915
G1 X111.435 Y89.576 E.01657
G1 X107.85 Y93.161 E.15401
G1 X107.161 Y93.263 E.02118
G1 X110.879 Y89.545 E.15974
G1 X110.301 Y89.536 E.01756
G1 X106.428 Y93.408 E.16638
G1 X105.66 Y93.589 E.02398
G1 X109.709 Y89.541 E.17395
G1 X109.099 Y89.563 E.01852
G1 X104.833 Y93.83 E.18333
G1 X103.932 Y94.143 E.02899
G1 X108.471 Y89.604 E.19506
G1 X107.818 Y89.67 E.01995
G1 X102.911 Y94.576 E.21084
G1 X102.563 Y94.737 E.01164
G1 X101.716 Y95.185 E.02913
G1 X107.142 Y89.758 E.23318
G1 X106.441 Y89.872 E.02158
G1 X100.1 Y96.214 E.27249
G1 X99.383 Y96.75 E.02721
G1 X98.798 Y97.241 E.02318
G1 X98.237 Y97.756 E.02316
G1 X97.704 Y98.291 E.02293
G1 X97.191 Y98.855 E.02316
G1 X96.704 Y99.441 E.02316
G1 X96.195 Y100.118 E.02574
G1 X89.812 Y106.502 E.27429
G1 X89.951 Y105.775 E.02249
G1 X105.704 Y90.022 E.67684
G1 X104.919 Y90.22 E.02459
G1 X90.128 Y105.011 E.63553
G1 X90.358 Y104.194 E.02579
G1 X104.203 Y90.349 E.5949
G1 X103.332 Y90.632 E.02782
G1 X90.626 Y103.338 E.54595
G1 X90.982 Y102.395 E.03062
G1 X102.407 Y90.971 E.49089
G1 X101.368 Y91.422 E.0344
G1 X91.429 Y101.361 E.42706
G1 X91.691 Y100.8 E.01882
G1 X92.011 Y100.192 E.02087
G1 X100.179 Y92.024 E.35098
G1 X99.408 Y92.459 E.02689
G1 X98.724 Y92.891 E.02459
G1 X92.915 Y98.701 E.24964
G1 X93.102 Y98.41 E.01051
G1 X93.807 Y97.444 E.03635
G1 X94.3 Y96.832 E.02387
G1 X95.099 Y95.935 E.03649
G1 X97.465 Y93.563 E.1018
G1 E-1 F2400
;WIPE_START
G1 F12000
G1 X96.052 Y94.979
;WIPE_END
G1 Z7 F24000
M73 P88 R0
G1 X93.017 Y117.904 Z7
G1 Z6.8
G1 E1 F2700
;WIDTH:0.501892
G1 F13369.806
G1 X93.253 Y118.396 E.01833
G1 X93.68 Y119.195 E.03043
G1 X94.133 Y119.962 E.02989
G1 X94.767 Y120.904 E.03815
G1 X95.186 Y121.465 E.02353
G1 X95.845 Y122.271 E.03494
G1 X96.367 Y122.844 E.02605
G1 X97.154 Y123.635 E.03747
G1 X98.218 Y124.56 E.04736
G1 X98.891 Y125.081 E.02858
G1 X99.405 Y125.448 E.0212
G1 X100.297 Y126.025 E.03568
G1 X100.949 Y126.402 E.02531
G1 X101.582 Y126.732 E.02397
G1 X102.588 Y127.204 E.03731
G1 X97.96 Y123.772 F24000
;WIDTH:0.449999
G1 F15074.133
G1 X97.576 Y123.439 E.01514
G1 X97.046 Y122.929 E.02191
G1 X96.229 Y122.054 E.03567
G1 X95.693 Y121.413 E.02487
G1 X95.172 Y120.729 E.02563
G1 X94.519 Y119.76 E.03481
G1 X94.156 Y119.156 E.02099
G1 X93.703 Y118.327 E.02815
G1 X93.158 Y117.15 E.03861
G1 X92.499 Y117.809 E.02775
G1 X92.862 Y118.583 E.02546
G1 X93.301 Y119.4 E.02762
G1 X93.769 Y120.196 E.02752
G1 X94.407 Y121.146 E.03407
G1 X94.837 Y121.725 E.02149
G1 X95.511 Y122.545 E.03162
G1 X96.043 Y123.138 E.02373
G1 X96.854 Y123.949 E.03418
G1 X97.389 Y124.434 E.02149
G1 X98.258 Y125.15 E.03354
G1 X99.159 Y125.807 E.03321
G1 X100.106 Y126.416 E.03354
G1 X100.74 Y126.782 E.02181
G1 X101.388 Y127.124 E.02182
G1 X102.408 Y127.6 E.03353
G1 X102.73 Y127.728 E.01032
G1 X103.394 Y127.064 E.02795
G1 X102.316 Y126.61 E.03484
G1 X101.317 Y126.11 E.03327
G1 X100.583 Y125.693 E.02515
G1 X99.901 Y125.263 E.02403
G1 X99.204 Y124.778 E.02527
G1 X98.789 Y124.461 E.01556
G1 X97.991 Y123.797 E.03092
G1 X101.96 Y125.977 F24000
G1 F15074.133
G1 X101.499 Y125.746 E.01535
G1 X100.785 Y125.339 E.02448
G1 X100.118 Y124.919 E.02348
G1 X99.437 Y124.444 E.02472
G1 X99.037 Y124.138 E.01502
G1 X98.226 Y123.463 E.03143
G1 X97.737 Y123.029 E.01948
G1 X97.329 Y122.635 E.0169
G1 X96.527 Y121.776 E.035
G1 X96.006 Y121.153 E.0242
G1 X95.503 Y120.491 E.02476
G1 X94.856 Y119.532 E.03445
G1 X94.506 Y118.947 E.02032
G1 X94.061 Y118.134 E.02761
G1 X93.774 Y117.54 E.01965
G1 X93.305 Y116.428 E.03595
G1 X92.018 Y117.715 E.0542
G1 X92.503 Y118.777 E.03479
G1 X93.052 Y119.795 E.03445
G1 X93.435 Y120.43 E.02208
G1 X94.08 Y121.39 E.03445
G1 X94.523 Y121.984 E.02208
G1 X95.258 Y122.878 E.03445
G1 X95.756 Y123.426 E.02208
G1 X96.574 Y124.244 E.03445
G1 X97.122 Y124.742 E.02208
G1 X98.009 Y125.471 E.03418
G1 X98.929 Y126.143 E.03392
G1 X99.894 Y126.764 E.03419
G1 X100.543 Y127.139 E.02234
G1 X101.207 Y127.489 E.02235
G1 X102.247 Y127.974 E.03418
G1 X102.829 Y128.205 E.01865
G1 X104.131 Y126.902 E.05486
G1 X103.294 Y126.591 E.02661
G1 X102.55 Y126.27 E.02415
G1 X101.996 Y125.995 E.01841
G1 X102.142 Y125.613 F24000
G1 F15074.133
G1 X101.681 Y125.382 E.01535
G1 X100.987 Y124.986 E.0238
G1 X100.336 Y124.575 E.02294
G1 X99.671 Y124.111 E.02417
G1 X99.056 Y123.64 E.02306
G1 X98.02 Y122.735 E.04097
G1 X97.611 Y122.342 E.0169
G1 X96.825 Y121.499 E.03433
G1 X96.319 Y120.892 E.02353
G1 X95.834 Y120.254 E.02389
G1 X95.194 Y119.305 E.0341
G1 X94.855 Y118.739 E.01964
G1 X94.42 Y117.941 E.02707
G1 X94.141 Y117.363 E.01911
G1 X93.756 Y116.476 E.02881
G1 X93.47 Y115.687 E.025
G1 X91.537 Y117.62 E.08143
G1 X91.812 Y118.275 E.02116
G1 X92.14 Y118.962 E.02267
G1 X92.699 Y119.997 E.03504
G1 X93.092 Y120.649 E.02267
G1 X93.748 Y121.625 E.03504
G1 X94.202 Y122.235 E.02267
G1 X94.949 Y123.144 E.03504
G1 X95.461 Y123.707 E.02267
G1 X96.293 Y124.539 E.03504
G1 X96.856 Y125.051 E.02267
G1 X97.759 Y125.793 E.03483
G1 X98.698 Y126.478 E.03462
G1 X99.681 Y127.111 E.03483
G1 X100.346 Y127.495 E.02287
G1 X101.026 Y127.853 E.02288
G1 X102.086 Y128.347 E.03483
G1 X102.927 Y128.682 E.02698
G1 X104.886 Y126.723 E.08252
G1 X104.148 Y126.479 E.02316
G1 X103.439 Y126.21 E.02259
G1 X102.711 Y125.896 E.02361
G1 X102.178 Y125.63 E.01774
G1 X102.324 Y125.249 F24000
G1 F15074.133
G1 X101.863 Y125.018 E.01535
G1 X101.189 Y124.633 E.02313
G1 X100.554 Y124.231 E.02239
G1 X99.904 Y123.777 E.02362
G1 X99.304 Y123.317 E.02252
G1 X98.302 Y122.442 E.03962
G1 X97.893 Y122.049 E.0169
G1 X97.123 Y121.222 E.03366
G1 X96.632 Y120.632 E.02285
G1 X96.165 Y120.017 E.02301
G1 X95.531 Y119.077 E.03375
G1 X95.205 Y118.53 E.01897
G1 X94.778 Y117.749 E.02653
G1 X94.508 Y117.187 E.01857
G1 X94.129 Y116.312 E.0284
G1 X93.758 Y115.286 E.03249
G1 X93.651 Y114.93 E.01108
G1 X91.056 Y117.526 E.10933
G1 X91.441 Y118.442 E.0296
G1 X91.777 Y119.146 E.02326
G1 X92.345 Y120.199 E.03563
G1 X92.748 Y120.867 E.02326
G1 X93.415 Y121.86 E.03562
G1 X93.882 Y122.486 E.02326
G1 X94.641 Y123.41 E.03562
G1 X95.166 Y123.988 E.02326
G1 X96.012 Y124.834 E.03563
G1 X96.59 Y125.359 E.02326
G1 X97.51 Y126.115 E.03548
G1 X98.468 Y126.814 E.03533
G1 X99.469 Y127.459 E.03548
G1 X100.15 Y127.852 E.0234
G1 X100.845 Y128.218 E.02341
G1 X101.924 Y128.721 E.03547
G1 X103.026 Y129.159 E.03531
G1 X105.665 Y126.52 E.11118
G1 X105.029 Y126.341 E.01969
G1 X104.276 Y126.093 E.02363
G1 X103.584 Y125.83 E.02205
G1 X102.873 Y125.522 E.02307
G1 X102.36 Y125.266 E.01706
G1 E-1 F2400
;WIPE_START
G1 F12000
G1 X102.873 Y125.522
G1 X103.584 Y125.83
G1 X104.194 Y126.061
;WIPE_END
G1 Z7 F24000
G1 X121.971 Y126.693 Z7
G1 Z6.8
G1 E1 F2700
;WIDTH:0.390764
G1 F17641.156
G1 X123.436 Y125.388 E.04993
G1 X124.002 Y124.849 E.01992
G1 X125.395 Y123.429 E.05062
G1 X126.192 Y122.55 E.0302
G1 X126.632 Y122.036 E.01721
G1 X127.732 Y120.628 F24000
;WIDTH:0.452907
G1 F14967.215
G1 X121.228 Y127.132 E.27593
G1 X120.922 Y127.337 E.01106
G1 X120.249 Y127.743 E.02357
G1 X119.788 Y127.992 E.01572
G1 X128.008 Y119.772 E.34875
G1 X128.309 Y119.2 E.01938
G1 X128.58 Y118.621 E.01918
G1 X118.607 Y128.593 E.42308
G1 X117.595 Y129.025 E.03301
G1 X129.02 Y117.601 E.48468
G1 X129.371 Y116.67 E.02987
G1 X116.677 Y129.364 E.53857
G1 X115.817 Y129.644 E.02712
G1 X129.637 Y115.824 E.58634
G1 X129.866 Y115.015 E.02521
G1 X115.018 Y129.863 E.62996
G1 X114.269 Y130.033 E.02304
G1 X129.966 Y114.335 E.66599
G1 X130.114 Y113.608 E.02227
G1 X123.71 Y120.011 E.27169
G1 X123.177 Y120.707 E.02628
G1 X122.441 Y121.554 E.03367
G1 X121.91 Y122.101 E.0229
G1 X121.354 Y122.624 E.02289
G1 X120.495 Y123.347 E.03367
G1 X120.014 Y123.708 E.01804
G1 X113.539 Y130.183 E.27471
G1 X113.462 Y130.195 E.00232
G1 X113.425 Y130.157 E.00159
G1 X112.903 Y130.239 E.01584
G1 X118.386 Y124.756 E.23262
G1 X117.603 Y125.182 E.02674
G1 X117.18 Y125.381 E.01401
G1 X112.238 Y130.323 E.20966
G1 X111.59 Y130.392 E.01957
G1 X116.174 Y125.808 E.19449
G1 X115.262 Y126.14 E.02912
G1 X110.964 Y130.438 E.18233
G1 X110.365 Y130.457 E.01798
G1 X114.433 Y126.389 E.1726
G1 X113.665 Y126.578 E.02375
G1 X109.778 Y130.465 E.16491
G1 X109.207 Y130.456 E.01714
G1 X112.941 Y126.722 E.15843
G1 X112.256 Y126.827 E.02078
G1 X108.652 Y130.431 E.1529
M73 P89 R0
G1 X108.115 Y130.388 E.01617
G1 X111.603 Y126.9 E.148
G1 X110.977 Y126.946 E.01884
G1 X107.583 Y130.341 E.144
G1 X107.072 Y130.272 E.01547
G1 X110.373 Y126.971 E.14005
G1 X109.789 Y126.975 E.01752
G1 X106.566 Y130.198 E.13673
G1 X106.076 Y130.108 E.01494
G1 X109.225 Y126.959 E.13359
G1 X108.681 Y126.924 E.01637
G1 X105.594 Y130.01 E.13096
G1 X105.125 Y129.899 E.01445
G1 X108.153 Y126.872 E.12845
G1 X107.639 Y126.806 E.01554
G1 X104.666 Y129.779 E.12614
G1 X104.216 Y129.649 E.01405
G1 X107.132 Y126.732 E.12373
G1 X106.644 Y126.641 E.01492
G1 X103.766 Y129.519 E.12208
G1 X103.333 Y129.372 E.01372
G1 X106.321 Y126.384 E.12677
G1 E-1 F2400
;WIPE_START
G1 F12000
G1 X104.907 Y127.798
;WIPE_END
G1 Z7 F24000
G1 X124.237 Y118.904 Z7
G1 Z6.8
G1 E1 F2700
G1 F14967.215
G1 X130.234 Y112.908 E.2544
G1 X130.325 Y112.237 E.02032
G1 X125.389 Y117.173 E.20944
G1 X125.815 Y116.167 E.0328
G1 X130.389 Y111.593 E.19404
G1 X130.435 Y110.967 E.01883
G1 X126.138 Y115.264 E.18231
G1 X126.386 Y114.436 E.02594
G1 X130.462 Y110.361 E.1729
G1 X130.463 Y109.779 E.01745
G1 X126.577 Y113.666 E.16489
G1 X126.719 Y112.944 E.02208
G1 X130.458 Y109.205 E.15861
G1 X130.432 Y108.651 E.01666
G1 X126.824 Y112.259 E.15309
G1 X126.893 Y111.61 E.01958
G1 X130.39 Y108.113 E.14835
G1 X130.336 Y107.587 E.01586
G1 X126.95 Y110.973 E.14365
G1 X126.971 Y110.372 E.01803
G1 X130.276 Y107.068 E.14019
G1 X130.199 Y106.565 E.01527
G1 X126.974 Y109.79 E.13684
G1 X126.958 Y109.226 E.01692
G1 X130.105 Y106.079 E.13352
G1 X130.005 Y105.599 E.01472
G1 X126.927 Y108.677 E.1306
G1 X126.873 Y108.151 E.01587
G1 X129.9 Y105.124 E.1284
G1 X129.781 Y104.663 E.01428
G1 X126.807 Y107.638 E.12618
G1 X126.728 Y107.137 E.01521
G1 X129.65 Y104.215 E.12398
G1 X129.513 Y103.772 E.0139
G1 X126.64 Y106.644 E.12187
G1 X126.538 Y106.167 E.01465
G1 X129.517 Y103.188 E.12639
G1 X127.063 Y103.395 F24000
;WIDTH:0.449999
G1 F15074.133
G1 X127.727 Y102.731 E.02798
G1 X127.449 Y102.069 E.02139
G1 X126.958 Y101.067 E.03321
G1 X126.405 Y100.087 E.03354
G1 X126.014 Y99.467 E.02182
G1 X125.6 Y98.863 E.02182
G1 X124.919 Y97.967 E.03354
G1 X124.187 Y97.111 E.03354
G1 X123.684 Y96.578 E.02182
G1 X123.161 Y96.066 E.02182
G1 X122.312 Y95.31 E.03386
G1 X121.751 Y94.857 E.02149
G1 X120.841 Y94.193 E.03354
G1 X119.894 Y93.584 E.03354
G1 X119.26 Y93.218 E.02181
G1 X118.612 Y92.876 E.02182
G1 X117.808 Y92.501 E.02644
G1 X117.153 Y93.155 E.02757
G1 X118.135 Y93.606 E.03218
G1 X118.848 Y93.981 E.024
G1 X119.448 Y94.329 E.02065
G1 X120.323 Y94.886 E.03089
G1 X121.231 Y95.551 E.03352
G1 X121.756 Y95.978 E.02015
G1 X122.524 Y96.655 E.03052
G1 X123.071 Y97.191 E.02279
G1 X123.545 Y97.697 E.02067
G1 X124.222 Y98.48 E.03081
G1 X124.903 Y99.379 E.0336
G1 X125.291 Y99.949 E.02054
G1 X125.66 Y100.536 E.02065
G1 X126.195 Y101.478 E.03226
G1 X126.583 Y102.259 E.02598
G1 X127.048 Y103.358 E.03555
G1 X117.209 Y94.525 F24000
G1 F15074.133
G1 X118.278 Y95.061 E.03562
G1 X118.828 Y95.382 E.01897
G1 X119.633 Y95.895 E.02841
G1 X120.51 Y96.536 E.03237
G1 X120.981 Y96.922 E.01815
G1 X121.707 Y97.563 E.02884
G1 X122.214 Y98.061 E.02117
G1 X122.65 Y98.528 E.01904
G1 X123.272 Y99.248 E.02833
G1 X123.93 Y100.116 E.03245
G1 X124.279 Y100.632 E.01855
G1 X124.617 Y101.172 E.01897
G1 X125.124 Y102.066 E.03062
G1 X125.488 Y102.798 E.02435
G1 X125.706 Y103.295 E.01618
G1 X126.069 Y104.21 E.02932
G1 X126.307 Y104.919 E.02227
G1 X126.514 Y105.671 E.02323
G1 X129.156 Y103.029 E.1113
G1 X128.54 Y101.52 E.04855
G1 X128.039 Y100.498 E.0339
G1 X127.454 Y99.461 E.03548
G1 X127.035 Y98.796 E.02341
G1 X126.591 Y98.148 E.0234
G1 X125.87 Y97.2 E.03548
G1 X125.096 Y96.295 E.03548
G1 X124.556 Y95.723 E.0234
G1 X123.995 Y95.173 E.02341
G1 X123.102 Y94.378 E.03562
G1 X122.494 Y93.888 E.02326
G1 X121.532 Y93.186 E.03548
G1 X120.531 Y92.541 E.03548
G1 X119.85 Y92.148 E.0234
G1 X119.155 Y91.782 E.02341
G1 X118.076 Y91.279 E.03547
G1 X117.523 Y91.059 E.01773
G1 X114.931 Y93.65 E.10917
G1 X115.904 Y93.972 E.03052
G1 X116.623 Y94.256 E.02303
G1 X117.173 Y94.508 E.01801
G1 X117.379 Y94.155 F24000
G1 F15074.133
G1 X117.837 Y94.368 E.01504
G1 X118.515 Y94.726 E.02284
G1 X119.035 Y95.031 E.01796
G1 X119.863 Y95.559 E.02924
G1 X120.75 Y96.208 E.03275
G1 X121.239 Y96.607 E.01882
G1 X121.979 Y97.26 E.0294
G1 X122.499 Y97.771 E.02171
G1 X122.949 Y98.251 E.01958
G1 X123.589 Y98.992 E.02916
G1 X124.254 Y99.871 E.03283
G1 X124.965 Y100.96 E.03874
G1 X125.481 Y101.87 E.03117
G1 X125.853 Y102.618 E.02489
G1 X126.079 Y103.131 E.01671
G1 X126.449 Y104.063 E.02986
G1 X126.721 Y104.888 E.02588
G1 X128.685 Y102.924 E.08272
G1 X128.123 Y101.593 E.04305
G1 X127.679 Y100.688 E.03003
G1 X127.104 Y99.669 E.03483
G1 X126.695 Y99.02 E.02288
G1 X126.26 Y98.386 E.02288
G1 X125.553 Y97.455 E.03483
G1 X124.793 Y96.567 E.03483
G1 X124.266 Y96.008 E.02287
G1 X123.717 Y95.47 E.02288
G1 X122.839 Y94.689 E.03504
G1 X122.246 Y94.211 E.02267
G1 X121.302 Y93.522 E.03483
G1 X120.319 Y92.889 E.03483
G1 X119.654 Y92.505 E.02287
G1 X118.974 Y92.147 E.02288
G1 X117.914 Y91.653 E.03483
G1 X117.621 Y91.536 E.0094
G1 X115.689 Y93.468 E.08141
G1 X116.773 Y93.878 E.03451
G1 X117.343 Y94.138 E.01867
G1 X117.549 Y93.785 F24000
G1 F15074.133
G1 X118.008 Y93.998 E.01507
G1 X118.705 Y94.366 E.02348
G1 X119.241 Y94.68 E.01851
G1 X120.093 Y95.222 E.03007
G1 X120.99 Y95.879 E.03313
G1 X121.497 Y96.293 E.01948
G1 X122.252 Y96.958 E.02996
G1 X122.785 Y97.481 E.02225
G1 X123.247 Y97.974 E.02013
G1 X123.905 Y98.736 E.02999
G1 X124.579 Y99.625 E.03321
G1 X125.313 Y100.748 E.03997
G1 X125.838 Y101.674 E.03171
G1 X126.218 Y102.438 E.02543
G1 X126.452 Y102.968 E.01723
G1 X126.902 Y104.132 E.03718
G1 X128.209 Y102.825 E.05504
G1 X127.82 Y101.9 E.02989
G1 X127.319 Y100.877 E.03392
G1 X126.755 Y99.878 E.03418
G1 X126.355 Y99.243 E.02235
G1 X125.93 Y98.625 E.02235
G1 X125.236 Y97.711 E.03418
G1 X124.49 Y96.839 E.03418
G1 X123.975 Y96.293 E.02234
G1 X123.439 Y95.768 E.02235
G1 X122.576 Y94.999 E.03445
G1 X121.999 Y94.534 E.02208
G1 X121.071 Y93.857 E.03418
G1 X120.106 Y93.236 E.03419
G1 X119.457 Y92.861 E.02234
G1 X118.793 Y92.511 E.02235
G1 X117.753 Y92.026 E.03418
G1 X117.695 Y92.038 E.00175
G1 X116.429 Y93.304 E.05335
G1 X116.922 Y93.499 E.0158
G1 X117.512 Y93.768 E.01933
M73 P90 R0
G1 X117.899 Y93.022 F24000
;WIDTH:0.502904
G1 F13340.387
G1 X118.4 Y93.255 E.0186
G1 X119.051 Y93.597 E.02475
G1 X119.668 Y93.955 E.02401
G1 X120.581 Y94.539 E.03648
G1 X121.487 Y95.201 E.03776
G1 X122.031 Y95.642 E.02358
G1 X122.813 Y96.334 E.03516
G1 X123.375 Y96.882 E.02641
G1 X123.864 Y97.402 E.02401
G1 X124.57 Y98.222 E.03643
G1 X125.249 Y99.117 E.03781
G1 X125.651 Y99.706 E.02401
G1 X126.031 Y100.31 E.02401
G1 X126.575 Y101.269 E.03712
G1 X126.97 Y102.069 E.03
G1 X127.202 Y102.594 E.01935
; stop printing object Генератор.stl id:0 copy 0
;LAYER_CHANGE
;Z:7
;HEIGHT:0.2
;BEFORE_LAYER_CHANGE
;7
G92 E0

G1 E-1 F2400
;WIPE_START
G1 F12000
G1 X126.97 Y102.069
G1 X126.575 Y101.269
G1 X126.312 Y100.805
;WIPE_END
M486 S-1
;_SET_FAN_SPEED_CHANGING_LAYER
; printing object Генератор.stl id:0 copy 0
M486 S0
G1 Z7.2 F24000
G1 X130.736 Y109.741 Z7.2
G1 Z7
G1 E1 F2700
;TYPE:Inner wall
;WIDTH:0.449999
G1 F15074.133
G1 X130.742 Y110.405 E.01978
G1 X130.711 Y111.203 E.02379
G1 X130.606 Y112.409 E.03604
G1 X130.431 Y113.606 E.03604
G1 X130.276 Y114.392 E.02388
G1 X130.091 Y115.172 E.02388
G1 X129.756 Y116.334 E.03604
G1 X129.353 Y117.475 E.03603
G1 X129.051 Y118.214 E.02379
G1 X128.538 Y119.314 E.03612
G1 X128.165 Y120.023 E.02388
G1 X127.764 Y120.717 E.02387
G1 X127.109 Y121.734 E.03604
G1 X126.396 Y122.712 E.03604
G1 X125.895 Y123.333 E.02379
G1 X125.09 Y124.237 E.03604
G1 X124.271 Y125.058 E.03454
G1 X123.643 Y125.629 E.02529
G1 X122.709 Y126.398 E.03602
G1 X121.732 Y127.111 E.03604
G1 X121.062 Y127.551 E.02388
G1 X120.376 Y127.965 E.02388
G1 X119.308 Y128.541 E.03612
G1 X118.588 Y128.885 E.02379
G1 X117.472 Y129.354 E.03604
G1 X116.379 Y129.741 E.03454
G1 X115.563 Y129.987 E.02538
G1 X114.787 Y130.186 E.02386
G1 X113.6 Y130.432 E.03613
G1 X112.811 Y130.555 E.02379
G1 X111.605 Y130.684 E.03613
G1 X110.807 Y130.731 E.02379
G1 X109.595 Y130.742 E.03612
G1 X108.797 Y130.711 E.02379
G1 X107.591 Y130.606 E.03604
G1 X106.394 Y130.431 E.03604
G1 X105.608 Y130.276 E.02388
G1 X104.828 Y130.091 E.02388
G1 X103.666 Y129.756 E.03604
G1 X102.525 Y129.353 E.03603
G1 X101.786 Y129.051 E.02379
G1 X100.686 Y128.538 E.03612
G1 X99.977 Y128.165 E.02388
G1 X99.283 Y127.764 E.02387
G1 X98.266 Y127.109 E.03604
G1 X97.288 Y126.396 E.03604
G1 X96.667 Y125.895 E.02379
G1 X95.763 Y125.09 E.03604
G1 X94.942 Y124.271 E.03454
G1 X94.371 Y123.643 E.02529
G1 X93.602 Y122.709 E.03602
G1 X92.889 Y121.732 E.03604
G1 X92.449 Y121.062 E.02388
G1 X92.035 Y120.376 E.02388
G1 X91.459 Y119.308 E.03612
G1 X91.115 Y118.588 E.02379
G1 X90.646 Y117.472 E.03604
G1 X90.259 Y116.379 E.03454
G1 X90.013 Y115.563 E.02538
G1 X89.814 Y114.787 E.02386
G1 X89.568 Y113.6 E.03613
G1 X89.445 Y112.811 E.02379
G1 X89.316 Y111.605 E.03613
G1 X89.269 Y110.807 E.02379
G1 X89.258 Y109.595 E.03612
G1 X89.289 Y108.797 E.02379
G1 X89.394 Y107.591 E.03604
G1 X89.569 Y106.394 E.03604
G1 X89.724 Y105.608 E.02388
G1 X89.909 Y104.828 E.02388
G1 X90.244 Y103.666 E.03604
G1 X90.647 Y102.525 E.03603
G1 X90.949 Y101.786 E.02379
G1 X91.462 Y100.686 E.03612
G1 X91.835 Y99.977 E.02388
G1 X92.236 Y99.283 E.02387
G1 X92.891 Y98.266 E.03604
G1 X93.604 Y97.288 E.03604
G1 X94.106 Y96.667 E.02379
G1 X94.878 Y95.798 E.03463
G1 X95.473 Y95.188 E.02538
G1 X96.056 Y94.638 E.02386
G1 X96.975 Y93.852 E.03604
G1 X97.939 Y93.12 E.03603
G1 X98.597 Y92.668 E.0238
G1 X99.586 Y92.057 E.03463
G1 X100.329 Y91.646 E.02529
G1 X101.418 Y91.112 E.03611
G1 X102.154 Y90.795 E.02388
G1 X102.901 Y90.506 E.02387
G1 X104.05 Y90.125 E.03603
G1 X105.218 Y89.812 E.03604
G1 X105.999 Y89.643 E.0238
G1 X107.146 Y89.451 E.03463
G1 X107.989 Y89.351 E.02529
G1 X109.196 Y89.269 E.03603
G1 X110.355 Y89.257 E.03454
G1 X111.204 Y89.289 E.02529
G1 X112.411 Y89.394 E.03611
G1 X113.203 Y89.502 E.02379
G1 X114.395 Y89.725 E.03613
G1 X115.172 Y89.909 E.02379
G1 X116.334 Y90.244 E.03604
G1 X117.475 Y90.647 E.03603
G1 X118.214 Y90.949 E.02379
G1 X119.314 Y91.462 E.03612
G1 X120.023 Y91.835 E.02388
G1 X120.717 Y92.236 E.02387
G1 X121.734 Y92.891 E.03604
G1 X122.712 Y93.604 E.03604
G1 X123.333 Y94.106 E.02379
G1 X124.202 Y94.878 E.03463
G1 X124.812 Y95.473 E.02538
G1 X125.362 Y96.056 E.02386
G1 X126.148 Y96.975 E.03604
G1 X126.88 Y97.939 E.03603
G1 X127.332 Y98.597 E.0238
G1 X127.966 Y99.629 E.03607
G1 X128.441 Y100.505 E.02968
G1 X128.907 Y101.463 E.03174
G1 X129.22 Y102.191 E.02358
G1 X129.547 Y103.06 E.02767
G1 X129.89 Y104.107 E.03282
G1 X130.203 Y105.293 E.03653
G1 X130.439 Y106.449 E.03516
G1 X130.593 Y107.547 E.03301
G1 X130.689 Y108.477 E.02787
G1 X130.731 Y109.242 E.02281
G1 X130.736 Y109.701 E.01368
G1 X131.149 Y109.737 F24000
M204 P4000
;TYPE:Outer wall
;WIDTH:0.419999
G1 F12000
G1 X131.156 Y110.411 E.0186
G1 X131.124 Y111.229 E.02259
G1 X131.017 Y112.457 E.03399
G1 X130.838 Y113.675 E.03399
G1 X130.68 Y114.48 E.02262
G1 X130.491 Y115.277 E.02261
G1 X130.149 Y116.461 E.03399
G1 X129.739 Y117.622 E.03399
G1 X129.43 Y118.38 E.02259
G1 X128.909 Y119.497 E.03402
G1 X128.527 Y120.223 E.02262
G1 X128.117 Y120.932 E.02261
G1 X127.45 Y121.968 E.03399
G1 X126.724 Y122.963 E.03399
G1 X126.21 Y123.601 E.02259
G1 X125.391 Y124.521 E.03399
G1 X124.557 Y125.357 E.03259
G1 X123.914 Y125.942 E.02399
G1 X122.963 Y126.725 E.03399
G1 X121.967 Y127.451 E.03399
G1 X121.283 Y127.901 E.02261
G1 X120.581 Y128.325 E.02262
G1 X119.496 Y128.91 E.03402
G1 X118.757 Y129.263 E.02259
G1 X117.621 Y129.74 E.03399
G1 X116.508 Y130.134 E.03259
G1 X115.674 Y130.385 E.02401
G1 X114.881 Y130.589 E.02261
G1 X113.673 Y130.839 E.03402
G1 X112.865 Y130.965 E.02259
G1 X111.639 Y131.096 E.03402
G1 X110.821 Y131.144 E.02259
G1 X109.589 Y131.156 E.03401
G1 X108.771 Y131.124 E.02259
G1 X107.543 Y131.017 E.03399
G1 X106.325 Y130.838 E.03399
G1 X105.52 Y130.68 E.02262
G1 X104.723 Y130.491 E.02261
G1 X103.539 Y130.149 E.03399
G1 X102.378 Y129.739 E.03399
G1 X101.62 Y129.43 E.02259
G1 X100.503 Y128.909 E.03402
G1 X99.777 Y128.527 E.02262
G1 X99.068 Y128.117 E.02261
G1 X98.032 Y127.45 E.03399
G1 X97.037 Y126.724 E.03399
G1 X96.399 Y126.21 E.02259
G1 X95.479 Y125.391 E.03399
G1 X94.643 Y124.557 E.03259
G1 X94.058 Y123.914 E.02399
G1 X93.275 Y122.963 E.03399
G1 X92.549 Y121.967 E.03399
G1 X92.099 Y121.283 E.02261
G1 X91.675 Y120.581 E.02262
G1 X91.09 Y119.496 E.03402
G1 X90.737 Y118.757 E.02259
G1 X90.26 Y117.621 E.03399
G1 X89.866 Y116.508 E.03259
G1 X89.615 Y115.674 E.02401
G1 X89.411 Y114.881 E.02261
G1 X89.161 Y113.673 E.03402
G1 X89.035 Y112.865 E.02259
G1 X88.904 Y111.639 E.03402
G1 X88.856 Y110.821 E.02259
G1 X88.844 Y109.589 E.03401
G1 X88.876 Y108.771 E.02259
G1 X88.983 Y107.543 E.03399
G1 X89.162 Y106.325 E.03399
G1 X89.32 Y105.52 E.02262
G1 X89.509 Y104.723 E.02261
G1 X89.851 Y103.539 E.03399
G1 X90.261 Y102.378 E.03399
G1 X90.57 Y101.62 E.02259
G1 X91.091 Y100.503 E.03402
G1 X91.473 Y99.777 E.02262
G1 X91.883 Y99.068 E.02261
G1 X92.55 Y98.032 E.03399
G1 X93.276 Y97.037 E.03399
G1 X93.79 Y96.399 E.02259
G1 X94.575 Y95.516 E.03262
G1 X95.184 Y94.893 E.02401
G1 X95.78 Y94.331 E.02261
G1 X96.716 Y93.53 E.03399
G1 X97.696 Y92.785 E.03399
G1 X98.372 Y92.322 E.02259
G1 X99.377 Y91.7 E.03262
G1 X100.138 Y91.279 E.02399
G1 X101.245 Y90.736 E.03401
G1 X101.997 Y90.412 E.02262
G1 X102.762 Y90.117 E.02261
G1 X103.931 Y89.729 E.03399
G1 X105.121 Y89.41 E.03399
G1 X105.921 Y89.237 E.02259
G1 X107.087 Y89.042 E.03262
G1 X107.951 Y88.94 E.02399
G1 X109.18 Y88.856 E.03399
G1 X110.361 Y88.844 E.03259
G1 X111.229 Y88.876 E.02398
G1 X112.457 Y88.983 E.03401
G1 X113.269 Y89.094 E.02259
G1 X114.481 Y89.32 E.03402
G1 X115.277 Y89.509 E.02259
G1 X116.461 Y89.851 E.03399
G1 X117.622 Y90.261 E.03399
G1 X118.38 Y90.57 E.02259
G1 X119.497 Y91.091 E.03402
G1 X120.223 Y91.473 E.02262
G1 X120.932 Y91.883 E.02261
G1 X121.968 Y92.55 E.03399
G1 X122.963 Y93.276 E.03399
G1 X123.601 Y93.79 E.02259
G1 X124.484 Y94.575 E.03262
G1 X125.107 Y95.184 E.02401
G1 X125.669 Y95.78 E.02261
G1 X126.47 Y96.716 E.03399
G1 X127.215 Y97.696 E.03399
G1 X127.678 Y98.372 E.02259
G1 X128.328 Y99.429 E.03423
G1 X128.812 Y100.323 E.02807
G1 X129.287 Y101.299 E.02995
G1 X129.605 Y102.042 E.02229
G1 X129.939 Y102.93 E.02619
G1 X130.289 Y104 E.03106
G1 X130.608 Y105.209 E.0345
G1 X130.848 Y106.385 E.03312
G1 X131.004 Y107.503 E.03113
G1 X131.102 Y108.453 E.02636
G1 X131.145 Y109.238 E.02168
G1 X131.149 Y109.697 E.01268
G1 E-1 F2400
;WIPE_START
G1 F12000
G1 X131.156 Y110.411
G1 X131.124 Y111.229
G1 X131.083 Y111.695
;WIPE_END
G1 Z7.2 F24000
G1 X95.843 Y101.206 Z7.2
G1 Z7
G1 E1 F2700
M204 P5000
;TYPE:Inner wall
;WIDTH:0.449999
G1 F15074.133
G1 X96.267 Y100.545 E.02339
G1 X96.703 Y99.94 E.02221
G1 X97.176 Y99.343 E.02269
G1 X97.89 Y98.54 E.03203
G1 X98.346 Y98.079 E.01932
G1 X98.798 Y97.655 E.01845
G1 X99.553 Y97.006 E.02965
G1 X100.144 Y96.551 E.02221
G1 X100.859 Y96.063 E.0258
G1 X101.667 Y95.56 E.02834
G1 X102.244 Y95.243 E.01961
G1 X103.031 Y94.853 E.02616
G1 X103.715 Y94.556 E.02221
G1 X104.313 Y94.328 E.01907
G1 X105.134 Y94.052 E.02579
G1 X106.193 Y93.767 E.03267
G1 X107.289 Y93.549 E.0333
G1 X108.034 Y93.443 E.02241
G1 X108.776 Y93.372 E.02221
G1 X109.378 Y93.341 E.01794
G1 X110.267 Y93.329 E.02647
G1 X110.998 Y93.357 E.02179
G1 X111.755 Y93.419 E.02263
G1 X112.51 Y93.516 E.02269
G1 X113.587 Y93.717 E.03263
G1 X114.169 Y93.859 E.01784
G1 X115.033 Y94.105 E.02677
G1 X115.739 Y94.345 E.02221
G1 X116.433 Y94.618 E.02221
G1 X117.115 Y94.921 E.02221
G1 X118.103 Y95.428 E.0331
G1 X118.624 Y95.733 E.01796
G1 X119.378 Y96.214 E.02665
G1 X119.985 Y96.647 E.02221
G1 X120.572 Y97.107 E.02221
G1 X121.394 Y97.827 E.03254
G1 X121.932 Y98.354 E.02245
G1 X122.354 Y98.806 E.0184
G1 X122.936 Y99.48 E.02654
G1 X123.393 Y100.069 E.02221
G1 X123.824 Y100.678 E.02221
G1 X124.227 Y101.305 E.02222
G1 X124.774 Y102.272 E.0331
G1 X125.108 Y102.946 E.02241
G1 X125.401 Y103.612 E.02165
G1 X125.677 Y104.324 E.02275
G1 X125.916 Y105.031 E.02223
G1 X126.211 Y106.102 E.0331
G1 X126.371 Y106.838 E.02242
G1 X126.519 Y107.773 E.02822
G1 X126.621 Y108.684 E.02728
G1 X126.661 Y109.375 E.02064
G1 X126.673 Y110.173 E.02377
G1 X126.648 Y110.935 E.02269
G1 X126.553 Y111.99 E.03156
G1 X126.442 Y112.77 E.02348
G1 X126.301 Y113.503 E.02221
G1 X126.14 Y114.18 E.02076
G1 X125.923 Y114.945 E.02365
G1 X125.686 Y115.652 E.02221
G1 X125.418 Y116.347 E.02221
G1 X124.961 Y117.36 E.0331
G1 X124.614 Y118.028 E.02241
G1 X124.263 Y118.634 E.02087
G1 X123.83 Y119.314 E.02401
G1 X123.188 Y120.202 E.03265
G1 X122.759 Y120.732 E.02031
G1 X122.219 Y121.344 E.02431
G1 X121.7 Y121.879 E.02221
G1 X121.157 Y122.39 E.02221
G1 X120.592 Y122.877 E.02222
G1 X119.726 Y123.543 E.03254
G1 X119.09 Y123.978 E.02295
G1 X118.441 Y124.379 E.02271
G1 X117.479 Y124.902 E.03263
G1 X116.883 Y125.185 E.01965
G1 X116.112 Y125.513 E.02496
G1 X115.412 Y125.771 E.02221
G1 X114.702 Y125.997 E.02222
G1 X113.819 Y126.225 E.02715
G1 X112.888 Y126.421 E.02836
G1 X112.238 Y126.521 E.01957
G1 X111.409 Y126.614 E.02485
G1 X110.665 Y126.66 E.02221
G1 X109.92 Y126.673 E.02221
G1 X109.158 Y126.653 E.02269
G1 X108.067 Y126.561 E.03262
G1 X107.321 Y126.457 E.02242
G1 X106.436 Y126.282 E.02688
G1 X105.853 Y126.146 E.01783
G1 X104.883 Y125.867 E.03009
G1 X104.086 Y125.589 E.02512
G1 X103.395 Y125.309 E.02221
G1 X102.717 Y124.999 E.02221
G1 X102.054 Y124.658 E.02222
G1 X101.379 Y124.263 E.0233
G1 X100.546 Y123.732 E.02941
G1 X99.866 Y123.24 E.02501
G1 X99.281 Y122.761 E.02253
G1 X98.54 Y122.108 E.02943
G1 X97.879 Y121.44 E.02799
G1 X97.449 Y120.97 E.01896
G1 X96.809 Y120.194 E.02997
G1 X96.281 Y119.476 E.02654
G1 X95.874 Y118.858 E.02207
G1 X95.556 Y118.324 E.01852
G1 X95.137 Y117.556 E.02604
G1 X94.814 Y116.884 E.02221
G1 X94.521 Y116.198 E.02221
G1 X94.143 Y115.153 E.0331
G1 X93.927 Y114.433 E.02242
G1 X93.775 Y113.831 E.01848
G1 X93.595 Y112.979 E.02592
G1 X93.478 Y112.243 E.02222
G1 X93.375 Y111.232 E.03026
G1 X93.343 Y110.647 E.01745
G1 X93.33 Y109.64 E.03
G1 X93.358 Y109.016 E.01861
G1 X93.449 Y108.032 E.02943
G1 X93.589 Y107.054 E.02943
G1 X93.857 Y105.842 E.03697
G1 X94.133 Y104.878 E.02989
G1 X94.47 Y103.942 E.02963
G1 X94.693 Y103.399 E.01748
G1 X95.123 Y102.472 E.03042
G1 X95.728 Y101.387 E.03702
G1 X95.822 Y101.24 E.00518
G1 X96.191 Y101.429 F24000
M204 P4000
;TYPE:Outer wall
;WIDTH:0.419999
G1 F12000
G1 X96.612 Y100.772 E.02154
G1 X97.038 Y100.183 E.02006
G1 X97.493 Y99.609 E.0202
G1 X98.2 Y98.815 E.02934
G1 X98.64 Y98.37 E.01726
G1 X99.078 Y97.959 E.01658
G1 X99.819 Y97.322 E.02696
G1 X100.396 Y96.88 E.02007
G1 X101.092 Y96.405 E.02326
G1 X101.88 Y95.914 E.02562
G1 X102.441 Y95.606 E.01766
G1 X103.212 Y95.225 E.02373
G1 X103.879 Y94.936 E.02006
G1 X104.46 Y94.715 E.01715
G1 X105.253 Y94.448 E.02309
G1 X106.3 Y94.167 E.02992
G1 X107.37 Y93.954 E.03008
G1 X108.092 Y93.852 E.02012
G1 X108.816 Y93.783 E.02006
G1 X109.399 Y93.754 E.01611
G1 X110.269 Y93.742 E.02401
G1 X110.981 Y93.77 E.01967
G1 X111.72 Y93.831 E.02045
G1 X112.446 Y93.925 E.0202
G1 X113.511 Y94.124 E.0299
G1 X114.071 Y94.261 E.01589
G1 X114.917 Y94.501 E.02429
G1 X115.605 Y94.737 E.02006
G1 X116.282 Y95.003 E.02006
G1 X116.946 Y95.298 E.02007
G1 X117.914 Y95.796 E.03002
G1 X118.414 Y96.089 E.016
G1 X119.153 Y96.561 E.02418
G1 X119.745 Y96.983 E.02006
G1 X120.317 Y97.432 E.02007
G1 X121.121 Y98.138 E.02951
G1 X121.642 Y98.65 E.02016
G1 X122.051 Y99.087 E.01652
G1 X122.621 Y99.748 E.02407
G1 X123.066 Y100.322 E.02006
G1 X123.486 Y100.916 E.02006
G1 X123.879 Y101.528 E.02007
G1 X124.414 Y102.476 E.03002
G1 X124.737 Y103.129 E.02012
G1 X125.022 Y103.778 E.01955
G1 X125.292 Y104.473 E.02057
G1 X125.524 Y105.163 E.02007
G1 X125.812 Y106.212 E.03002
G1 X125.967 Y106.925 E.02013
G1 X126.111 Y107.838 E.02551
G1 X126.21 Y108.725 E.02463
G1 X126.248 Y109.399 E.01861
G1 X126.259 Y110.178 E.02151
G1 X126.235 Y110.91 E.0202
G1 X126.141 Y111.953 E.02891
G1 X126.032 Y112.71 E.02111
G1 X125.895 Y113.424 E.02006
G1 X125.738 Y114.084 E.01872
G1 X125.526 Y114.83 E.0214
G1 X125.294 Y115.52 E.02006
G1 X125.032 Y116.198 E.02007
G1 X124.584 Y117.19 E.03002
G1 X124.247 Y117.836 E.02012
G1 X123.905 Y118.427 E.01883
G1 X123.488 Y119.082 E.02143
G1 X122.853 Y119.96 E.0299
G1 X122.438 Y120.471 E.01817
G1 X121.91 Y121.07 E.02201
G1 X121.403 Y121.591 E.02006
G1 X120.874 Y122.089 E.02006
G1 X120.322 Y122.563 E.02007
G1 X119.474 Y123.215 E.02951
G1 X118.857 Y123.636 E.02063
G1 X118.234 Y124.021 E.0202
G1 X117.282 Y124.538 E.0299
G1 X116.706 Y124.811 E.01757
G1 X115.952 Y125.131 E.02261
G1 X115.27 Y125.382 E.02006
G1 X114.576 Y125.603 E.02007
G1 X113.716 Y125.824 E.02451
G1 X112.807 Y126.016 E.02563
G1 X112.176 Y126.112 E.01762
G1 X111.366 Y126.203 E.0225
G1 X110.64 Y126.247 E.02006
G1 X109.913 Y126.26 E.02006
G1 X109.181 Y126.239 E.0202
G1 X108.101 Y126.149 E.0299
G1 X107.379 Y126.047 E.02013
G1 X106.517 Y125.877 E.02426
G1 X105.956 Y125.745 E.01588
G1 X105.003 Y125.471 E.02736
G1 X104.225 Y125.2 E.02276
G1 X103.551 Y124.926 E.02006
G1 X102.89 Y124.623 E.02006
G1 X102.243 Y124.29 E.02007
G1 X101.588 Y123.906 E.02095
G1 X100.776 Y123.388 E.0266
G1 X100.11 Y122.907 E.02266
G1 X99.543 Y122.441 E.02023
G1 X98.82 Y121.803 E.02663
G1 X98.175 Y121.151 E.02529
G1 X97.761 Y120.699 E.01693
G1 X97.133 Y119.937 E.02724
G1 X96.616 Y119.234 E.02407
G1 X96.22 Y118.63 E.01993
G1 X95.911 Y118.112 E.01664
G1 X95.502 Y117.361 E.02361
G1 X95.187 Y116.705 E.02006
G1 X94.902 Y116.036 E.02007
G1 X94.532 Y115.013 E.03003
G1 X94.323 Y114.314 E.02012
G1 X94.176 Y113.73 E.01661
G1 X94 Y112.897 E.0235
G1 X93.887 Y112.178 E.02007
G1 X93.787 Y111.191 E.0274
G1 X93.756 Y110.629 E.01553
G1 X93.744 Y109.64 E.02728
G1 X93.771 Y109.035 E.01672
G1 X93.861 Y108.074 E.02663
G1 X93.998 Y107.118 E.02663
G1 X94.258 Y105.943 E.03322
G1 X94.529 Y104.996 E.02718
G1 X94.859 Y104.082 E.02681
G1 X95.074 Y103.561 E.01556
G1 X95.496 Y102.651 E.02766
G1 X96.083 Y101.598 E.03328
G1 X96.17 Y101.463 E.00443
G1 E-1 F2400
;WIPE_START
G1 F12000
G1 X96.612 Y100.772
G1 X97.038 Y100.183
G1 X97.319 Y99.828
;WIPE_END
G1 Z7.2 F24000
G1 X93.174 Y103.936 Z7.2
G1 Z7
G1 E1 F2700
M204 P5000
;TYPE:Internal solid infill
;WIDTH:0.449999
G1 F15074.133
G1 X93.366 Y103.404 E.01685
G1 X93.621 Y102.8 E.01953
G1 X94.022 Y101.945 E.02813
G1 X94.339 Y101.348 E.02015
G1 X94.678 Y100.763 E.02013
G1 X95.248 Y99.872 E.0315
G1 X95.735 Y99.197 E.02479
G1 X96.254 Y98.542 E.0249
G1 X96.978 Y97.729 E.03241
G1 X97.48 Y97.218 E.02136
G1 X97.971 Y96.757 E.02007
G1 X98.77 Y96.068 E.03142
M73 P91 R0
G1 X99.437 Y95.556 E.02504
G1 X100.172 Y95.055 E.02648
G1 X101.037 Y94.513 E.03039
G1 X101.662 Y94.17 E.02124
G1 X102.53 Y93.74 E.02886
G1 X103.236 Y93.433 E.02293
G1 X104.01 Y93.138 E.02469
G1 X104.625 Y92.935 E.01929
G1 X103.338 Y91.648 E.05422
G1 X101.947 Y92.214 E.04473
G1 X101.136 Y92.61 E.02686
G1 X100.332 Y93.04 E.02717
G1 X99.606 Y93.481 E.02529
G1 X98.67 Y94.099 E.03342
G1 X97.819 Y94.744 E.0318
G1 X97.161 Y95.3 E.02567
G1 X96.51 Y95.889 E.02614
G1 X95.795 Y96.604 E.03012
G1 X95.055 Y97.437 E.03318
G1 X94.586 Y98.017 E.02222
G1 X93.957 Y98.877 E.03175
G1 X93.486 Y99.597 E.02561
G1 X93.032 Y100.348 E.02614
G1 X92.62 Y101.107 E.02572
G1 X92.243 Y101.901 E.02617
G1 X91.913 Y102.675 E.02508
G1 X93.145 Y103.908 E.05194
G1 X92.871 Y102.481 F24000
;WIDTH:0.452615
G1 F14977.912
G1 X93.287 Y101.592 E.02943
G1 X93.62 Y100.962 E.02137
G1 X93.976 Y100.345 E.02136
G1 X94.567 Y99.424 E.03279
G1 X95.077 Y98.721 E.02605
G1 X95.638 Y98.008 E.0272
G1 X96.369 Y97.187 E.03295
G1 X96.902 Y96.642 E.02285
G1 X97.419 Y96.155 E.0213
G1 X98.246 Y95.444 E.0327
G1 X98.943 Y94.911 E.02631
G1 X99.711 Y94.378 E.02801
G1 X100.616 Y93.815 E.03194
G1 X101.272 Y93.453 E.02247
G1 X102.174 Y93.008 E.03017
G1 X103.098 Y92.613 E.03012
G1 X99.943 Y94.718 F24000
;WIDTH:0.449999
G1 F15074.133
G1 X100.826 Y94.165 E.03106
G1 X101.467 Y93.813 E.02178
G1 X102.352 Y93.373 E.02942
G1 X103.074 Y93.06 E.02346
G1 X103.864 Y92.755 E.02523
G1 X103.236 Y92.122 E.02655
G1 X102.099 Y92.592 E.03665
G1 X101.082 Y93.09 E.03372
G1 X100.409 Y93.463 E.02292
G1 X99.486 Y94.033 E.03232
G1 X98.892 Y94.441 E.02147
G1 X97.998 Y95.12 E.03345
G1 X97.145 Y95.85 E.03345
G1 X96.615 Y96.35 E.0217
G1 X96.069 Y96.908 E.02324
G1 X95.349 Y97.719 E.03232
G1 X94.896 Y98.28 E.02146
G1 X94.235 Y99.187 E.03345
G1 X93.627 Y100.131 E.03345
G1 X93.261 Y100.764 E.02175
G1 X92.921 Y101.41 E.02176
G1 X92.389 Y102.575 E.03815
G1 X93.009 Y103.191 E.02604
G1 X93.655 Y101.769 E.04653
G1 X93.981 Y101.155 E.02069
G1 X94.329 Y100.555 E.02067
G1 X94.908 Y99.648 E.03204
G1 X95.405 Y98.958 E.02534
G1 X95.942 Y98.28 E.02577
G1 X96.674 Y97.459 E.03276
G1 X97.192 Y96.931 E.02203
G1 X97.696 Y96.457 E.02061
G1 X98.509 Y95.756 E.03196
G1 X99.19 Y95.233 E.02559
G1 X99.91 Y94.741 E.02597
G1 X100.629 Y95.728 F24000
G1 F15074.133
G1 X101.457 Y95.211 E.02906
G1 X102.05 Y94.886 E.02016
G1 X102.885 Y94.472 E.02775
G1 X103.559 Y94.181 E.02187
G1 X104.299 Y93.899 E.0236
G1 X105.04 Y93.656 E.02322
G1 X106.192 Y93.351 E.03551
G1 X103.558 Y90.717 E.11096
G1 X103.039 Y90.889 E.0163
G1 X102.308 Y91.171 E.02334
G1 X101.588 Y91.482 E.02335
G1 X100.517 Y92.007 E.03551
G1 X99.792 Y92.408 E.0247
G1 X98.82 Y93.009 E.03405
G1 X98.177 Y93.45 E.02322
G1 X97.231 Y94.169 E.03539
G1 X96.328 Y94.941 E.03539
G1 X95.759 Y95.479 E.02332
G1 X95.176 Y96.075 E.02485
G1 X94.416 Y96.93 E.03405
G1 X93.927 Y97.536 E.02321
G1 X93.227 Y98.496 E.03539
G1 X92.584 Y99.495 E.03539
G1 X92.192 Y100.174 E.02334
G1 X91.827 Y100.867 E.02335
G1 X91.323 Y101.947 E.03549
G1 X90.96 Y102.874 E.02964
G1 X93.537 Y105.45 E.10853
G1 X93.756 Y104.719 E.02275
G1 X94.132 Y103.681 E.03288
G1 X94.37 Y103.119 E.01819
G1 X94.756 Y102.298 E.02702
G1 X95.378 Y101.18 E.03811
G1 X95.928 Y100.319 E.03043
G1 X96.394 Y99.674 E.0237
G1 X96.878 Y99.066 E.02313
G1 X97.586 Y98.271 E.03172
G1 X98.057 Y97.792 E.02001
G1 X98.522 Y97.356 E.01898
G1 X99.294 Y96.691 E.03035
G1 X99.932 Y96.203 E.02394
G1 X100.596 Y95.75 E.02394
G1 X105.403 Y93.137 F24000
G1 F15074.133
G1 X103.448 Y91.182 E.08234
G1 X102.695 Y91.458 E.02388
G1 X101.785 Y91.84 E.02939
G1 X100.957 Y92.244 E.02745
G1 X100.135 Y92.684 E.02778
G1 X99.392 Y93.134 E.02587
G1 X98.44 Y93.764 E.034
G1 X97.573 Y94.42 E.03238
G1 X96.896 Y94.991 E.02638
G1 X96.231 Y95.593 E.02673
G1 X95.499 Y96.325 E.03083
G1 X94.751 Y97.166 E.03354
G1 X94.269 Y97.761 E.0228
G1 X93.628 Y98.637 E.03234
G1 X93.144 Y99.377 E.02631
G1 X92.679 Y100.144 E.02673
G1 X92.26 Y100.917 E.02619
G1 X91.874 Y101.729 E.02676
G1 X91.436 Y102.774 E.03377
G1 X93.339 Y104.677 E.08014
G1 X93.749 Y103.542 E.03593
G1 X93.996 Y102.96 E.01886
G1 X94.389 Y102.121 E.02758
G1 X94.698 Y101.54 E.01961
G1 X95.028 Y100.971 E.01959
G1 X95.588 Y100.095 E.03097
G1 X96.065 Y99.435 E.02425
G1 X96.566 Y98.804 E.02402
G1 X97.282 Y98 E.03206
G1 X97.769 Y97.505 E.02068
G1 X98.247 Y97.056 E.01953
G1 X99.032 Y96.379 E.03089
G1 X99.685 Y95.879 E.02449
G1 X100.401 Y95.391 E.02581
G1 X101.247 Y94.862 E.02972
G1 X101.856 Y94.528 E.0207
G1 X102.707 Y94.106 E.02831
G1 X103.397 Y93.807 E.0224
G1 X104.155 Y93.518 E.02414
G1 X104.908 Y93.271 E.02362
G1 X105.364 Y93.148 E.01408
G1 X122.527 Y93.621 F24000
;WIDTH:0.450085
G1 F15070.95
G1 X124.595 Y95.689 E.08714
G1 X125.134 Y96.26 E.0234
G1 X125.91 Y97.167 E.03556
G1 X126.632 Y98.117 E.03556
G1 X127.035 Y98.704 E.0212
G1 X121.315 Y92.984 E.241
G1 X120.558 Y92.497 E.02682
G1 X119.838 Y92.083 E.02474
G1 X127.908 Y100.153 E.34002
G1 X128.084 Y100.47 E.01081
G1 X128.501 Y101.322 E.02826
G1 X118.684 Y91.505 E.41362
G1 X118.092 Y91.229 E.01946
G1 X117.653 Y91.05 E.01414
G1 X128.954 Y102.351 E.47618
G1 X129.293 Y103.266 E.02906
G1 X116.738 Y90.711 E.52899
G1 X116.241 Y90.535 E.01571
G1 X115.884 Y90.432 E.01109
G1 X129.579 Y104.127 E.57702
G1 X129.79 Y104.915 E.02429
G1 X115.095 Y90.219 E.61916
G1 X115.058 Y90.256 E.00156
G1 X114.397 Y90.097 E.02026
G1 X129.969 Y105.669 E.65611
G1 X130.105 Y106.381 E.02161
G1 X123.707 Y99.983 E.26961
G1 X123.192 Y99.311 E.02519
G1 X122.699 Y98.73 E.0227
G1 X122.181 Y98.172 E.02271
G1 X121.62 Y97.621 E.02341
G1 X120.771 Y96.875 E.03367
G1 X120.025 Y96.301 E.02803
G1 X113.674 Y89.95 E.2676
G1 X112.974 Y89.825 E.0212
G1 X118.393 Y95.244 E.22833
G1 X117.195 Y94.622 E.04021
G1 X112.302 Y89.73 E.20614
G1 X111.664 Y89.668 E.0191
G1 X116.191 Y94.194 E.19074
G1 X115.29 Y93.869 E.02854
G1 X111.038 Y89.618 E.17914
G1 X110.435 Y89.59 E.01799
G1 X114.466 Y93.621 E.16983
G1 X113.7 Y93.43 E.02352
G1 X109.856 Y89.587 E.16193
G1 X109.285 Y89.592 E.01702
G1 X112.988 Y93.295 E.15604
G1 X112.3 Y93.182 E.02079
G1 X108.735 Y89.617 E.15019
G1 X108.195 Y89.653 E.01613
G1 X111.645 Y93.104 E.14539
G1 X111.019 Y93.053 E.01873
G1 X107.668 Y89.702 E.1412
G1 X107.151 Y89.761 E.01548
G1 X110.419 Y93.029 E.13768
G1 X109.84 Y93.026 E.01724
G1 X106.657 Y89.843 E.13412
G1 X106.164 Y89.925 E.0149
G1 X109.279 Y93.041 E.13126
G1 X108.732 Y93.069 E.01632
G1 X105.686 Y90.023 E.12834
G1 X105.216 Y90.129 E.01436
M73 P92 R0
G1 X108.206 Y93.119 E.126
G1 X107.694 Y93.183 E.01539
G1 X104.762 Y90.251 E.12354
G1 X104.308 Y90.372 E.01401
G1 X107.351 Y93.416 E.12824
G1 E-1 F2400
;WIPE_START
G1 F12000
G1 X105.937 Y92.002
;WIPE_END
G1 Z7.2 F24000
G1 X124.226 Y101.077 Z7.2
G1 Z7
G1 E1 F2700
G1 F15070.95
G1 X130.176 Y107.028 E.25071
G1 X130.264 Y107.692 E.01996
G1 X125.378 Y102.806 E.20588
G1 X125.804 Y103.807 E.03244
G1 X130.336 Y108.339 E.19094
G1 X130.383 Y108.962 E.0186
G1 X126.128 Y104.708 E.17925
G1 X126.368 Y105.523 E.02533
G1 X130.406 Y109.561 E.17013
G1 X130.414 Y110.145 E.0174
G1 X126.566 Y106.297 E.16214
G1 X126.709 Y107.015 E.02183
G1 X130.409 Y110.715 E.15589
G1 X130.388 Y111.27 E.01655
G1 X126.817 Y107.699 E.15047
G1 X126.894 Y108.352 E.01959
G1 X130.345 Y111.804 E.14542
G1 X130.299 Y112.333 E.01584
G1 X126.944 Y108.978 E.14137
G1 X126.971 Y109.581 E.01799
G1 X130.233 Y112.843 E.13745
G1 X130.16 Y113.346 E.01513
G1 X126.978 Y110.163 E.13408
G1 X126.96 Y110.721 E.01663
G1 X130.074 Y113.836 E.13123
G1 X129.98 Y114.317 E.01461
G1 X126.925 Y111.262 E.12872
G1 X126.877 Y111.791 E.01581
G1 X129.87 Y114.783 E.12608
G1 X129.753 Y115.242 E.01412
G1 X126.817 Y112.306 E.1237
G1 X126.745 Y112.809 E.01514
G1 X129.772 Y115.837 E.12756
G1 X120.712 Y123.812 F24000
;WIDTH:0.449999
G1 F15074.133
G1 X120.206 Y124.2 E.01899
G1 X119.538 Y124.658 E.02413
G1 X118.862 Y125.076 E.02368
G1 X117.848 Y125.627 E.03437
G1 X117.23 Y125.921 E.02037
G1 X116.427 Y126.263 E.02601
G1 X115.317 Y126.655 E.03506
G1 X117.233 Y128.571 E.0807
G1 X118.254 Y128.142 E.03299
G1 X118.939 Y127.815 E.02261
G1 X119.972 Y127.258 E.03495
G1 X120.628 Y126.862 E.02282
G1 X121.268 Y126.441 E.02282
G1 X122.21 Y125.754 E.03474
G1 X123.11 Y125.014 E.03471
G1 X123.708 Y124.469 E.02411
G1 X124.497 Y123.678 E.03327
G1 X125.273 Y122.807 E.03476
G1 X125.75 Y122.216 E.02261
G1 X126.437 Y121.274 E.03474
G1 X127.069 Y120.293 E.03475
G1 X127.452 Y119.63 E.02281
G1 X127.809 Y118.952 E.02282
G1 X128.305 Y117.888 E.03495
G1 X128.592 Y117.185 E.02262
G1 X128.816 Y116.55 E.02006
G1 X126.868 Y114.602 E.08206
G1 X126.706 Y115.17 E.01758
G1 X126.446 Y115.944 E.02432
G1 X126.065 Y116.893 E.03046
G1 X125.699 Y117.704 E.0265
G1 X125.324 Y118.425 E.0242
G1 X124.967 Y119.041 E.02122
G1 X124.49 Y119.791 E.02646
G1 X123.83 Y120.702 E.03353
G1 X123.391 Y121.244 E.02077
G1 X122.803 Y121.911 E.02648
G1 X122.276 Y122.454 E.02254
G1 X121.689 Y123.007 E.02404
G1 X121.109 Y123.505 E.02276
G1 X120.744 Y123.787 E.01375
G1 X120.96 Y124.134 F24000
G1 F15074.133
G1 X120.454 Y124.523 E.01899
G1 X119.767 Y124.994 E.0248
G1 X119.067 Y125.428 E.02456
G1 X118.043 Y125.985 E.03472
G1 X117.405 Y126.289 E.02105
G1 X116.585 Y126.639 E.02655
G1 X116.068 Y126.83 E.01643
G1 X117.328 Y128.09 E.05308
G1 X118.088 Y127.771 E.02455
G1 X118.755 Y127.452 E.02202
G1 X119.77 Y126.904 E.03436
G1 X120.411 Y126.518 E.02229
G1 X121.036 Y126.107 E.02229
G1 X121.961 Y125.432 E.0341
G1 X122.843 Y124.706 E.03405
G1 X123.427 Y124.174 E.02351
G1 X124.201 Y123.399 E.03263
G1 X124.963 Y122.543 E.03412
G1 X125.427 Y121.968 E.02202
G1 X126.101 Y121.043 E.03409
G1 X126.721 Y120.081 E.0341
G1 X127.095 Y119.433 E.02228
G1 X127.444 Y118.771 E.02229
G1 X127.931 Y117.725 E.03436
G1 X128.211 Y117.041 E.02203
G1 X128.347 Y116.657 E.01212
G1 X127.066 Y115.377 E.05393
G1 X126.832 Y116.074 E.02191
G1 X126.641 Y116.571 E.01587
G1 X126.07 Y117.871 E.0423
G1 X125.685 Y118.613 E.02488
G1 X125.319 Y119.246 E.02178
G1 X124.827 Y120.019 E.02731
G1 X124.16 Y120.941 E.03389
G1 X123.707 Y121.501 E.02145
G1 X123.107 Y122.182 E.02703
G1 X122.568 Y122.738 E.02307
G1 X121.967 Y123.304 E.02458
G1 X121.375 Y123.814 E.02329
G1 X120.992 Y124.11 E.01442
G1 X121.208 Y124.457 F24000
G1 F15074.133
G1 X120.702 Y124.846 E.019
G1 X119.997 Y125.33 E.02547
G1 X119.272 Y125.78 E.02543
G1 X118.237 Y126.343 E.03508
G1 X117.579 Y126.657 E.02173
G1 X116.802 Y126.989 E.02515
G1 X117.422 Y127.609 E.02611
G1 X117.921 Y127.399 E.01611
G1 X118.57 Y127.089 E.02144
G1 X119.568 Y126.551 E.03377
G1 X120.194 Y126.173 E.02176
G1 X120.804 Y125.772 E.02176
G1 X121.711 Y125.11 E.03345
G1 X122.577 Y124.398 E.03339
G1 X123.146 Y123.88 E.02292
G1 X123.905 Y123.12 E.03199
G1 X124.652 Y122.28 E.03347
G1 X125.104 Y121.72 E.02144
G1 X125.765 Y120.813 E.03345
G1 X126.373 Y119.869 E.03345
G1 X126.739 Y119.236 E.02175
G1 X127.079 Y118.59 E.02176
G1 X127.558 Y117.562 E.03377
G1 X127.877 Y116.763 E.02562
G1 X127.243 Y116.129 E.02672
G1 X126.807 Y117.228 E.03523
G1 X126.441 Y118.039 E.0265
G1 X126.046 Y118.801 E.02555
G1 X125.671 Y119.45 E.02234
G1 X125.164 Y120.248 E.02816
G1 X124.49 Y121.18 E.03426
G1 X124.022 Y121.758 E.02213
G1 X123.411 Y122.453 E.02757
G1 X122.86 Y123.022 E.0236
G1 X122.246 Y123.601 E.02513
G1 X121.64 Y124.123 E.02383
G1 X121.239 Y124.433 E.01509
G1 X117.516 Y127.129 F24000
;WIDTH:0.45243
G1 F14984.666
G1 X118.379 Y126.729 E.02849
G1 X119.365 Y126.195 E.03361
G1 X119.975 Y125.827 E.02135
G1 X120.57 Y125.435 E.02135
G1 X121.459 Y124.784 E.03299
G1 X122.309 Y124.088 E.03293
G1 X122.863 Y123.583 E.02246
G1 X123.607 Y122.839 E.03154
G1 X124.216 Y122.159 E.02735
G1 X124.782 Y121.47 E.02673
G1 X125.428 Y120.581 E.03291
G1 X125.938 Y119.796 E.02806
G1 X126.367 Y119.063 E.02544
G1 X126.713 Y118.408 E.0222
G1 X127.182 Y117.397 E.03338
G1 X127.386 Y116.902 E.01606
G1 E-1 F2400
;WIPE_START
G1 F12000
G1 X127.182 Y117.397
G1 X126.713 Y118.408
G1 X126.549 Y118.718
;WIPE_END
G1 Z7.2 F24000
G1 X114.544 Y126.458 Z7.2
G1 Z7
G1 E1 F2700
;WIDTH:0.449999
G1 F15074.133
G1 X117.13 Y129.043 E.10891
G1 X118.146 Y128.629 E.0327
G1 X119.105 Y128.188 E.03145
G1 X120.139 Y127.63 E.03498
G1 X120.818 Y127.223 E.02358
G1 X121.467 Y126.798 E.02311
G1 X122.46 Y126.076 E.03657
G1 X123.376 Y125.321 E.03537
G1 X123.99 Y124.763 E.0247
G1 X124.794 Y123.958 E.0339
G1 X125.584 Y123.07 E.0354
G1 X126.073 Y122.464 E.0232
G1 X126.773 Y121.504 E.03539
G1 X127.416 Y120.505 E.03539
G1 X127.808 Y119.826 E.02334
G1 X128.173 Y119.133 E.02335
G1 X128.678 Y118.051 E.03554
G1 X128.972 Y117.33 E.0232
G1 X129.285 Y116.444 E.028
G1 X126.648 Y113.807 E.1111
G1 X126.524 Y114.322 E.0158
G1 X126.314 Y115.058 E.02278
G1 X126.06 Y115.814 E.02377
G1 X125.792 Y116.508 E.02215
G1 X125.328 Y117.536 E.0336
G1 X124.963 Y118.237 E.02352
G1 X124.615 Y118.837 E.02067
G1 X124.153 Y119.562 E.0256
G1 X123.5 Y120.464 E.03317
G1 X123.075 Y120.987 E.02009
G1 X122.499 Y121.641 E.02594
G1 X121.984 Y122.17 E.02201
G1 X121.41 Y122.71 E.02349
G1 X120.844 Y123.197 E.02222
G1 X119.958 Y123.877 E.03327
G1 X119.308 Y124.322 E.02346
G1 X118.657 Y124.724 E.02279
G1 X117.654 Y125.27 E.03403
G1 X117.056 Y125.553 E.01969
G1 X116.269 Y125.888 E.02548
G1 X115.519 Y126.164 E.0238
G1 X114.583 Y126.448 E.02915
G1 X116.966 Y129.404 F24000
;WIDTH:0.458421
G1 F14768.588
G1 X114.044 Y126.482 E.12563
G1 X113.571 Y126.596 E.0148
G1 X116.388 Y129.414 E.12114
G1 X115.941 Y129.554 E.01425
G1 X113.081 Y126.694 E.12297
G1 X112.577 Y126.778 E.01553
G1 X115.489 Y129.69 E.12521
G1 X115.022 Y129.811 E.01466
G1 X112.062 Y126.851 E.12727
G1 X111.532 Y126.908 E.01622
M73 P93 R0
G1 X114.548 Y129.924 E.12969
G1 X114.061 Y130.025 E.01512
G1 X110.983 Y126.946 E.13237
G1 X110.419 Y126.97 E.01715
G1 X113.574 Y130.125 E.13566
G1 X113.066 Y130.205 E.01563
G1 X109.838 Y126.976 E.13882
G1 X109.234 Y126.96 E.01837
G1 X112.546 Y130.272 E.1424
G1 X112.015 Y130.328 E.01624
G1 X108.597 Y126.911 E.14693
G1 X107.952 Y126.854 E.0197
G1 X111.474 Y130.375 E.15142
G1 X110.912 Y130.401 E.0171
G1 X107.268 Y126.758 E.15665
G1 X106.536 Y126.613 E.0227
G1 X110.336 Y130.412 E.16337
G1 X109.747 Y130.411 E.0179
G1 X105.777 Y126.441 E.1707
G1 X104.956 Y126.208 E.02593
G1 X109.14 Y130.392 E.17987
G1 X108.508 Y130.348 E.01925
G1 X104.067 Y125.906 E.19095
G1 X103.068 Y125.495 E.03284
G1 X107.856 Y130.284 E.20588
G1 X107.181 Y130.195 E.02072
G1 X101.404 Y124.419 E.24838
G1 E-1 F2400
;WIPE_START
G1 F12000
G1 X102.818 Y125.833
;WIPE_END
G1 Z7.2 F24000
G1 X93.666 Y106.104 Z7.2
G1 Z7
G1 E1 F2700
G1 F14768.588
G1 X90.74 Y103.178 E.12578
G1 X90.587 Y103.612 E.014
G1 X93.404 Y106.43 E.12113
G1 X93.304 Y106.917 E.01514
G1 X90.448 Y104.061 E.12282
G1 X90.316 Y104.517 E.01443
G1 X93.222 Y107.423 E.12495
G1 X93.152 Y107.94 E.01587
G1 X90.187 Y104.976 E.12747
G1 X90.075 Y105.451 E.01484
G1 X93.098 Y108.474 E.12999
G1 X93.053 Y109.016 E.01655
G1 X89.971 Y105.934 E.13251
G1 X89.875 Y106.426 E.01522
G1 X93.028 Y109.579 E.13557
G1 X93.026 Y110.164 E.01781
G1 X89.798 Y106.937 E.13876
G1 X89.728 Y107.454 E.01587
G1 X93.043 Y110.769 E.14251
G1 X93.086 Y111.4 E.01922
G1 X89.673 Y107.987 E.14674
G1 X89.629 Y108.53 E.01657
G1 X93.151 Y112.053 E.15146
G1 X93.247 Y112.736 E.02099
G1 X89.596 Y109.086 E.15697
G1 X89.586 Y109.662 E.01754
G1 X93.381 Y113.458 E.16321
G1 X93.559 Y114.223 E.02388
G1 X89.59 Y110.254 E.17066
G1 X89.593 Y110.55 E.00899
G1 X89.608 Y110.86 E.00945
G1 X93.791 Y115.043 E.17983
G1 X94.104 Y115.944 E.02901
G1 X89.652 Y111.492 E.19143
G1 X89.716 Y112.143 E.0199
G1 X94.5 Y116.927 E.20571
G1 X94.851 Y117.667 E.02489
G1 X95.079 Y118.094 E.01472
G1 X89.802 Y112.817 E.2269
G1 X89.922 Y113.524 E.02182
G1 X95.997 Y119.6 E.26121
G1 X96.459 Y120.243 E.02407
G1 X96.951 Y120.863 E.02407
G1 X97.451 Y121.437 E.02314
G1 X98.244 Y122.25 E.03452
G1 X98.787 Y122.75 E.02245
G1 X99.649 Y123.458 E.03392
G1 X100.395 Y123.998 E.028
G1 X106.478 Y130.08 E.26152
G1 X106.137 Y130.02 E.01052
G1 X106.096 Y130.061 E.00174
G1 X105.816 Y130.006 E.00869
G1 X90.068 Y114.258 E.6771
G1 X90.254 Y115.031 E.02417
G1 X105.053 Y129.831 E.63634
G1 X104.238 Y129.603 E.02574
G1 X90.39 Y115.755 E.5954
G1 X90.669 Y116.622 E.02767
G1 X103.377 Y129.33 E.5464
G1 X102.453 Y128.994 E.02988
G1 X91.01 Y117.551 E.49202
G1 X91.447 Y118.575 E.03385
G1 X101.411 Y128.539 E.42844
G1 X100.822 Y128.265 E.01977
G1 X100.245 Y127.961 E.01983
G1 X92.056 Y119.771 E.35212
G1 X92.3 Y120.224 E.01565
G1 X92.921 Y121.224 E.03578
G1 X98.762 Y127.065 E.25115
G1 X98.439 Y126.857 E.0117
M73 P94 R0
G1 X97.474 Y126.154 E.03629
G1 X96.864 Y125.662 E.02383
G1 X96.014 Y124.905 E.03461
G1 X93.579 Y122.47 E.1047
; stop printing object Генератор.stl id:0 copy 0
;LAYER_CHANGE
;Z:7.2
;HEIGHT:0.2
;BEFORE_LAYER_CHANGE
;7.2
G92 E0

G1 E-1 F2400
;WIPE_START
G1 F12000
G1 X94.993 Y123.884
;WIPE_END
M486 S-1
;_SET_FAN_SPEED_CHANGING_LAYER
; printing object Генератор.stl id:0 copy 0
M486 S0
G1 Z7.4 F24000
G1 X130.542 Y109.781 Z7.4
G1 Z7.2
G1 E1 F2700
;TYPE:Inner wall
;WIDTH:0.449999
G1 F15074.133
G1 X130.538 Y110.548 E.02286
G1 X130.484 Y111.594 E.0312
G1 X130.408 Y112.383 E.02359
G1 X130.234 Y113.568 E.03568
G1 X129.992 Y114.738 E.0356
G1 X129.682 Y115.896 E.03569
G1 X129.441 Y116.649 E.02356
G1 X129.019 Y117.773 E.03578
G1 X128.706 Y118.5 E.02356
G1 X128.178 Y119.577 E.03574
G1 X127.717 Y120.402 E.02815
G1 X127.165 Y121.292 E.0312
G1 X126.717 Y121.945 E.02358
G1 X125.991 Y122.902 E.03578
G1 X125.48 Y123.51 E.02365
G1 X124.947 Y124.098 E.02365
G1 X124.1 Y124.945 E.03568
G1 X123.205 Y125.741 E.03569
G1 X122.589 Y126.238 E.02356
G1 X121.62 Y126.945 E.03574
G1 X120.828 Y127.461 E.02815
G1 X119.924 Y127.991 E.0312
G1 X119.224 Y128.36 E.02358
G1 X118.135 Y128.867 E.03578
G1 X117.402 Y129.167 E.0236
G1 X116.509 Y129.487 E.02824
G1 X115.511 Y129.793 E.03111
G1 X114.348 Y130.081 E.03567
G1 X113.42 Y130.259 E.02815
G1 X112.383 Y130.408 E.0312
G1 X111.595 Y130.484 E.02358
G1 X110.397 Y130.542 E.03574
G1 X109.452 Y130.538 E.02815
G1 X108.406 Y130.484 E.0312
G1 X107.617 Y130.408 E.02359
G1 X106.432 Y130.234 E.03568
G1 X105.262 Y129.992 E.0356
G1 X104.104 Y129.682 E.03569
G1 X103.351 Y129.441 E.02356
G1 X102.227 Y129.019 E.03578
G1 X101.5 Y128.706 E.02356
G1 X100.423 Y128.178 E.03574
G1 X99.598 Y127.717 E.02815
G1 X98.708 Y127.165 E.0312
G1 X98.055 Y126.717 E.02358
G1 X97.098 Y125.991 E.03578
G1 X96.49 Y125.48 E.02365
G1 X95.902 Y124.947 E.02365
G1 X95.055 Y124.1 E.03568
G1 X94.259 Y123.205 E.03569
G1 X93.762 Y122.589 E.02356
G1 X93.055 Y121.62 E.03574
G1 X92.539 Y120.828 E.02815
G1 X92.009 Y119.924 E.0312
G1 X91.64 Y119.224 E.02358
G1 X91.133 Y118.135 E.03578
G1 X90.833 Y117.402 E.0236
G1 X90.513 Y116.509 E.02824
G1 X90.207 Y115.511 E.03111
G1 X89.919 Y114.348 E.03567
G1 X89.741 Y113.42 E.02815
G1 X89.592 Y112.383 E.0312
G1 X89.516 Y111.595 E.02358
G1 X89.458 Y110.397 E.03574
G1 X89.462 Y109.452 E.02815
G1 X89.516 Y108.406 E.0312
G1 X89.592 Y107.617 E.02359
G1 X89.766 Y106.432 E.03568
G1 X90.008 Y105.262 E.0356
G1 X90.318 Y104.104 E.03569
G1 X90.56 Y103.348 E.02365
G1 X90.832 Y102.602 E.02365
G1 X91.295 Y101.498 E.03568
G1 X91.822 Y100.423 E.03565
G1 X92.283 Y99.598 E.02815
G1 X92.835 Y98.708 E.0312
G1 X93.283 Y98.055 E.02358
G1 X94.009 Y97.098 E.03578
G1 X94.518 Y96.492 E.02356
G1 X95.334 Y95.611 E.03577
G1 X95.898 Y95.057 E.02355
G1 X96.795 Y94.259 E.03578
G1 X97.411 Y93.762 E.02356
G1 X98.38 Y93.055 E.03574
G1 X99.172 Y92.539 E.02815
G1 X100.076 Y92.009 E.0312
G1 X100.776 Y91.64 E.02358
G1 X101.865 Y91.133 E.03578
G1 X102.598 Y90.833 E.0236
G1 X103.491 Y90.513 E.02824
G1 X104.489 Y90.207 E.03111
G1 X105.652 Y89.919 E.03567
G1 X106.58 Y89.741 E.02815
G1 X107.617 Y89.592 E.0312
G1 X108.405 Y89.516 E.02358
G1 X109.605 Y89.458 E.03579
G1 X110.398 Y89.458 E.02364
G1 X111.192 Y89.488 E.02365
G1 X112.385 Y89.593 E.03568
G1 X113.571 Y89.766 E.03569
G1 X114.35 Y89.919 E.02365
G1 X115.122 Y90.102 E.02365
G1 X116.276 Y90.436 E.03578
G1 X117.024 Y90.692 E.02356
G1 X118.138 Y91.134 E.03569
G1 X119.224 Y91.641 E.03569
G1 X119.924 Y92.009 E.02357
G1 X120.958 Y92.62 E.03577
G1 X121.619 Y93.054 E.02356
G1 X122.589 Y93.762 E.03578
G1 X123.205 Y94.259 E.02356
G1 X124.1 Y95.055 E.03569
G1 X124.945 Y95.9 E.0356
G1 X125.741 Y96.795 E.03569
G1 X126.238 Y97.411 E.02356
G1 X126.945 Y98.38 E.03574
G1 X127.461 Y99.172 E.02815
G1 X127.991 Y100.076 E.0312
G1 X128.36 Y100.776 E.02358
G1 X128.867 Y101.865 E.03578
G1 X129.167 Y102.598 E.0236
G1 X129.487 Y103.491 E.02824
G1 X129.793 Y104.489 E.03111
G1 X130.081 Y105.652 E.03567
G1 X130.259 Y106.58 E.02815
G1 X130.412 Y107.661 E.03252
G1 X130.489 Y108.507 E.02531
G1 X130.542 Y109.655 E.03421
G1 X130.542 Y109.741 E.00257
G1 X130.955 Y109.783 F24000
M204 P4000
;TYPE:Outer wall
;WIDTH:0.419999
G1 F12000
G1 X130.952 Y110.56 E.02144
G1 X130.897 Y111.625 E.02943
G1 X130.818 Y112.433 E.02239
G1 X130.641 Y113.64 E.03366
G1 X130.395 Y114.834 E.03364
G1 X130.079 Y116.012 E.03367
G1 X129.832 Y116.784 E.02237
G1 X129.403 Y117.928 E.0337
G1 X129.082 Y118.673 E.02237
G1 X128.544 Y119.769 E.03368
G1 X128.074 Y120.612 E.02665
G1 X127.511 Y121.518 E.02942
G1 X127.053 Y122.187 E.02238
G1 X126.314 Y123.16 E.0337
G1 X125.792 Y123.782 E.0224
G1 X125.246 Y124.383 E.02241
G1 X124.384 Y125.246 E.03366
G1 X123.472 Y126.057 E.03367
G1 X122.841 Y126.566 E.02237
G1 X121.855 Y127.285 E.03368
G1 X121.045 Y127.812 E.02665
G1 X120.125 Y128.352 E.02942
G1 X119.408 Y128.73 E.02238
G1 X118.301 Y129.246 E.03369
G1 X117.55 Y129.553 E.02239
G1 X116.64 Y129.879 E.02668
G1 X115.621 Y130.192 E.0294
G1 X114.437 Y130.485 E.03366
G1 X113.488 Y130.667 E.02665
G1 X112.433 Y130.818 E.02943
G1 X111.625 Y130.897 E.02238
G1 X110.406 Y130.956 E.03368
G1 X109.44 Y130.952 E.02665
G1 X108.375 Y130.897 E.02943
G1 X107.567 Y130.818 E.02239
G1 X106.36 Y130.641 E.03366
G1 X105.166 Y130.395 E.03364
G1 X103.988 Y130.079 E.03367
G1 X103.216 Y129.832 E.02237
G1 X102.072 Y129.403 E.0337
G1 X101.327 Y129.082 E.02237
G1 X100.231 Y128.544 E.03368
G1 X99.388 Y128.074 E.02665
G1 X98.482 Y127.511 E.02942
G1 X97.813 Y127.053 E.02238
G1 X96.84 Y126.314 E.0337
G1 X96.218 Y125.792 E.0224
G1 X95.617 Y125.246 E.02241
G1 X94.754 Y124.384 E.03366
G1 X93.943 Y123.472 E.03367
G1 X93.434 Y122.841 E.02237
G1 X92.715 Y121.855 E.03368
G1 X92.188 Y121.045 E.02665
G1 X91.648 Y120.125 E.02942
G1 X91.27 Y119.408 E.02238
G1 X90.754 Y118.301 E.03369
G1 X90.447 Y117.55 E.02239
G1 X90.121 Y116.64 E.02668
G1 X89.808 Y115.621 E.0294
G1 X89.515 Y114.437 E.03366
G1 X89.333 Y113.488 E.02665
G1 X89.182 Y112.433 E.02943
G1 X89.103 Y111.625 E.02238
G1 X89.044 Y110.406 E.03368
G1 X89.048 Y109.44 E.02665
G1 X89.103 Y108.375 E.02943
G1 X89.182 Y107.567 E.02239
G1 X89.359 Y106.36 E.03366
G1 X89.605 Y105.166 E.03364
G1 X89.921 Y103.988 E.03367
G1 X90.169 Y103.215 E.0224
G1 X90.447 Y102.451 E.02241
G1 X90.919 Y101.327 E.03366
G1 X91.456 Y100.231 E.03365
G1 X91.926 Y99.388 E.02665
G1 X92.489 Y98.482 E.02942
G1 X92.947 Y97.813 E.02238
G1 X93.686 Y96.84 E.0337
G1 X94.208 Y96.219 E.02238
G1 X95.037 Y95.323 E.03369
G1 X95.616 Y94.755 E.02237
G1 X96.528 Y93.943 E.0337
G1 X97.159 Y93.434 E.02237
G1 X98.145 Y92.715 E.03368
G1 X98.955 Y92.188 E.02665
G1 X99.875 Y91.648 E.02942
G1 X100.592 Y91.27 E.02238
G1 X101.699 Y90.754 E.03369
G1 X102.45 Y90.447 E.02239
G1 X103.36 Y90.121 E.02668
G1 X104.379 Y89.808 E.0294
G1 X105.563 Y89.515 E.03366
G1 X106.512 Y89.333 E.02665
G1 X107.567 Y89.182 E.02943
G1 X108.375 Y89.103 E.02238
G1 X109.595 Y89.044 E.0337
G1 X110.406 Y89.044 E.02239
G1 X111.218 Y89.075 E.02241
G1 X112.433 Y89.182 E.03366
G1 X113.641 Y89.359 E.03367
G1 X114.437 Y89.515 E.0224
G1 X115.227 Y89.702 E.0224
G1 X116.401 Y90.041 E.0337
G1 X117.168 Y90.304 E.02237
G1 X118.302 Y90.754 E.03367
G1 X119.408 Y91.27 E.03367
G1 X120.125 Y91.648 E.02238
G1 X121.177 Y92.269 E.03369
G1 X121.854 Y92.714 E.02237
G1 X122.841 Y93.434 E.0337
G1 X123.472 Y93.943 E.02237
G1 X124.384 Y94.754 E.03367
G1 X125.246 Y95.616 E.03364
G1 X126.057 Y96.528 E.03367
G1 X126.566 Y97.159 E.02237
G1 X127.285 Y98.145 E.03368
G1 X127.812 Y98.955 E.02665
G1 X128.352 Y99.875 E.02942
G1 X128.73 Y100.592 E.02238
G1 X129.246 Y101.699 E.03369
G1 X129.553 Y102.45 E.02239
G1 X129.879 Y103.36 E.02668
G1 X130.192 Y104.379 E.0294
G1 X130.485 Y105.563 E.03366
G1 X130.667 Y106.512 E.02665
G1 X130.824 Y107.621 E.03091
G1 X130.902 Y108.487 E.024
G1 X130.956 Y109.656 E.0323
G1 X130.955 Y109.743 E.00238
G1 E-1 F2400
;WIPE_START
G1 F12000
G1 X130.952 Y110.56
G1 X130.897 Y111.625
G1 X130.886 Y111.741
;WIPE_END
G1 Z7.4 F24000
G1 X95.828 Y101.219 Z7.4
G1 Z7.2
G1 E1 F2700
M204 P5000
;TYPE:Inner wall
;WIDTH:0.449999
G1 F15074.133
G1 X95.858 Y101.168 E.00174
G1 X96.267 Y100.545 E.02221
G1 X96.922 Y99.657 E.03286
G1 X97.407 Y99.072 E.02264
G1 X97.908 Y98.52 E.02221
G1 X98.434 Y97.991 E.02221
G1 X98.982 Y97.485 E.02222
G1 X99.82 Y96.796 E.03231
G1 X100.447 Y96.335 E.0232
G1 X101.068 Y95.921 E.02222
G1 X101.999 Y95.373 E.03218
G1 X102.525 Y95.1 E.01765
G1 X103.371 Y94.701 E.02788
G1 X104.021 Y94.437 E.02088
G1 X104.75 Y94.175 E.02307
G1 X105.477 Y93.952 E.02268
G1 X106.2 Y93.765 E.02222
G1 X107.277 Y93.551 E.03271
G1 X108.034 Y93.443 E.0228
G1 X108.729 Y93.376 E.0208
G1 X109.521 Y93.333 E.02362
G1 X110.267 Y93.329 E.02221
G1 X110.994 Y93.357 E.02169
G1 X111.755 Y93.419 E.02273
G1 X112.494 Y93.514 E.02222
G1 X113.584 Y93.717 E.03302
G1 X114.168 Y93.859 E.0179
G1 X115.033 Y94.105 E.02679
G1 X115.726 Y94.341 E.02179
G1 X116.641 Y94.711 E.02939
G1 X117.45 Y95.083 E.02654
G1 X118.074 Y95.413 E.02104
G1 X118.752 Y95.808 E.02338
G1 X119.378 Y96.214 E.02221
G1 X119.985 Y96.647 E.02222
G1 X120.737 Y97.25 E.02871
G1 X121.412 Y97.844 E.02679
G1 X121.944 Y98.367 E.02221
G1 X122.453 Y98.912 E.02221
G1 X123.152 Y99.764 E.03283
G1 X123.608 Y100.365 E.02248
G1 X124.029 Y100.989 E.02241
G1 X124.418 Y101.625 E.02221
G1 X124.778 Y102.278 E.02221
G1 X125.108 Y102.947 E.02222
G1 X125.544 Y103.969 E.0331
G1 X125.801 Y104.676 E.02241
G1 X126.023 Y105.388 E.02221
G1 X126.213 Y106.109 E.02221
G1 X126.371 Y106.837 E.02221
G1 X126.496 Y107.573 E.02221
G1 X126.621 Y108.677 E.0331
G1 X126.664 Y109.428 E.02241
G1 X126.673 Y110.173 E.02221
G1 X126.648 Y110.919 E.02221
G1 X126.59 Y111.662 E.02221
G1 X126.499 Y112.402 E.02221
G1 X126.414 Y112.908 E.01528
G1 X126.219 Y113.866 E.02914
G1 X125.954 Y114.835 E.02992
G1 X125.772 Y115.395 E.01754
G1 X125.418 Y116.347 E.03025
G1 X124.961 Y117.36 E.0331
G1 X124.614 Y118.028 E.02241
G1 X124.24 Y118.673 E.02221
G1 X123.911 Y119.187 E.01818
G1 X123.188 Y120.202 E.03713
G1 X122.714 Y120.787 E.02241
G1 X122.219 Y121.344 E.02221
G1 X121.7 Y121.879 E.02221
G1 X121.157 Y122.39 E.02221
G1 X120.689 Y122.793 E.0184
G1 X120.213 Y123.175 E.01818
G1 X119.408 Y123.756 E.02957
G1 X118.79 Y124.164 E.02204
G1 X118.038 Y124.604 E.02596
G1 X117.494 Y124.89 E.0183
G1 X116.57 Y125.322 E.03038
G1 X115.999 Y125.553 E.01837
G1 X115.289 Y125.803 E.02241
G1 X114.708 Y125.995 E.01821
G1 X113.982 Y126.191 E.02241
G1 X113.254 Y126.353 E.02221
G1 X112.52 Y126.482 E.02222
G1 X111.416 Y126.613 E.0331
G1 X110.665 Y126.66 E.02241
G1 X109.92 Y126.673 E.02221
G1 X109.174 Y126.653 E.02222
G1 X108.067 Y126.561 E.0331
G1 X107.321 Y126.457 E.02242
G1 X106.231 Y126.242 E.0331
G1 X105.502 Y126.055 E.02241
G1 X104.789 Y125.838 E.02221
G1 X104.086 Y125.589 E.02221
G1 X103.395 Y125.309 E.02221
G1 X102.717 Y124.999 E.02221
G1 X101.734 Y124.48 E.0331
G1 X101.09 Y124.093 E.02241
G1 X100.468 Y123.68 E.02221
G1 X99.866 Y123.24 E.02222
G1 X99.007 Y122.536 E.0331
G1 X98.55 Y122.117 E.01844
G1 X97.857 Y121.416 E.02938
G1 X97.198 Y120.682 E.02938
G1 X96.818 Y120.205 E.01818
G1 X96.281 Y119.476 E.02694
G1 X95.871 Y118.854 E.02221
G1 X95.49 Y118.213 E.02221
G1 X95.129 Y117.542 E.02269
G1 X94.67 Y116.556 E.03239
G1 X94.442 Y115.988 E.01824
G1 X94.18 Y115.26 E.02304
G1 X93.928 Y114.439 E.02559
G1 X93.745 Y113.71 E.0224
G1 X93.595 Y112.979 E.02221
G1 X93.478 Y112.243 E.02221
G1 X93.378 Y111.26 E.02944
G1 X93.331 Y110.386 E.02607
G1 X93.33 Y109.64 E.02221
G1 X93.363 Y108.895 E.02221
G1 X93.429 Y108.153 E.02221
G1 X93.528 Y107.414 E.02221
G1 X93.661 Y106.68 E.02222
G1 X93.918 Y105.599 E.0331
G1 X94.133 Y104.878 E.02241
G1 X94.378 Y104.174 E.02221
G1 X94.654 Y103.481 E.02222
G1 X95.122 Y102.473 E.0331
G1 X95.477 Y101.81 E.02241
G1 X95.807 Y101.253 E.01928
G1 X96.183 Y101.43 F24000
M204 P4000
;TYPE:Outer wall
;WIDTH:0.419999
G1 F12000
G1 X96.213 Y101.38 E.0016
G1 X96.612 Y100.772 E.02007
G1 X97.255 Y99.903 E.0298
G1 X97.725 Y99.336 E.02034
G1 X98.214 Y98.798 E.02006
G1 X98.727 Y98.282 E.02006
G1 X99.262 Y97.79 E.02007
G1 X100.082 Y97.116 E.02929
G1 X100.691 Y96.668 E.02085
G1 X101.297 Y96.265 E.02007
G1 X102.208 Y95.729 E.02918
G1 X102.714 Y95.467 E.01572
G1 X103.544 Y95.077 E.02531
G1 X104.176 Y94.82 E.01883
G1 X104.888 Y94.565 E.02086
G1 X105.598 Y94.347 E.0205
G1 X106.303 Y94.166 E.02007
G1 X107.357 Y93.957 E.02966
G1 X108.092 Y93.852 E.02048
G1 X108.769 Y93.788 E.01876
G1 X109.542 Y93.746 E.02137
G1 X110.269 Y93.742 E.02006
G1 X110.978 Y93.77 E.01958
G1 X111.72 Y93.831 E.02054
G1 X112.441 Y93.924 E.02007
G1 X113.509 Y94.123 E.02995
G1 X114.07 Y94.26 E.01595
G1 X114.917 Y94.501 E.0243
G1 X115.592 Y94.732 E.01968
G1 X116.485 Y95.094 E.02659
G1 X117.273 Y95.457 E.02394
G1 X117.881 Y95.779 E.01898
G1 X118.543 Y96.165 E.02114
G1 X119.153 Y96.561 E.02006
G1 X119.745 Y96.984 E.02007
G1 X120.479 Y97.572 E.02596
G1 X121.136 Y98.152 E.02418
G1 X121.654 Y98.662 E.02006
G1 X122.15 Y99.194 E.02006
G1 X122.621 Y99.748 E.02007
G1 X123.278 Y100.615 E.03002
G1 X123.686 Y101.22 E.02012
G1 X124.064 Y101.841 E.02006
G1 X124.415 Y102.477 E.02006
G1 X124.737 Y103.13 E.02007
G1 X125.164 Y104.131 E.03002
G1 X125.412 Y104.816 E.02012
G1 X125.628 Y105.511 E.02006
G1 X125.813 Y106.214 E.02006
G1 X125.966 Y106.925 E.02006
G1 X126.088 Y107.642 E.02007
G1 X126.21 Y108.723 E.03002
G1 X126.251 Y109.451 E.02012
G1 X126.259 Y110.178 E.02006
G1 X126.235 Y110.905 E.02006
G1 X126.178 Y111.63 E.02006
G1 X126.089 Y112.351 E.02006
G1 X125.968 Y113.068 E.02006
G1 X125.815 Y113.779 E.02007
G1 X125.555 Y114.726 E.02708
G1 X125.38 Y115.264 E.01561
G1 X125.032 Y116.198 E.02751
G1 X124.584 Y117.19 E.03002
G1 X124.247 Y117.836 E.02012
G1 X123.882 Y118.465 E.02006
G1 X123.563 Y118.964 E.01633
G1 X122.853 Y119.96 E.03376
G1 X122.393 Y120.526 E.02012
G1 X121.91 Y121.07 E.02006
G1 X121.403 Y121.591 E.02006
G1 X120.874 Y122.089 E.02006
G1 X120.419 Y122.48 E.01654
G1 X119.958 Y122.85 E.01633
G1 X119.171 Y123.417 E.02676
G1 X118.573 Y123.812 E.01978
G1 X117.836 Y124.243 E.02354
G1 X117.309 Y124.52 E.01644
G1 X116.402 Y124.944 E.02762
G1 X115.847 Y125.168 E.01651
G1 X115.159 Y125.41 E.02013
G1 X114.579 Y125.602 E.01687
G1 X113.875 Y125.792 E.02012
G1 X113.165 Y125.949 E.02006
G1 X112.448 Y126.075 E.02007
G1 X111.368 Y126.202 E.03002
G1 X110.64 Y126.247 E.02012
G1 X109.913 Y126.26 E.02006
G1 X109.186 Y126.24 E.02007
G1 X108.101 Y126.149 E.03002
G1 X107.379 Y126.047 E.02013
G1 X106.312 Y125.836 E.03003
G1 X105.605 Y125.655 E.02012
G1 X104.91 Y125.443 E.02006
G1 X104.225 Y125.2 E.02006
G1 X103.551 Y124.926 E.02006
G1 X102.89 Y124.623 E.02007
G1 X101.928 Y124.115 E.03003
G1 X101.303 Y123.739 E.02012
G1 X100.697 Y123.336 E.02006
G1 X100.11 Y122.907 E.02007
G1 X99.269 Y122.216 E.03002
G1 X98.83 Y121.813 E.01645
G1 X98.153 Y121.128 E.02657
G1 X97.51 Y120.411 E.02658
G1 X97.142 Y119.948 E.01633
G1 X96.616 Y119.234 E.02445
G1 X96.217 Y118.627 E.02006
G1 X95.845 Y118.002 E.02006
G1 X95.499 Y117.357 E.0202
G1 X95.045 Y116.382 E.02968
G1 X94.826 Y115.835 E.01626
G1 X94.571 Y115.124 E.02083
G1 X94.325 Y114.32 E.02319
G1 X94.146 Y113.609 E.02024
G1 X94 Y112.897 E.02006
G1 X93.887 Y112.178 E.02007
G1 X93.789 Y111.218 E.02663
G1 X93.744 Y110.367 E.02351
G1 X93.744 Y109.64 E.02006
G1 X93.776 Y108.914 E.02006
G1 X93.841 Y108.19 E.02006
G1 X93.938 Y107.469 E.02006
G1 X94.067 Y106.753 E.02007
G1 X94.32 Y105.695 E.03002
G1 X94.529 Y104.996 E.02012
G1 X94.768 Y104.31 E.02006
G1 X95.038 Y103.634 E.02007
G1 X95.497 Y102.648 E.03002
G1 X95.841 Y102.005 E.02012
G1 X96.163 Y101.464 E.01735
G1 E-1 F2400
;WIPE_START
G1 F12000
G1 X96.213 Y101.38
G1 X96.612 Y100.772
G1 X97.255 Y99.903
G1 X97.315 Y99.831
;WIPE_END
G1 Z7.4 F24000
G1 X126.18 Y122.453 Z7.4
G1 Z7.2
G1 E1 F2700
M204 P5000
;TYPE:Top surface
;WIDTH:0.421432
G1 F15000
G1 X122.424 Y126.209 E.14714
G1 E-1 F2400
M73 P95 R0
;WIPE_START
G1 F12000
G1 X123.838 Y124.795
;WIPE_END
G1 Z7.4 F24000
G1 X120.704 Y127.393 Z7.4
G1 Z7.2
G1 E1 F2700
G1 F15000
G1 X127.379 Y120.718 E.26145
G1 X128.099 Y119.463 F24000
G1 F15000
G1 X119.467 Y128.095 E.33811
G1 X118.431 Y128.596 F24000
G1 F15000
G1 X128.61 Y118.417 E.39872
G1 X128.993 Y117.498 F24000
G1 F15000
G1 X117.492 Y129 E.4505
G1 X116.647 Y129.309 F24000
G1 F15000
G1 X129.315 Y116.642 E.49618
G1 X129.569 Y115.852 F24000
G1 F15000
G1 X115.861 Y129.56 E.53692
G1 X115.12 Y129.766 F24000
G1 F15000
G1 X129.765 Y115.121 E.57363
G1 X129.936 Y114.414 F24000
G1 F15000
G1 X114.409 Y129.942 E.60819
G1 X113.741 Y130.074 F24000
G1 F15000
G1 X130.075 Y113.74 E.63981
G1 X130.181 Y113.099 F24000
G1 F15000
G1 X123.985 Y119.295 E.24268
G1 X124.785 Y117.959 F24000
G1 F15000
G1 X130.273 Y112.472 E.21493
G1 X130.336 Y111.873 F24000
G1 F15000
G1 X125.294 Y116.915 E.19748
G1 X125.686 Y115.988 F24000
G1 F15000
G1 X130.379 Y111.295 E.18382
G1 X130.408 Y110.731 F24000
G1 F15000
G1 X125.978 Y115.16 E.1735
G1 X126.196 Y114.407 F24000
G1 F15000
G1 X130.419 Y110.184 E.16541
G1 X130.422 Y109.646 F24000
G1 F15000
G1 X126.38 Y113.688 E.1583
G1 X126.518 Y113.014 F24000
G1 F15000
G1 X130.399 Y109.134 E.152
G1 X130.374 Y108.623 F24000
G1 F15000
G1 X126.624 Y112.373 E.14687
G1 X126.7 Y111.762 F24000
G1 F15000
G1 X130.336 Y108.126 E.14242
G1 X130.289 Y107.638 F24000
G1 F15000
G1 X126.749 Y111.178 E.13864
G1 X126.779 Y110.613 F24000
G1 F15000
G1 X130.222 Y107.17 E.13485
G1 X130.154 Y106.702 F24000
G1 F15000
G1 X126.792 Y110.065 E.13171
G1 X126.786 Y109.535 F24000
G1 F15000
G1 X130.072 Y106.249 E.12874
G1 X129.986 Y105.799 F24000
G1 F15000
G1 X126.761 Y109.024 E.12631
G1 X126.725 Y108.525 F24000
G1 F15000
G1 X129.886 Y105.365 E.1238
G1 X129.78 Y104.936 F24000
G1 F15000
G1 X126.671 Y108.044 E.12177
G1 X126.616 Y107.563 F24000
G1 F15000
G1 X129.673 Y104.507 E.11972
G1 X129.547 Y104.097 F24000
G1 F15000
G1 X126.539 Y107.106 E.11783
G1 X126.454 Y106.655 F24000
G1 F15000
G1 X129.421 Y103.688 E.11621
G1 X129.286 Y103.288 F24000
G1 F15000
G1 X126.359 Y106.214 E.11463
G1 X126.253 Y105.786 F24000
G1 F15000
G1 X129.145 Y102.894 E.11328
G1 X128.998 Y102.505 F24000
G1 F15000
G1 X126.141 Y105.362 E.11193
G1 X126.014 Y104.954 F24000
G1 F15000
G1 X128.843 Y102.125 E.11081
G1 X128.681 Y101.752 F24000
G1 F15000
G1 X125.883 Y104.55 E.10961
G1 X125.741 Y104.157 F24000
G1 F15000
G1 X128.511 Y101.386 E.10851
G1 X128.341 Y101.021 F24000
G1 F15000
G1 X125.591 Y103.771 E.10771
G1 X125.431 Y103.396 F24000
G1 F15000
G1 X128.164 Y100.663 E.10703
G1 X127.979 Y100.313 F24000
G1 F15000
G1 X125.271 Y103.02 E.10606
G1 X125.099 Y102.657 F24000
G1 F15000
G1 X127.788 Y99.968 E.1053
G1 X127.59 Y99.631 F24000
G1 F15000
G1 X124.923 Y102.298 E.10447
G1 X124.735 Y101.951 F24000
G1 F15000
G1 X127.392 Y99.294 E.10409
G1 X127.183 Y98.967 F24000
G1 F15000
G1 X124.545 Y101.606 E.10334
G1 X124.343 Y101.272 F24000
G1 F15000
G1 X126.972 Y98.643 E.10297
G1 X126.755 Y98.325 F24000
G1 F15000
G1 X124.14 Y100.94 E.10242
G1 X123.925 Y100.619 F24000
G1 F15000
G1 X126.529 Y98.015 E.10201
G1 X126.303 Y97.706 F24000
G1 F15000
G1 X123.709 Y100.3 E.10161
G1 X123.478 Y99.995 F24000
M73 P96 R0
G1 F15000
G1 X126.074 Y97.4 E.10166
G1 X125.835 Y97.104 F24000
G1 F15000
G1 X123.248 Y99.691 E.10134
G1 X123.015 Y99.388 F24000
G1 F15000
G1 X125.593 Y96.81 E.10096
G1 X125.341 Y96.527 F24000
G1 F15000
G1 X122.769 Y99.098 E.10072
G1 X122.522 Y98.81 F24000
G1 F15000
G1 X125.089 Y96.244 E.10053
G1 X124.836 Y95.962 F24000
G1 F15000
G1 X122.264 Y98.533 E.10072
G1 X122.005 Y98.257 F24000
G1 F15000
G1 X124.568 Y95.694 E.10039
G1 X124.3 Y95.426 F24000
G1 F15000
G1 X121.735 Y97.992 E.10048
G1 X121.463 Y97.728 F24000
G1 F15000
G1 X124.033 Y95.159 E.10065
G1 X123.75 Y94.906 F24000
G1 F15000
G1 X121.181 Y97.475 E.10064
G1 X120.897 Y97.224 F24000
G1 F15000
G1 X123.467 Y94.654 E.10065
G1 X123.184 Y94.402 F24000
G1 F15000
G1 X120.6 Y96.985 E.10119
G1 X120.303 Y96.747 F24000
G1 F15000
G1 X122.89 Y94.16 E.10132
G1 X122.594 Y93.921 F24000
G1 F15000
G1 X120.002 Y96.513 E.1015
G1 X119.691 Y96.289 F24000
G1 F15000
G1 X122.288 Y93.692 E.10173
G1 X121.978 Y93.466 F24000
G1 F15000
G1 X119.375 Y96.069 E.10196
G1 X119.051 Y95.858 F24000
G1 F15000
G1 X121.669 Y93.24 E.10255
G1 X121.351 Y93.023 F24000
G1 F15000
G1 X118.723 Y95.651 E.10296
G1 X118.385 Y95.453 F24000
G1 F15000
G1 X121.028 Y92.81 E.10353
G1 X120.697 Y92.606 F24000
G1 F15000
G1 X118.043 Y95.26 E.10396
G1 X117.693 Y95.075 F24000
G1 F15000
G1 X120.361 Y92.407 E.10449
G1 X120.024 Y92.209 F24000
G1 F15000
G1 X117.336 Y94.897 E.1053
G1 X116.972 Y94.725 F24000
G1 F15000
G1 X119.68 Y92.017 E.10608
G1 X119.33 Y91.833 F24000
G1 F15000
G1 X116.599 Y94.563 E.10696
G1 X116.218 Y94.409 F24000
G1 F15000
G1 X118.971 Y91.656 E.10783
G1 X118.606 Y91.485 F24000
G1 F15000
G1 X115.837 Y94.254 E.10845
G1 X115.44 Y94.116 F24000
G1 F15000
G1 X118.241 Y91.315 E.1097
G1 X117.865 Y91.156 F24000
G1 F15000
G1 X115.04 Y93.981 E.11068
G1 X114.626 Y93.86 F24000
G1 F15000
G1 X117.482 Y91.003 E.11188
G1 X117.099 Y90.851 F24000
G1 F15000
G1 X114.206 Y93.744 E.11332
G1 X113.776 Y93.639 F24000
G1 F15000
G1 X116.705 Y90.71 E.11471
G1 X116.306 Y90.574 F24000
G1 F15000
G1 X113.332 Y93.548 E.1165
G1 X112.881 Y93.463 F24000
G1 F15000
G1 X115.894 Y90.451 E.118
G1 X115.478 Y90.331 F24000
G1 F15000
G1 X112.425 Y93.384 E.11958
G1 X111.951 Y93.322 F24000
G1 F15000
G1 X115.062 Y90.212 E.12183
G1 X114.629 Y90.109 F24000
G1 F15000
G1 X111.464 Y93.274 E.12397
G1 X110.968 Y93.235 F24000
G1 F15000
G1 X114.192 Y90.011 E.12627
G1 X113.744 Y89.923 F24000
G1 F15000
G1 X110.453 Y93.215 E.12894
G1 X109.922 Y93.21 F24000
G1 F15000
G1 X113.286 Y89.847 E.13176
G1 X112.819 Y89.778 F24000
G1 F15000
G1 X109.377 Y93.22 E.13482
G1 X108.813 Y93.249 F24000
G1 F15000
G1 X112.351 Y89.711 E.13859
G1 X111.859 Y89.668 F24000
G1 F15000
G1 X108.224 Y93.303 E.14239
G1 X107.61 Y93.382 F24000
G1 F15000
G1 X111.367 Y89.625 E.14716
G1 X110.858 Y89.598 F24000
G1 F15000
G1 X106.966 Y93.49 E.15243
G1 X106.299 Y93.622 F24000
G1 F15000
G1 X110.34 Y89.581 E.15828
G1 X109.807 Y89.578 F24000
G1 F15000
G1 X105.587 Y93.799 E.16531
G1 X104.826 Y94.025 F24000
G1 F15000
G1 X109.255 Y89.595 E.17349
G1 X108.692 Y89.623 F24000
G1 F15000
G1 X104 Y94.315 E.18379
G1 X103.075 Y94.705 F24000
G1 F15000
G1 X108.114 Y89.665 E.19741
G1 X107.516 Y89.729 F24000
G1 F15000
G1 X102.018 Y95.226 E.21532
G1 X100.663 Y96.046 F24000
G1 F15000
G1 X106.89 Y89.819 E.24391
G1 E-1 F2400
;WIPE_START
G1 F12000
G1 X105.476 Y91.233
;WIPE_END
G1 Z7.4 F24000
G1 X113.097 Y130.183 Z7.4
G1 Z7.2
G1 E1 F2700
G1 F15000
G1 X119.307 Y123.973 E.24325
G1 X117.958 Y124.786 F24000
G1 F15000
G1 X112.471 Y130.273 E.21491
G1 X111.873 Y130.336 F24000
M73 P97 R0
G1 F15000
G1 X116.904 Y125.305 E.19707
G1 X115.987 Y125.687 F24000
G1 F15000
G1 X111.296 Y130.378 E.18374
G1 X110.733 Y130.405 F24000
G1 F15000
G1 X115.169 Y125.969 E.17375
G1 X114.4 Y126.203 F24000
G1 F15000
G1 X110.183 Y130.421 E.16521
G1 X109.65 Y130.418 F24000
G1 F15000
G1 X113.688 Y126.38 E.15818
G1 X113.015 Y126.517 F24000
G1 F15000
G1 X109.132 Y130.401 E.15211
G1 X108.623 Y130.375 F24000
G1 F15000
G1 X112.376 Y126.621 E.14703
G1 X111.77 Y126.693 F24000
G1 F15000
G1 X108.126 Y130.336 E.14271
G1 X107.638 Y130.289 F24000
G1 F15000
G1 X111.178 Y126.749 E.13864
G1 X110.61 Y126.782 F24000
G1 F15000
G1 X107.171 Y130.22 E.13468
G1 X106.704 Y130.152 F24000
G1 F15000
G1 X110.065 Y126.791 E.13164
G1 X109.537 Y126.784 F24000
G1 F15000
G1 X106.248 Y130.073 E.12884
G1 X105.804 Y129.981 F24000
G1 F15000
G1 X109.024 Y126.762 E.1261
G1 X108.53 Y126.72 F24000
G1 F15000
G1 X105.361 Y129.89 E.12413
G1 X104.935 Y129.78 F24000
G1 F15000
G1 X108.036 Y126.679 E.12147
G1 X107.567 Y126.612 F24000
G1 F15000
G1 X104.513 Y129.667 E.11964
G1 X104.093 Y129.552 F24000
G1 F15000
G1 X107.106 Y126.538 E.11804
G1 X106.66 Y126.45 F24000
G1 F15000
G1 X103.687 Y129.422 E.11642
G1 X103.286 Y129.288 F24000
G1 F15000
G1 X106.213 Y126.361 E.11463
G1 X105.786 Y126.252 F24000
G1 F15000
G1 X102.897 Y129.142 E.11317
G1 X102.508 Y128.996 F24000
G1 F15000
G1 X105.364 Y126.139 E.11188
G1 X104.954 Y126.014 F24000
G1 F15000
G1 X102.124 Y128.844 E.11082
G1 X101.75 Y128.682 F24000
G1 F15000
G1 X104.551 Y125.882 E.10969
G1 X104.156 Y125.742 F24000
G1 F15000
G1 X101.383 Y128.514 E.10859
G1 X101.024 Y128.338 F24000
G1 F15000
G1 X103.77 Y125.592 E.10757
G1 X103.39 Y125.437 F24000
G1 F15000
G1 X100.665 Y128.162 E.10672
G1 X100.313 Y127.978 F24000
G1 F15000
G1 X103.021 Y125.27 E.10606
G1 X102.654 Y125.102 F24000
G1 F15000
G1 X99.97 Y127.787 E.10515
G1 X99.627 Y127.594 F24000
G1 F15000
G1 X102.304 Y124.917 E.10483
G1 X101.953 Y124.732 F24000
G1 F15000
G1 X99.297 Y127.389 E.10405
G1 X98.967 Y127.184 F24000
G1 F15000
G1 X101.606 Y124.544 E.10338
G1 X101.272 Y124.343 F24000
G1 F15000
G1 X98.642 Y126.973 E.10302
G1 X98.324 Y126.756 F24000
G1 F15000
G1 X100.941 Y124.139 E.10249
G1 X100.619 Y123.925 F24000
G1 F15000
G1 X98.012 Y126.533 E.10213
G1 X97.707 Y126.302 F24000
G1 F15000
G1 X100.302 Y123.708 E.10161
G1 X99.992 Y123.482 F24000
G1 F15000
G1 X97.403 Y126.071 E.10141
G1 X97.102 Y125.836 F24000
G1 F15000
G1 X99.688 Y123.251 E.10128
G1 X99.394 Y123.009 F24000
G1 F15000
G1 X96.811 Y125.592 E.10116
G1 X96.522 Y125.346 F24000
G1 F15000
G1 X99.1 Y122.768 E.10098
G1 X98.812 Y122.52 F24000
G1 F15000
G1 X96.241 Y125.091 E.1007
G1 X95.962 Y124.836 F24000
G1 F15000
G1 X98.533 Y122.264 E.10073
G1 X98.259 Y122.003 F24000
G1 F15000
G1 X95.694 Y124.568 E.10047
G1 X95.426 Y124.3 F24000
G1 F15000
G1 X97.995 Y121.731 E.10063
G1 X97.732 Y121.46 F24000
G1 F15000
G1 X95.159 Y124.033 E.10078
G1 X94.906 Y123.75 F24000
G1 F15000
G1 X97.474 Y121.183 E.10058
G1 X97.225 Y120.896 F24000
G1 F15000
G1 X94.654 Y123.467 E.1007
G1 X94.402 Y123.184 F24000
G1 F15000
G1 X96.981 Y120.604 E.10105
G1 X96.745 Y120.306 F24000
G1 F15000
G1 X94.16 Y122.89 E.10123
G1 X93.921 Y122.594 F24000
G1 F15000
G1 X96.513 Y120.002 E.10152
G1 X96.289 Y119.691 F24000
G1 F15000
G1 X93.692 Y122.288 E.10171
G1 X93.466 Y121.978 F24000
G1 F15000
G1 X96.07 Y119.375 E.10198
G1 X95.857 Y119.052 F24000
G1 F15000
G1 X93.24 Y121.669 E.10251
G1 X93.024 Y121.35 F24000
G1 F15000
G1 X95.652 Y118.721 E.10297
G1 X95.453 Y118.386 F24000
G1 F15000
G1 X92.812 Y121.026 E.10342
G1 X92.604 Y120.699 F24000
G1 F15000
G1 X95.261 Y118.042 E.10407
G1 X95.075 Y117.693 F24000
G1 F15000
G1 X92.406 Y120.362 E.10452
G1 X92.208 Y120.025 F24000
G1 F15000
G1 X94.899 Y117.333 E.10541
G1 X94.729 Y116.968 F24000
G1 F15000
G1 X92.017 Y119.68 E.10623
G1 X91.833 Y119.33 F24000
G1 F15000
G1 X94.559 Y116.603 E.10681
G1 X94.405 Y116.221 F24000
M73 P98 R0
G1 F15000
G1 X91.656 Y118.971 E.1077
G1 X91.485 Y118.606 F24000
G1 F15000
G1 X94.254 Y115.838 E.10844
G1 X94.116 Y115.44 F24000
G1 F15000
G1 X91.315 Y118.241 E.1097
G1 X91.154 Y117.867 F24000
G1 F15000
G1 X93.982 Y115.039 E.11079
G1 X93.859 Y114.626 F24000
G1 F15000
G1 X90.998 Y117.487 E.11205
G1 X90.852 Y117.098 F24000
G1 F15000
G1 X93.745 Y114.206 E.11329
G1 X93.637 Y113.778 F24000
G1 F15000
G1 X90.711 Y116.704 E.11462
G1 X90.576 Y116.304 F24000
G1 F15000
G1 X93.545 Y113.335 E.11628
G1 X93.458 Y112.886 F24000
G1 F15000
G1 X90.45 Y115.894 E.1178
G1 X90.325 Y115.484 F24000
G1 F15000
G1 X93.385 Y112.424 E.11986
G1 X93.327 Y111.947 F24000
G1 F15000
G1 X90.218 Y115.055 E.12175
G1 X90.112 Y114.626 F24000
G1 F15000
G1 X93.277 Y111.461 E.12397
G1 X93.237 Y110.966 F24000
G1 F15000
G1 X90.012 Y114.191 E.12633
G1 X89.926 Y113.742 F24000
G1 F15000
G1 X93.213 Y110.454 E.12877
G1 X93.21 Y109.922 F24000
G1 F15000
G1 X89.844 Y113.288 E.13184
G1 X89.777 Y112.82 F24000
G1 F15000
G1 X93.221 Y109.376 E.13491
G1 X93.249 Y108.812 F24000
G1 F15000
G1 X89.71 Y112.351 E.13862
G1 X89.663 Y111.864 F24000
G1 F15000
G1 X93.302 Y108.225 E.14252
G1 X93.38 Y107.611 F24000
G1 F15000
G1 X89.625 Y111.366 E.14707
G1 X89.601 Y110.855 F24000
G1 F15000
G1 X93.486 Y106.97 E.15218
G1 X93.629 Y106.292 F24000
G1 F15000
G1 X89.578 Y110.342 E.15864
G1 X89.581 Y109.805 F24000
G1 F15000
G1 X93.797 Y105.589 E.16513
G1 X94.022 Y104.828 F24000
G1 F15000
G1 X89.593 Y109.257 E.17349
G1 X89.622 Y108.693 F24000
G1 F15000
G1 X94.318 Y103.997 E.18396
G1 X94.714 Y103.066 F24000
G1 F15000
G1 X89.665 Y108.114 E.19774
G1 X89.729 Y107.515 F24000
G1 F15000
G1 X95.231 Y102.013 E.21552
G1 X96.043 Y100.666 F24000
G1 F15000
G1 X89.821 Y106.888 E.2437
G1 X89.928 Y106.246 F24000
G1 F15000
G1 X106.246 Y89.928 E.63916
G1 X105.576 Y90.062 F24000
G1 F15000
G1 X90.067 Y105.572 E.60749
G1 X90.239 Y104.864 F24000
G1 F15000
G1 X104.865 Y90.238 E.57289
G1 X104.122 Y90.445 F24000
G1 F15000
G1 X90.435 Y104.132 E.53611
G1 X90.691 Y103.342 F24000
G1 F15000
G1 X103.336 Y90.697 E.49528
G1 X102.489 Y91.008 F24000
G1 F15000
G1 X91.011 Y102.486 E.44957
G1 X91.399 Y101.563 F24000
G1 F15000
G1 X101.548 Y91.413 E.39755
G1 X100.509 Y91.918 F24000
G1 F15000
G1 X91.911 Y100.515 E.33676
G1 X92.639 Y99.252 F24000
G1 F15000
G1 X99.269 Y92.623 E.25967
G1 E-1 F2400
;WIPE_START
G1 F12000
G1 X97.854 Y94.037
;WIPE_END
G1 Z7.4 F24000
G1 X97.535 Y93.821 Z7.4
G1 Z7.2
G1 E1 F2700
G1 F15000
G1 X93.855 Y97.501 E.14414
; stop printing object Генератор.stl id:0 copy 0
G1 E-1 F2400
;WIPE_START
G1 F12000
G1 X95.269 Y96.087
;WIPE_END
M486 S-1
M106 S0
;TYPE:Custom
; filament end gcode 
G92 E0 ;Reset Extruder
G1 E-1.2 Z7.7 F1800 ;Retract and raise Z

G1 Z32.2 F900 ;Raise Z more


G1 X2 Y218 F3000 ;Present print
M73 P99 R0
M106 S0 ;Turn-off fan
M104 S0 ;Turn-off hotend
M140 S0 ;Turn-off bed

M84 X Y E ;Disable all steppers but Z
M73 P100 R0
; EXECUTABLE_BLOCK_END

; filament used [mm] = 1006.19
; filament used [cm3] = 2.42
; filament used [g] = 3.00
; filament cost = 0.06
; total filament used [g] = 3.00
; total filament cost = 0.06
; total layers count = 36
; estimated printing time (normal mode) = 7m 5s
; estimated first layer printing time (normal mode) = 10s

; CONFIG_BLOCK_START
; accel_to_decel_enable = 0
; accel_to_decel_factor = 50%
; activate_air_filtration = 0
; activate_chamber_temp_control = 0
; adaptive_bed_mesh_margin = 0
; adaptive_pressure_advance = 0
; adaptive_pressure_advance_bridges = 0
; adaptive_pressure_advance_model = "0,0,0\n0,0,0"
; adaptive_pressure_advance_overhangs = 0
; additional_cooling_fan_speed = 70
; align_infill_direction_to_model = 0
; alternate_extra_wall = 0
; auxiliary_fan = 0
; bbl_calib_mark_logo = 1
; bbl_use_printhost = 0
; bed_custom_model = 
; bed_custom_texture = 
; bed_exclude_area = 0x0
; bed_mesh_max = 99999,99999
; bed_mesh_min = -99999,-99999
; bed_mesh_probe_distance = 50,50
; before_layer_change_gcode = ;BEFORE_LAYER_CHANGE\n;[layer_z]\nG92 E0\n
; best_object_pos = 0.5,0.5
; bottom_shell_layers = 4
; bottom_shell_thickness = 0
; bottom_solid_infill_flow_ratio = 1
; bottom_surface_density = 100%
; bottom_surface_pattern = monotonic
; bridge_acceleration = 50%
; bridge_angle = 0
; bridge_density = 100%
; bridge_flow = 1
; bridge_no_support = 0
; bridge_speed = 65
; brim_ears_detection_length = 1
; brim_ears_max_angle = 125
; brim_object_gap = 0.1
; brim_type = no_brim
; brim_width = 5
; calib_flowrate_topinfill_special_order = 0
; chamber_temperature = 0
; change_extrusion_role_gcode = 
; change_filament_gcode = M600
; close_fan_the_first_x_layers = 1
; complete_print_exhaust_fan_speed = 80
; cool_plate_temp = 55
; cool_plate_temp_initial_layer = 55
; cooling_tube_length = 5
; cooling_tube_retraction = 91.5
; counterbore_hole_bridging = none
; curr_bed_type = High Temp Plate
; default_acceleration = 5000
; default_bed_type = 
; default_filament_colour = ""
; default_filament_profile = "Creality Generic PLA @Ender-3V3-all"
; default_jerk = 7
; default_junction_deviation = 0
; default_print_profile = 0.20mm Standard @Creality Ender3V3KE
; deretraction_speed = 0
; detect_narrow_internal_solid_infill = 1
; detect_overhang_wall = 1
; detect_thin_wall = 1
; different_settings_to_system = elefant_foot_compensation;enable_support;support_style;support_threshold_angle;support_type;xy_contour_compensation;xy_hole_compensation;enable_pressure_advance;filament_deretraction_speed;filament_flow_ratio;filament_retraction_length;filament_retraction_speed;nozzle_temperature;nozzle_temperature_initial_layer;nozzle_temperature_range_high;pressure_advance;slow_down_layer_time;slow_down_min_speed;gcode_flavor;thumbnails
; disable_m73 = 0
; dont_filter_internal_bridges = disabled
; dont_slow_down_outer_wall = 0
; draft_shield = disabled
; during_print_exhaust_fan_speed = 60
; elefant_foot_compensation = 0.1
; elefant_foot_compensation_layers = 1
; emit_machine_limits_to_gcode = 1
; enable_arc_fitting = 0
; enable_extra_bridge_layer = disabled
; enable_filament_ramming = 1
; enable_long_retraction_when_cut = 0
; enable_overhang_bridge_fan = 1
; enable_overhang_speed = 1
; enable_pressure_advance = 1
; enable_prime_tower = 0
; enable_support = 1
; enforce_support_layers = 0
; eng_plate_temp = 55
; eng_plate_temp_initial_layer = 55
; ensure_vertical_shell_thickness = ensure_all
; exclude_object = 1
; extra_loading_move = -2
; extra_perimeters_on_overhangs = 0
; extra_solid_infills = 
; extruder_clearance_height_to_lid = 34
; extruder_clearance_height_to_rod = 47
; extruder_clearance_radius = 90
; extruder_colour = #26A69A
; extruder_offset = 0x0
; extrusion_rate_smoothing_external_perimeter_only = 0
; fan_cooling_layer_time = 100
; fan_kickstart = 0
; fan_max_speed = 100
; fan_min_speed = 100
; fan_speedup_overhangs = 1
; fan_speedup_time = 0
; filament_colour = #26A69A
; filament_cooling_final_speed = 3.4
; filament_cooling_initial_speed = 2.2
; filament_cooling_moves = 4
; filament_cost = 20
; filament_density = 1.24
; filament_deretraction_speed = 45
; filament_diameter = 1.75
; filament_end_gcode = "; filament end gcode \n"
; filament_flow_ratio = 0.88
; filament_ids = GFL99
; filament_is_support = 0
; filament_loading_speed = 28
; filament_loading_speed_start = 3
; filament_max_volumetric_speed = 18
; filament_minimal_purge_on_wipe_tower = 15
; filament_multitool_ramming = 0
; filament_multitool_ramming_flow = 10
; filament_multitool_ramming_volume = 10
; filament_notes = ""
; filament_ramming_parameters = "120 100 6.6 6.8 7.2 7.6 7.9 8.2 8.7 9.4 9.9 10.0| 0.05 6.6 0.45 6.8 0.95 7.8 1.45 8.3 1.95 9.7 2.45 10 2.95 7.6 3.45 7.6 3.95 7.6 4.45 7.6 4.95 7.6"
; filament_retraction_length = 1
; filament_retraction_speed = 40
; filament_settings_id = MyPLA_NIT
; filament_shrink = 100%
; filament_shrinkage_compensation_z = 100%
; filament_soluble = 0
; filament_stamping_distance = 0
; filament_stamping_loading_speed = 0
; filament_start_gcode = "; filament start gcode\n"
; filament_toolchange_delay = 0
; filament_type = PLA
; filament_unloading_speed = 90
; filament_unloading_speed_start = 100
; filament_vendor = Generic
; filename_format = {input_filename_base}_{filament_type[initial_tool]}_{print_time}.gcode
; fill_multiline = 1
; filter_out_gap_fill = 0
; first_layer_print_sequence = 0
; flush_into_infill = 0
; flush_into_objects = 0
; flush_into_support = 1
; flush_multiplier = 0
; flush_volumes_matrix = 0
; flush_volumes_vector = 140,140
; full_fan_speed_layer = 0
; fuzzy_skin = none
; fuzzy_skin_first_layer = 0
; fuzzy_skin_mode = displacement
; fuzzy_skin_noise_type = classic
; fuzzy_skin_octaves = 4
; fuzzy_skin_persistence = 0.5
; fuzzy_skin_point_distance = 0.3
; fuzzy_skin_scale = 1
; fuzzy_skin_thickness = 0.2
; gap_fill_target = nowhere
; gap_infill_speed = 200
; gcode_add_line_number = 0
; gcode_comments = 0
; gcode_flavor = marlin2
; gcode_label_objects = 1
; has_scarf_joint_seam = 0
; head_wrap_detect_zone = 
; high_current_on_filament_swap = 0
; hole_to_polyhole = 0
; hole_to_polyhole_threshold = 0.01
; hole_to_polyhole_twisted = 1
; host_type = octoprint
; hot_plate_temp = 55
; hot_plate_temp_initial_layer = 55
; idle_temperature = 0
; independent_support_layer_height = 1
; infill_anchor = 400%
; infill_anchor_max = 20
; infill_combination = 0
; infill_combination_max_layer_height = 100%
; infill_direction = 45
; infill_jerk = 7
; infill_lock_depth = 1
; infill_overhang_angle = 60
; infill_shift_step = 0.4
; infill_wall_overlap = 25%
; inherits_group = "0.20mm Standard @Creality Ender3V3KE";"Creality Generic PLA @Ender-3V3-all";"Creality Ender-3 V3 KE 0.4 nozzle"
; initial_layer_acceleration = 1000
; initial_layer_infill_speed = 105
; initial_layer_jerk = 7
; initial_layer_line_width = 125%
; initial_layer_min_bead_width = 85%
; initial_layer_print_height = 0.2
; initial_layer_speed = 50
; initial_layer_travel_speed = 100%
; inner_wall_acceleration = 5000
; inner_wall_jerk = 7
; inner_wall_line_width = 112.5%
; inner_wall_speed = 300
; interface_shells = 0
; interlocking_beam = 0
; interlocking_beam_layer_count = 2
; interlocking_beam_width = 0.8
; interlocking_boundary_avoidance = 2
; interlocking_depth = 2
; interlocking_orientation = 22.5
; internal_bridge_angle = 0
; internal_bridge_density = 100%
; internal_bridge_fan_speed = -1
; internal_bridge_flow = 1
; internal_bridge_speed = 150%
; internal_solid_infill_acceleration = 100%
; internal_solid_infill_line_width = 112.5%
; internal_solid_infill_pattern = monotonic
; internal_solid_infill_speed = 300
; ironing_angle = -1
; ironing_fan_speed = -1
; ironing_flow = 15%
; ironing_inset = 0
; ironing_pattern = rectilinear
; ironing_spacing = 0.1
; ironing_speed = 44
; ironing_type = no ironing
; is_infill_first = 0
; lateral_lattice_angle_1 = -45
; lateral_lattice_angle_2 = 45
; layer_change_gcode = 
; layer_height = 0.2
; line_width = 105%
; long_retractions_when_cut = 0
; machine_end_gcode = G92 E0 ;Reset Extruder\nG1 E-1.2 Z{max_layer_z + 0.5} F1800 ;Retract and raise Z\n{if max_layer_z < 50}\nG1 Z{max_layer_z + 25} F900 ;Raise Z more\n{endif}\n\nG1 X2 Y218 F3000 ;Present print\nM106 S0 ;Turn-off fan\nM104 S0 ;Turn-off hotend\nM140 S0 ;Turn-off bed\n\nM84 X Y E ;Disable all steppers but Z
; machine_load_filament_time = 11
; machine_max_acceleration_e = 5000,5000
; machine_max_acceleration_extruding = 8000,8000
; machine_max_acceleration_retracting = 5000,5000
; machine_max_acceleration_travel = 8000,8000
; machine_max_acceleration_x = 8000,8000
; machine_max_acceleration_y = 8000,8000
; machine_max_acceleration_z = 300,300
; machine_max_jerk_e = 5,5
; machine_max_jerk_x = 7,7
; machine_max_jerk_y = 7,7
; machine_max_jerk_z = 0.4,0.4
; machine_max_junction_deviation = 0,0
; machine_max_speed_e = 40,40
; machine_max_speed_x = 500,500
; machine_max_speed_y = 500,500
; machine_max_speed_z = 30,30
; machine_min_extruding_rate = 0,0
; machine_min_travel_rate = 0,0
; machine_pause_gcode = PAUSE
; machine_start_gcode = SET_GCODE_VARIABLE MACRO=PRINTER_PARAM VARIABLE=fan0_min VALUE=30 ;compensate for fan speed\nSET_VELOCITY_LIMIT ACCEL_TO_DECEL=2500 ;revert accel_to_decel back to 2500\nM220 S100 ;Reset Feedrate\nM221 S100 ;Reset Flowrate\n\nM140 S[bed_temperature_initial_layer_single] ;Set bed temp\nG28 X Y ;Home XY axes\nM190 S[bed_temperature_initial_layer_single] ;Wait for bed temp to stabilize\nG28 Z ;Home Z axis & load bed mesh\nBED_MESH_CALIBRATE PROBE_COUNT=5,5 ;Auto bed level\n\nM104 S[nozzle_temperature_initial_layer] ;Set nozzle temp\nG92 E0 ;Reset Extruder\nG1 X-2.0 Y20 Z0.3 F5000.0 ;Move to start position\nM109 S[nozzle_temperature_initial_layer] ;Wait for nozzle temp to stabilize\nG1 Z0.2 ;Lower nozzle to printing height\nG1 Y145.0 F1500.0 E15 ;Draw the first line\nG1 X-1.7 F5000.0 ;Move to side a little\nG1 Y30 F1500.0 E15 ;Draw the second line\nG92 E0 ;Reset Extruder
; machine_tool_change_time = 0
; machine_unload_filament_time = 0
; make_overhang_printable = 0
; make_overhang_printable_angle = 55
; make_overhang_printable_hole_size = 0
; manual_filament_change = 1
; max_bridge_length = 10
; max_layer_height = 0.32
; max_resonance_avoidance_speed = 120
; max_travel_detour_distance = 0
; max_volumetric_extrusion_rate_slope = 0
; max_volumetric_extrusion_rate_slope_segment_length = 3
; min_bead_width = 85%
; min_feature_size = 25%
; min_layer_height = 0.08
; min_length_factor = 0.5
; min_resonance_avoidance_speed = 70
; min_skirt_length = 0
; min_width_top_surface = 300%
; minimum_sparse_infill_area = 10
; mmu_segmented_region_interlocking_depth = 0
; mmu_segmented_region_max_width = 0
; notes = 
; nozzle_diameter = 0.4
; nozzle_height = 2.5
; nozzle_hrc = 0
; nozzle_temperature = 210
; nozzle_temperature_initial_layer = 210
; nozzle_temperature_range_high = 210
; nozzle_temperature_range_low = 190
; nozzle_type = brass
; nozzle_volume = 0
; only_one_wall_first_layer = 0
; only_one_wall_top = 0
; ooze_prevention = 0
; other_layers_print_sequence = 0
; other_layers_print_sequence_nums = 0
; outer_wall_acceleration = 4000
; outer_wall_jerk = 7
; outer_wall_line_width = 105%
; outer_wall_speed = 200
; overhang_1_4_speed = 0
; overhang_2_4_speed = 50
; overhang_3_4_speed = 35
; overhang_4_4_speed = 10
; overhang_fan_speed = 100
; overhang_fan_threshold = 50%
; overhang_reverse = 0
; overhang_reverse_internal_only = 0
; overhang_reverse_threshold = 50%
; parking_pos_retraction = 92
; pellet_flow_coefficient = 0.4157
; pellet_modded_printer = 0
; post_process = 
; precise_outer_wall = 1
; precise_z_height = 0
; preferred_orientation = 0
; preheat_steps = 1
; preheat_time = 30
; pressure_advance = 0.115
; prime_tower_brim_width = 3
; prime_tower_width = 60
; prime_volume = 45
; print_compatible_printers = "Creality Ender-3 V3 KE 0.2 nozzle";"Creality Ender-3 V3 KE 0.4 nozzle";"Creality Ender-3 V3 KE 0.6 nozzle";"Creality Ender-3 V3 KE 0.8 nozzle"
; print_flow_ratio = 1
; print_order = default
; print_sequence = by layer
; print_settings_id = 0.20mm Standard @Creality Ender3V3KE - Копировать
; printable_area = 0x0,220x0,220x220,0x220
; printable_height = 245
; printer_model = Creality Ender-3 V3 KE
; printer_notes = 
; printer_settings_id = Creality Ender-3 V3 KE 0.4 nozzle - Copy
; printer_structure = i3
; printer_technology = FFF
; printer_variant = 0.4
; printhost_authorization_type = key
; printhost_ssl_ignore_revoke = 0
; printing_by_object_gcode = 
; purge_in_prime_tower = 1
; raft_contact_distance = 0.1
; raft_expansion = 1.5
; raft_first_layer_density = 90%
; raft_first_layer_expansion = 2
; raft_layers = 0
; reduce_crossing_wall = 0
; reduce_fan_stop_start_freq = 1
; reduce_infill_retraction = 1
; required_nozzle_HRC = 0
; resolution = 0.012
; resonance_avoidance = 0
; retract_before_wipe = 100%
; retract_length_toolchange = 1
; retract_lift_above = 0
; retract_lift_below = 0
; retract_lift_enforce = All Surfaces
; retract_restart_extra = 0
; retract_restart_extra_toolchange = 0
; retract_when_changing_layer = 1
; retraction_distances_when_cut = 18
; retraction_length = 0.5
; retraction_minimum_travel = 2
; retraction_speed = 30
; role_based_wipe_speed = 0
; scan_first_layer = 0
; scarf_angle_threshold = 155
; scarf_joint_flow_ratio = 1
; scarf_joint_speed = 100%
; scarf_overhang_threshold = 40%
; seam_gap = 10%
; seam_position = aligned
; seam_slope_conditional = 0
; seam_slope_entire_loop = 0
; seam_slope_inner_walls = 0
; seam_slope_min_length = 20
; seam_slope_start_height = 0
; seam_slope_steps = 10
; seam_slope_type = none
; silent_mode = 0
; single_extruder_multi_material = 1
; single_extruder_multi_material_priming = 0
; single_loop_draft_shield = 0
; skeleton_infill_density = 25%
; skeleton_infill_line_width = 100%
; skin_infill_density = 25%
; skin_infill_depth = 2
; skin_infill_line_width = 100%
; skirt_distance = 2
; skirt_height = 2
; skirt_loops = 0
; skirt_speed = 50
; skirt_start_angle = -135
; skirt_type = combined
; slice_closing_radius = 0.049
; slicing_mode = regular
; slow_down_for_layer_cooling = 1
; slow_down_layer_time = 5
; slow_down_layers = 0
; slow_down_min_speed = 40
; slowdown_for_curled_perimeters = 1
; small_area_infill_flow_compensation = 0
; small_area_infill_flow_compensation_model = 0,0;"\n0.2,0.4444";"\n0.4,0.6145";"\n0.6,0.7059";"\n0.8,0.7619";"\n1.5,0.8571";"\n2,0.8889";"\n3,0.9231";"\n5,0.9520";"\n10,1"
; small_perimeter_speed = 50%
; small_perimeter_threshold = 0
; solid_infill_direction = 45
; solid_infill_filament = 1
; solid_infill_rotate_template = 
; sparse_infill_acceleration = 100%
; sparse_infill_density = 15%
; sparse_infill_filament = 1
; sparse_infill_line_width = 112.5%
; sparse_infill_pattern = crosshatch
; sparse_infill_rotate_template = 
; sparse_infill_speed = 300
; spiral_finishing_flow_ratio = 0
; spiral_mode = 0
; spiral_mode_max_xy_smoothing = 200%
; spiral_mode_smooth = 0
; spiral_starting_flow_ratio = 0
; staggered_inner_seams = 0
; standby_temperature_delta = -5
; start_end_points = 30x-3,54x245
; supertack_plate_temp = 35
; supertack_plate_temp_initial_layer = 35
; support_air_filtration = 0
; support_angle = 0
; support_base_pattern = rectilinear
; support_base_pattern_spacing = 2.5
; support_bottom_interface_spacing = 0.5
; support_bottom_z_distance = 0.2
; support_chamber_temp_control = 0
; support_critical_regions_only = 0
; support_expansion = 0
; support_filament = 0
; support_interface_bottom_layers = -1
; support_interface_filament = 0
; support_interface_loop_pattern = 0
; support_interface_not_for_body = 1
; support_interface_pattern = auto
; support_interface_spacing = 0.5
; support_interface_speed = 80
; support_interface_top_layers = 2
; support_ironing = 0
; support_ironing_flow = 10%
; support_ironing_pattern = rectilinear
; support_ironing_spacing = 0.1
; support_line_width = 105%
; support_material_interface_fan_speed = -1
; support_multi_bed_types = 0
; support_object_first_layer_gap = 0.2
; support_object_xy_distance = 0.35
; support_on_build_plate_only = 0
; support_remove_small_overhang = 1
; support_speed = 200
; support_style = default
; support_threshold_angle = 40
; support_threshold_overlap = 50%
; support_top_z_distance = 0.16
; support_type = tree(auto)
; symmetric_infill_y_axis = 0
; temperature_vitrification = 60
; template_custom_gcode = 
; textured_cool_plate_temp = 40
; textured_cool_plate_temp_initial_layer = 40
; textured_plate_temp = 55
; textured_plate_temp_initial_layer = 55
; thick_bridges = 0
; thick_internal_bridges = 1
; thumbnails = 96x96/PNG
; thumbnails_format = PNG
; time_cost = 0
; time_lapse_gcode = 
; timelapse_type = 0
; top_bottom_infill_wall_overlap = 25%
; top_shell_layers = 4
; top_shell_thickness = 0.8
; top_solid_infill_flow_ratio = 1
; top_surface_acceleration = 5000
; top_surface_density = 100%
; top_surface_jerk = 7
; top_surface_line_width = 105%
; top_surface_pattern = monotonicline
; top_surface_speed = 250
; travel_acceleration = 5000
; travel_jerk = 7
; travel_slope = 3
; travel_speed = 400
; travel_speed_z = 0
; tree_support_adaptive_layer_height = 1
; tree_support_angle_slow = 25
; tree_support_auto_brim = 1
; tree_support_branch_angle = 40
; tree_support_branch_angle_organic = 40
; tree_support_branch_diameter = 5
; tree_support_branch_diameter_angle = 5
; tree_support_branch_diameter_organic = 2
; tree_support_branch_distance = 5
; tree_support_branch_distance_organic = 1
; tree_support_brim_width = 3
; tree_support_tip_diameter = 0.8
; tree_support_top_rate = 30%
; tree_support_wall_count = 0
; upward_compatible_machine = 
; use_firmware_retraction = 0
; use_relative_e_distances = 1
; wall_direction = auto
; wall_distribution_count = 1
; wall_filament = 1
; wall_generator = arachne
; wall_loops = 2
; wall_sequence = inner wall/outer wall
; wall_transition_angle = 10
; wall_transition_filter_deviation = 25%
; wall_transition_length = 100%
; wipe = 1
; wipe_before_external_loop = 0
; wipe_distance = 2
; wipe_on_loops = 0
; wipe_speed = 200
; wipe_tower_bridging = 10
; wipe_tower_cone_angle = 30
; wipe_tower_extra_flow = 100%
; wipe_tower_extra_rib_length = 0
; wipe_tower_extra_spacing = 100%
; wipe_tower_filament = 0
; wipe_tower_fillet_wall = 1
; wipe_tower_max_purge_speed = 90
; wipe_tower_no_sparse_layers = 0
; wipe_tower_rib_width = 8
; wipe_tower_rotation_angle = 0
; wipe_tower_wall_type = rectangle
; wipe_tower_x = 0.000
; wipe_tower_x = 0
; wipe_tower_y = 250.000
; wipe_tower_y = 250
; wiping_volumes_extruders = 70,70,70,70,70,70,70,70,70,70
; xy_contour_compensation = 0.1
; xy_hole_compensation = 0.05
; z_hop = 0.2
; z_hop_types = Normal Lift
; z_offset = 0
; first_layer_bed_temperature = 55
; bed_shape = 0x0,220x0,220x220,0x220
; first_layer_temperature = 210
; first_layer_height = 0.200
; CONFIG_BLOCK_END


