; HEADER_BLOCK_START
; generated by OrcaSlicer 2.3.0 on 2026-03-03 at 18:12:34
; total layer number: 36
;_GP_TOTAL_LAYER_NUMBER_PLACEHOLDER
; filament_density: 1.24
; filament_diameter: 1.75
; max_z_height: 7.25
; HEADER_BLOCK_END

; external perimeters extrusion width = 0.42mm
; perimeters extrusion width = 0.45mm
; infill extrusion width = 0.45mm
; solid infill extrusion width = 0.42mm
; top infill extrusion width = 0.42mm
; support material extrusion width = 0.38mm
; first layer extrusion width = 0.46mm

; EXECUTABLE_BLOCK_START
M201 X2500 Y2500 Z500 E5000
M203 X250 Y250 Z5 E40
M204 P2500 R500 T2500 ; sets acceleration (P, T) and retract acceleration (R), mm/sec^2
M205 X10.00 Y10.00 Z0.40 E5.00 ; sets the jerk limits, mm/sec
;TYPE:Custom
M220 S100 ;Reset Feedrate 
M221 S100 ;Reset Flowrate 
 
M104 S210 ;Set final nozzle temp 
M190 S55 ;Set and wait for bed temp to stabilize 
G28 ;Home 
G92 E0 ;Reset Extruder 
G1 Z2.0 F3000 ;Move Z Axis up 
G1 X-2.1 Y20 Z0.28 F5000.0 ;Move to start position 
M109 S210 ;Wait for nozzle temp to stabilize 
G1 X-2.1 Y145.0 Z0.28 F1500.0 E15 ;Draw the first line 
G1 X-2.4 Y145.0 Z0.28 F5000.0 ;Move to side a little 
G1 X-2.4 Y20 Z0.28 F1500.0 E30 ;Draw the second line 
G92 E0  ;Reset Extruder 
G1 E-1.0000 F1800 ;Retract a bit 
G1 Z2.0 F3000 ;Move Z Axis up 
G1 E0.0000 F1800
G90
G21
M83 ; use relative distances for extrusion
; filament start gcode
M900 K0.115; Override pressure advance value
M106 S0
;LAYER_CHANGE
;Z:0.2
;HEIGHT:0.2
;BEFORE_LAYER_CHANGE
;0.2
G92 E0

G1 E-1 F2400
;_SET_FAN_SPEED_CHANGING_LAYER
M204 P500
; printing object Генератор.stl id:18446744073679698525 copy 0
M204 T500
G1 X131.571 Y106.195 F9000
G1 Z.6
G1 Z.2
G1 E1 F2700
;TYPE:Inner wall
;WIDTH:0.459999
G1 F1800
G1 X131.577 Y106.226 E.00095
G1 X131.703 Y107.03 E.02485
G1 X131.826 Y108.168 E.03492
G1 X131.9 Y109.565 E.04269
G1 X131.903 Y110.307 E.02266
G1 X131.876 Y111.124 E.02495
G1 X131.778 Y112.354 E.03766
G1 X131.611 Y113.574 E.03757
G1 X131.375 Y114.785 E.03766
G1 X131.182 Y115.577 E.02486
G1 X130.833 Y116.761 E.03767
G1 X130.418 Y117.923 E.03767
G1 X130.109 Y118.677 E.02486
G1 X129.586 Y119.798 E.03777
G1 X129.206 Y120.522 E.02496
G1 X128.799 Y121.231 E.02496
G1 X128.135 Y122.272 E.03767
G1 X127.413 Y123.274 E.03768
G1 X126.907 Y123.912 E.02487
G1 X126.094 Y124.842 E.03768
G1 X125.233 Y125.723 E.03759
G1 X124.324 Y126.553 E.03759
G1 X123.369 Y127.332 E.0376
G1 X122.37 Y128.057 E.03769
G1 X121.688 Y128.505 E.02488
G1 X120.622 Y129.135 E.03779
G1 X119.899 Y129.518 E.02497
G1 X119.162 Y129.874 E.02497
G1 X118.023 Y130.359 E.03779
G1 X117.259 Y130.643 E.02489
G1 X116.079 Y131.02 E.0378
G1 X115.292 Y131.232 E.02488
G1 X114.085 Y131.496 E.0377
G1 X112.868 Y131.691 E.03761
G1 X111.639 Y131.818 E.03771
G1 X110.825 Y131.864 E.02488
G1 X109.586 Y131.876 E.0378
G1 X108.771 Y131.845 E.02489
G1 X107.54 Y131.741 E.03771
G1 X106.32 Y131.569 E.03761
G1 X105.111 Y131.328 E.03761
G1 X103.915 Y131.019 E.0377
G1 X103.136 Y130.778 E.02488
G1 X101.971 Y130.357 E.0378
G1 X101.215 Y130.043 E.02498
G1 X100.472 Y129.701 E.02497
G1 X99.372 Y129.132 E.0378
G1 X98.666 Y128.724 E.02488
G1 X97.628 Y128.055 E.03769
G1 X96.628 Y127.33 E.03769
G1 X95.992 Y126.821 E.02488
G1 X95.065 Y126.005 E.03769
G1 X94.187 Y125.141 E.03759
G1 X93.358 Y124.226 E.03768
G1 X92.837 Y123.595 E.02496
G1 X92.34 Y122.945 E.02496
G1 X91.636 Y121.928 E.03777
G1 X91.204 Y121.237 E.02486
G1 X90.6 Y120.16 E.03767
G1 X90.059 Y119.055 E.03758
G1 X89.581 Y117.92 E.03757
G1 X89.166 Y116.758 E.03767
G1 X88.928 Y115.976 E.02495
G1 X88.719 Y115.185 E.02495
G1 X88.46 Y113.978 E.03766
G1 X88.27 Y112.762 E.03757
G1 X88.149 Y111.534 E.03766
G1 X88.107 Y110.721 E.02485
G1 X88.101 Y109.483 E.03776
G1 X88.135 Y108.67 E.02486
G1 X88.245 Y107.441 E.03766
G1 X88.424 Y106.223 E.03757
G1 X88.671 Y105.014 E.03766
G1 X88.872 Y104.224 E.02486
G1 X89.232 Y103.041 E.03776
G1 X89.506 Y102.273 E.02486
G1 X89.975 Y101.132 E.03767
G1 X90.507 Y100.018 E.03767
G1 X90.892 Y99.3 E.02486
G1 X91.527 Y98.241 E.03767
G1 X92.22 Y97.22 E.03768
G1 X92.708 Y96.567 E.02487
G1 X93.496 Y95.613 E.03777
G1 X94.043 Y95.009 E.02487
G1 X94.915 Y94.134 E.03769
G1 X95.834 Y93.31 E.03769
G1 X96.466 Y92.795 E.02487
G1 X97.461 Y92.058 E.03779
G1 X98.138 Y91.605 E.02488
G1 X99.198 Y90.964 E.03779
G1 X99.915 Y90.576 E.02488
G1 X101.028 Y90.039 E.0377
G1 X102.166 Y89.567 E.0376
G1 X103.331 Y89.158 E.0377
G1 X104.116 Y88.923 E.02498
G1 X104.908 Y88.719 E.02498
G1 X106.117 Y88.466 E.03771
G1 X107.339 Y88.281 E.03771
G1 X108.15 Y88.197 E.02489
G1 X109.387 Y88.128 E.0378
G1 X110.202 Y88.12 E.02489
G1 X111.44 Y88.167 E.0378
G1 X112.253 Y88.235 E.02489
G1 X113.481 Y88.397 E.0378
G1 X114.286 Y88.542 E.02498
G1 X115.086 Y88.717 E.02498
G1 X116.279 Y89.038 E.0377
G1 X117.449 Y89.423 E.03761
G1 X118.596 Y89.874 E.03761
G1 X119.718 Y90.391 E.0377
G1 X120.442 Y90.765 E.02488
G1 X121.514 Y91.386 E.03779
G1 X122.2 Y91.827 E.02488
G1 X123.206 Y92.543 E.03769
G1 X124.168 Y93.312 E.0376
G1 X125.087 Y94.136 E.03768
G1 X125.668 Y94.708 E.02487
G1 X126.506 Y95.615 E.03768
G1 X127.29 Y96.565 E.03758
G1 X128.021 Y97.56 E.03768
G1 X128.472 Y98.239 E.02487
G1 X129.108 Y99.3 E.03777
G1 X129.493 Y100.018 E.02486
G1 X130.027 Y101.135 E.03777
G1 X130.343 Y101.885 E.02486
G1 X130.769 Y103.044 E.03767
G1 X131.128 Y104.224 E.03766
G1 X131.329 Y105.014 E.02486
G1 X131.563 Y106.156 E.03559
G1 X132 Y106.107 F9000
;TYPE:Outer wall
G1 F1800
G1 X132.009 Y106.148 E.00126
G1 X132.137 Y106.973 E.02548
G1 X132.262 Y108.121 E.03523
G1 X132.338 Y109.563 E.04407
G1 X132.342 Y110.313 E.02291
G1 X132.314 Y111.149 E.02551
G1 X132.214 Y112.402 E.03835
G1 X132.044 Y113.646 E.03832
G1 X131.803 Y114.879 E.03835
G1 X131.605 Y115.691 E.02549
G1 X131.25 Y116.896 E.03836
G1 X130.828 Y118.08 E.03836
G1 X130.511 Y118.853 E.02549
G1 X129.979 Y119.993 E.03839
G1 X129.59 Y120.733 E.02553
G1 X129.174 Y121.459 E.02552
G1 X128.498 Y122.518 E.03837
G1 X127.763 Y123.539 E.03837
G1 X127.244 Y124.193 E.0255
G1 X126.417 Y125.14 E.03837
G1 X125.538 Y126.038 E.03834
G1 X124.611 Y126.885 E.03834
G1 X123.637 Y127.68 E.03835
G1 X122.619 Y128.418 E.03838
G1 X121.92 Y128.877 E.02551
G1 X120.837 Y129.518 E.03842
G1 X120.097 Y129.909 E.02554
G1 X119.344 Y130.273 E.02554
G1 X118.186 Y130.767 E.03842
G1 X117.402 Y131.058 E.02551
G1 X116.203 Y131.441 E.03842
G1 X115.395 Y131.658 E.02551
G1 X114.166 Y131.927 E.03839
G1 X112.925 Y132.126 E.03836
G1 X111.674 Y132.256 E.0384
G1 X110.839 Y132.303 E.02551
G1 X109.58 Y132.314 E.03843
G1 X108.745 Y132.283 E.02551
G1 X107.491 Y132.177 E.0384
G1 X106.246 Y132.001 E.03836
G1 X105.013 Y131.755 E.03836
G1 X103.795 Y131.441 E.03839
G1 X102.997 Y131.194 E.02551
G1 X101.812 Y130.766 E.03843
G1 X101.04 Y130.445 E.02554
G1 X100.279 Y130.096 E.02554
G1 X99.161 Y129.517 E.03842
G1 X98.438 Y129.098 E.02551
G1 X97.38 Y128.418 E.03838
G1 X96.362 Y127.679 E.03838
G1 X95.71 Y127.157 E.0255
G1 X94.766 Y126.326 E.03838
G1 X93.871 Y125.445 E.03834
G1 X93.026 Y124.513 E.03837
G1 X92.494 Y123.868 E.02553
G1 X91.986 Y123.203 E.02553
G1 X91.27 Y122.169 E.0384
G1 X90.827 Y121.46 E.02549
G1 X90.212 Y120.364 E.03837
G1 X89.659 Y119.236 E.03833
G1 X89.172 Y118.079 E.03832
G1 X88.749 Y116.895 E.03836
G1 X88.506 Y116.095 E.02551
G1 X88.292 Y115.287 E.02552
G1 X88.029 Y114.058 E.03835
G1 X87.835 Y112.818 E.03832
G1 X87.711 Y111.567 E.03835
G1 X87.668 Y110.733 E.02548
G1 X87.662 Y109.475 E.03839
G1 X87.698 Y108.641 E.02548
G1 X87.81 Y107.389 E.03835
G1 X87.992 Y106.147 E.03832
G1 X88.244 Y104.916 E.03835
G1 X88.449 Y104.106 E.02549
G1 X88.816 Y102.903 E.03839
G1 X89.096 Y102.116 E.02548
G1 X89.574 Y100.954 E.03836
G1 X90.116 Y99.82 E.03836
G1 X90.511 Y99.084 E.02549
G1 X91.157 Y98.005 E.03836
G1 X91.863 Y96.965 E.03837
G1 X92.363 Y96.296 E.02549
G1 X93.164 Y95.326 E.0384
G1 X93.725 Y94.707 E.0255
G1 X94.613 Y93.816 E.03838
G1 X95.549 Y92.977 E.03838
G1 X96.197 Y92.449 E.0255
G1 X97.209 Y91.7 E.03841
G1 X97.903 Y91.235 E.02551
G1 X98.98 Y90.584 E.03842
G1 X99.715 Y90.186 E.02551
G1 X100.848 Y89.639 E.03839
G1 X102.009 Y89.157 E.03836
G1 X103.196 Y88.741 E.03839
G1 X103.998 Y88.501 E.02555
G1 X104.808 Y88.291 E.02554
G1 X106.04 Y88.034 E.0384
G1 X107.284 Y87.846 E.0384
G1 X108.115 Y87.76 E.02551
G1 X109.373 Y87.689 E.03843
G1 X110.209 Y87.682 E.02551
G1 X111.467 Y87.729 E.03843
G1 X112.3 Y87.799 E.02551
G1 X113.548 Y87.964 E.03843
G1 X114.372 Y88.112 E.02555
G1 X115.19 Y88.291 E.02554
G1 X116.405 Y88.617 E.03839
G1 X117.598 Y89.011 E.03836
G1 X118.768 Y89.471 E.03836
G1 X119.911 Y89.996 E.03839
G1 X120.653 Y90.381 E.02551
G1 X121.743 Y91.011 E.03842
G1 X122.445 Y91.463 E.0255
G1 X123.47 Y92.193 E.03838
G1 X124.451 Y92.977 E.03835
G1 X125.388 Y93.817 E.03838
G1 X125.983 Y94.403 E.0255
G1 X126.837 Y95.327 E.03838
G1 X127.636 Y96.296 E.03834
G1 X128.38 Y97.309 E.03837
G1 X128.843 Y98.004 E.02549
G1 X129.489 Y99.084 E.0384
G1 X129.884 Y99.82 E.02549
G1 X130.427 Y100.955 E.0384
G1 X130.751 Y101.724 E.02548
G1 X131.185 Y102.904 E.03836
G1 X131.551 Y104.106 E.03836
G1 X131.756 Y104.916 E.02549
G1 X131.992 Y106.068 E.03591
G1 E-.7 F2400
;WIPE_START
G1 F1800
G1 X132.009 Y106.148 E-.02439
G1 X132.137 Y106.973 E-.25049
G1 X132.146 Y107.056 E-.02512
;WIPE_END
G17
G3 Z.6 I.718 J-.982 P1  F9000
G1 X120.151 Y98.282 Z.6
G1 Z.2
G1 E1 F2700
;TYPE:Inner wall
G1 F1800
G1 X120.33 Y98.434 E.00718
G1 X121.083 Y99.157 E.03187
G1 X121.708 Y99.833 E.02807
G1 X122.281 Y100.528 E.02751
G1 X122.745 Y101.159 E.02389
G1 X123.104 Y101.702 E.01988
G1 X123.559 Y102.478 E.02746
G1 X124.024 Y103.366 E.03058
G1 X124.321 Y104.033 E.02227
G1 X124.586 Y104.712 E.02227
G1 X124.819 Y105.404 E.02227
G1 X124.976 Y105.957 E.01755
G1 X125.101 Y106.455 E.01569
G1 X125.289 Y107.373 E.02859
G1 X125.367 Y107.881 E.01568
G1 X125.466 Y108.794 E.02803
G1 X125.514 Y109.711 E.02803
G1 X125.511 Y110.243 E.01624
G1 X125.493 Y110.775 E.01623
G1 X125.42 Y111.691 E.02803
G1 X125.298 Y112.564 E.02691
G1 X125.124 Y113.435 E.0271
G1 X124.88 Y114.392 E.03016
G1 X124.657 Y115.087 E.02226
G1 X124.246 Y116.131 E.03423
G1 X123.851 Y116.98 E.0286
G1 X123.347 Y117.897 E.03193
G1 X122.987 Y118.479 E.02088
G1 X122.656 Y118.967 E.018
G1 X122.307 Y119.435 E.01781
G1 X121.986 Y119.837 E.01571
G1 X121.382 Y120.53 E.02806
G1 X120.754 Y121.173 E.02744
G1 X120.216 Y121.666 E.02227
G1 X119.655 Y122.134 E.02228
G1 X119.073 Y122.574 E.02228
G1 X118.47 Y122.986 E.02228
G1 X117.849 Y123.37 E.02229
G1 X116.945 Y123.858 E.03136
G1 X116.224 Y124.198 E.02433
G1 X115.634 Y124.44 E.01947
G1 X114.52 Y124.827 E.03599
G1 X113.809 Y125.025 E.02251
G1 X113.097 Y125.188 E.02228
G1 X112.379 Y125.317 E.02228
G1 X111.655 Y125.411 E.02228
G1 X111.123 Y125.456 E.01629
G1 X110.608 Y125.484 E.01574
G1 X109.668 Y125.493 E.02866
G1 X109.153 Y125.473 E.01574
G1 X108.235 Y125.396 E.02811
G1 X107.341 Y125.269 E.02756
G1 X106.575 Y125.117 E.02384
G1 X105.865 Y124.939 E.02232
G1 X105.112 Y124.703 E.0241
G1 X104.263 Y124.399 E.02751
G1 X103.184 Y123.922 E.036
G1 X102.494 Y123.565 E.02372
G1 X101.941 Y123.243 E.01952
G1 X101.25 Y122.8 E.02504
G1 X100.657 Y122.375 E.02228
G1 X100.085 Y121.922 E.02228
G1 X99.534 Y121.443 E.02227
G1 X99.007 Y120.938 E.02227
G1 X98.504 Y120.41 E.02227
G1 X98.026 Y119.858 E.02227
G1 X97.575 Y119.284 E.02227
G1 X97.152 Y118.69 E.02228
G1 X96.663 Y117.911 E.02805
G1 X96.23 Y117.143 E.0269
G1 X95.899 Y116.467 E.02296
G1 X95.61 Y115.797 E.02227
G1 X95.353 Y115.115 E.02227
G1 X95.128 Y114.421 E.02226
G1 X94.937 Y113.717 E.02227
G1 X94.778 Y113.005 E.02226
G1 X94.653 Y112.286 E.02226
G1 X94.563 Y111.562 E.02226
G1 X94.497 Y110.537 E.03136
G1 X94.492 Y109.6 E.02858
G1 X94.514 Y109.087 E.01568
G1 X94.596 Y108.172 E.02803
G1 X94.726 Y107.281 E.02748
G1 X94.887 Y106.488 E.02468
G1 X95.043 Y105.884 E.01905
G1 X95.284 Y105.085 E.02548
G1 X95.494 Y104.505 E.0188
G1 X95.812 Y103.725 E.02573
G1 X96.123 Y103.065 E.02227
G1 X96.465 Y102.42 E.02227
G1 X96.847 Y101.777 E.02283
G1 X97.445 Y100.892 E.03261
G1 X97.756 Y100.484 E.01563
G1 X98.351 Y99.76 E.02862
G1 X98.7 Y99.382 E.01571
G1 X99.349 Y98.729 E.02807
G1 X99.923 Y98.213 E.02355
G1 X100.437 Y97.795 E.02025
G1 X101.076 Y97.319 E.0243
G1 X101.623 Y96.954 E.02007
G1 X102.412 Y96.481 E.02808
G1 X103.274 Y96.032 E.02966
G1 X103.944 Y95.729 E.02244
G1 X104.479 Y95.517 E.01756
G1 X105.313 Y95.223 E.027
G1 X105.861 Y95.064 E.0174
G1 X106.378 Y94.932 E.01629
G1 X107.279 Y94.742 E.02811
G1 X108.164 Y94.608 E.02732
G1 X108.704 Y94.556 E.01655
G1 X109.623 Y94.508 E.0281
G1 X110.71 Y94.516 E.03317
G1 X111.444 Y94.566 E.02244
G1 X112.169 Y94.651 E.02228
G1 X112.889 Y94.77 E.02228
G1 X113.603 Y94.923 E.02228
G1 X114.309 Y95.109 E.02228
G1 X115.006 Y95.328 E.02228
G1 X115.691 Y95.579 E.02228
G1 X116.364 Y95.863 E.02228
G1 X117.395 Y96.377 E.03516
G1 X118.19 Y96.841 E.02807
G1 X119.192 Y97.512 E.03682
G1 X119.774 Y97.961 E.02244
G1 X120.121 Y98.256 E.01388
G1 X119.867 Y98.615 F9000
;TYPE:Outer wall
G1 F1800
G1 X120.046 Y98.768 E.00718
G1 X120.418 Y99.115 E.01553
G1 X121.058 Y99.761 E.02775
G1 X121.528 Y100.292 E.02164
G1 X121.939 Y100.803 E.02002
G1 X122.391 Y101.417 E.02326
G1 X122.738 Y101.944 E.01925
G1 X123.18 Y102.698 E.02667
G1 X123.632 Y103.563 E.0298
G1 X123.92 Y104.211 E.02164
G1 X124.177 Y104.871 E.02164
G1 X124.403 Y105.543 E.02164
G1 X124.555 Y106.077 E.01692
G1 X124.758 Y106.916 E.02635
G1 X124.858 Y107.453 E.01667
G1 X124.983 Y108.315 E.02659
G1 X125.029 Y108.833 E.01586
G1 X125.075 Y109.729 E.0274
G1 X125.073 Y110.241 E.01561
G1 X125.055 Y110.752 E.0156
G1 X124.984 Y111.647 E.0274
G1 X124.864 Y112.497 E.0262
G1 X124.696 Y113.343 E.02634
G1 X124.457 Y114.277 E.02942
G1 X124.239 Y114.952 E.02163
G1 X124.033 Y115.502 E.01791
G1 X123.71 Y116.267 E.02536
G1 X123.217 Y117.24 E.03329
G1 X122.614 Y118.248 E.03584
G1 X122.293 Y118.72 E.01741
G1 X121.956 Y119.172 E.01722
G1 X121.419 Y119.835 E.02604
G1 X121.057 Y120.236 E.01647
G1 X120.443 Y120.864 E.02681
G1 X119.92 Y121.343 E.02164
G1 X119.374 Y121.796 E.02165
G1 X118.808 Y122.224 E.02165
G1 X118.223 Y122.624 E.02165
G1 X117.619 Y122.997 E.02166
G1 X116.737 Y123.472 E.03057
G1 X116.039 Y123.8 E.02354
G1 X115.468 Y124.034 E.01884
G1 X114.378 Y124.412 E.03521
G1 X113.692 Y124.603 E.02173
G1 X113 Y124.76 E.02165
G1 X112.302 Y124.885 E.02165
G1 X111.598 Y124.977 E.02165
G1 X111.087 Y125.019 E.01566
G1 X110.182 Y125.06 E.02764
G1 X109.674 Y125.055 E.01551
G1 X108.764 Y125.011 E.02779
G1 X108.058 Y124.936 E.02166
G1 X107.408 Y124.836 E.02009
G1 X106.662 Y124.688 E.02321
G1 X105.972 Y124.514 E.02169
G1 X105.244 Y124.284 E.02332
G1 X104.419 Y123.989 E.02672
G1 X103.364 Y123.523 E.03521
G1 X102.697 Y123.177 E.02294
G1 X102.162 Y122.864 E.01889
G1 X101.489 Y122.433 E.02441
G1 X100.913 Y122.019 E.02165
G1 X100.357 Y121.578 E.02165
G1 X99.822 Y121.112 E.02165
G1 X99.31 Y120.622 E.02165
G1 X98.822 Y120.108 E.02164
G1 X98.358 Y119.571 E.02164
G1 X97.92 Y119.013 E.02164
G1 X97.509 Y118.435 E.02165
G1 X97.035 Y117.678 E.02727
G1 X96.615 Y116.933 E.02612
G1 X96.293 Y116.275 E.02233
G1 X96.013 Y115.624 E.02164
G1 X95.764 Y114.961 E.02164
G1 X95.546 Y114.286 E.02163
G1 X95.36 Y113.602 E.02164
G1 X95.206 Y112.91 E.02163
G1 X95.086 Y112.211 E.02163
G1 X94.998 Y111.508 E.02163
G1 X94.944 Y110.801 E.02163
G1 X94.922 Y110.093 E.02163
G1 X94.935 Y109.384 E.02163
G1 X94.98 Y108.676 E.02163
G1 X95.059 Y107.972 E.02163
G1 X95.159 Y107.35 E.01922
G1 X95.316 Y106.578 E.02405
G1 X95.467 Y105.994 E.01842
G1 X95.703 Y105.215 E.02485
G1 X95.906 Y104.655 E.01817
G1 X96.217 Y103.893 E.02509
G1 X96.52 Y103.252 E.02164
G1 X96.852 Y102.626 E.02164
G1 X97.217 Y102.011 E.02181
G1 X97.808 Y101.137 E.03221
G1 X98.241 Y100.572 E.02172
G1 X98.687 Y100.043 E.02111
G1 X99.18 Y99.51 E.02217
G1 X99.656 Y99.042 E.02036
G1 X100.215 Y98.54 E.02292
G1 X100.714 Y98.135 E.01962
G1 X101.336 Y97.672 E.02367
G1 X101.866 Y97.319 E.01944
G1 X102.636 Y96.858 E.02737
G1 X103.476 Y96.421 E.0289
G1 X104.124 Y96.129 E.0217
G1 X104.64 Y95.925 E.01693
G1 X105.455 Y95.638 E.02637
G1 X105.983 Y95.485 E.01677
G1 X106.48 Y95.358 E.01566
G1 X107.361 Y95.173 E.02748
G1 X108.226 Y95.042 E.02669
G1 X108.745 Y94.993 E.01592
G1 X109.641 Y94.946 E.02739
G1 X110.703 Y94.954 E.03242
G1 X111.413 Y95.004 E.0217
G1 X112.117 Y95.087 E.02165
G1 X112.817 Y95.203 E.02165
G1 X113.511 Y95.352 E.02165
G1 X114.197 Y95.533 E.02165
G1 X114.874 Y95.746 E.02165
G1 X115.54 Y95.991 E.02165
G1 X116.193 Y96.267 E.02165
G1 X116.749 Y96.533 E.01881
G1 X117.458 Y96.909 E.0245
G1 X117.962 Y97.215 E.01798
G1 X118.943 Y97.873 E.03607
G1 X119.506 Y98.308 E.0217
G1 X119.836 Y98.589 E.01324
G1 E-.7 F2400
;WIPE_START
G1 F1800
G1 X120.046 Y98.768 E-.0826
G1 X120.418 Y99.115 E-.15267
G1 X120.57 Y99.268 E-.06473
;WIPE_END
G1 Z.6 F9000
G1 X123.27 Y92.754
G1 Z.6
G1 Z.2
G1 E1 F2700
;TYPE:Bottom surface
;WIDTH:0.46187
G1 F4800
G1 X125.46 Y94.944 E.09495
G1 X126.27 Y95.821 E.03661
G1 X127.043 Y96.757 E.03721
G1 X127.764 Y97.739 E.03735
G1 X127.966 Y98.042 E.01115
G1 X121.982 Y92.058 E.25942
G1 X121.351 Y91.653 E.02299
G1 X120.479 Y91.148 E.0309
G1 X128.894 Y99.563 E.36481
G1 X129.214 Y100.159 E.02076
G1 X129.503 Y100.765 E.02058
G1 X119.264 Y90.526 E.4439
G1 X118.473 Y90.162 E.02669
G1 X118.201 Y90.055 E.00897
G1 X129.984 Y101.838 E.51082
G1 X130.342 Y102.788 E.03113
G1 X117.236 Y89.682 E.56819
G1 X116.352 Y89.391 E.02853
G1 X130.633 Y103.672 E.61915
G1 X130.878 Y104.51 E.02675
G1 X115.528 Y89.16 E.66547
G1 X114.737 Y88.961 E.02501
G1 X131.066 Y105.29 E.70793
G1 X131.219 Y106.035 E.02331
G1 X113.99 Y88.807 E.74691
G1 X113.277 Y88.686 E.02218
G1 X131.342 Y106.751 E.78321
G1 X131.432 Y107.433 E.02107
G1 X112.594 Y88.596 E.81666
G1 X111.928 Y88.522 E.02056
G1 X131.504 Y108.098 E.84868
G1 X131.547 Y108.733 E.01954
G1 X111.287 Y88.474 E.87832
G1 X110.672 Y88.451 E.01888
G1 X131.579 Y109.358 E.90641
G1 X131.589 Y109.96 E.01845
G1 X123.665 Y102.036 E.34352
G1 X123.977 Y102.577 E.01913
G1 X124.338 Y103.302 E.02482
G1 X131.582 Y110.546 E.31408
G1 X131.563 Y111.119 E.01758
G1 X124.772 Y104.328 E.29442
G1 X125.094 Y105.243 E.02975
G1 X131.519 Y111.668 E.27853
G1 X131.475 Y112.217 E.01687
G1 X125.333 Y106.075 E.26627
G1 X125.509 Y106.843 E.02416
G1 X131.409 Y112.743 E.25578
G1 X131.338 Y113.264 E.01612
G1 X125.639 Y107.566 E.24704
G1 X125.732 Y108.251 E.02119
G1 X131.253 Y113.772 E.23938
G1 X131.157 Y114.268 E.01549
G1 X125.789 Y108.9 E.23271
G1 X125.818 Y109.522 E.01908
G1 X131.058 Y114.762 E.22717
G1 X130.942 Y115.239 E.01503
G1 X125.824 Y110.121 E.22187
G1 X125.81 Y110.699 E.01772
G1 X130.817 Y115.706 E.21709
G1 X130.683 Y116.164 E.01463
G1 X125.778 Y111.259 E.21264
G1 X125.724 Y111.797 E.01658
G1 X130.548 Y116.622 E.20915
G1 X130.535 Y116.664 E.00135
G1 X130.394 Y117.06 E.01291
G1 X125.652 Y112.318 E.2056
G1 X125.572 Y112.831 E.01591
G1 X130.238 Y117.497 E.20229
G1 X130.126 Y117.811 E.01022
G1 X130.078 Y117.929 E.00391
G1 X125.469 Y113.32 E.19983
G1 X125.363 Y113.807 E.01527
G1 X129.905 Y118.349 E.19693
G1 X129.725 Y118.761 E.01378
G1 X125.236 Y114.273 E.19458
G1 X125.101 Y114.729 E.0146
G1 X129.536 Y119.165 E.1923
G1 X129.348 Y119.569 E.01367
G1 X124.956 Y115.177 E.1904
G1 X124.795 Y115.609 E.01413
G1 X129.147 Y119.961 E.18866
G1 X128.943 Y120.349 E.01345
G1 X124.628 Y116.034 E.18709
G1 X124.45 Y116.448 E.01383
G1 X128.728 Y120.726 E.18547
G1 X128.511 Y121.102 E.01329
G1 X124.261 Y116.852 E.18423
G1 X124.067 Y117.25 E.01358
G1 X128.28 Y121.463 E.18264
G1 X128.049 Y121.825 E.01315
G1 X123.858 Y117.634 E.18171
G1 X123.643 Y118.012 E.01332
G1 X127.814 Y122.182 E.18081
G1 X127.566 Y122.527 E.01301
G1 X123.417 Y118.378 E.17986
G1 X123.188 Y118.741 E.01317
G1 X127.318 Y122.871 E.17906
G1 X127.064 Y123.21 E.01298
G1 X122.948 Y119.094 E.17847
G1 X122.697 Y119.435 E.01299
G1 X126.802 Y123.541 E.17798
G1 X126.533 Y123.864 E.0129
G1 X122.443 Y119.774 E.17733
G1 X122.175 Y120.099 E.0129
G1 X126.257 Y124.18 E.17696
G1 X125.981 Y124.497 E.01287
G1 X121.904 Y120.42 E.17676
G1 X121.622 Y120.73 E.01286
G1 X125.695 Y124.803 E.17658
G1 X125.402 Y125.103 E.01284
G1 X121.333 Y121.034 E.17639
G1 X121.037 Y121.331 E.01284
G1 X125.109 Y125.402 E.17652
G1 X124.805 Y125.691 E.01285
G1 X120.732 Y121.618 E.17657
G1 X120.422 Y121.9 E.01286
G1 X124.495 Y125.973 E.17658
G1 X124.185 Y126.256 E.01286
G1 X120.1 Y122.17 E.17713
G1 X119.773 Y122.436 E.01291
G1 X123.863 Y126.526 E.1773
G1 X123.536 Y126.792 E.01291
G1 X119.435 Y122.691 E.17779
G1 X119.092 Y122.94 E.013
G1 X123.21 Y127.058 E.17852
G1 X122.868 Y127.309 E.01299
G1 X118.74 Y123.181 E.17897
G1 X118.378 Y123.411 E.01316
G1 X122.525 Y127.558 E.17978
G1 X122.181 Y127.807 E.01301
G1 X118.012 Y123.637 E.18076
G1 X117.627 Y123.845 E.0134
G1 X121.823 Y128.042 E.18192
G1 X121.463 Y128.274 E.01314
G1 X117.242 Y124.053 E.18302
G1 X116.849 Y124.252 E.01351
G1 X121.091 Y128.494 E.1839
G1 X120.719 Y128.715 E.01326
G1 X116.444 Y124.44 E.18531
G1 X116.028 Y124.616 E.01386
G1 X120.342 Y128.93 E.18699
G1 X119.954 Y129.135 E.01344
G1 X115.606 Y124.787 E.18851
G1 X115.164 Y124.938 E.01431
G1 X119.561 Y129.334 E.1906
G1 X119.161 Y129.527 E.0136
G1 X114.723 Y125.088 E.19242
G1 X114.265 Y125.223 E.01463
G1 X118.751 Y129.709 E.19448
G1 X118.335 Y129.886 E.01384
G1 X113.799 Y125.349 E.19669
G1 X113.316 Y125.459 E.01518
G1 X117.92 Y130.063 E.19961
G1 X117.489 Y130.224 E.01412
G1 X112.82 Y125.555 E.20241
G1 X112.313 Y125.641 E.01576
G1 X117.053 Y130.381 E.20549
G1 X116.604 Y130.524 E.01445
G1 X111.789 Y125.709 E.20875
G1 X111.246 Y125.759 E.01669
G1 X116.155 Y130.668 E.21279
G1 X115.694 Y130.8 E.01469
G1 X110.688 Y125.794 E.21702
G1 X110.113 Y125.811 E.01765
G1 X115.217 Y130.928 E.22157
G1 X114.741 Y131.032 E.01494
G1 X109.513 Y125.804 E.22666
G1 X108.887 Y125.77 E.01921
G1 X114.255 Y131.138 E.23272
G1 X113.756 Y131.232 E.01556
G1 X108.234 Y125.71 E.2394
G1 X107.55 Y125.618 E.02118
G1 X113.246 Y131.314 E.24695
G1 X112.731 Y131.391 E.01597
G1 X106.827 Y125.487 E.25594
G1 X106.056 Y125.309 E.02425
G1 X112.194 Y131.447 E.26608
G1 X111.657 Y131.502 E.01655
G1 X105.219 Y125.064 E.27911
G1 X104.7 Y124.9 E.01669
G1 X104.315 Y124.753 E.01261
G1 X111.098 Y131.536 E.29404
G1 X110.524 Y131.554 E.0176
G1 X103.277 Y124.307 E.31418
G1 X102.346 Y123.841 E.0319
G1 X102.038 Y123.661 E.01094
G1 X110.123 Y131.746 E.35048
G1 E-.7 F2400
;WIPE_START
G1 F4800
G1 X109.416 Y131.039 E-.3
;WIPE_END
G17
G3 Z.6 I1.217 J.013 P1  F9000
G1 X109.879 Y88.25 Z.6
G1 Z.2
G1 E1 F2700
G1 F4800
G1 X117.969 Y96.341 E.35075
G1 X117.183 Y95.908 E.0275
G1 X116.724 Y95.688 E.01561
G1 X109.476 Y88.44 E.31422
G1 X108.911 Y88.468 E.01733
G1 X115.689 Y95.246 E.29384
G1 X114.78 Y94.929 E.02951
G1 X108.351 Y88.499 E.27875
G1 X107.806 Y88.547 E.01676
G1 X113.949 Y94.69 E.26631
G1 X113.178 Y94.512 E.02425
G1 X107.274 Y88.608 E.25598
G1 X106.759 Y88.685 E.01596
G1 X112.455 Y94.381 E.24695
G1 X111.771 Y94.29 E.02116
G1 X106.244 Y88.763 E.2396
G1 X105.751 Y88.862 E.01543
G1 X111.119 Y94.23 E.23273
G1 X110.496 Y94.2 E.01911
G1 X105.261 Y88.964 E.22697
G1 X104.979 Y89.023 E.00881
G1 X104.779 Y89.075 E.00635
G1 X109.895 Y94.191 E.22181
G1 X109.318 Y94.207 E.01768
G1 X104.308 Y89.197 E.21722
G1 X103.848 Y89.33 E.01466
G1 X108.757 Y94.238 E.21278
G1 X108.215 Y94.288 E.01668
G1 X103.394 Y89.467 E.20901
G1 X102.955 Y89.621 E.01425
G1 X107.693 Y94.359 E.20541
G1 X107.184 Y94.442 E.01582
G1 X102.516 Y89.775 E.20235
G1 X102.087 Y89.938 E.01408
G1 X106.686 Y94.537 E.19938
G1 X106.207 Y94.651 E.01508
G1 X101.668 Y90.112 E.19679
G1 X101.249 Y90.286 E.0139
G1 X105.738 Y94.774 E.19459
G1 X105.279 Y94.907 E.01466
G1 X100.846 Y90.474 E.19219
G1 X100.446 Y90.667 E.0136
G1 X104.835 Y95.056 E.19028
G1 X104.399 Y95.212 E.0142
G1 X100.047 Y90.86 E.18867
G1 X99.663 Y91.069 E.0134
G1 X103.974 Y95.38 E.18691
G1 X103.56 Y95.559 E.01382
G1 X99.281 Y91.28 E.18551
G1 X98.912 Y91.503 E.01323
G1 X103.152 Y95.743 E.18381
G1 X102.761 Y95.945 E.01347
G1 X98.542 Y91.726 E.18291
G1 X98.178 Y91.954 E.01318
G1 X102.371 Y96.147 E.18177
G1 X101.996 Y96.364 E.01329
G1 X97.824 Y92.192 E.18088
G1 X97.476 Y92.437 E.01304
G1 X101.624 Y96.585 E.17982
G1 X101.264 Y96.818 E.01313
G1 X97.135 Y92.689 E.179
G1 X96.795 Y92.941 E.01299
G1 X100.909 Y97.055 E.17835
G1 X100.567 Y97.306 E.01299
G1 X96.463 Y93.201 E.17795
G1 X96.136 Y93.467 E.01291
G1 X100.23 Y97.561 E.17747
G1 X99.903 Y97.826 E.01291
G1 X95.82 Y93.743 E.177
G1 X95.507 Y94.023 E.01286
G1 X99.582 Y98.098 E.17666
G1 X99.269 Y98.378 E.01286
G1 X95.195 Y94.303 E.17663
G1 X94.896 Y94.597 E.01284
G1 X98.966 Y98.667 E.17647
G1 X98.667 Y98.96 E.01284
G1 X94.6 Y94.894 E.17631
G1 X94.304 Y95.19 E.01284
G1 X98.381 Y99.267 E.17673
G1 X98.098 Y99.577 E.01286
G1 X94.021 Y95.499 E.17676
G1 X93.739 Y95.81 E.01286
G1 X97.827 Y99.898 E.17723
G1 X97.561 Y100.224 E.01291
G1 X93.471 Y96.134 E.17732
G1 X93.203 Y96.459 E.0129
G1 X97.304 Y100.56 E.17781
G1 X97.058 Y100.906 E.01302
G1 X92.936 Y96.785 E.17868
G1 X92.683 Y97.123 E.01297
G1 X96.819 Y101.26 E.17931
G1 X96.581 Y101.614 E.01309
G1 X92.431 Y97.465 E.17989
G1 X92.192 Y97.818 E.01308
G1 X96.36 Y101.986 E.18069
G1 X96.143 Y102.361 E.01329
G1 X91.953 Y98.171 E.18166
G1 X91.719 Y98.529 E.01313
G1 X95.937 Y102.748 E.18289
G1 X95.74 Y103.143 E.01354
G1 X91.497 Y98.9 E.18397
G1 X91.275 Y99.271 E.01324
G1 X95.55 Y103.546 E.18535
G1 X95.374 Y103.962 E.01386
G1 X91.06 Y99.649 E.18702
G1 X90.853 Y100.034 E.01341
G1 X95.205 Y104.386 E.18865
G1 X95.047 Y104.82 E.01418
G1 X90.657 Y100.43 E.19033
G1 X90.465 Y100.831 E.01362
G1 X94.901 Y105.266 E.1923
G1 X94.763 Y105.721 E.01456
G1 X90.274 Y101.232 E.19462
G1 X90.1 Y101.65 E.0139
G1 X94.64 Y106.191 E.19685
G1 X94.529 Y106.672 E.01514
G1 X89.927 Y102.07 E.19951
G1 X89.798 Y102.386 E.01044
G1 X89.759 Y102.495 E.00355
G1 X94.429 Y107.164 E.20244
G1 X94.346 Y107.674 E.01584
G1 X89.603 Y102.931 E.20562
G1 X89.529 Y103.139 E.00675
G1 X89.457 Y103.377 E.00764
G1 X94.278 Y108.199 E.20903
G1 X94.224 Y108.737 E.01658
G1 X89.318 Y103.831 E.21267
G1 X89.18 Y104.286 E.01455
G1 X94.188 Y109.293 E.2171
G1 X94.175 Y109.873 E.01777
G1 X89.059 Y104.757 E.22179
G1 X88.945 Y105.236 E.01508
G1 X94.182 Y110.473 E.22705
G1 X94.213 Y111.096 E.01912
G1 X88.844 Y105.727 E.23274
G1 X88.744 Y106.219 E.01539
G1 X94.271 Y111.746 E.23962
G1 X94.361 Y112.429 E.02111
G1 X88.665 Y106.733 E.24693
G1 X88.589 Y107.25 E.01601
G1 X94.49 Y113.151 E.25582
G1 X94.668 Y113.921 E.02425
G1 X88.529 Y107.782 E.26617
G1 X88.48 Y108.326 E.01674
G1 X94.907 Y114.752 E.27862
G1 X95.225 Y115.663 E.02958
G1 X88.44 Y108.878 E.29418
G1 X88.416 Y109.446 E.01744
G1 X95.661 Y116.692 E.31412
G1 X95.944 Y117.271 E.01977
G1 X96.304 Y117.927 E.02295
G1 X88.416 Y110.039 E.34198
G1 X88.419 Y110.634 E.01825
G1 X109.338 Y131.553 E.90691
G1 X108.719 Y131.527 E.01899
G1 X88.448 Y111.255 E.87884
G1 X88.499 Y111.9 E.01981
G1 X108.072 Y131.472 E.84854
G1 X107.415 Y131.408 E.02024
G1 X88.564 Y112.557 E.81724
G1 X88.663 Y113.248 E.02139
G1 X106.725 Y131.31 E.78305
G1 X106.01 Y131.188 E.02222
G1 X88.774 Y113.952 E.74723
G1 X88.936 Y114.706 E.02365
G1 X105.27 Y131.04 E.70814
G1 X104.478 Y130.841 E.02503
G1 X89.121 Y115.484 E.66578
G1 X89.357 Y116.313 E.0264
G1 X103.656 Y130.611 E.61989
G1 X102.763 Y130.31 E.02889
G1 X89.658 Y117.205 E.56814
G1 X89.872 Y117.807 E.01957
G1 X90.022 Y118.162 E.01183
G1 X101.812 Y129.952 E.51114
G1 X100.754 Y129.487 E.03543
G1 X90.489 Y119.221 E.44505
G1 X90.877 Y120.015 E.02708
G1 X91.117 Y120.442 E.01503
G1 X99.543 Y128.868 E.36529
G1 X98.83 Y128.456 E.02525
G1 X98.015 Y127.932 E.0297
G1 X92.031 Y121.949 E.2594
G1 X92.594 Y122.761 E.03029
G1 X93.082 Y123.401 E.02467
G1 X93.594 Y124.022 E.02467
G1 X94.401 Y124.911 E.03682
G1 X96.763 Y127.273 E.10241
; stop printing object Генератор.stl id:18446744073679698525 copy 0
M106 S255
;LAYER_CHANGE
;Z:0.4
;HEIGHT:0.2
;BEFORE_LAYER_CHANGE
;0.4
G92 E0

G1 E-.7 F2400
;WIPE_START
G1 F4800
G1 X96.056 Y126.566 E-.3
;WIPE_END
;_SET_FAN_SPEED_CHANGING_LAYER
M204 P2500
; printing object Генератор.stl id:18446744073679698525 copy 0
M204 T2500
G17
G3 Z.8 I.602 J1.058 P1  F9000
G1 X132.001 Y106.107 Z.8
G1 Z.4
G1 E1 F2700
M204 P2000
;TYPE:Inner wall
;WIDTH:0.449999
G1 F7200
G1 X132.001 Y106.11 E.00011
G1 X132.172 Y107.23 E.03374
G1 X132.302 Y108.587 E.04059
G1 X132.332 Y109.151 E.01684
G1 X132.348 Y110.313 E.03462
G1 X132.295 Y111.571 E.0375
G1 X132.221 Y112.4 E.02477
G1 X132.05 Y113.647 E.0375
G1 X131.809 Y114.883 E.0375
G1 X131.612 Y115.691 E.02477
G1 X131.256 Y116.901 E.03759
G1 X130.979 Y117.699 E.02516
G1 X130.515 Y118.859 E.03721
G1 X130.171 Y119.616 E.02477
G1 X129.596 Y120.736 E.03751
G1 X128.959 Y121.823 E.03751
G1 X128.505 Y122.52 E.02478
G1 X127.769 Y123.542 E.03752
G1 X126.977 Y124.521 E.03751
G1 X126.424 Y125.142 E.02478
G1 X125.541 Y126.045 E.03761
G1 X124.932 Y126.612 E.02479
G1 X123.971 Y127.426 E.03753
G1 X122.967 Y128.183 E.03744
G1 X121.921 Y128.884 E.03753
G1 X121.208 Y129.315 E.02479
G1 X120.1 Y129.915 E.03753
G1 X118.96 Y130.452 E.03754
G1 X118.192 Y130.771 E.02479
G1 X117.004 Y131.201 E.03762
G1 X116.208 Y131.446 E.0248
G1 X114.988 Y131.762 E.03754
G1 X113.755 Y132.008 E.03745
G1 X112.507 Y132.184 E.03754
G1 X111.678 Y132.262 E.0248
G1 X110.416 Y132.321 E.03763
G1 X109.581 Y132.321 E.02489
G1 X108.746 Y132.29 E.02488
G1 X107.49 Y132.184 E.03754
G1 X106.245 Y132.008 E.03746
G1 X105.009 Y131.761 E.03754
G1 X104.189 Y131.557 E.02518
G1 X102.991 Y131.199 E.03724
G1 X102.205 Y130.923 E.0248
G1 X101.037 Y130.451 E.03753
G1 X99.9 Y129.915 E.03745
G1 X98.792 Y129.315 E.03753
G1 X98.079 Y128.885 E.02479
G1 X97.03 Y128.182 E.03761
G1 X96.351 Y127.679 E.02517
G1 X95.383 Y126.889 E.03723
G1 X94.754 Y126.324 E.02517
G1 X93.866 Y125.449 E.03714
G1 X93.021 Y124.518 E.03743
G1 X92.231 Y123.542 E.03743
G1 X91.495 Y122.52 E.03751
G1 X91.039 Y121.82 E.02486
G1 X90.604 Y121.093 E.02525
G1 X90.013 Y119.992 E.03721
G1 X89.655 Y119.242 E.02478
G1 X89.164 Y118.079 E.03759
G1 X88.878 Y117.298 E.02478
G1 X88.499 Y116.097 E.0375
G1 X88.189 Y114.877 E.0375
G1 X88.02 Y114.05 E.02515
G1 X87.828 Y112.818 E.03712
G1 X87.705 Y111.565 E.0375
G1 X87.662 Y110.735 E.02477
G1 X87.656 Y109.476 E.0375
G1 X87.721 Y108.219 E.0375
G1 X87.802 Y107.391 E.02477
G1 X87.985 Y106.143 E.03758
G1 X88.147 Y105.314 E.02515
G1 X88.443 Y104.104 E.03712
G1 X88.81 Y102.899 E.0375
G1 X89.094 Y102.104 E.02516
G1 X89.569 Y100.949 E.03721
G1 X89.926 Y100.183 E.02516
G1 X90.506 Y99.08 E.03713
G1 X91.151 Y98.002 E.03742
G1 X91.858 Y96.96 E.03751
G1 X92.365 Y96.284 E.02516
G1 X93.16 Y95.32 E.03722
G1 X93.728 Y94.695 E.02517
G1 X94.608 Y93.811 E.03714
G1 X95.546 Y92.971 E.03752
G1 X96.194 Y92.443 E.02488
G1 X96.86 Y91.94 E.02487
G1 X97.9 Y91.229 E.03753
G1 X98.976 Y90.579 E.03744
G1 X100.087 Y89.99 E.03745
G1 X101.232 Y89.464 E.03754
G1 X102.006 Y89.151 E.02488
G1 X102.804 Y88.863 E.02526
G1 X103.996 Y88.495 E.03716
G1 X105.219 Y88.191 E.03754
G1 X106.039 Y88.027 E.02489
G1 X106.863 Y87.895 E.02489
G1 X108.116 Y87.754 E.03754
G1 X109.374 Y87.683 E.03754
G1 X110.219 Y87.675 E.02518
G1 X111.466 Y87.722 E.03716
G1 X112.721 Y87.84 E.03755
G1 X113.545 Y87.957 E.0248
G1 X114.786 Y88.192 E.03763
G1 X115.596 Y88.385 E.0248
G1 X116.807 Y88.735 E.03754
G1 X117.996 Y89.152 E.03754
G1 X118.768 Y89.464 E.02479
G1 X119.916 Y89.991 E.03762
G1 X120.655 Y90.374 E.02479
G1 X121.748 Y91.007 E.03761
G1 X122.458 Y91.464 E.02517
G1 X123.474 Y92.187 E.03715
G1 X124.458 Y92.974 E.03752
G1 X125.092 Y93.533 E.02517
G1 X125.988 Y94.399 E.03714
G1 X126.842 Y95.322 E.03744
G1 X127.643 Y96.294 E.03751
G1 X128.149 Y96.97 E.02516
G1 X128.849 Y98.002 E.03713
G1 X129.496 Y99.082 E.03751
G1 X129.891 Y99.817 E.02486
G1 X130.258 Y100.567 E.02486
G1 X130.759 Y101.725 E.03759
G1 X131.053 Y102.503 E.02478
G1 X131.538 Y104.061 E.04859
G1 X131.799 Y105.08 E.03134
G1 X131.993 Y106.068 E.02997
G1 X132.407 Y106.028 F9000
M204 P1000
;TYPE:Outer wall
;WIDTH:0.419999
G1 F5400
G1 X132.554 Y106.917 E.02487
G1 X132.682 Y108.095 E.03271
G1 X132.746 Y109.146 E.02903
G1 X132.762 Y110.319 E.03239
G1 X132.708 Y111.599 E.03533
G1 X132.632 Y112.446 E.02348
G1 X132.458 Y113.715 E.03533
G1 X132.213 Y114.971 E.03533
G1 X132.012 Y115.798 E.02348
G1 X131.65 Y117.027 E.03535
G1 X131.367 Y117.843 E.02384
G1 X130.896 Y119.021 E.035
G1 X130.543 Y119.796 E.02348
G1 X129.959 Y120.935 E.03534
G1 X129.311 Y122.04 E.03533
G1 X128.846 Y122.753 E.02349
G1 X128.098 Y123.793 E.03534
G1 X127.292 Y124.788 E.03534
G1 X126.726 Y125.424 E.02349
G1 X125.83 Y126.341 E.03537
G1 X125.207 Y126.921 E.02349
G1 X124.229 Y127.749 E.03535
G1 X123.207 Y128.52 E.03532
G1 X122.143 Y129.233 E.03535
G1 X121.414 Y129.674 E.0235
G1 X120.287 Y130.284 E.03535
G1 X119.128 Y130.831 E.03536
G1 X118.341 Y131.157 E.0235
G1 X117.135 Y131.593 E.03539
G1 X116.321 Y131.844 E.02351
G1 X115.08 Y132.165 E.03536
G1 X113.824 Y132.415 E.03534
G1 X112.555 Y132.595 E.03536
G1 X111.707 Y132.675 E.0235
G1 X110.426 Y132.735 E.03539
G1 X109.573 Y132.735 E.02353
G1 X108.721 Y132.703 E.02353
G1 X107.444 Y132.595 E.03537
G1 X106.176 Y132.415 E.03534
G1 X104.919 Y132.165 E.03536
G1 X104.08 Y131.956 E.02386
G1 X102.863 Y131.592 E.03503
G1 X102.059 Y131.31 E.02351
G1 X100.871 Y130.83 E.03536
G1 X99.713 Y130.284 E.03533
G1 X98.586 Y129.674 E.03535
G1 X97.857 Y129.233 E.0235
G1 X96.792 Y128.52 E.03538
G1 X96.097 Y128.005 E.02385
G1 X95.114 Y127.203 E.03502
G1 X94.471 Y126.626 E.02385
G1 X93.567 Y125.736 E.03499
G1 X92.707 Y124.788 E.03532
G1 X91.902 Y123.793 E.03531
G1 X91.154 Y122.753 E.03534
G1 X90.689 Y122.039 E.02351
G1 X90.244 Y121.297 E.02387
G1 X89.644 Y120.179 E.03501
G1 X89.277 Y119.411 E.02349
G1 X88.779 Y118.23 E.03535
G1 X88.486 Y117.431 E.02349
G1 X88.101 Y116.21 E.03533
G1 X87.786 Y114.969 E.03533
G1 X87.613 Y114.123 E.02383
G1 X87.418 Y112.871 E.03497
G1 X87.292 Y111.597 E.03533
G1 X87.248 Y110.747 E.02348
G1 X87.242 Y109.466 E.03533
G1 X87.308 Y108.188 E.03533
G1 X87.392 Y107.341 E.02348
G1 X87.578 Y106.073 E.03535
G1 X87.743 Y105.225 E.02384
G1 X88.044 Y103.994 E.03497
G1 X88.417 Y102.769 E.03533
G1 X88.708 Y101.956 E.02384
G1 X89.19 Y100.782 E.035
G1 X89.555 Y99.999 E.02384
G1 X90.145 Y98.877 E.03498
G1 X90.802 Y97.779 E.03531
G1 X91.521 Y96.719 E.03534
G1 X92.04 Y96.028 E.02384
G1 X92.848 Y95.049 E.03501
G1 X93.428 Y94.409 E.02385
G1 X94.324 Y93.511 E.03499
G1 X95.277 Y92.656 E.03534
G1 X95.938 Y92.117 E.02353
G1 X96.619 Y91.604 E.02352
G1 X97.676 Y90.881 E.03535
G1 X98.772 Y90.219 E.03533
G1 X99.904 Y89.619 E.03533
G1 X101.068 Y89.084 E.03536
G1 X101.859 Y88.764 E.02353
G1 X102.673 Y88.471 E.02388
G1 X103.885 Y88.096 E.03501
G1 X105.129 Y87.787 E.03536
G1 X105.965 Y87.62 E.02353
G1 X106.807 Y87.485 E.02353
G1 X108.081 Y87.341 E.03536
G1 X109.361 Y87.269 E.03536
G1 X110.225 Y87.262 E.02386
G1 X111.493 Y87.309 E.03501
G1 X112.769 Y87.429 E.03537
G1 X113.613 Y87.549 E.02351
G1 X114.873 Y87.787 E.03539
G1 X115.702 Y87.985 E.02351
G1 X116.933 Y88.341 E.03536
G1 X118.142 Y88.765 E.03536
G1 X118.932 Y89.084 E.0235
G1 X120.097 Y89.62 E.03538
G1 X120.854 Y90.011 E.0235
G1 X121.963 Y90.654 E.03538
G1 X122.69 Y91.122 E.02385
G1 X123.724 Y91.857 E.035
G1 X124.724 Y92.657 E.03535
G1 X125.373 Y93.229 E.02385
G1 X126.284 Y94.11 E.03499
G1 X127.153 Y95.05 E.03532
G1 X127.968 Y96.038 E.03534
G1 X128.486 Y96.73 E.02385
G1 X129.198 Y97.779 E.03498
G1 X129.856 Y98.878 E.03534
G1 X130.259 Y99.629 E.02351
G1 X130.633 Y100.394 E.02351
G1 X131.142 Y101.57 E.03536
G1 X131.443 Y102.366 E.02348
G1 X131.839 Y103.584 E.03533
G1 X132.166 Y104.822 E.03533
G1 X132.347 Y105.667 E.02384
G1 X132.4 Y105.988 E.009
G1 E-.7 F2400
;WIPE_START
G1 F5400
G1 X132.554 Y106.917 E-.2824
G1 X132.56 Y106.975 E-.0176
;WIPE_END
G17
G3 Z.8 I.676 J-1.012 P1  F9000
G1 X119.837 Y98.467 Z.8
G1 Z.4
G1 E1 F2700
M204 P2000
;TYPE:Inner wall
;WIDTH:0.449999
G1 F7200
G1 X120.101 Y98.692 E.01032
G1 X120.623 Y99.179 E.02126
G1 X121.12 Y99.69 E.02126
G1 X121.594 Y100.224 E.02125
G1 X122.025 Y100.76 E.02047
G1 X122.325 Y101.168 E.01511
G1 X122.826 Y101.908 E.0266
G1 X123.22 Y102.565 E.02282
G1 X123.751 Y103.605 E.03477
G1 X124.118 Y104.453 E.02754
G1 X124.38 Y105.168 E.02267
G1 X124.569 Y105.777 E.01901
G1 X124.771 Y106.539 E.02349
G1 X124.898 Y107.148 E.01852
G1 X125.031 Y107.942 E.02398
G1 X125.127 Y108.886 E.02827
G1 X125.169 Y109.718 E.02482
G1 X125.166 Y110.241 E.01558
G1 X125.128 Y111.144 E.02691
G1 X125.057 Y111.854 E.02125
G1 X124.957 Y112.521 E.02011
G1 X124.785 Y113.372 E.02584
G1 X124.549 Y114.295 E.02839
G1 X124.331 Y114.974 E.02125
G1 X124.08 Y115.642 E.02125
G1 X123.799 Y116.298 E.02125
G1 X123.487 Y116.939 E.02125
G1 X123.145 Y117.566 E.02125
G1 X122.846 Y118.055 E.01709
G1 X122.169 Y119.05 E.03584
G1 X121.725 Y119.617 E.02143
G1 X121.259 Y120.157 E.02125
G1 X120.769 Y120.675 E.02125
G1 X120.254 Y121.169 E.02126
G1 X119.716 Y121.639 E.02126
G1 X119.158 Y122.082 E.02126
G1 X118.578 Y122.5 E.02126
G1 X118.04 Y122.85 E.01913
G1 X117.364 Y123.25 E.02339
G1 X116.818 Y123.536 E.01837
G1 X116.02 Y123.91 E.02626
G1 X115.095 Y124.274 E.02961
G1 X114.411 Y124.5 E.02145
G1 X113.724 Y124.691 E.02126
G1 X113.028 Y124.85 E.02126
G1 X112.524 Y124.94 E.01525
G1 X111.626 Y125.067 E.02702
G1 X110.906 Y125.128 E.02153
G1 X110.206 Y125.153 E.02086
G1 X109.69 Y125.148 E.01536
G1 X109.175 Y125.129 E.01536
G1 X108.271 Y125.053 E.02702
G1 X107.393 Y124.928 E.02643
G1 X106.65 Y124.781 E.02255
G1 X106.012 Y124.621 E.01959
G1 X105.179 Y124.362 E.02598
G1 X104.269 Y124.032 E.02884
G1 X103.614 Y123.747 E.02126
G1 X103.107 Y123.497 E.01685
G1 X102.349 Y123.087 E.02567
G1 X101.9 Y122.808 E.01574
G1 X101.164 Y122.31 E.02646
G1 X100.305 Y121.656 E.03218
G1 X99.766 Y121.188 E.02126
G1 X99.251 Y120.694 E.02126
G1 X98.759 Y120.177 E.02125
G1 X98.292 Y119.638 E.02125
G1 X97.907 Y119.148 E.01857
G1 X97.437 Y118.495 E.02394
G1 X96.866 Y117.585 E.032
G1 X96.525 Y116.964 E.02111
G1 X96.212 Y116.323 E.02125
G1 X95.93 Y115.668 E.02125
G1 X95.678 Y115 E.02125
G1 X95.459 Y114.321 E.02125
G1 X95.271 Y113.633 E.02125
G1 X95.116 Y112.937 E.02125
G1 X94.995 Y112.234 E.02125
G1 X94.906 Y111.526 E.02125
G1 X94.867 Y111.021 E.01509
G1 X94.829 Y110.102 E.0274
G1 X94.841 Y109.389 E.02125
G1 X94.884 Y108.721 E.01995
G1 X94.966 Y107.968 E.02254
G1 X95.07 Y107.328 E.01933
G1 X95.307 Y106.225 E.03359
G1 X95.503 Y105.533 E.02143
G1 X95.729 Y104.857 E.02125
G1 X95.987 Y104.192 E.02125
G1 X96.276 Y103.539 E.02125
G1 X96.596 Y102.902 E.02125
G1 X96.945 Y102.279 E.02125
G1 X97.22 Y101.838 E.01551
G1 X97.728 Y101.089 E.02694
G1 X98.036 Y100.686 E.01511
G1 X98.616 Y99.982 E.02718
G1 X98.96 Y99.609 E.01512
G1 X99.591 Y98.975 E.02662
G1 X100.147 Y98.475 E.02228
G1 X100.669 Y98.051 E.02005
G1 X101.074 Y97.751 E.01499
G1 X101.793 Y97.263 E.02589
G1 X102.519 Y96.819 E.02533
G1 X103.302 Y96.404 E.02641
G1 X104.079 Y96.046 E.02548
G1 X105.102 Y95.66 E.03257
G1 X105.957 Y95.395 E.02665
G1 X106.798 Y95.186 E.02581
G1 X107.853 Y95.001 E.03193
G1 X108.755 Y94.898 E.02701
G1 X109.648 Y94.85 E.02665
G1 X110.694 Y94.86 E.03116
G1 X111.412 Y94.91 E.02144
G1 X112.121 Y94.993 E.02127
G1 X112.826 Y95.109 E.02126
G1 X113.524 Y95.259 E.02127
G1 X114.214 Y95.441 E.02126
G1 X114.895 Y95.655 E.02126
G1 X115.492 Y95.874 E.01893
G1 X116.223 Y96.178 E.0236
G1 X117.201 Y96.66 E.03245
G1 X117.804 Y97.003 E.02069
G1 X118.408 Y97.384 E.02126
G1 X118.993 Y97.794 E.02126
G1 X119.557 Y98.23 E.02126
G1 X119.807 Y98.442 E.00974
G1 X119.569 Y98.782 F9000
M204 P1000
;TYPE:Outer wall
;WIDTH:0.419999
G1 F5400
G1 X119.833 Y99.007 E.00957
G1 X120.34 Y99.481 E.01915
G1 X120.824 Y99.979 E.01915
G1 X121.284 Y100.498 E.01915
G1 X121.702 Y101.019 E.01842
G1 X122.128 Y101.6 E.01987
G1 X122.481 Y102.135 E.01769
G1 X122.865 Y102.776 E.0206
G1 X123.163 Y103.336 E.0175
G1 X123.487 Y104.016 E.02079
G1 X123.736 Y104.612 E.01783
G1 X123.991 Y105.308 E.02046
G1 X124.174 Y105.899 E.01707
G1 X124.37 Y106.643 E.02122
G1 X124.494 Y107.232 E.01662
G1 X124.622 Y108.007 E.02167
G1 X124.715 Y108.927 E.02552
G1 X124.755 Y109.735 E.02232
G1 X124.715 Y111.122 E.03827
G1 X124.646 Y111.812 E.01915
G1 X124.548 Y112.459 E.01805
G1 X124.38 Y113.286 E.02328
G1 X124.15 Y114.187 E.02565
G1 X123.937 Y114.847 E.01914
G1 X123.693 Y115.497 E.01914
G1 X123.419 Y116.134 E.01915
G1 X123.115 Y116.758 E.01915
G1 X122.783 Y117.367 E.01915
G1 X122.493 Y117.839 E.01526
G1 X121.829 Y118.814 E.03255
G1 X121.4 Y119.361 E.0192
G1 X120.947 Y119.887 E.01915
G1 X120.469 Y120.39 E.01915
G1 X119.968 Y120.871 E.01915
G1 X119.445 Y121.327 E.01915
G1 X118.901 Y121.758 E.01915
G1 X118.337 Y122.164 E.01916
G1 X117.815 Y122.503 E.01718
G1 X117.156 Y122.893 E.02113
G1 X116.626 Y123.17 E.01648
G1 X115.847 Y123.534 E.02375
G1 X114.944 Y123.889 E.02677
G1 X114.282 Y124.107 E.01921
G1 X113.613 Y124.293 E.01916
G1 X112.936 Y124.447 E.01916
G1 X112.252 Y124.569 E.01916
G1 X111.573 Y124.657 E.01892
G1 X110.872 Y124.716 E.01941
G1 X110.191 Y124.74 E.01878
G1 X109.483 Y124.732 E.01954
G1 X108.79 Y124.692 E.01916
G1 X108.099 Y124.619 E.01916
G1 X107.455 Y124.52 E.01797
G1 X106.732 Y124.375 E.02035
G1 X106.113 Y124.22 E.01761
G1 X105.303 Y123.968 E.0234
G1 X104.416 Y123.645 E.02604
G1 X103.78 Y123.368 E.01916
G1 X103.29 Y123.126 E.01507
G1 X102.549 Y122.725 E.02324
G1 X102.118 Y122.457 E.01401
G1 X101.402 Y121.972 E.02385
G1 X100.561 Y121.332 E.02916
G1 X100.038 Y120.876 E.01915
G1 X99.537 Y120.396 E.01915
G1 X99.059 Y119.892 E.01915
G1 X98.605 Y119.367 E.01915
G1 X98.232 Y118.892 E.01667
G1 X97.774 Y118.256 E.02164
G1 X97.482 Y117.791 E.01514
G1 X96.888 Y116.765 E.03271
G1 X96.584 Y116.141 E.01915
G1 X96.31 Y115.504 E.01915
G1 X96.066 Y114.855 E.01914
G1 X95.852 Y114.194 E.01915
G1 X95.67 Y113.525 E.01914
G1 X95.52 Y112.847 E.01914
G1 X95.402 Y112.164 E.01914
G1 X95.316 Y111.475 E.01914
G1 X95.263 Y110.784 E.01914
G1 X95.242 Y110.09 E.01914
G1 X95.255 Y109.396 E.01914
G1 X95.296 Y108.747 E.01794
G1 X95.377 Y108.015 E.02034
G1 X95.478 Y107.395 E.01734
G1 X95.71 Y106.315 E.03046
G1 X95.9 Y105.646 E.01919
G1 X96.121 Y104.988 E.01915
G1 X96.372 Y104.342 E.01915
G1 X96.654 Y103.707 E.01915
G1 X96.965 Y103.087 E.01915
G1 X97.305 Y102.482 E.01915
G1 X97.571 Y102.057 E.01383
G1 X98.068 Y101.325 E.02442
G1 X98.49 Y100.772 E.01919
G1 X98.932 Y100.249 E.0189
G1 X99.41 Y99.733 E.0194
G1 X99.88 Y99.27 E.0182
G1 X100.423 Y98.784 E.02011
G1 X100.93 Y98.372 E.01804
G1 X101.578 Y97.895 E.02218
G1 X102.723 Y97.179 E.03728
G1 X103.489 Y96.773 E.02393
G1 X104.249 Y96.423 E.02307
G1 X105.236 Y96.051 E.0291
G1 X106.072 Y95.792 E.02415
G1 X106.894 Y95.588 E.02337
G1 X107.421 Y95.487 E.01482
G1 X108.264 Y95.36 E.0235
G1 X108.793 Y95.31 E.01468
G1 X109.666 Y95.263 E.02411
G1 X110.689 Y95.274 E.02821
G1 X111.383 Y95.323 E.01921
G1 X112.073 Y95.404 E.01916
G1 X112.758 Y95.517 E.01916
G1 X113.437 Y95.663 E.01916
G1 X114.108 Y95.84 E.01916
G1 X114.771 Y96.049 E.01916
G1 X115.349 Y96.262 E.017
G1 X116.063 Y96.559 E.02133
G1 X116.568 Y96.808 E.01554
G1 X117.6 Y97.363 E.03233
G1 X118.187 Y97.734 E.01916
G1 X118.755 Y98.132 E.01915
G1 X119.304 Y98.557 E.01915
G1 X119.538 Y98.756 E.00848
G1 E-.7 F2400
;WIPE_START
G1 F5400
G1 X119.833 Y99.007 E-.1161
G1 X120.281 Y99.426 E-.1839
;WIPE_END
G1 Z.8 F9000
G1 X122.913 Y127.906
G1 Z.8
G1 Z.4
G1 E1 F2700
M204 P2500
;TYPE:Internal solid infill
;WIDTH:0.397987
G1 F10800
G1 X123.763 Y127.166 E.02927
G1 X125.263 Y125.76 E.05342
G1 X126.697 Y124.283 E.05348
G1 X127.889 Y122.934 E.04678
G1 X121.708 Y128.824 F9000
;WIDTH:0.421949
G1 F10800
G1 X128.292 Y122.241 E.25821
G1 X128.677 Y121.648 E.01961
G1 X129.144 Y120.852 E.0256
G1 X120.881 Y129.116 E.32412
G1 X119.743 Y129.718 E.0357
G1 X129.751 Y119.71 E.39253
G1 X130.221 Y118.703 E.03081
G1 X118.738 Y130.186 E.45037
G1 X117.843 Y130.545 E.02676
G1 X130.578 Y117.81 E.4995
G1 X130.881 Y116.971 E.02474
G1 X117.004 Y130.849 E.54429
G1 X116.22 Y131.096 E.0228
G1 X131.117 Y116.199 E.58431
G1 X131.33 Y115.45 E.02159
G1 X115.49 Y131.29 E.62127
G1 X114.778 Y131.466 E.02034
G1 X131.499 Y114.746 E.65582
G1 X131.629 Y114.08 E.01881
G1 X114.109 Y131.599 E.68716
G1 X113.457 Y131.715 E.01836
G1 X131.746 Y113.426 E.71735
G1 X131.831 Y112.805 E.01739
G1 X112.833 Y131.804 E.74518
G1 X112.222 Y131.878 E.01706
G1 X131.907 Y112.193 E.7721
G1 X131.96 Y111.604 E.01639
G1 X111.631 Y131.933 E.79732
G1 X111.069 Y131.959 E.01561
G1 X131.986 Y111.042 E.82042
G1 X132.01 Y110.482 E.01554
G1 X110.507 Y131.985 E.8434
G1 X109.966 Y131.99 E.01499
G1 X132.012 Y109.944 E.8647
G1 X132.005 Y109.415 E.01466
G1 X123.025 Y118.396 E.35222
G1 X122.431 Y119.252 E.0289
G1 X121.977 Y119.832 E.02044
G1 X121.5 Y120.384 E.02022
G1 X120.999 Y120.913 E.02022
G1 X120.473 Y121.418 E.02022
G1 X119.923 Y121.897 E.02022
G1 X119.346 Y122.355 E.02043
G1 X118.427 Y122.993 E.03101
G1 X109.436 Y131.984 E.35268
G1 X108.919 Y131.965 E.01434
G1 X117.147 Y123.737 E.32272
G1 X116.122 Y124.227 E.03152
G1 X108.418 Y131.93 E.30215
G1 X107.924 Y131.888 E.01376
G1 X115.239 Y124.573 E.28691
G1 X114.44 Y124.836 E.02331
G1 X107.435 Y131.841 E.27478
G1 X106.965 Y131.775 E.01315
G1 X113.705 Y125.035 E.26435
G1 X113.015 Y125.189 E.01959
G1 X106.495 Y131.709 E.25572
G1 X106.039 Y131.629 E.01285
G1 X112.363 Y125.305 E.24805
G1 X111.747 Y125.385 E.01724
G1 X105.592 Y131.54 E.24141
G1 X105.145 Y131.451 E.01264
G1 X111.157 Y125.439 E.2358
G1 X110.589 Y125.471 E.01577
G1 X104.713 Y131.346 E.23047
G1 X104.284 Y131.24 E.01227
G1 X110.04 Y125.483 E.22577
G1 X109.511 Y125.477 E.01469
G1 X103.871 Y131.117 E.2212
G1 X103.459 Y130.993 E.01194
G1 X109.002 Y125.45 E.21742
G1 X108.506 Y125.41 E.01381
G1 X103.048 Y130.868 E.21407
G1 X102.651 Y130.729 E.01166
G1 X108.021 Y125.359 E.21063
G1 X107.556 Y125.288 E.01306
G1 X102.257 Y130.587 E.20784
G1 X101.875 Y130.433 E.01142
G1 X107.098 Y125.209 E.20488
G1 X106.653 Y125.119 E.01261
G1 X101.493 Y130.278 E.20238
G1 X101.17 Y130.148 E.00968
G1 X101.114 Y130.121 E.0017
G1 X106.221 Y125.014 E.20032
G1 X105.796 Y124.904 E.01219
G1 X100.75 Y129.95 E.19791
G1 X100.385 Y129.778 E.01117
G1 X105.388 Y124.775 E.19623
G1 X104.981 Y124.647 E.01185
G1 X100.022 Y129.605 E.19449
G1 X99.675 Y129.417 E.01097
G1 X104.585 Y124.506 E.1926
G1 X104.197 Y124.358 E.01152
G1 X99.327 Y129.228 E.19101
G1 X98.979 Y129.04 E.01097
G1 X103.821 Y124.198 E.18991
G1 X103.449 Y124.035 E.01129
G1 X98.644 Y128.839 E.18843
G1 X98.31 Y128.637 E.01083
G1 X103.09 Y123.858 E.18747
G1 X102.734 Y123.678 E.01107
G1 X97.987 Y128.424 E.18617
G1 X97.666 Y128.209 E.01072
G1 X102.389 Y123.486 E.18524
G1 X102.049 Y123.29 E.01088
G1 X97.345 Y127.994 E.18449
G1 X97.032 Y127.771 E.01066
G1 X101.718 Y123.085 E.1838
G1 X101.392 Y122.875 E.01076
G1 X96.724 Y127.543 E.18309
G1 X96.422 Y127.309 E.0106
G1 X101.078 Y122.654 E.1826
G1 X100.763 Y122.432 E.01067
G1 X96.127 Y127.068 E.18184
G1 X95.832 Y126.828 E.01057
G1 X100.459 Y122.2 E.18149
G1 X100.16 Y121.964 E.01058
G1 X95.539 Y126.584 E.18123
G1 X95.257 Y126.331 E.01053
G1 X99.87 Y121.717 E.18096
G1 X99.584 Y121.467 E.01054
G1 X94.974 Y126.077 E.18079
G1 X94.704 Y125.811 E.01051
G1 X99.308 Y121.207 E.18056
G1 X99.034 Y120.945 E.01051
G1 X94.434 Y125.545 E.18041
G1 X94.164 Y125.279 E.01051
G1 X98.772 Y120.671 E.18072
G1 X98.511 Y120.396 E.01052
G1 X93.906 Y125.001 E.18061
G1 X93.651 Y124.72 E.01052
G1 X98.262 Y120.109 E.18085
G1 X98.014 Y119.821 E.01054
G1 X93.396 Y124.439 E.18113
G1 X93.149 Y124.15 E.01054
G1 X97.779 Y119.52 E.18159
G1 X97.545 Y119.218 E.0106
G1 X92.909 Y123.854 E.18181
G1 X92.669 Y123.557 E.01057
G1 X97.322 Y118.905 E.18249
G1 X97.103 Y118.588 E.01069
G1 X92.434 Y123.257 E.18314
G1 X92.209 Y122.945 E.01065
G1 X96.897 Y118.258 E.18385
G1 X96.69 Y117.928 E.01079
G1 X91.985 Y122.634 E.18455
G1 X91.761 Y122.322 E.01065
G1 X96.492 Y117.591 E.18555
G1 X96.302 Y117.245 E.01095
G1 X91.55 Y121.997 E.1864
G1 X91.338 Y121.672 E.01074
G1 X96.121 Y116.89 E.18759
G1 X95.945 Y116.529 E.01112
G1 X91.137 Y121.338 E.18861
G1 X90.936 Y121.003 E.01084
G1 X95.781 Y116.158 E.19002
G1 X95.619 Y115.783 E.01132
G1 X90.746 Y120.657 E.19116
G1 X90.559 Y120.308 E.01098
G1 X95.473 Y115.393 E.19276
G1 X95.33 Y115 E.0116
G1 X90.371 Y119.959 E.1945
G1 X90.193 Y119.601 E.01109
G1 X95.199 Y114.595 E.19635
G1 X95.077 Y114.181 E.01197
G1 X90.02 Y119.239 E.19837
G1 X89.856 Y118.867 E.01127
G1 X94.963 Y113.76 E.20031
G1 X94.863 Y113.323 E.01242
G1 X89.697 Y118.49 E.20264
G1 X89.538 Y118.113 E.01135
G1 X94.77 Y112.88 E.20523
G1 X94.691 Y112.423 E.01286
G1 X89.388 Y117.727 E.20803
G1 X89.244 Y117.335 E.01158
G1 X94.626 Y111.953 E.2111
G1 X94.569 Y111.473 E.0134
G1 X89.11 Y116.933 E.21415
G1 X88.981 Y116.525 E.01185
G1 X94.531 Y110.975 E.21769
G1 X94.509 Y110.461 E.01426
G1 X88.853 Y116.117 E.22184
G1 X88.818 Y116.007 E.00322
G1 X88.739 Y115.695 E.0089
G1 X94.501 Y109.934 E.22599
G1 X94.51 Y109.388 E.01514
G1 X88.63 Y115.268 E.23064
G1 X88.522 Y114.84 E.01223
G1 X94.546 Y108.816 E.2363
G1 X94.604 Y108.222 E.01656
G1 X88.429 Y114.397 E.2422
G1 X88.34 Y113.95 E.01264
G1 X94.69 Y107.6 E.24906
G1 X94.807 Y106.947 E.0184
G1 X88.268 Y113.486 E.25649
G1 X88.195 Y113.023 E.01302
G1 X94.961 Y106.257 E.26536
G1 X95.163 Y105.52 E.02121
G1 X88.134 Y112.548 E.27566
G1 X88.086 Y112.06 E.01359
G1 X95.427 Y104.719 E.28793
G1 X95.789 Y103.821 E.02686
G1 X88.038 Y111.572 E.30402
G1 X88.01 Y111.064 E.01412
G1 X96.715 Y102.358 E.34145
G1 E-.77778 F2400
;WIPE_START
G1 F10800
G1 X96.008 Y103.066 E-.22222
;WIPE_END
G17
G3 Z.8 I-.57 J1.075 P1  F9000
G1 X123.341 Y117.543 Z.8
G1 Z.4
G1 E1 F2700
G1 F10800
G1 X131.989 Y108.895 E.33918
G1 X131.958 Y108.39 E.01404
G1 X124.241 Y116.107 E.30267
G1 X124.593 Y115.22 E.02646
G1 X131.912 Y107.9 E.28708
G1 X131.859 Y107.417 E.01349
G1 X124.857 Y114.419 E.27463
G1 X125.057 Y113.683 E.02114
G1 X131.803 Y106.937 E.26458
G1 X131.727 Y106.477 E.01293
G1 X125.201 Y113.003 E.25596
G1 X125.317 Y112.351 E.01838
G1 X131.65 Y106.018 E.24841
G1 X131.564 Y105.568 E.01271
G1 X125.402 Y111.73 E.2417
G1 X125.459 Y111.137 E.01653
G1 X131.47 Y105.126 E.23575
G1 X131.363 Y104.697 E.01227
G1 X125.49 Y110.57 E.23037
G1 X125.498 Y110.026 E.0151
G1 X131.251 Y104.273 E.22564
G1 X131.139 Y103.849 E.01216
G1 X125.491 Y109.497 E.22155
G1 X125.468 Y108.983 E.01427
G1 X131.01 Y103.442 E.21736
G1 X130.879 Y103.037 E.0118
G1 X125.42 Y108.496 E.21411
G1 X125.371 Y108.009 E.01358
G1 X130.747 Y102.633 E.21087
G1 X130.601 Y102.243 E.01155
G1 X125.302 Y107.542 E.20784
G1 X125.223 Y107.085 E.01286
G1 X130.454 Y101.854 E.20516
G1 X130.292 Y101.48 E.01131
G1 X125.13 Y106.641 E.20244
G1 X125.027 Y106.209 E.01233
G1 X130.13 Y101.106 E.20017
G1 X129.968 Y100.731 E.01131
G1 X124.917 Y105.783 E.19814
G1 X124.79 Y105.373 E.01189
G1 X129.793 Y100.371 E.19622
G1 X129.617 Y100.011 E.01111
G1 X124.659 Y104.968 E.19446
G1 X124.517 Y104.575 E.01161
G1 X129.431 Y99.661 E.19274
G1 X129.244 Y99.312 E.01098
G1 X124.366 Y104.189 E.19131
G1 X124.209 Y103.811 E.01137
G1 X129.045 Y98.974 E.18971
G1 X128.845 Y98.639 E.01084
G1 X124.04 Y103.443 E.18844
G1 X123.868 Y103.079 E.01117
G1 X128.644 Y98.304 E.18731
G1 X128.433 Y97.978 E.01075
G1 X123.683 Y102.729 E.18631
G1 X123.495 Y102.38 E.01098
G1 X128.216 Y97.659 E.18518
G1 X128 Y97.34 E.0107
G1 X123.296 Y102.044 E.18451
G1 X123.092 Y101.711 E.01082
G1 X127.777 Y97.026 E.18376
G1 X127.548 Y96.719 E.01062
G1 X122.88 Y101.388 E.1831
G1 X122.662 Y101.069 E.0107
G1 X127.315 Y96.416 E.1825
G1 X127.073 Y96.123 E.01056
G1 X122.436 Y100.759 E.18186
G1 X122.204 Y100.455 E.01061
G1 X126.83 Y95.829 E.18145
G1 X126.592 Y95.54 E.01038
G1 X121.965 Y100.158 E.18129
G1 X121.719 Y99.868 E.01055
G1 X126.33 Y95.257 E.18085
G1 X126.073 Y94.978 E.01052
G1 X121.468 Y99.583 E.18061
G1 X121.209 Y99.306 E.01052
G1 X125.815 Y94.7 E.18069
G1 X125.752 Y94.631 E.0026
G1 X125.547 Y94.432 E.00792
G1 X120.944 Y99.035 E.18051
G1 X120.671 Y98.772 E.01051
G1 X125.274 Y94.169 E.18053
G1 X125.002 Y93.905 E.01051
G1 X120.394 Y98.513 E.1807
G1 X120.108 Y98.263 E.01054
G1 X124.723 Y93.648 E.181
G1 X124.438 Y93.397 E.01053
G1 X119.818 Y98.017 E.18118
G1 X119.518 Y97.781 E.01059
G1 X124.148 Y93.15 E.18162
G1 X123.851 Y92.912 E.01058
G1 X119.215 Y97.547 E.1818
G1 X118.901 Y97.326 E.01067
G1 X123.553 Y92.674 E.18245
G1 X123.275 Y92.452 E.00988
G1 X123.254 Y92.437 E.00071
G1 X118.586 Y97.105 E.18311
G1 X118.257 Y96.898 E.01078
G1 X122.941 Y92.214 E.18371
G1 X122.628 Y91.991 E.01066
G1 X117.927 Y96.692 E.18439
G1 X117.585 Y96.498 E.0109
G1 X122.315 Y91.768 E.18551
G1 X122.273 Y91.738 E.00143
G1 X121.99 Y91.556 E.00932
G1 X117.238 Y96.309 E.18639
G1 X116.879 Y96.132 E.0111
G1 X121.664 Y91.347 E.18768
G1 X121.328 Y91.146 E.01084
G1 X116.52 Y95.954 E.18859
G1 X116.15 Y95.788 E.01124
G1 X120.989 Y90.95 E.18977
G1 X120.649 Y90.753 E.01088
G1 X115.774 Y95.629 E.19123
G1 X115.385 Y95.482 E.01153
G1 X120.302 Y90.564 E.19288
G1 X119.949 Y90.381 E.01103
G1 X114.992 Y95.339 E.19443
G1 X114.584 Y95.21 E.01185
G1 X119.589 Y90.205 E.19629
G1 X119.222 Y90.037 E.01121
G1 X114.171 Y95.087 E.19809
G1 X113.747 Y94.975 E.01216
G1 X118.855 Y89.868 E.20032
G1 X118.482 Y89.705 E.01129
G1 X113.312 Y94.875 E.20277
G1 X112.869 Y94.781 E.01254
G1 X118.1 Y89.551 E.20516
G1 X117.712 Y89.403 E.01152
G1 X112.409 Y94.705 E.20797
G1 X111.94 Y94.639 E.01315
G1 X117.315 Y89.264 E.21082
G1 X116.918 Y89.124 E.01166
G1 X111.46 Y94.582 E.21406
G1 X110.96 Y94.547 E.01392
G1 X116.512 Y88.994 E.21778
G1 X116.096 Y88.874 E.01201
G1 X110.444 Y94.526 E.2217
G1 X109.914 Y94.52 E.01469
G1 X115.68 Y88.754 E.22615
G1 X115.254 Y88.644 E.0122
G1 X109.367 Y94.531 E.23091
G1 X108.8 Y94.562 E.01574
G1 X114.821 Y88.541 E.23617
G1 X114.375 Y88.451 E.01263
G1 X108.209 Y94.617 E.24186
G1 X107.586 Y94.704 E.01745
G1 X113.925 Y88.366 E.24863
G1 X113.473 Y88.281 E.01274
G1 X106.931 Y94.823 E.25659
G1 X106.239 Y94.979 E.0197
G1 X113.004 Y88.214 E.26534
G1 X112.528 Y88.154 E.01331
G1 X105.498 Y95.184 E.2757
G1 X104.698 Y95.448 E.02339
G1 X112.038 Y88.108 E.28789
G1 X111.548 Y88.062 E.01365
G1 X103.802 Y95.808 E.30379
G1 X103.309 Y96.03 E.01501
G1 X102.77 Y96.304 E.01677
G1 X111.037 Y88.037 E.32424
G1 X110.52 Y88.018 E.01434
G1 X101.442 Y97.096 E.35606
G1 X101.161 Y97.277 E.00927
G1 X100.517 Y97.749 E.02215
G1 X99.951 Y98.207 E.02018
G1 X99.411 Y98.688 E.02007
G1 X98.885 Y99.204 E.02042
G1 X98.389 Y99.738 E.02022
G1 X97.919 Y100.295 E.02022
G1 X97.476 Y100.873 E.02021
G1 X97.049 Y101.489 E.02078
G1 X87.992 Y110.546 E.35524
G1 X87.989 Y110.013 E.0148
G1 X109.991 Y88.011 E.86297
G1 X109.452 Y88.013 E.01494
G1 X87.987 Y109.479 E.84193
G1 X88.016 Y108.914 E.0157
G1 X108.888 Y88.042 E.81865
G1 X108.32 Y88.074 E.01578
G1 X88.045 Y108.348 E.79522
G1 X88.099 Y107.759 E.01641
G1 X107.727 Y88.131 E.76987
G1 X107.123 Y88.199 E.01686
G1 X88.173 Y107.149 E.74328
G1 X88.265 Y106.521 E.01761
G1 X106.497 Y88.289 E.7151
G1 X105.846 Y88.403 E.01831
G1 X88.375 Y105.875 E.68526
G1 X88.517 Y105.197 E.0192
G1 X105.169 Y88.544 E.65316
G1 X104.456 Y88.721 E.02038
G1 X88.69 Y104.488 E.61839
G1 X88.899 Y103.743 E.02146
G1 X103.713 Y88.929 E.58104
G1 X102.937 Y89.168 E.02251
G1 X89.136 Y102.969 E.54131
G1 X89.442 Y102.127 E.02484
G1 X102.099 Y89.47 E.49645
G1 X101.183 Y89.851 E.02752
G1 X89.816 Y101.218 E.44584
G1 X90.284 Y100.213 E.03073
G1 X100.184 Y90.313 E.38831
G1 X99.026 Y90.935 E.03645
G1 X90.906 Y99.056 E.31851
G1 X91.43 Y98.18 E.02831
G1 X91.82 Y97.605 E.01927
G1 X97.57 Y91.855 E.22552
G1 X97.053 Y92.209 E.01737
G1 X96.398 Y92.703 E.02277
G1 X95.762 Y93.222 E.02277
G1 X94.85 Y94.04 E.03397
G1 X92.449 Y96.44 E.09414
; stop printing object Генератор.stl id:18446744073679698525 copy 0
;LAYER_CHANGE
;Z:0.6
;HEIGHT:0.2
;BEFORE_LAYER_CHANGE
;0.6
G92 E0

G1 E-.77778 F2400
;WIPE_START
G1 F10800
G1 X93.156 Y95.733 E-.22222
;WIPE_END
;_SET_FAN_SPEED_CHANGING_LAYER
; printing object Генератор.stl id:18446744073679698525 copy 0
G17
G3 Z1 I-.314 J1.176 P1  F9000
G1 X132.008 Y106.107 Z1
G1 Z.6
G1 E1 F2700
M204 P2000
;TYPE:Inner wall
;WIDTH:0.449999
G1 F7200
G1 X132.015 Y106.143 E.00108
G1 X132.206 Y107.475 E.04009
G1 X132.284 Y108.291 E.0244
G1 X132.333 Y109.176 E.02641
G1 X132.348 Y110.313 E.03388
G1 X132.295 Y111.571 E.03749
G1 X132.217 Y112.438 E.02592
G1 X132.05 Y113.647 E.03636
G1 X131.809 Y114.883 E.03751
G1 X131.612 Y115.691 E.02477
G1 X131.256 Y116.901 E.03759
G1 X130.984 Y117.687 E.02477
G1 X130.516 Y118.859 E.03758
G1 X130.154 Y119.65 E.02592
G1 X129.596 Y120.736 E.03637
G1 X128.959 Y121.823 E.03752
G1 X128.505 Y122.52 E.02478
G1 X127.769 Y123.542 E.03752
G1 X126.977 Y124.521 E.03752
G1 X126.423 Y125.142 E.02478
G1 X125.541 Y126.045 E.0376
G1 X124.932 Y126.612 E.02479
G1 X123.971 Y127.426 E.03752
G1 X122.965 Y128.185 E.03752
G1 X122.246 Y128.675 E.02594
G1 X121.206 Y129.316 E.03639
G1 X120.098 Y129.917 E.03754
G1 X119.348 Y130.278 E.02479
G1 X118.189 Y130.772 E.03753
G1 X117.006 Y131.2 E.03745
G1 X115.799 Y131.56 E.03754
G1 X114.991 Y131.761 E.0248
G1 X113.755 Y132.008 E.03754
G1 X112.507 Y132.184 E.03754
G1 X111.678 Y132.262 E.0248
G1 X110.416 Y132.321 E.03763
G1 X109.581 Y132.321 E.02489
G1 X108.746 Y132.29 E.02488
G1 X107.49 Y132.184 E.03755
G1 X106.245 Y132.008 E.03746
G1 X105.009 Y131.761 E.03753
G1 X104.164 Y131.55 E.02594
G1 X102.991 Y131.199 E.03647
G1 X102.17 Y130.91 E.02595
G1 X101.035 Y130.45 E.03647
G1 X100.244 Y130.085 E.02595
G1 X99.157 Y129.522 E.03648
G1 X98.436 Y129.104 E.0248
G1 X97.374 Y128.421 E.03762
G1 X96.696 Y127.939 E.02479
G1 X95.705 Y127.161 E.03752
G1 X94.761 Y126.331 E.03744
G1 X93.864 Y125.447 E.03751
G1 X93.274 Y124.807 E.02593
G1 X92.488 Y123.872 E.03637
G1 X91.735 Y122.866 E.03744
G1 X91.038 Y121.818 E.0375
G1 X90.592 Y121.071 E.02593
G1 X90.014 Y119.993 E.03644
G1 X89.639 Y119.207 E.02593
G1 X89.165 Y118.079 E.03644
G1 X88.865 Y117.262 E.02593
G1 X88.499 Y116.097 E.03636
G1 X88.189 Y114.877 E.03749
G1 X88.016 Y114.025 E.02592
G1 X87.828 Y112.818 E.03636
G1 X87.705 Y111.565 E.0375
G1 X87.662 Y110.735 E.02477
G1 X87.656 Y109.474 E.03758
G1 X87.693 Y108.604 E.02592
G1 X87.803 Y107.389 E.03636
G1 X87.985 Y106.143 E.03749
G1 X88.153 Y105.289 E.02592
G1 X88.443 Y104.104 E.03636
G1 X88.81 Y102.899 E.03751
G1 X89.089 Y102.116 E.02477
G1 X89.569 Y100.948 E.03759
G1 X89.92 Y100.195 E.02477
G1 X90.506 Y99.08 E.03751
G1 X91.151 Y98.002 E.03742
G1 X91.858 Y96.96 E.03751
G1 X92.357 Y96.294 E.02478
G1 X93.158 Y95.322 E.03752
G1 X94.013 Y94.397 E.03752
G1 X94.606 Y93.813 E.02479
G1 X95.546 Y92.97 E.03761
G1 X96.191 Y92.445 E.02479
G1 X97.206 Y91.694 E.0376
G1 X97.93 Y91.21 E.02594
G1 X98.976 Y90.579 E.03639
G1 X100.089 Y89.989 E.03753
G1 X100.878 Y89.619 E.02594
G1 X102.009 Y89.15 E.03648
G1 X102.792 Y88.867 E.0248
G1 X103.996 Y88.495 E.03754
G1 X105.219 Y88.191 E.03754
G1 X106.038 Y88.027 E.02488
G1 X106.863 Y87.895 E.02489
G1 X108.116 Y87.754 E.03754
G1 X109.374 Y87.683 E.03753
G1 X110.245 Y87.676 E.02595
G1 X111.466 Y87.722 E.0364
G1 X112.721 Y87.84 E.03754
G1 X113.583 Y87.963 E.02595
G1 X114.783 Y88.191 E.0364
G1 X116.007 Y88.495 E.03754
G1 X116.804 Y88.734 E.0248
G1 X117.996 Y89.152 E.03762
G1 X118.768 Y89.464 E.02479
G1 X119.916 Y89.991 E.03762
G1 X120.655 Y90.374 E.02479
G1 X121.745 Y91.005 E.03753
G1 X122.799 Y91.697 E.03753
G1 X123.472 Y92.186 E.02479
G1 X124.456 Y92.972 E.03753
G1 X125.394 Y93.813 E.03752
G1 X125.987 Y94.397 E.02479
G1 X126.842 Y95.322 E.03752
G1 X127.641 Y96.292 E.03743
G1 X128.387 Y97.307 E.03751
G1 X128.849 Y98.001 E.02485
G1 X129.304 Y98.747 E.02601
G1 X129.892 Y99.82 E.03644
G1 X130.274 Y100.602 E.02593
G1 X130.758 Y101.723 E.03636
G1 X131.191 Y102.902 E.03743
G1 X131.557 Y104.104 E.03741
G1 X131.855 Y105.327 E.0375
G1 X132 Y106.068 E.0225
G1 X132.414 Y106.028 F9000
M204 P1000
;TYPE:Outer wall
;WIDTH:0.419999
G1 F5400
G1 X132.422 Y106.073 E.00127
G1 X132.617 Y107.435 E.03794
G1 X132.697 Y108.266 E.02305
G1 X132.746 Y109.17 E.02499
G1 X132.762 Y110.319 E.0317
G1 X132.708 Y111.598 E.03532
G1 X132.628 Y112.484 E.02455
G1 X132.458 Y113.714 E.03426
G1 X132.213 Y114.971 E.03533
G1 X132.012 Y115.798 E.02348
G1 X131.65 Y117.027 E.03535
G1 X131.371 Y117.831 E.02348
G1 X130.896 Y119.021 E.03535
G1 X130.526 Y119.831 E.02455
G1 X129.959 Y120.935 E.03427
G1 X129.311 Y122.04 E.03534
G1 X128.846 Y122.753 E.02349
G1 X128.098 Y123.793 E.03534
G1 X127.292 Y124.788 E.03534
G1 X126.726 Y125.424 E.02349
G1 X125.83 Y126.341 E.03537
G1 X125.207 Y126.921 E.02349
G1 X124.229 Y127.749 E.03535
G1 X123.207 Y128.521 E.03535
G1 X122.471 Y129.022 E.02457
G1 X121.413 Y129.674 E.03429
G1 X120.286 Y130.285 E.03536
G1 X119.519 Y130.655 E.0235
G1 X118.34 Y131.157 E.03536
G1 X117.136 Y131.592 E.03533
G1 X115.908 Y131.959 E.03536
G1 X115.081 Y132.165 E.0235
G1 X113.824 Y132.415 E.03536
G1 X112.555 Y132.595 E.03536
G1 X111.707 Y132.675 E.0235
G1 X110.426 Y132.735 E.03539
G1 X109.573 Y132.735 E.02353
G1 X108.721 Y132.703 E.02353
G1 X107.444 Y132.595 E.03537
G1 X106.176 Y132.415 E.03534
G1 X104.919 Y132.165 E.03536
G1 X104.055 Y131.949 E.02457
G1 X102.863 Y131.592 E.03432
G1 X102.023 Y131.297 E.02457
G1 X100.87 Y130.83 E.03432
G1 X100.062 Y130.457 E.02457
G1 X98.958 Y129.884 E.03432
G1 X98.22 Y129.458 E.0235
G1 X97.142 Y128.764 E.03538
G1 X96.448 Y128.27 E.0235
G1 X95.44 Y127.479 E.03535
G1 X94.479 Y126.634 E.03532
G1 X93.567 Y125.735 E.03534
G1 X92.963 Y125.081 E.02456
G1 X92.164 Y124.129 E.03428
G1 X91.397 Y123.105 E.03532
G1 X90.688 Y122.039 E.03533
G1 X90.232 Y121.275 E.02455
G1 X89.644 Y120.179 E.03429
G1 X89.262 Y119.376 E.02455
G1 X88.78 Y118.231 E.03429
G1 X88.474 Y117.395 E.02455
G1 X88.101 Y116.21 E.03427
G1 X87.786 Y114.969 E.03532
G1 X87.609 Y114.098 E.02455
G1 X87.418 Y112.871 E.03426
G1 X87.292 Y111.597 E.03533
G1 X87.248 Y110.747 E.02348
G1 X87.242 Y109.466 E.03535
G1 X87.281 Y108.577 E.02455
G1 X87.392 Y107.34 E.03426
G1 X87.578 Y106.073 E.03532
G1 X87.749 Y105.2 E.02455
G1 X88.044 Y103.994 E.03427
G1 X88.417 Y102.769 E.03533
G1 X88.703 Y101.968 E.02348
G1 X89.19 Y100.782 E.03536
G1 X89.55 Y100.011 E.02348
G1 X90.145 Y98.877 E.03533
G1 X90.802 Y97.779 E.03531
G1 X91.521 Y96.719 E.03534
G1 X92.032 Y96.038 E.02349
G1 X92.847 Y95.05 E.03534
G1 X93.716 Y94.109 E.03534
G1 X94.323 Y93.512 E.02349
G1 X95.278 Y92.656 E.03537
G1 X95.938 Y92.118 E.0235
G1 X96.968 Y91.355 E.03537
G1 X97.708 Y90.861 E.02456
G1 X98.772 Y90.219 E.03429
G1 X99.904 Y89.619 E.03535
G1 X100.71 Y89.24 E.02457
G1 X101.86 Y88.764 E.03432
G1 X102.661 Y88.475 E.02351
G1 X103.885 Y88.096 E.03536
G1 X105.129 Y87.787 E.03536
G1 X105.965 Y87.62 E.02353
G1 X106.807 Y87.485 E.02353
G1 X108.081 Y87.341 E.03537
G1 X109.36 Y87.269 E.03536
G1 X110.251 Y87.262 E.02457
G1 X111.493 Y87.309 E.0343
G1 X112.769 Y87.429 E.03536
G1 X113.651 Y87.555 E.02457
G1 X114.872 Y87.787 E.0343
G1 X116.116 Y88.096 E.03536
G1 X116.932 Y88.34 E.02351
G1 X118.142 Y88.765 E.03538
G1 X118.932 Y89.084 E.0235
G1 X120.097 Y89.62 E.03539
G1 X120.854 Y90.011 E.0235
G1 X121.962 Y90.653 E.03535
G1 X123.034 Y91.356 E.03535
G1 X123.723 Y91.857 E.0235
G1 X124.723 Y92.657 E.03535
G1 X125.677 Y93.512 E.03534
G1 X126.284 Y94.109 E.02349
G1 X127.153 Y95.05 E.03534
G1 X127.968 Y96.037 E.03531
G1 X128.726 Y97.07 E.03534
G1 X129.197 Y97.779 E.02351
G1 X129.662 Y98.54 E.02458
G1 X130.259 Y99.629 E.03429
G1 X130.649 Y100.429 E.02456
G1 X131.142 Y101.569 E.03426
G1 X131.583 Y102.77 E.03531
G1 X131.956 Y103.994 E.0353
G1 X132.26 Y105.238 E.03533
G1 X132.406 Y105.989 E.02111
G1 E-.7 F2400
;WIPE_START
G1 F5400
G1 X132.422 Y106.073 E-.02579
G1 X132.552 Y106.978 E-.27421
;WIPE_END
G17
G3 Z1 I.678 J-1.011 P1  F9000
G1 X119.765 Y98.405 Z1
G1 Z.6
G1 E1 F2700
M204 P2000
;TYPE:Inner wall
;WIDTH:0.449999
G1 F7200
G1 X119.827 Y98.453 E.00233
G1 X120.365 Y98.932 E.02147
G1 X120.875 Y99.432 E.02126
G1 X121.36 Y99.955 E.02126
G1 X121.821 Y100.5 E.02125
G1 X122.255 Y101.066 E.02125
G1 X122.662 Y101.652 E.02125
G1 X123.041 Y102.256 E.02125
G1 X123.392 Y102.877 E.02125
G1 X123.712 Y103.515 E.02125
G1 X124.003 Y104.167 E.02126
G1 X124.377 Y105.161 E.03165
G1 X124.591 Y105.849 E.02146
G1 X124.771 Y106.539 E.02125
G1 X124.917 Y107.237 E.02125
G1 X125.031 Y107.941 E.02125
G1 X125.111 Y108.65 E.02125
G1 X125.158 Y109.362 E.02124
G1 X125.171 Y110.075 E.02125
G1 X125.151 Y110.788 E.02124
G1 X125.097 Y111.499 E.02125
G1 X125.009 Y112.207 E.02125
G1 X124.889 Y112.91 E.02125
G1 X124.735 Y113.607 E.02125
G1 X124.446 Y114.629 E.03165
G1 X124.23 Y115.251 E.0196
G1 X123.944 Y115.972 E.02311
G1 X123.662 Y116.588 E.0202
G1 X123.32 Y117.254 E.0223
G1 X122.963 Y117.873 E.02126
G1 X122.543 Y118.512 E.02279
G1 X122.041 Y119.214 E.0257
G1 X121.496 Y119.889 E.02587
G1 X121.139 Y120.284 E.01585
G1 X120.514 Y120.925 E.02666
G1 X120.127 Y121.28 E.01565
G1 X119.44 Y121.864 E.02686
G1 X118.87 Y122.294 E.02126
G1 X118.282 Y122.698 E.02126
G1 X117.674 Y123.073 E.02126
G1 X117.05 Y123.419 E.02126
G1 X116.41 Y123.735 E.02126
G1 X115.756 Y124.022 E.02126
G1 X115.09 Y124.277 E.02126
G1 X114.411 Y124.5 E.02127
G1 X113.895 Y124.644 E.01598
G1 X112.684 Y124.916 E.03696
G1 X111.972 Y125.026 E.02148
G1 X111.262 Y125.102 E.02127
G1 X110.549 Y125.145 E.02127
G1 X109.835 Y125.154 E.02127
G1 X109.133 Y125.122 E.02093
G1 X108.271 Y125.053 E.02576
G1 X107.393 Y124.928 E.02643
G1 X106.65 Y124.781 E.02255
G1 X105.99 Y124.615 E.02028
G1 X105.274 Y124.401 E.02225
G1 X104.637 Y124.175 E.02012
G1 X103.94 Y123.893 E.0224
G1 X103.332 Y123.611 E.01997
G1 X102.66 Y123.263 E.02256
G1 X102.116 Y122.946 E.01875
G1 X101.444 Y122.515 E.02377
G1 X100.937 Y122.152 E.01858
G1 X100.305 Y121.656 E.02394
G1 X99.766 Y121.188 E.02126
G1 X99.251 Y120.694 E.02126
G1 X98.759 Y120.177 E.02126
G1 X98.073 Y119.365 E.03166
G1 X97.641 Y118.789 E.02146
G1 X97.24 Y118.198 E.02125
G1 X96.868 Y117.589 E.02125
G1 X96.525 Y116.964 E.02125
G1 X96.212 Y116.323 E.02125
G1 X95.93 Y115.667 E.02126
G1 X95.644 Y114.882 E.02488
G1 X95.395 Y114.095 E.02461
G1 X95.19 Y113.286 E.02486
G1 X95.073 Y112.697 E.01788
G1 X94.946 Y111.881 E.02461
G1 X94.874 Y111.171 E.02125
G1 X94.836 Y110.459 E.02124
G1 X94.831 Y109.746 E.02125
G1 X94.86 Y109.033 E.02125
G1 X94.922 Y108.322 E.02125
G1 X95.018 Y107.615 E.02125
G1 X95.186 Y106.756 E.02609
G1 X95.381 Y105.953 E.02461
G1 X95.612 Y105.194 E.02365
G1 X95.817 Y104.624 E.01805
G1 X96.128 Y103.864 E.02444
G1 X96.383 Y103.323 E.01782
G1 X96.766 Y102.588 E.02468
G1 X97.139 Y101.96 E.02176
G1 X97.725 Y101.094 E.03116
G1 X98.029 Y100.695 E.01492
G1 X98.604 Y99.996 E.02697
G1 X99.106 Y99.451 E.02207
G1 X99.577 Y98.989 E.01965
G1 X100.147 Y98.475 E.02286
G1 X100.654 Y98.063 E.01946
G1 X101.275 Y97.601 E.02305
G1 X101.842 Y97.222 E.02032
G1 X102.48 Y96.837 E.0222
G1 X103.108 Y96.498 E.02126
G1 X103.752 Y96.189 E.02126
G1 X104.413 Y95.909 E.02138
G1 X105.079 Y95.664 E.02115
G1 X105.76 Y95.448 E.02126
G1 X106.45 Y95.265 E.02126
G1 X107.147 Y95.115 E.02127
G1 X107.852 Y94.997 E.02126
G1 X108.561 Y94.913 E.02127
G1 X109.622 Y94.849 E.03168
G1 X110.191 Y94.848 E.01695
G1 X111.056 Y94.881 E.02579
G1 X111.767 Y94.947 E.02127
G1 X112.474 Y95.047 E.02127
G1 X113.176 Y95.18 E.02126
G1 X113.87 Y95.346 E.02126
G1 X114.556 Y95.544 E.02126
G1 X115.232 Y95.774 E.02126
G1 X115.896 Y96.035 E.02126
G1 X116.547 Y96.328 E.02126
G1 X117.184 Y96.651 E.02126
G1 X117.804 Y97.003 E.02126
G1 X118.408 Y97.384 E.02126
G1 X118.993 Y97.794 E.02127
G1 X119.734 Y98.38 E.02814
G1 X119.508 Y98.728 F9000
M204 P1000
;TYPE:Outer wall
;WIDTH:0.419999
G1 F5400
G1 X119.57 Y98.777 E.00217
G1 X120.089 Y99.241 E.01921
G1 X120.585 Y99.727 E.01915
G1 X121.057 Y100.236 E.01915
G1 X121.505 Y100.766 E.01915
G1 X121.927 Y101.317 E.01915
G1 X122.322 Y101.887 E.01915
G1 X122.691 Y102.475 E.01915
G1 X123.031 Y103.08 E.01915
G1 X123.343 Y103.7 E.01915
G1 X123.625 Y104.335 E.01915
G1 X123.99 Y105.306 E.02865
G1 X124.196 Y105.971 E.01921
G1 X124.37 Y106.643 E.01914
G1 X124.512 Y107.322 E.01914
G1 X124.622 Y108.007 E.01914
G1 X124.7 Y108.696 E.01914
G1 X124.745 Y109.389 E.01914
G1 X124.758 Y110.082 E.01914
G1 X124.737 Y110.776 E.01914
G1 X124.684 Y111.468 E.01914
G1 X124.599 Y112.156 E.01914
G1 X124.481 Y112.84 E.01914
G1 X124.331 Y113.517 E.01915
G1 X124.048 Y114.516 E.02864
G1 X123.84 Y115.114 E.01748
G1 X123.56 Y115.817 E.02087
G1 X123.286 Y116.416 E.01817
G1 X122.953 Y117.065 E.02012
G1 X122.605 Y117.666 E.01915
G1 X122.198 Y118.284 E.02044
G1 X121.71 Y118.967 E.02314
G1 X121.176 Y119.627 E.02342
G1 X120.832 Y120.007 E.01414
G1 X120.221 Y120.633 E.02416
G1 X119.848 Y120.975 E.01396
G1 X119.175 Y121.546 E.02434
G1 X118.621 Y121.964 E.01916
G1 X118.048 Y122.356 E.01916
G1 X117.457 Y122.721 E.01916
G1 X116.85 Y123.057 E.01916
G1 X116.227 Y123.365 E.01916
G1 X115.591 Y123.642 E.01916
G1 X114.942 Y123.89 E.01916
G1 X114.282 Y124.107 E.01916
G1 X113.784 Y124.245 E.01427
G1 X112.597 Y124.511 E.03356
G1 X111.909 Y124.618 E.01922
G1 X111.218 Y124.691 E.01916
G1 X110.525 Y124.732 E.01916
G1 X109.83 Y124.74 E.01917
G1 X109.153 Y124.709 E.01871
G1 X108.315 Y124.641 E.02319
G1 X107.456 Y124.52 E.02395
G1 X106.732 Y124.375 E.02035
G1 X106.091 Y124.214 E.01825
G1 X105.394 Y124.005 E.02007
G1 X104.775 Y123.786 E.01811
G1 X104.096 Y123.51 E.02021
G1 X103.506 Y123.236 E.01796
G1 X102.851 Y122.896 E.02036
G1 X102.324 Y122.589 E.01684
G1 X101.669 Y122.168 E.02148
G1 X101.179 Y121.816 E.01667
G1 X100.561 Y121.332 E.02164
G1 X100.038 Y120.876 E.01915
G1 X99.537 Y120.396 E.01915
G1 X99.059 Y119.892 E.01916
G1 X98.389 Y119.099 E.02865
G1 X97.972 Y118.541 E.01921
G1 X97.583 Y117.966 E.01915
G1 X97.221 Y117.374 E.01915
G1 X96.888 Y116.765 E.01915
G1 X96.584 Y116.141 E.01915
G1 X96.31 Y115.504 E.01915
G1 X96.033 Y114.742 E.02237
G1 X95.792 Y113.977 E.02212
G1 X95.591 Y113.187 E.02249
G1 X95.479 Y112.617 E.01602
G1 X95.355 Y111.82 E.02226
G1 X95.286 Y111.13 E.01914
G1 X95.249 Y110.437 E.01914
G1 X95.244 Y109.743 E.01914
G1 X95.273 Y109.05 E.01914
G1 X95.334 Y108.359 E.01914
G1 X95.427 Y107.671 E.01915
G1 X95.592 Y106.836 E.02349
G1 X95.781 Y106.057 E.02212
G1 X96.007 Y105.316 E.02137
G1 X96.206 Y104.764 E.01618
G1 X96.509 Y104.023 E.02211
G1 X96.757 Y103.5 E.01597
G1 X97.132 Y102.783 E.02232
G1 X97.488 Y102.181 E.01929
G1 X98.067 Y101.325 E.02852
G1 X98.491 Y100.772 E.01921
G1 X98.92 Y100.263 E.01839
G1 X99.41 Y99.733 E.01991
G1 X99.866 Y99.284 E.01767
G1 X100.423 Y98.784 E.02064
G1 X100.915 Y98.384 E.01749
G1 X101.52 Y97.934 E.02082
G1 X102.072 Y97.566 E.01829
G1 X102.693 Y97.191 E.02002
G1 X103.304 Y96.862 E.01916
G1 X103.931 Y96.562 E.01916
G1 X104.571 Y96.291 E.01919
G1 X105.222 Y96.052 E.01913
G1 X105.884 Y95.843 E.01916
G1 X106.555 Y95.665 E.01916
G1 X107.234 Y95.519 E.01916
G1 X107.919 Y95.405 E.01916
G1 X108.609 Y95.323 E.01917
G1 X109.647 Y95.262 E.02867
G1 X110.191 Y95.262 E.01503
G1 X111.037 Y95.294 E.02335
G1 X111.729 Y95.359 E.01916
G1 X112.416 Y95.457 E.01916
G1 X113.098 Y95.586 E.01916
G1 X113.774 Y95.748 E.01916
G1 X114.441 Y95.941 E.01916
G1 X115.098 Y96.165 E.01916
G1 X115.744 Y96.42 E.01916
G1 X116.377 Y96.705 E.01916
G1 X116.996 Y97.019 E.01916
G1 X117.6 Y97.363 E.01916
G1 X118.187 Y97.734 E.01916
G1 X118.755 Y98.132 E.01916
G1 X119.477 Y98.704 E.02538
G1 E-.7 F2400
;WIPE_START
G1 F5400
G1 X119.57 Y98.777 E-.03561
G1 X120.089 Y99.241 E-.20892
G1 X120.221 Y99.37 E-.05547
;WIPE_END
G1 Z1 F9000
G1 X120.494 Y96.085
G1 Z1
G1 Z.6
G1 E1 F2700
M204 P2500
;TYPE:Top surface
;WIDTH:0.422258
G1 F6000
G1 X123.937 Y99.528 E.13515
G1 X125.02 Y101.147 F9000
G1 F6000
G1 X118.875 Y95.002 E.2412
G1 X117.709 Y94.372 F9000
G1 F6000
G1 X125.652 Y102.316 E.3118
G1 X126.097 Y103.298 F9000
G1 F6000
G1 X116.724 Y93.924 E.36794
G1 X115.852 Y93.588 F9000
G1 F6000
G1 X126.434 Y104.171 E.41541
G1 X126.696 Y104.969 F9000
G1 F6000
G1 X115.052 Y93.325 E.45708
G1 X114.309 Y93.118 F9000
G1 F6000
G1 X118.343 Y97.153 E.15836
G1 X117.063 Y96.409 F9000
G1 F6000
G1 X113.609 Y92.955 E.13558
G1 X112.946 Y92.828 F9000
G1 F6000
G1 X116.041 Y95.923 E.12149
G1 X115.161 Y95.58 F9000
G1 F6000
G1 X112.313 Y92.732 E.1118
G1 X111.706 Y92.662 F9000
G1 F6000
G1 X114.366 Y95.321 E.1044
G1 X113.63 Y95.122 F9000
G1 F6000
G1 X111.122 Y92.614 E.09848
G1 X110.559 Y92.587 F9000
G1 F6000
G1 X112.944 Y94.972 E.09363
G1 X112.294 Y94.859 F9000
G1 F6000
G1 X110.013 Y92.578 E.08953
G1 X109.484 Y92.585 F9000
G1 F6000
G1 X111.676 Y94.777 E.08602
G1 X111.084 Y94.722 F9000
G1 F6000
G1 X108.971 Y92.609 E.08295
G1 X108.471 Y92.645 F9000
G1 F6000
G1 X110.52 Y94.694 E.08044
G1 X109.976 Y94.687 F9000
G1 F6000
G1 X107.984 Y92.694 E.07822
G1 X107.509 Y92.756 F9000
G1 F6000
G1 X109.451 Y94.699 E.07624
G1 X108.944 Y94.728 F9000
G1 F6000
G1 X107.046 Y92.83 E.0745
G1 X106.594 Y92.914 F9000
G1 F6000
G1 X108.445 Y94.765 E.07266
G1 X107.964 Y94.821 F9000
G1 F6000
G1 X106.151 Y93.008 E.07117
G1 X105.718 Y93.111 F9000
G1 F6000
G1 X107.5 Y94.893 E.06993
G1 X107.043 Y94.972 F9000
G1 F6000
G1 X105.294 Y93.224 E.06864
G1 X104.879 Y93.345 F9000
G1 F6000
G1 X106.601 Y95.067 E.06758
G1 X106.17 Y95.173 F9000
G1 F6000
G1 X104.473 Y93.476 E.06662
G1 X104.075 Y93.614 F9000
G1 F6000
G1 X105.746 Y95.285 E.06559
G1 X105.337 Y95.412 F9000
G1 F6000
G1 X103.685 Y93.76 E.06485
G1 X103.302 Y93.914 F9000
G1 F6000
G1 X104.934 Y95.545 E.06403
G1 X104.542 Y95.69 F9000
G1 F6000
G1 X102.927 Y94.075 E.06338
G1 X102.559 Y94.244 F9000
G1 F6000
G1 X104.157 Y95.842 E.06274
G1 X103.78 Y96.001 F9000
G1 F6000
G1 X102.198 Y94.419 E.06212
G1 X101.844 Y94.601 F9000
G1 F6000
G1 X103.415 Y96.172 E.06167
G1 X103.052 Y96.346 F9000
G1 F6000
G1 X101.496 Y94.79 E.06109
G1 X101.155 Y94.986 F9000
G1 F6000
G1 X102.703 Y96.533 E.06075
G1 X102.356 Y96.723 F9000
G1 F6000
G1 X100.82 Y95.187 E.0603
G1 X100.492 Y95.395 F9000
G1 F6000
G1 X102.021 Y96.925 E.06003
G1 X101.691 Y97.13 F9000
G1 F6000
G1 X100.17 Y95.61 E.05969
G1 X99.854 Y95.83 F9000
G1 F6000
G1 X101.368 Y97.345 E.05945
G1 X101.052 Y97.565 F9000
G1 F6000
G1 X99.544 Y96.057 E.05921
G1 X99.24 Y96.29 F9000
G1 F6000
G1 X100.743 Y97.793 E.059
G1 X100.442 Y98.028 F9000
G1 F6000
G1 X98.942 Y96.528 E.05887
G1 X98.65 Y96.773 F9000
G1 F6000
G1 X100.146 Y98.268 E.0587
G1 X99.858 Y98.517 F9000
G1 F6000
G1 X98.364 Y97.023 E.05865
G1 X98.084 Y97.279 F9000
G1 F6000
G1 X99.575 Y98.77 E.05852
G1 X99.302 Y99.034 F9000
G1 F6000
G1 X97.81 Y97.541 E.05858
G1 X97.541 Y97.809 F9000
G1 F6000
G1 X99.031 Y99.299 E.05849
G1 X98.771 Y99.576 F9000
G1 F6000
G1 X97.279 Y98.083 E.0586
G1 X97.022 Y98.363 F9000
G1 F6000
G1 X98.514 Y99.855 E.05856
G1 X98.268 Y100.145 F9000
G1 F6000
G1 X96.771 Y98.648 E.05876
G1 X96.526 Y98.94 F9000
G1 F6000
G1 X98.023 Y100.437 E.05878
G1 X97.791 Y100.741 F9000
G1 F6000
G1 X96.286 Y99.237 E.05905
G1 X96.053 Y99.54 F9000
G1 F6000
G1 X97.561 Y101.048 E.05919
G1 X97.345 Y101.368 F9000
G1 F6000
G1 X95.826 Y99.85 E.05961
G1 X95.605 Y100.165 F9000
G1 F6000
G1 X97.128 Y101.688 E.05979
G1 X96.919 Y102.016 F9000
G1 F6000
G1 X95.39 Y100.487 E.06002
G1 X95.181 Y100.814 F9000
G1 F6000
G1 X96.719 Y102.352 E.06036
G1 X96.527 Y102.696 F9000
G1 F6000
G1 X94.979 Y101.148 E.06075
G1 X94.783 Y101.489 F9000
G1 F6000
G1 X96.34 Y103.046 E.06113
G1 X96.165 Y103.407 F9000
G1 F6000
G1 X94.594 Y101.836 E.06168
G1 X94.411 Y102.19 F9000
G1 F6000
G1 X95.993 Y103.771 E.06208
G1 X95.834 Y104.149 F9000
G1 F6000
G1 X94.235 Y102.55 E.06276
G1 X94.067 Y102.918 F9000
G1 F6000
G1 X95.68 Y104.532 E.06333
G1 X95.537 Y104.925 F9000
G1 F6000
G1 X93.905 Y103.293 E.06407
G1 X93.751 Y103.675 F9000
G1 F6000
G1 X95.402 Y105.327 E.06483
G1 X95.276 Y105.737 F9000
G1 F6000
G1 X93.604 Y104.065 E.0656
G1 X93.465 Y104.463 F9000
G1 F6000
G1 X95.161 Y106.159 E.06658
G1 X95.055 Y106.589 F9000
G1 F6000
G1 X93.335 Y104.868 E.06754
G1 X93.212 Y105.283 F9000
G1 F6000
G1 X94.966 Y107.037 E.06886
G1 X94.878 Y107.485 F9000
G1 F6000
G1 X93.099 Y105.705 E.06985
G1 X92.994 Y106.137 F9000
G1 F6000
G1 X94.809 Y107.953 E.07126
G1 X94.751 Y108.431 F9000
G1 F6000
G1 X92.9 Y106.58 E.07267
G1 X92.816 Y107.032 F9000
G1 F6000
G1 X94.707 Y108.924 E.07425
G1 X94.682 Y109.435 F9000
G1 F6000
G1 X92.742 Y107.495 E.07615
G1 X92.68 Y107.969 F9000
G1 F6000
G1 X94.671 Y109.96 E.07817
G1 X94.677 Y110.502 F9000
G1 F6000
G1 X92.629 Y108.455 E.08038
G1 X92.593 Y108.955 F9000
G1 F6000
G1 X94.707 Y111.069 E.08301
G1 X94.762 Y111.66 F9000
G1 F6000
G1 X92.569 Y109.468 E.08606
G1 X92.56 Y109.995 F9000
G1 F6000
G1 X94.842 Y112.277 E.08956
G1 X94.954 Y112.926 F9000
G1 F6000
G1 X92.569 Y110.541 E.09361
G1 X92.596 Y111.104 F9000
G1 F6000
G1 X95.104 Y113.612 E.09846
G1 X95.302 Y114.347 F9000
G1 F6000
G1 X92.643 Y111.688 E.10438
G1 X92.712 Y112.293 F9000
G1 F6000
G1 X95.571 Y115.152 E.11221
G1 X95.91 Y116.027 F9000
G1 F6000
G1 X92.809 Y112.926 E.12173
G1 X92.935 Y113.589 F9000
G1 F6000
G1 X96.38 Y117.034 E.13523
G1 X97.125 Y118.315 F9000
G1 F6000
G1 X93.097 Y114.287 E.15812
G1 E-.7 F2400
;WIPE_START
G1 F6000
G1 X93.804 Y114.994 E-.3
;WIPE_END
G17
G3 Z1 I.329 J1.172 P1  F9000
G1 X126.903 Y105.712 Z1
G1 Z.6
G1 E1 F2700
G1 F6000
G1 X122.871 Y101.681 E.15824
G1 X123.613 Y102.959 F9000
G1 F6000
G1 X127.065 Y106.411 E.13551
G1 X127.192 Y107.075 F9000
G1 F6000
G1 X124.093 Y103.976 E.12165
G1 X124.433 Y104.852 F9000
G1 F6000
G1 X127.287 Y107.706 E.11204
G1 X127.357 Y108.313 F9000
G1 F6000
G1 X124.7 Y105.656 E.10431
G1 X124.898 Y106.39 F9000
G1 F6000
G1 X127.404 Y108.896 E.09835
G1 X127.431 Y109.459 F9000
G1 F6000
G1 X125.048 Y107.077 E.09354
G1 X125.159 Y107.724 F9000
G1 F6000
G1 X127.439 Y110.003 E.08949
G1 X127.431 Y110.533 F9000
G1 F6000
G1 X125.238 Y108.339 E.08609
G1 X125.291 Y108.928 F9000
G1 F6000
G1 X127.408 Y111.046 E.08311
G1 X127.37 Y111.544 F9000
G1 F6000
G1 X125.322 Y109.496 E.08039
G1 X125.332 Y110.042 F9000
G1 F6000
G1 X127.32 Y112.031 E.07805
G1 X127.258 Y112.506 F9000
G1 F6000
G1 X125.318 Y110.566 E.07616
G1 X125.291 Y111.074 F9000
G1 F6000
G1 X127.184 Y112.968 E.07433
G1 X127.1 Y113.42 F9000
G1 F6000
G1 X125.251 Y111.571 E.07258
G1 X125.191 Y112.048 F9000
G1 F6000
G1 X127.005 Y113.862 E.0712
G1 X126.901 Y114.294 F9000
G1 F6000
G1 X125.121 Y112.514 E.06987
G1 X125.041 Y112.971 F9000
G1 F6000
G1 X126.788 Y114.717 E.06856
G1 X126.666 Y115.132 F9000
G1 F6000
G1 X124.944 Y113.41 E.06759
G1 X124.837 Y113.84 F9000
G1 F6000
G1 X126.535 Y115.538 E.06665
G1 X126.396 Y115.935 F9000
G1 F6000
G1 X124.719 Y114.258 E.06585
G1 X124.6 Y114.676 F9000
G1 F6000
G1 X126.25 Y116.325 E.06474
G1 X126.095 Y116.707 F9000
G1 F6000
G1 X124.462 Y115.074 E.06411
G1 X124.32 Y115.468 F9000
G1 F6000
G1 X125.933 Y117.082 E.06332
G1 X125.764 Y117.449 F9000
G1 F6000
G1 X124.166 Y115.851 E.06275
G1 X124.005 Y116.226 F9000
G1 F6000
G1 X125.588 Y117.81 E.06216
G1 X125.406 Y118.163 F9000
G1 F6000
G1 X123.836 Y116.594 E.06162
G1 X123.658 Y116.952 F9000
G1 F6000
G1 X125.216 Y118.51 E.06118
G1 X125.02 Y118.851 F9000
G1 F6000
G1 X123.475 Y117.305 E.06067
G1 X123.28 Y117.647 F9000
G1 F6000
G1 X124.818 Y119.185 E.06039
G1 X124.609 Y119.513 F9000
G1 F6000
G1 X123.083 Y117.986 E.05993
G1 X122.87 Y118.309 F9000
G1 F6000
G1 X124.394 Y119.834 E.05986
G1 X124.173 Y120.15 F9000
G1 F6000
G1 X122.656 Y118.633 E.05956
G1 X122.439 Y118.952 F9000
G1 F6000
G1 X123.946 Y120.459 E.05917
G1 X123.713 Y120.762 F9000
G1 F6000
G1 X122.209 Y119.259 E.05902
G1 X121.975 Y119.56 F9000
G1 F6000
G1 X123.474 Y121.06 E.05885
G1 X123.229 Y121.351 F9000
G1 F6000
G1 X121.733 Y119.855 E.05873
G1 X121.484 Y120.143 F9000
G1 F6000
G1 X122.978 Y121.637 E.05864
G1 X122.721 Y121.916 F9000
G1 F6000
G1 X121.229 Y120.425 E.05856
G1 X120.966 Y120.698 F9000
G1 F6000
G1 X122.459 Y122.19 E.05857
G1 X122.19 Y122.458 F9000
G1 F6000
G1 X120.699 Y120.967 E.05853
G1 X120.423 Y121.228 F9000
G1 F6000
G1 X121.916 Y122.72 E.0586
G1 X121.636 Y122.977 F9000
G1 F6000
G1 X120.143 Y121.484 E.05861
G1 X119.853 Y121.73 F9000
G1 F6000
G1 X121.35 Y123.227 E.05877
G1 X121.058 Y123.472 F9000
G1 F6000
G1 X119.56 Y121.974 E.05881
G1 X119.255 Y122.206 F9000
G1 F6000
G1 X120.76 Y123.71 E.05907
G1 X120.456 Y123.943 F9000
G1 F6000
G1 X118.949 Y122.436 E.05917
G1 X118.631 Y122.654 F9000
G1 F6000
G1 X120.146 Y124.17 E.0595
G1 X119.83 Y124.39 F9000
G1 F6000
G1 X118.31 Y122.87 E.05969
G1 X117.978 Y123.074 F9000
G1 F6000
G1 X119.508 Y124.605 E.06007
G1 X119.18 Y124.813 F9000
G1 F6000
G1 X117.643 Y123.275 E.06035
G1 X117.297 Y123.467 F9000
G1 F6000
G1 X118.845 Y125.015 E.06077
G1 X118.504 Y125.21 F9000
G1 F6000
G1 X116.945 Y123.651 E.0612
G1 X116.586 Y123.828 F9000
G1 F6000
G1 X118.157 Y125.399 E.06166
G1 X117.802 Y125.581 F9000
G1 F6000
G1 X116.218 Y123.996 E.06221
G1 X115.844 Y124.159 F9000
G1 F6000
G1 X117.441 Y125.756 E.06269
G1 X117.073 Y125.924 F9000
G1 F6000
G1 X115.457 Y124.309 E.06343
G1 X115.066 Y124.454 F9000
G1 F6000
G1 X116.697 Y126.085 E.06403
G1 X116.315 Y126.239 F9000
G1 F6000
G1 X114.662 Y124.587 E.06485
G1 X114.251 Y124.712 F9000
G1 F6000
G1 X115.924 Y126.385 E.06567
G1 X115.526 Y126.523 F9000
G1 F6000
G1 X113.831 Y124.829 E.06652
G1 X113.394 Y124.928 F9000
G1 F6000
G1 X115.119 Y126.653 E.06773
G1 X114.705 Y126.775 F9000
G1 F6000
G1 X112.952 Y125.023 E.06878
G1 X112.501 Y125.107 F9000
G1 F6000
G1 X114.281 Y126.888 E.06989
G1 X113.848 Y126.992 F9000
G1 F6000
G1 X112.036 Y125.179 E.07114
G1 X111.554 Y125.233 F9000
G1 F6000
G1 X113.406 Y127.086 E.07273
G1 X112.953 Y127.17 F9000
G1 F6000
G1 X111.06 Y125.276 E.07434
G1 X110.553 Y125.305 F9000
G1 F6000
G1 X112.49 Y127.242 E.07604
G1 X112.015 Y127.304 F9000
G1 F6000
G1 X110.023 Y125.312 E.07818
G1 X109.474 Y125.299 F9000
G1 F6000
G1 X111.529 Y127.354 E.08067
G1 X111.029 Y127.391 F9000
G1 F6000
G1 X108.91 Y125.272 E.08317
G1 X108.321 Y125.22 F9000
G1 F6000
G1 X110.515 Y127.413 E.0861
G1 X109.986 Y127.421 F9000
G1 F6000
G1 X107.705 Y125.14 E.08955
G1 X107.055 Y125.027 F9000
G1 F6000
G1 X109.441 Y127.412 E.09365
G1 X108.877 Y127.385 F9000
G1 F6000
G1 X106.369 Y124.877 E.09846
G1 X105.633 Y124.678 F9000
G1 F6000
G1 X108.293 Y127.338 E.10441
G1 X107.686 Y127.267 F9000
G1 F6000
G1 X104.836 Y124.417 E.11186
G1 X103.956 Y124.074 F9000
G1 F6000
G1 X107.053 Y127.17 E.12156
G1 X106.391 Y127.044 F9000
G1 F6000
G1 X102.935 Y123.589 E.13565
G1 X101.651 Y122.842 F9000
G1 F6000
G1 X105.691 Y126.881 E.15858
G1 X104.948 Y126.674 F9000
G1 F6000
G1 X93.303 Y115.03 E.45709
G1 X93.566 Y115.83 F9000
G1 F6000
G1 X104.148 Y126.412 E.41539
G1 X103.273 Y126.072 F9000
G1 F6000
G1 X93.904 Y116.704 E.36776
G1 X94.351 Y117.687 F9000
G1 F6000
G1 X102.29 Y125.626 E.31164
G1 X101.121 Y124.994 F9000
G1 F6000
G1 X94.98 Y118.853 E.24106
G1 X96.064 Y120.473 F9000
G1 F6000
G1 X99.5 Y123.909 E.1349
G1 E-.7 F2400
;WIPE_START
G1 F6000
G1 X98.793 Y123.202 E-.3
;WIPE_END
G17
G3 Z1 I.776 J.938 P1  F9000
G1 X128.861 Y98.332 Z1
G1 Z.6
G1 E1 F2700
;TYPE:Internal solid infill
;WIDTH:0.421949
G1 F10800
G1 X122.285 Y91.755 E.25796
G1 X121.571 Y91.287 E.02367
G1 X120.88 Y90.887 E.02214
G1 X129.152 Y99.158 E.32441
G1 X129.598 Y99.972 E.02573
G1 X129.759 Y100.301 E.01017
G1 X119.725 Y90.268 E.39352
G1 X118.733 Y89.812 E.03029
G1 X130.21 Y101.288 E.45013
G1 X130.45 Y101.845 E.01683
G1 X130.578 Y102.192 E.01025
G1 X117.829 Y89.444 E.50003
G1 X117.004 Y89.154 E.02426
G1 X130.886 Y103.037 E.5445
G1 X131.121 Y103.808 E.02235
G1 X116.217 Y88.904 E.58457
G1 X115.484 Y88.706 E.02106
G1 X131.325 Y104.547 E.62132
G1 X131.498 Y105.257 E.02024
G1 X114.77 Y88.529 E.65608
G1 X114.104 Y88.399 E.01882
G1 X131.636 Y105.931 E.68764
G1 X131.743 Y106.574 E.01809
G1 X113.447 Y88.278 E.71762
G1 X112.822 Y88.189 E.01752
G1 X120.366 Y95.733 E.29589
G1 X120.897 Y96.133 E.01845
G1 X121.491 Y96.62 E.02131
G1 X122.384 Y97.44 E.03361
G1 X122.92 Y97.991 E.02133
G1 X123.441 Y98.576 E.02173
G1 X123.94 Y99.189 E.0219
G1 X124.291 Y99.658 E.01625
G1 X131.835 Y107.202 E.29591
G1 X131.906 Y107.809 E.01695
G1 X125.284 Y101.187 E.25973
G1 X125.642 Y101.838 E.02061
G1 X125.887 Y102.326 E.01513
G1 X131.959 Y108.398 E.23814
G1 X131.993 Y108.968 E.01584
G1 X126.322 Y103.297 E.22241
G1 X126.651 Y104.162 E.02565
G1 X132.006 Y109.518 E.21007
G1 X132.014 Y110.061 E.01507
G1 X126.909 Y104.956 E.20024
G1 X127.112 Y105.695 E.02128
G1 X132.005 Y110.588 E.19192
G1 X131.984 Y111.103 E.01428
G1 X127.273 Y106.392 E.18476
G1 X127.399 Y107.055 E.0187
G1 X131.959 Y111.614 E.17883
G1 X131.914 Y112.106 E.01369
G1 X127.494 Y107.685 E.17339
G1 X127.564 Y108.291 E.01692
G1 X131.862 Y112.589 E.16857
G1 X131.797 Y113.06 E.01319
G1 X127.61 Y108.874 E.1642
G1 X127.638 Y109.437 E.01566
G1 X131.732 Y113.531 E.16057
G1 X131.647 Y113.983 E.01274
G1 X127.646 Y109.981 E.15694
G1 X127.639 Y110.511 E.01468
G1 X131.56 Y114.431 E.15378
G1 X131.47 Y114.877 E.01262
G1 X127.617 Y111.025 E.15112
G1 X127.58 Y111.524 E.01388
G1 X131.365 Y115.308 E.14844
G1 X131.254 Y115.734 E.0122
G1 X127.531 Y112.011 E.14603
G1 X127.47 Y112.486 E.01329
G1 X131.132 Y116.148 E.14364
G1 X131.011 Y116.562 E.01197
G1 X127.398 Y112.95 E.14168
G1 X127.315 Y113.402 E.01276
G1 X130.882 Y116.969 E.13991
G1 X130.744 Y117.368 E.01169
G1 X127.221 Y113.845 E.13816
G1 X127.119 Y114.278 E.01235
G1 X130.599 Y117.758 E.1365
G1 X130.446 Y118.141 E.01144
G1 X127.007 Y114.702 E.13488
G1 X126.886 Y115.118 E.012
G1 X130.293 Y118.524 E.13361
G1 X130.211 Y118.728 E.00609
G1 X130.133 Y118.9 E.00524
G1 X126.757 Y115.525 E.13238
G1 X126.62 Y115.924 E.0117
G1 X129.965 Y119.268 E.13117
G1 X129.792 Y119.631 E.01115
G1 X126.476 Y116.315 E.13006
G1 X126.323 Y116.699 E.01145
G1 X129.61 Y119.985 E.1289
G1 X129.428 Y120.34 E.01104
G1 X126.163 Y117.075 E.12803
G1 X125.997 Y117.444 E.01123
G1 X129.24 Y120.688 E.12723
G1 X129.042 Y121.026 E.01086
G1 X125.823 Y117.806 E.12628
G1 X125.642 Y118.162 E.01106
G1 X128.844 Y121.364 E.1256
G1 X128.644 Y121.7 E.01084
G1 X125.455 Y118.51 E.1251
G1 X125.261 Y118.853 E.01091
G1 X128.433 Y122.025 E.12441
G1 X128.22 Y122.348 E.01074
G1 X125.061 Y119.188 E.12394
G1 X124.854 Y119.518 E.01078
G1 X127.996 Y122.66 E.12325
G1 X127.772 Y122.972 E.01065
G1 X124.641 Y119.841 E.12278
G1 X124.423 Y120.159 E.01069
G1 X127.547 Y123.283 E.12256
G1 X127.31 Y123.582 E.01058
G1 X124.198 Y120.47 E.12208
G1 X123.967 Y120.775 E.01061
G1 X127.071 Y123.879 E.12173
G1 X126.831 Y124.175 E.01057
G1 X123.73 Y121.074 E.12161
G1 X123.488 Y121.368 E.01056
G1 X126.584 Y124.464 E.12145
G1 X126.331 Y124.748 E.01053
G1 X123.239 Y121.655 E.12129
G1 X122.985 Y121.937 E.01053
G1 X126.074 Y125.026 E.12116
G1 X125.809 Y125.297 E.01051
G1 X122.725 Y122.213 E.12096
G1 X122.459 Y122.484 E.01051
G1 X125.544 Y125.568 E.12099
G1 X125.277 Y125.838 E.01051
G1 X122.188 Y122.748 E.12118
G1 X121.911 Y123.007 E.01052
G1 X125 Y126.096 E.12117
G1 X124.722 Y126.355 E.01052
G1 X121.628 Y123.26 E.12138
G1 X121.339 Y123.507 E.01054
G1 X124.433 Y126.601 E.12134
G1 X124.142 Y126.847 E.01055
G1 X121.044 Y123.749 E.12151
G1 X120.744 Y123.984 E.01059
G1 X123.852 Y127.093 E.12192
G1 X123.551 Y127.328 E.01059
G1 X120.437 Y124.214 E.12213
G1 X120.125 Y124.438 E.01065
G1 X123.246 Y127.558 E.1224
G1 X122.94 Y127.789 E.01061
G1 X119.807 Y124.655 E.12291
G1 X119.482 Y124.867 E.01074
G1 X122.629 Y128.013 E.12342
G1 X122.31 Y128.231 E.0107
G1 X119.152 Y125.072 E.12389
G1 X118.815 Y125.271 E.01085
G1 X121.988 Y128.445 E.12448
G1 X121.657 Y128.649 E.0108
G1 X118.471 Y125.464 E.12494
G1 X118.122 Y125.65 E.01099
G1 X121.325 Y128.854 E.12565
G1 X121.04 Y129.03 E.00929
G1 X120.991 Y129.056 E.00154
G1 X117.765 Y125.83 E.12654
G1 X117.402 Y126.002 E.01116
G1 X120.644 Y129.244 E.12715
G1 X120.296 Y129.433 E.01097
G1 X117.031 Y126.168 E.12804
G1 X116.654 Y126.327 E.01135
G1 X119.948 Y129.621 E.12921
G1 X119.587 Y129.796 E.01113
G1 X116.269 Y126.478 E.13012
G1 X115.877 Y126.622 E.01159
G1 X119.225 Y129.97 E.13133
G1 X118.85 Y130.131 E.01132
G1 X115.477 Y126.758 E.1323
G1 X115.069 Y126.886 E.01186
G1 X118.474 Y130.291 E.13357
G1 X118.098 Y130.451 E.01133
G1 X114.652 Y127.005 E.13517
G1 X114.227 Y127.116 E.01219
G1 X117.706 Y130.595 E.13646
G1 X117.312 Y130.737 E.01161
G1 X113.792 Y127.217 E.13806
G1 X113.347 Y127.308 E.01259
G1 X116.918 Y130.879 E.14006
G1 X116.506 Y131.003 E.01193
G1 X112.893 Y127.39 E.14174
G1 X112.428 Y127.461 E.01305
G1 X116.094 Y131.127 E.1438
G1 X115.712 Y131.241 E.01106
G1 X115.68 Y131.249 E.00091
G1 X111.951 Y127.52 E.14625
G1 X111.463 Y127.568 E.01359
G1 X115.251 Y131.356 E.14854
G1 X114.817 Y131.458 E.01235
G1 X110.961 Y127.602 E.15125
G1 X110.445 Y127.623 E.01431
G1 X114.37 Y131.547 E.15394
G1 X113.923 Y131.636 E.01264
G1 X109.915 Y127.628 E.1572
G1 X109.368 Y127.617 E.01519
G1 X113.465 Y131.714 E.16071
G1 X112.995 Y131.781 E.01315
G1 X108.803 Y127.588 E.16445
G1 X108.217 Y127.538 E.0163
G1 X112.526 Y131.847 E.16901
G1 X112.038 Y131.896 E.01359
G1 X107.609 Y127.466 E.17374
G1 X106.974 Y127.367 E.01783
G1 X111.544 Y131.937 E.17924
G1 X111.032 Y131.961 E.01422
G1 X106.309 Y127.239 E.18521
G1 X105.609 Y127.075 E.01994
G1 X110.519 Y131.985 E.19258
G1 X109.989 Y131.99 E.01472
G1 X104.865 Y126.866 E.20097
G1 X104.064 Y126.602 E.02338
G1 X109.447 Y131.985 E.21114
G1 X108.89 Y131.964 E.01546
G1 X103.188 Y126.262 E.22365
G1 X102.207 Y125.816 E.0299
G1 X108.311 Y131.921 E.23944
G1 X107.726 Y131.871 E.0163
G1 X100.524 Y124.669 E.28249
G1 E-.77778 F2400
;WIPE_START
G1 F10800
G1 X101.231 Y125.376 E-.22222
;WIPE_END
G17
G3 Z1 I1.043 J.627 P1  F9000
G1 X119.34 Y95.243 Z1
G1 Z.6
G1 E1 F2700
G1 F10800
G1 X112.223 Y88.126 E.27914
G1 X111.631 Y88.07 E.01648
G1 X117.697 Y94.136 E.23793
G1 X116.726 Y93.701 E.0295
G1 X111.063 Y88.038 E.22213
G1 X110.506 Y88.017 E.01547
G1 X115.86 Y93.371 E.21001
G1 X115.065 Y93.112 E.02318
G1 X109.964 Y88.011 E.20008
G1 X109.43 Y88.014 E.0148
G1 X114.325 Y92.908 E.19199
G1 X113.628 Y92.747 E.01984
G1 X108.921 Y88.04 E.18464
G1 X108.413 Y88.068 E.0141
G1 X112.966 Y92.621 E.17857
G1 X112.334 Y92.525 E.01773
G1 X107.918 Y88.109 E.17321
G1 X107.436 Y88.163 E.01344
G1 X111.728 Y92.455 E.16834
G1 X111.144 Y92.407 E.01626
G1 X106.955 Y88.218 E.16432
G1 X106.491 Y88.29 E.01302
G1 X110.581 Y92.38 E.16042
G1 X110.035 Y92.371 E.01513
G1 X106.031 Y88.366 E.15706
G1 X105.584 Y88.456 E.01264
G1 X109.506 Y92.377 E.15381
G1 X108.992 Y92.399 E.01426
G1 X105.143 Y88.551 E.15096
G1 X104.714 Y88.657 E.01227
G1 X108.492 Y92.435 E.14818
G1 X108.004 Y92.483 E.0136
G1 X104.285 Y88.764 E.14588
G1 X104.085 Y88.814 E.0057
G1 X103.866 Y88.881 E.00636
G1 X107.528 Y92.544 E.14364
G1 X107.065 Y92.616 E.01301
G1 X103.456 Y89.008 E.14152
G1 X103.047 Y89.135 E.01189
G1 X106.611 Y92.699 E.1398
G1 X106.168 Y92.792 E.01256
G1 X102.647 Y89.271 E.13808
G1 X102.254 Y89.413 E.01161
G1 X105.734 Y92.894 E.13651
G1 X105.309 Y93.005 E.01218
G1 X101.87 Y89.566 E.13489
G1 X101.491 Y89.723 E.01138
G1 X104.893 Y93.125 E.13343
G1 X104.485 Y93.253 E.01186
G1 X101.112 Y89.88 E.1323
G1 X100.744 Y90.047 E.01123
G1 X104.086 Y93.389 E.13109
G1 X103.694 Y93.534 E.01157
G1 X100.379 Y90.219 E.13004
G1 X100.023 Y90.399 E.01106
G1 X103.31 Y93.686 E.12894
G1 X102.934 Y93.845 E.01134
G1 X99.673 Y90.584 E.12791
G1 X99.322 Y90.77 E.011
G1 X102.564 Y94.012 E.12716
G1 X102.202 Y94.185 E.01115
G1 X98.979 Y90.963 E.12638
G1 X98.645 Y91.165 E.01083
G1 X101.846 Y94.366 E.12553
G1 X101.496 Y94.552 E.01098
G1 X98.311 Y91.367 E.12495
G1 X97.982 Y91.573 E.01078
G1 X101.154 Y94.746 E.12443
G1 X100.817 Y94.945 E.01085
G1 X97.66 Y91.788 E.12383
G1 X97.341 Y92.005 E.0107
G1 X100.487 Y95.151 E.12339
G1 X100.163 Y95.363 E.01074
G1 X97.033 Y92.233 E.12277
G1 X96.725 Y92.461 E.01063
G1 X99.845 Y95.582 E.12238
G1 X99.534 Y95.806 E.01065
G1 X96.417 Y92.689 E.12223
G1 X96.121 Y92.929 E.01057
G1 X99.228 Y96.036 E.12186
G1 X98.928 Y96.272 E.01059
G1 X95.826 Y93.17 E.12167
G1 X95.54 Y93.42 E.01053
G1 X98.634 Y96.514 E.12133
G1 X98.345 Y96.762 E.01054
G1 X95.258 Y93.674 E.1211
G1 X94.975 Y93.927 E.01053
G1 X98.063 Y97.015 E.12111
G1 X97.786 Y97.275 E.01052
G1 X94.699 Y94.187 E.1211
G1 X94.429 Y94.453 E.01051
G1 X97.516 Y97.54 E.12107
G1 X97.25 Y97.811 E.01051
G1 X94.163 Y94.723 E.1211
G1 X93.905 Y95.002 E.01052
G1 X96.991 Y98.088 E.12103
G1 X96.738 Y98.37 E.01053
G1 X93.648 Y95.28 E.12119
G1 X93.392 Y95.56 E.01052
G1 X96.49 Y98.658 E.12153
G1 X96.248 Y98.952 E.01056
G1 X93.149 Y95.854 E.12154
G1 X92.907 Y96.147 E.01056
G1 X96.012 Y99.252 E.12179
G1 X95.782 Y99.558 E.01062
G1 X92.665 Y96.441 E.12226
G1 X92.433 Y96.745 E.01061
G1 X95.558 Y99.87 E.12257
G1 X95.339 Y100.188 E.01069
G1 X92.203 Y97.051 E.12302
G1 X92.128 Y97.152 E.00348
G1 X91.982 Y97.367 E.0072
G1 X95.127 Y100.512 E.12337
G1 X94.921 Y100.842 E.01079
G1 X91.765 Y97.686 E.12378
G1 X91.549 Y98.005 E.0107
G1 X94.722 Y101.178 E.12445
G1 X94.529 Y101.521 E.01091
G1 X91.339 Y98.332 E.12509
G1 X91.139 Y98.667 E.01084
G1 X94.342 Y101.87 E.12564
G1 X94.162 Y102.226 E.01106
G1 X90.938 Y99.002 E.12645
G1 X90.742 Y99.342 E.01088
G1 X93.988 Y102.589 E.12735
G1 X93.822 Y102.959 E.01124
G1 X90.557 Y99.694 E.12806
G1 X90.373 Y100.045 E.01101
G1 X93.663 Y103.336 E.12906
G1 X93.511 Y103.72 E.01146
G1 X90.19 Y100.399 E.13025
G1 X90.02 Y100.765 E.01119
G1 X93.367 Y104.112 E.13128
G1 X93.23 Y104.511 E.01171
G1 X89.851 Y101.132 E.13254
G1 X89.695 Y101.512 E.01139
G1 X93.102 Y104.919 E.13362
G1 X92.982 Y105.335 E.01201
G1 X89.539 Y101.892 E.13503
G1 X89.385 Y102.274 E.01142
G1 X92.871 Y105.76 E.13675
G1 X92.769 Y106.194 E.01237
G1 X89.244 Y102.669 E.13829
G1 X89.105 Y103.066 E.01167
G1 X92.677 Y106.638 E.14011
G1 X92.595 Y107.092 E.01279
G1 X88.98 Y103.477 E.1418
G1 X88.855 Y103.888 E.01191
G1 X92.524 Y107.557 E.1439
G1 X92.463 Y108.032 E.01329
G1 X88.735 Y104.304 E.14623
G1 X88.629 Y104.735 E.0123
G1 X92.416 Y108.521 E.1485
G1 X92.381 Y109.022 E.01394
G1 X88.524 Y105.165 E.15128
G1 X88.428 Y105.605 E.01249
G1 X92.359 Y109.537 E.15419
G1 X92.353 Y110.067 E.0147
G1 X88.34 Y106.054 E.1574
G1 X88.266 Y106.515 E.01296
G1 X92.364 Y110.614 E.16077
G1 X92.392 Y111.177 E.01565
G1 X88.197 Y106.982 E.16454
G1 X88.13 Y107.451 E.01313
G1 X92.443 Y111.764 E.16916
G1 X92.513 Y112.37 E.01694
G1 X88.085 Y107.943 E.17366
G1 X88.041 Y108.434 E.01369
G1 X92.612 Y113.005 E.17928
G1 X92.74 Y113.67 E.01877
G1 X88.01 Y108.94 E.18553
G1 X87.988 Y109.453 E.01426
G1 X92.904 Y114.369 E.19283
G1 X93.112 Y115.113 E.02142
G1 X87.989 Y109.991 E.20093
G1 X87.992 Y110.529 E.01494
G1 X93.376 Y115.914 E.2112
G1 X93.714 Y116.788 E.02599
G1 X88.011 Y111.085 E.22369
G1 X88.046 Y111.656 E.01586
G1 X94.16 Y117.77 E.23982
G1 X94.448 Y118.332 E.01751
G1 X94.786 Y118.932 E.0191
G1 X88.105 Y112.25 E.26206
G1 X88.168 Y112.85 E.01672
G1 X95.847 Y120.528 E.30116
G1 X96.185 Y120.969 E.01543
G1 X96.677 Y121.56 E.02131
G1 X97.491 Y122.435 E.03316
G1 X98.36 Y123.25 E.03305
G1 X98.948 Y123.744 E.02128
G1 X99.447 Y124.128 E.01747
G1 X107.115 Y131.796 E.30076
G1 X106.49 Y131.708 E.01749
G1 X88.267 Y113.485 E.71476
G1 X88.375 Y114.129 E.01811
G1 X105.835 Y131.588 E.68481
G1 X105.165 Y131.455 E.01893
G1 X88.512 Y114.801 E.65318
G1 X88.694 Y115.52 E.02056
G1 X104.456 Y131.282 E.61822
G1 X103.706 Y131.067 E.02165
G1 X88.897 Y116.259 E.58082
G1 X89.143 Y117.041 E.02273
G1 X102.928 Y130.826 E.54069
G1 X102.084 Y130.518 E.02491
G1 X89.443 Y117.877 E.49582
G1 X89.825 Y118.794 E.02757
G1 X101.184 Y130.153 E.44552
G1 X100.167 Y129.672 E.0312
G1 X90.283 Y119.789 E.38765
G1 X90.901 Y120.942 E.03628
G1 X99.016 Y129.058 E.31829
G1 X98.609 Y128.822 E.01305
G1 X97.587 Y128.165 E.03369
G1 X91.823 Y122.401 E.22608
G1 X92.005 Y122.675 E.00915
G1 X92.748 Y123.666 E.03434
G1 X93.522 Y124.589 E.0334
G1 X94.086 Y125.2 E.02306
G1 X96.344 Y127.457 E.08855
G1 E-.77778 F2400
;WIPE_START
G1 F10800
G1 X95.636 Y126.75 E-.22222
;WIPE_END
G17
G3 Z1 I.948 J.764 P1  F9000
G1 X123.294 Y92.421 Z1
G1 Z.6
G1 E1 F2700
;WIDTH:0.394881
G1 F10800
G1 X124.221 Y93.25 E.03202
G1 X125.121 Y94.103 E.03195
;WIDTH:0.421045
G1 X126.558 Y95.57 E.05681
;WIDTH:0.386195
G1 X127.391 Y96.486 E.0311
G1 X127.895 Y97.075 E.01946
; stop printing object Генератор.stl id:18446744073679698525 copy 0
;LAYER_CHANGE
;Z:0.8
;HEIGHT:0.2
;BEFORE_LAYER_CHANGE
;0.8
G92 E0

G1 E-.77778 F2400
;WIPE_START
G1 F10800
G1 X127.391 Y96.486 E-.17216
G1 X127.239 Y96.32 E-.05006
;WIPE_END
;_SET_FAN_SPEED_CHANGING_LAYER
; printing object Генератор.stl id:18446744073679698525 copy 0
G17
G3 Z1.2 I-1.094 J.533 P1  F9000
G1 X132.008 Y106.11 Z1.2
G1 Z.8
G1 E1 F2700
M204 P2000
;TYPE:Inner wall
;WIDTH:0.449999
G1 F7200
G1 X132.015 Y106.146 E.00109
G1 X132.144 Y106.97 E.02486
G1 X132.272 Y108.155 E.0355
G1 X132.333 Y109.184 E.03069
G1 X132.348 Y110.313 E.03365
G1 X132.295 Y111.571 E.03751
G1 X132.221 Y112.4 E.02477
G1 X132.05 Y113.647 E.0375
G1 X131.809 Y114.883 E.0375
G1 X131.612 Y115.691 E.02477
G1 X131.256 Y116.901 E.03759
G1 X130.984 Y117.687 E.02477
G1 X130.515 Y118.859 E.03759
G1 X130.171 Y119.616 E.02477
G1 X129.596 Y120.736 E.03751
G1 X128.959 Y121.822 E.03749
G1 X128.469 Y122.572 E.02669
G1 X127.769 Y123.541 E.03561
G1 X126.977 Y124.52 E.03751
G1 X126.38 Y125.188 E.0267
G1 X125.543 Y126.042 E.03562
G1 X124.615 Y126.89 E.03745
G1 X123.641 Y127.685 E.03743
G1 X122.621 Y128.425 E.03753
G1 X121.923 Y128.883 E.02488
G1 X121.208 Y129.315 E.02488
G1 X120.098 Y129.917 E.03762
G1 X119.348 Y130.278 E.02479
G1 X118.189 Y130.772 E.03753
G1 X117.006 Y131.2 E.03745
G1 X115.799 Y131.56 E.03754
G1 X114.991 Y131.761 E.02479
G1 X113.755 Y132.008 E.03754
G1 X112.507 Y132.184 E.03754
G1 X111.678 Y132.262 E.0248
G1 X110.416 Y132.321 E.03763
G1 X109.581 Y132.321 E.02489
G1 X108.746 Y132.29 E.02488
G1 X107.49 Y132.184 E.03754
G1 X106.245 Y132.008 E.03746
G1 X105.01 Y131.761 E.03752
G1 X104.14 Y131.543 E.02671
G1 X102.994 Y131.2 E.03563
G1 X101.808 Y130.771 E.03755
G1 X101.037 Y130.451 E.02488
G1 X100.278 Y130.102 E.02488
G1 X99.159 Y129.523 E.03754
G1 X98.075 Y128.882 E.03751
G1 X97.326 Y128.388 E.02671
G1 X96.359 Y127.685 E.03562
G1 X95.383 Y126.889 E.03752
G1 X94.717 Y126.289 E.0267
G1 X93.866 Y125.449 E.03562
G1 X93.021 Y124.518 E.03744
G1 X92.231 Y123.542 E.03743
G1 X91.495 Y122.52 E.03751
G1 X91.039 Y121.82 E.02487
G1 X90.61 Y121.104 E.02486
G1 X90.014 Y119.993 E.03758
G1 X89.629 Y119.183 E.02669
G1 X89.166 Y118.082 E.0356
G1 X88.742 Y116.896 E.03751
G1 X88.5 Y116.1 E.02478
G1 X88.19 Y114.877 E.03757
G1 X88.012 Y113.999 E.02668
G1 X87.828 Y112.819 E.0356
G1 X87.705 Y111.568 E.03742
G1 X87.652 Y110.311 E.0375
G1 X87.656 Y109.479 E.02477
G1 X87.721 Y108.222 E.0375
G1 X87.856 Y106.97 E.0375
G1 X87.984 Y106.149 E.02477
G1 X88.237 Y104.912 E.03759
G1 X88.442 Y104.106 E.02478
G1 X88.81 Y102.899 E.03759
G1 X89.089 Y102.116 E.02477
G1 X89.569 Y100.948 E.03759
G1 X89.92 Y100.195 E.02477
G1 X90.506 Y99.08 E.03751
G1 X91.153 Y97.999 E.03751
G1 X91.613 Y97.307 E.02478
G1 X92.36 Y96.289 E.0376
G1 X92.884 Y95.642 E.02479
G1 X93.721 Y94.702 E.03751
G1 X94.61 Y93.81 E.0375
G1 X95.273 Y93.206 E.0267
G1 X96.195 Y92.442 E.03569
G1 X96.912 Y91.903 E.02671
G1 X97.9 Y91.229 E.03562
G1 X98.976 Y90.579 E.03746
G1 X100.089 Y89.989 E.03751
G1 X100.901 Y89.608 E.02671
G1 X102.009 Y89.15 E.03572
G1 X102.792 Y88.867 E.0248
G1 X103.996 Y88.495 E.03754
G1 X105.219 Y88.191 E.03754
G1 X106.039 Y88.027 E.02488
G1 X106.863 Y87.895 E.02489
G1 X108.116 Y87.754 E.03754
G1 X109.374 Y87.683 E.03752
G1 X110.27 Y87.676 E.02671
G1 X111.466 Y87.722 E.03564
G1 X112.72 Y87.84 E.03753
G1 X113.608 Y87.967 E.02671
G1 X114.783 Y88.191 E.03564
G1 X116.007 Y88.495 E.03755
G1 X116.804 Y88.734 E.0248
G1 X117.996 Y89.152 E.03762
G1 X118.768 Y89.464 E.0248
G1 X119.916 Y89.991 E.03762
G1 X120.655 Y90.374 E.0248
G1 X121.748 Y91.007 E.03762
G1 X122.448 Y91.457 E.02479
G1 X123.474 Y92.187 E.03752
G1 X124.458 Y92.974 E.03753
G1 X125.083 Y93.524 E.02479
G1 X125.989 Y94.399 E.03752
G1 X126.842 Y95.322 E.03743
G1 X127.641 Y96.292 E.03743
G1 X128.387 Y97.307 E.03751
G1 X128.847 Y97.999 E.02478
G1 X129.496 Y99.082 E.0376
G1 X129.889 Y99.815 E.02478
G1 X130.434 Y100.954 E.03759
G1 X130.757 Y101.72 E.02477
G1 X131.191 Y102.902 E.03751
G1 X131.557 Y104.103 E.03741
G1 X131.855 Y105.327 E.0375
G1 X132 Y106.071 E.02258
G1 X132.414 Y106.031 F9000
M204 P1000
;TYPE:Outer wall
;WIDTH:0.419999
G1 F5400
G1 X132.422 Y106.074 E.00122
G1 X132.554 Y106.916 E.02351
G1 X132.683 Y108.111 E.03315
G1 X132.747 Y109.178 E.02951
G1 X132.762 Y110.319 E.03149
G1 X132.708 Y111.599 E.03533
G1 X132.632 Y112.446 E.02348
G1 X132.458 Y113.714 E.03533
G1 X132.213 Y114.971 E.03533
G1 X132.012 Y115.798 E.02348
G1 X131.65 Y117.027 E.03535
G1 X131.371 Y117.831 E.02348
G1 X130.896 Y119.021 E.03536
G1 X130.543 Y119.796 E.02348
G1 X129.959 Y120.935 E.03533
G1 X129.311 Y122.04 E.03533
G1 X128.81 Y122.806 E.02526
G1 X128.098 Y123.793 E.03356
G1 X127.292 Y124.788 E.03534
G1 X126.682 Y125.471 E.02527
G1 X125.83 Y126.34 E.03357
G1 X124.885 Y127.204 E.03533
G1 X123.893 Y128.013 E.03532
G1 X122.856 Y128.765 E.03535
G1 X122.144 Y129.233 E.02353
G1 X121.414 Y129.674 E.02353
G1 X120.286 Y130.285 E.03538
G1 X119.519 Y130.655 E.0235
G1 X118.34 Y131.157 E.03536
G1 X117.136 Y131.592 E.03533
G1 X115.908 Y131.959 E.03536
G1 X115.081 Y132.165 E.0235
G1 X113.824 Y132.415 E.03536
G1 X112.555 Y132.595 E.03536
G1 X111.707 Y132.675 E.0235
G1 X110.426 Y132.735 E.03539
G1 X109.573 Y132.735 E.02353
G1 X108.721 Y132.703 E.02353
G1 X107.444 Y132.595 E.03537
G1 X106.175 Y132.415 E.03534
G1 X104.919 Y132.165 E.03535
G1 X104.03 Y131.942 E.02528
G1 X102.864 Y131.592 E.03358
G1 X101.659 Y131.157 E.03536
G1 X100.871 Y130.83 E.02353
G1 X100.096 Y130.474 E.02353
G1 X98.958 Y129.885 E.03536
G1 X97.856 Y129.233 E.03535
G1 X97.091 Y128.728 E.02528
G1 X96.107 Y128.013 E.03357
G1 X95.114 Y127.203 E.03535
G1 X94.433 Y126.59 E.02527
G1 X93.567 Y125.736 E.03357
G1 X92.707 Y124.787 E.03532
G1 X91.902 Y123.793 E.03531
G1 X91.154 Y122.753 E.03534
G1 X90.689 Y122.039 E.02351
G1 X90.251 Y121.308 E.02351
G1 X89.644 Y120.179 E.03535
G1 X89.251 Y119.352 E.02526
G1 X88.78 Y118.231 E.03356
G1 X88.35 Y117.025 E.03533
G1 X88.102 Y116.211 E.02349
G1 X87.786 Y114.97 E.03535
G1 X87.604 Y114.072 E.02526
G1 X87.418 Y112.871 E.03355
G1 X87.292 Y111.598 E.0353
G1 X87.238 Y110.318 E.03533
G1 X87.242 Y109.467 E.02348
G1 X87.308 Y108.189 E.03532
G1 X87.446 Y106.916 E.03532
G1 X87.577 Y106.075 E.02348
G1 X87.834 Y104.82 E.03535
G1 X88.044 Y103.995 E.02349
G1 X88.417 Y102.769 E.03535
G1 X88.703 Y101.968 E.02348
G1 X89.19 Y100.782 E.03536
G1 X89.55 Y100.011 E.02348
G1 X90.145 Y98.877 E.03534
G1 X90.803 Y97.778 E.03533
G1 X91.274 Y97.07 E.02349
G1 X92.033 Y96.037 E.03536
G1 X92.569 Y95.375 E.02349
G1 X93.42 Y94.418 E.03534
G1 X94.324 Y93.511 E.03534
G1 X95.002 Y92.894 E.02527
G1 X95.939 Y92.117 E.03359
G1 X96.671 Y91.567 E.02528
G1 X97.676 Y90.881 E.03358
G1 X98.772 Y90.219 E.03533
G1 X99.904 Y89.619 E.03535
G1 X100.734 Y89.23 E.02528
G1 X101.859 Y88.764 E.03361
G1 X102.661 Y88.475 E.02351
G1 X103.885 Y88.096 E.03536
G1 X105.129 Y87.787 E.03536
G1 X105.965 Y87.62 E.02353
G1 X106.807 Y87.485 E.02353
G1 X108.081 Y87.341 E.03537
G1 X109.36 Y87.269 E.03536
G1 X110.277 Y87.263 E.02529
G1 X111.493 Y87.309 E.03359
G1 X112.769 Y87.429 E.03536
G1 X113.676 Y87.559 E.02528
G1 X114.872 Y87.787 E.03359
G1 X116.116 Y88.096 E.03536
G1 X116.932 Y88.34 E.02351
G1 X118.142 Y88.765 E.03539
G1 X118.932 Y89.084 E.0235
G1 X120.097 Y89.62 E.03538
G1 X120.854 Y90.011 E.0235
G1 X121.963 Y90.654 E.03538
G1 X122.68 Y91.114 E.0235
G1 X123.723 Y91.857 E.03535
G1 X124.724 Y92.657 E.03535
G1 X125.363 Y93.22 E.02349
G1 X126.284 Y94.11 E.03534
G1 X127.153 Y95.05 E.03532
G1 X127.968 Y96.037 E.03532
G1 X128.726 Y97.07 E.03533
G1 X129.197 Y97.779 E.02349
G1 X129.856 Y98.878 E.03536
G1 X130.258 Y99.628 E.02349
G1 X130.811 Y100.784 E.03536
G1 X131.142 Y101.568 E.02348
G1 X131.583 Y102.77 E.03533
G1 X131.956 Y103.994 E.0353
G1 X132.26 Y105.238 E.03533
G1 X132.406 Y105.991 E.02118
G1 E-.7 F2400
;WIPE_START
G1 F5400
G1 X132.422 Y106.074 E-.02532
G1 X132.554 Y106.916 E-.25562
G1 X132.561 Y106.979 E-.01907
;WIPE_END
G17
G3 Z1.2 I.773 J-.94 P1  F9000
G1 X120.619 Y97.157 Z1.2
G1 Z.8
G1 E1 F2700
M204 P2000
;TYPE:Inner wall
;WIDTH:0.449999
G1 F7200
G1 X121.139 Y97.603 E.02041
G1 X121.683 Y98.112 E.0222
G1 X122.204 Y98.646 E.02221
G1 X122.933 Y99.484 E.03309
G1 X123.395 Y100.077 E.0224
G1 X124.059 Y101.048 E.03503
G1 X124.575 Y101.907 E.02985
G1 X124.842 Y102.412 E.01703
G1 X125.273 Y103.312 E.02972
G1 X125.678 Y104.322 E.03241
G1 X125.918 Y105.034 E.02238
G1 X126.092 Y105.638 E.0187
G1 X126.299 Y106.475 E.02569
G1 X126.514 Y107.691 E.03678
G1 X126.591 Y108.313 E.01868
G1 X126.649 Y109.056 E.02219
G1 X126.675 Y109.801 E.0222
G1 X126.651 Y110.911 E.03307
G1 X126.593 Y111.66 E.02239
G1 X126.502 Y112.399 E.02219
G1 X126.378 Y113.134 E.02219
G1 X126.262 Y113.675 E.01649
G1 X125.928 Y114.933 E.03877
G1 X125.689 Y115.646 E.02239
G1 X125.421 Y116.341 E.02219
G1 X125.121 Y117.023 E.02219
G1 X124.792 Y117.692 E.0222
G1 X124.433 Y118.345 E.0222
G1 X124.127 Y118.846 E.01748
G1 X123.414 Y119.896 E.0378
G1 X122.954 Y120.49 E.02239
G1 X122.472 Y121.058 E.0222
G1 X121.964 Y121.604 E.0222
G1 X121.584 Y121.978 E.01588
G1 X120.886 Y122.608 E.02801
G1 X120.162 Y123.204 E.02796
G1 X119.401 Y123.759 E.02804
G1 X118.869 Y124.105 E.0189
G1 X117.811 Y124.717 E.03641
G1 X117.139 Y125.055 E.02241
G1 X116.458 Y125.358 E.02221
G1 X115.764 Y125.631 E.02221
G1 X115.201 Y125.824 E.01773
G1 X114.343 Y126.083 E.02669
G1 X113.698 Y126.242 E.0198
G1 X112.888 Y126.406 E.02462
G1 X112.151 Y126.519 E.02222
G1 X111.21 Y126.609 E.02814
G1 X110.292 Y126.656 E.02738
G1 X109.181 Y126.638 E.0331
G1 X108.431 Y126.584 E.02241
G1 X107.69 Y126.498 E.02221
G1 X106.224 Y126.225 E.04442
G1 X105.134 Y125.933 E.0336
G1 X104.436 Y125.703 E.02191
G1 X103.297 Y125.249 E.0365
G1 X102.762 Y125.003 E.01754
G1 X101.888 Y124.55 E.02932
G1 X101.071 Y124.06 E.0284
G1 X100.143 Y123.436 E.03331
G1 X99.571 Y122.999 E.02143
G1 X99.051 Y122.563 E.02021
G1 X98.581 Y122.136 E.01892
G1 X97.924 Y121.489 E.02747
G1 X97.422 Y120.938 E.0222
G1 X96.945 Y120.365 E.0222
G1 X96.495 Y119.772 E.0222
G1 X95.852 Y118.81 E.03447
G1 X95.566 Y118.333 E.01657
G1 X95.138 Y117.555 E.02644
G1 X94.812 Y116.878 E.0224
G1 X94.436 Y115.971 E.02924
G1 X94.138 Y115.142 E.02622
G1 X93.952 Y114.523 E.01927
G1 X93.742 Y113.706 E.02511
G1 X93.592 Y112.976 E.02219
G1 X93.475 Y112.241 E.02219
G1 X93.39 Y111.478 E.02287
G1 X93.329 Y110.391 E.03241
G1 X93.328 Y109.64 E.02238
G1 X93.362 Y108.873 E.02287
G1 X93.471 Y107.79 E.03241
G1 X93.58 Y107.095 E.02097
G1 X93.736 Y106.318 E.0236
G1 X93.917 Y105.595 E.02219
G1 X94.13 Y104.882 E.02219
G1 X94.389 Y104.142 E.02335
G1 X94.79 Y103.172 E.03126
G1 X95.022 Y102.683 E.01612
G1 X95.475 Y101.816 E.02913
G1 X95.856 Y101.175 E.0222
G1 X96.296 Y100.521 E.02349
G1 X96.867 Y99.736 E.02891
G1 X97.229 Y99.293 E.01704
G1 X97.883 Y98.555 E.02938
G1 X98.432 Y98.001 E.02324
G1 X98.981 Y97.496 E.0222
G1 X99.551 Y97.016 E.02221
G1 X100.264 Y96.482 E.02655
G1 X101.002 Y95.976 E.02663
G1 X101.737 Y95.529 E.02564
G1 X102.677 Y95.033 E.03166
G1 X103.227 Y94.78 E.01803
G1 X104.061 Y94.433 E.0269
G1 X104.64 Y94.227 E.01829
G1 X105.555 Y93.951 E.02847
G1 X106.482 Y93.718 E.02847
G1 X107.06 Y93.605 E.01755
G1 X107.642 Y93.512 E.01755
G1 X108.623 Y93.4 E.02942
G1 X109.544 Y93.347 E.02747
G1 X110.209 Y93.35 E.01982
G1 X111.105 Y93.381 E.02669
G1 X112.086 Y93.473 E.02937
G1 X112.716 Y93.566 E.01895
G1 X113.594 Y93.732 E.02663
G1 X114.319 Y93.909 E.02222
G1 X115.101 Y94.147 E.02435
G1 X116.019 Y94.465 E.02895
G1 X116.549 Y94.683 E.01707
G1 X117.429 Y95.094 E.02894
G1 X118.434 Y95.628 E.0339
G1 X119.069 Y96.02 E.02221
G1 X119.704 Y96.452 E.02289
G1 X120.568 Y97.114 E.03243
G1 X120.589 Y97.131 E.00079
G1 X120.351 Y97.471 F9000
M204 P1000
;TYPE:Outer wall
;WIDTH:0.419999
G1 F5400
G1 X120.87 Y97.916 E.01889
G1 X121.4 Y98.414 E.02005
G1 X121.907 Y98.935 E.02006
G1 X122.621 Y99.755 E.03001
G1 X123.069 Y100.331 E.02011
G1 X123.711 Y101.271 E.03143
G1 X124.217 Y102.114 E.02714
G1 X124.476 Y102.604 E.01527
G1 X124.898 Y103.487 E.02701
G1 X125.294 Y104.476 E.02939
G1 X125.526 Y105.166 E.0201
G1 X125.695 Y105.752 E.01681
G1 X125.897 Y106.571 E.02329
G1 X126.103 Y107.742 E.03279
G1 X126.18 Y108.366 E.01737
G1 X126.237 Y109.088 E.01997
G1 X126.262 Y109.814 E.02005
G1 X126.238 Y110.901 E.03
G1 X126.181 Y111.628 E.0201
G1 X126.092 Y112.349 E.02004
G1 X125.971 Y113.065 E.02005
G1 X125.858 Y113.588 E.01477
G1 X125.528 Y114.826 E.03536
G1 X125.297 Y115.514 E.02002
G1 X125.035 Y116.192 E.02005
G1 X124.743 Y116.857 E.02005
G1 X124.421 Y117.509 E.02005
G1 X124.071 Y118.145 E.02005
G1 X123.774 Y118.63 E.01567
G1 X123.074 Y119.661 E.03438
G1 X122.627 Y120.237 E.02011
G1 X122.157 Y120.79 E.02005
G1 X121.662 Y121.322 E.02005
G1 X121.295 Y121.683 E.0142
G1 X120.613 Y122.297 E.02531
G1 X119.906 Y122.879 E.02526
G1 X119.161 Y123.422 E.02546
G1 X118.644 Y123.758 E.017
G1 X117.606 Y124.358 E.03309
G1 X116.954 Y124.685 E.02012
G1 X116.29 Y124.98 E.02006
G1 X115.613 Y125.246 E.02006
G1 X115.067 Y125.433 E.01591
G1 X114.227 Y125.686 E.02421
G1 X113.6 Y125.84 E.01783
G1 X112.808 Y126.001 E.02229
G1 X112.089 Y126.11 E.02007
G1 X111.171 Y126.198 E.02543
G1 X110.276 Y126.242 E.02472
G1 X109.188 Y126.224 E.03003
G1 X108.461 Y126.172 E.02012
G1 X107.738 Y126.087 E.02006
G1 X106.309 Y125.821 E.04013
G1 X105.253 Y125.537 E.03016
G1 X104.565 Y125.311 E.01999
G1 X103.461 Y124.87 E.03279
G1 X102.943 Y124.631 E.01574
G1 X102.086 Y124.187 E.02664
G1 X101.288 Y123.708 E.02567
G1 X100.8 Y123.391 E.01606
G1 X100.067 Y122.857 E.02503
G1 X99.317 Y122.246 E.02667
G1 X98.861 Y121.832 E.01702
G1 X98.218 Y121.197 E.02494
G1 X97.728 Y120.659 E.02005
G1 X97.263 Y120.101 E.02005
G1 X96.824 Y119.522 E.02005
G1 X96.202 Y118.59 E.0309
G1 X95.499 Y117.354 E.03924
G1 X95.184 Y116.699 E.02006
G1 X94.818 Y115.813 E.02645
G1 X94.529 Y115.006 E.02365
G1 X94.348 Y114.404 E.01734
G1 X94.143 Y113.605 E.02275
G1 X93.997 Y112.894 E.02004
G1 X93.884 Y112.176 E.02004
G1 X93.801 Y111.432 E.02066
G1 X93.741 Y110.368 E.02939
G1 X93.741 Y109.64 E.0201
G1 X93.775 Y108.892 E.02066
G1 X93.883 Y107.832 E.02939
G1 X93.989 Y107.16 E.01879
G1 X94.141 Y106.401 E.02135
G1 X94.318 Y105.696 E.02005
G1 X94.526 Y105 E.02005
G1 X94.775 Y104.289 E.02079
G1 X95.172 Y103.33 E.02864
G1 X95.395 Y102.862 E.0143
G1 X95.839 Y102.011 E.02647
G1 X96.211 Y101.387 E.02006
G1 X96.639 Y100.752 E.02112
G1 X97.196 Y99.986 E.02614
G1 X97.547 Y99.557 E.01528
G1 X98.189 Y98.833 E.0267
G1 X98.725 Y98.292 E.02102
G1 X99.26 Y97.801 E.02006
G1 X99.817 Y97.333 E.02006
G1 X100.512 Y96.813 E.02395
G1 X101.231 Y96.32 E.02403
G1 X101.941 Y95.889 E.02294
G1 X102.87 Y95.399 E.02898
G1 X103.4 Y95.155 E.01607
G1 X104.217 Y94.816 E.02441
G1 X104.778 Y94.617 E.01643
G1 X105.671 Y94.348 E.02573
G1 X106.575 Y94.12 E.02574
G1 X107.136 Y94.012 E.01575
G1 X107.699 Y93.922 E.01575
G1 X108.662 Y93.812 E.02674
G1 X109.564 Y93.76 E.02492
G1 X110.207 Y93.764 E.01772
G1 X111.079 Y93.794 E.02409
G1 X112.043 Y93.884 E.0267
G1 X112.654 Y93.975 E.01704
G1 X113.514 Y94.138 E.02416
G1 X114.22 Y94.311 E.02007
G1 X114.98 Y94.542 E.02192
G1 X115.876 Y94.854 E.02618
G1 X116.389 Y95.065 E.0153
G1 X117.248 Y95.466 E.02617
G1 X118.235 Y95.991 E.03084
G1 X118.852 Y96.371 E.01998
G1 X119.471 Y96.794 E.02068
G1 X120.317 Y97.442 E.02941
G1 X120.32 Y97.445 E.00012
G1 E-.7 F2400
;WIPE_START
G1 F5400
G1 X120.87 Y97.916 E-.21734
G1 X121.071 Y98.105 E-.08266
;WIPE_END
G1 Z1.2 F9000
G1 X122.939 Y127.88
G1 Z1.2
G1 Z.8
G1 E1 F2700
M204 P2500
;TYPE:Internal solid infill
;WIDTH:0.395804
G1 F10800
G1 X123.453 Y127.441 E.01747
G1 X124.373 Y126.61 E.032
G1 X125.266 Y125.756 E.03192
G1 X126.697 Y124.282 E.05304
G1 X127.892 Y122.931 E.04656
G1 X121.708 Y128.824 F9000
;WIDTH:0.421949
G1 F10800
G1 X128.287 Y122.246 E.25802
G1 X128.678 Y121.648 E.01983
G1 X129.144 Y120.852 E.02557
G1 X120.881 Y129.116 E.32412
G1 X119.738 Y129.723 E.03589
G1 X129.751 Y119.71 E.39273
G1 X130.221 Y118.703 E.03081
G1 X118.752 Y130.173 E.44985
G1 X117.843 Y130.545 E.02724
G1 X130.578 Y117.811 E.49949
G1 X130.881 Y116.971 E.02475
G1 X117.004 Y130.849 E.5443
G1 X116.23 Y131.086 E.02244
G1 X131.117 Y116.199 E.5839
G1 X131.33 Y115.45 E.02159
G1 X115.482 Y131.298 E.62158
G1 X114.778 Y131.466 E.02008
G1 X131.499 Y114.746 E.65582
G1 X131.629 Y114.08 E.01881
G1 X114.109 Y131.599 E.68717
G1 X113.457 Y131.715 E.01836
G1 X131.746 Y113.426 E.71735
G1 X131.831 Y112.805 E.01739
G1 X112.833 Y131.804 E.74518
G1 X112.222 Y131.878 E.01706
G1 X131.907 Y112.193 E.7721
G1 X131.96 Y111.604 E.01639
G1 X124.148 Y119.417 E.30641
G1 X123.675 Y120.1 E.02304
G1 X123.204 Y120.708 E.02133
G1 X122.709 Y121.289 E.02117
G1 X122.191 Y121.846 E.02111
G1 X121.642 Y122.385 E.02134
G1 X120.792 Y123.13 E.03133
G1 X120.186 Y123.605 E.02136
G1 X119.429 Y124.136 E.02564
G1 X111.631 Y131.933 E.30583
G1 X111.069 Y131.959 E.01561
G1 X118.088 Y124.94 E.2753
G1 X117.024 Y125.468 E.03295
G1 X110.507 Y131.985 E.25561
G1 X109.966 Y131.99 E.01499
G1 X116.102 Y125.854 E.24068
G1 X115.27 Y126.15 E.02451
G1 X109.436 Y131.984 E.22883
G1 X108.919 Y131.965 E.01434
G1 X114.503 Y126.381 E.21902
G1 X113.788 Y126.56 E.02043
G1 X108.418 Y131.93 E.21063
G1 X107.924 Y131.888 E.01376
G1 X113.113 Y126.699 E.20354
G1 X112.472 Y126.804 E.01804
G1 X107.435 Y131.841 E.19757
G1 X106.965 Y131.775 E.01315
G1 X111.86 Y126.88 E.19199
G1 X111.267 Y126.937 E.01651
G1 X106.495 Y131.709 E.18717
G1 X106.039 Y131.629 E.01285
G1 X110.698 Y126.97 E.18272
G1 X110.147 Y126.985 E.01527
G1 X105.592 Y131.54 E.17867
G1 X105.145 Y131.451 E.01264
G1 X109.62 Y126.976 E.17552
G1 X109.096 Y126.964 E.01454
G1 X104.714 Y131.346 E.17187
G1 X104.285 Y131.239 E.01226
G1 X108.596 Y126.928 E.16907
G1 X108.108 Y126.88 E.0136
G1 X103.871 Y131.117 E.1662
G1 X103.458 Y130.993 E.01194
G1 X107.628 Y126.823 E.16356
G1 X107.168 Y126.748 E.01294
G1 X103.048 Y130.867 E.16158
G1 X102.655 Y130.725 E.01161
G1 X106.714 Y126.666 E.15921
G1 X106.271 Y126.573 E.01255
G1 X102.261 Y130.583 E.15728
G1 X101.869 Y130.438 E.01157
G1 X105.841 Y126.466 E.1558
G1 X105.419 Y126.353 E.01213
G1 X101.491 Y130.281 E.15408
G1 X101.114 Y130.122 E.01135
G1 X104.998 Y126.237 E.15238
G1 X104.595 Y126.104 E.01177
G1 X100.746 Y129.953 E.15097
G1 X100.381 Y129.783 E.01119
G1 X104.196 Y125.967 E.14966
G1 X103.808 Y125.82 E.01153
G1 X100.028 Y129.6 E.14827
G1 X99.675 Y129.417 E.01103
G1 X103.426 Y125.665 E.14716
G1 X103.052 Y125.504 E.01131
G1 X99.319 Y129.233 E.14634
G1 X98.984 Y129.035 E.01079
G1 X102.686 Y125.334 E.14517
G1 X102.325 Y125.158 E.01112
G1 X98.648 Y128.836 E.14424
G1 X98.311 Y128.637 E.01085
G1 X101.974 Y124.974 E.14367
G1 X101.627 Y124.785 E.01096
G1 X97.985 Y128.426 E.14283
G1 X97.662 Y128.213 E.01073
G1 X101.291 Y124.585 E.14232
G1 X100.959 Y124.38 E.0108
G1 X97.346 Y127.993 E.14172
G1 X97.036 Y127.768 E.01064
G1 X100.628 Y124.175 E.1409
G1 X100.31 Y123.957 E.01069
G1 X96.725 Y127.542 E.1406
G1 X96.422 Y127.309 E.0106
G1 X99.994 Y123.737 E.14011
G1 X99.689 Y123.506 E.01061
G1 X96.127 Y127.068 E.13973
G1 X95.832 Y126.827 E.01057
G1 X99.386 Y123.273 E.13941
G1 X99.093 Y123.03 E.01056
G1 X95.539 Y126.584 E.13939
G1 X95.257 Y126.33 E.01053
G1 X98.802 Y122.785 E.13903
G1 X98.521 Y122.53 E.01052
G1 X94.975 Y126.076 E.13909
G1 X94.704 Y125.811 E.01051
G1 X98.242 Y122.273 E.13877
G1 X97.973 Y122.006 E.01051
G1 X94.434 Y125.545 E.1388
G1 X94.164 Y125.279 E.01051
G1 X97.705 Y121.738 E.13889
G1 X97.449 Y121.458 E.01052
G1 X93.906 Y125.001 E.13896
G1 X93.651 Y124.72 E.01052
G1 X97.193 Y121.178 E.13893
G1 X96.949 Y120.886 E.01055
G1 X93.396 Y124.439 E.13934
G1 X93.149 Y124.15 E.01054
G1 X96.705 Y120.594 E.13948
G1 X96.473 Y120.29 E.0106
G1 X92.909 Y123.854 E.13977
G1 X92.669 Y123.557 E.01057
G1 X96.241 Y119.985 E.1401
G1 X96.021 Y119.669 E.01068
G1 X92.434 Y123.257 E.14071
G1 X92.209 Y122.945 E.01065
G1 X95.802 Y119.352 E.14093
G1 X95.595 Y119.024 E.01078
G1 X91.985 Y122.634 E.14159
G1 X91.761 Y122.322 E.01065
G1 X95.389 Y118.694 E.14228
G1 X95.198 Y118.349 E.01094
G1 X91.55 Y121.997 E.14309
G1 X91.338 Y121.672 E.01074
G1 X95.007 Y118.003 E.14391
G1 X94.819 Y117.656 E.01097
G1 X91.136 Y121.338 E.14443
G1 X90.936 Y121.003 E.01084
G1 X94.645 Y117.294 E.14548
G1 X94.474 Y116.929 E.01118
G1 X90.746 Y120.657 E.14622
G1 X90.559 Y120.308 E.01098
G1 X94.317 Y116.549 E.14742
G1 X94.16 Y116.17 E.01138
G1 X90.371 Y119.959 E.14862
G1 X90.194 Y119.601 E.01109
G1 X94.012 Y115.782 E.14977
G1 X93.873 Y115.386 E.01166
G1 X90.021 Y119.237 E.15108
G1 X89.855 Y118.867 E.01125
G1 X93.744 Y114.978 E.15254
G1 X93.62 Y114.566 E.01194
G1 X89.696 Y118.49 E.15391
G1 X89.538 Y118.113 E.01135
G1 X93.51 Y114.141 E.15579
G1 X93.405 Y113.71 E.01231
G1 X89.39 Y117.725 E.15748
G1 X89.249 Y117.33 E.01163
G1 X93.314 Y113.265 E.15943
G1 X93.231 Y112.811 E.01278
G1 X89.108 Y116.934 E.16172
G1 X88.977 Y116.529 E.01181
G1 X93.158 Y112.348 E.16399
G1 X93.1 Y111.87 E.01336
G1 X88.852 Y116.118 E.16664
G1 X88.819 Y116.011 E.00312
G1 X88.739 Y115.695 E.00903
G1 X93.053 Y111.381 E.1692
G1 X93.024 Y110.874 E.0141
G1 X88.63 Y115.268 E.17234
G1 X88.522 Y114.84 E.01223
G1 X92.997 Y110.365 E.17555
G1 X92.997 Y109.829 E.01486
G1 X88.43 Y114.396 E.17914
G1 X88.339 Y113.951 E.01261
G1 X93.013 Y109.277 E.1833
G1 X93.045 Y108.709 E.01579
G1 X88.267 Y113.487 E.18741
G1 X88.195 Y113.023 E.01302
G1 X93.106 Y108.112 E.19261
G1 X93.182 Y107.5 E.0171
G1 X88.134 Y112.548 E.19797
G1 X88.086 Y112.06 E.01359
G1 X93.289 Y106.857 E.20407
G1 X93.43 Y106.18 E.01917
G1 X88.038 Y111.572 E.21148
G1 X88.015 Y111.059 E.01424
G1 X93.611 Y105.463 E.21951
G1 X93.846 Y104.692 E.02235
G1 X87.993 Y110.545 E.22957
G1 X87.984 Y110.018 E.01462
G1 X94.151 Y103.851 E.24188
G1 X94.539 Y102.927 E.02779
G1 X87.987 Y109.479 E.25698
G1 X88.016 Y108.914 E.0157
G1 X95.541 Y101.389 E.29514
G1 E-.77778 F2400
;WIPE_START
G1 F10800
G1 X94.834 Y102.096 E-.22222
;WIPE_END
G17
G3 Z1.2 I-.589 J1.065 P1  F9000
G1 X124.526 Y118.502 Z1.2
G1 Z.8
G1 E1 F2700
G1 F10800
G1 X131.986 Y111.042 E.2926
G1 X132.01 Y110.482 E.01554
G1 X125.494 Y116.998 E.25557
G1 X125.876 Y116.08 E.0276
G1 X132.012 Y109.944 E.24067
G1 X132.005 Y109.415 E.01468
G1 X126.172 Y115.249 E.22882
G1 X126.393 Y114.492 E.02187
G1 X131.988 Y108.896 E.21946
G1 X131.958 Y108.39 E.01406
G1 X126.581 Y113.768 E.21092
G1 X126.721 Y113.091 E.01917
G1 X131.912 Y107.9 E.20359
G1 X131.859 Y107.417 E.01349
G1 X126.83 Y112.446 E.19726
G1 X126.905 Y111.835 E.01708
G1 X131.804 Y106.936 E.19212
G1 X131.731 Y106.473 E.01301
G1 X126.957 Y111.247 E.18724
G1 X126.987 Y110.681 E.01571
G1 X131.652 Y106.015 E.18299
G1 X131.565 Y105.567 E.01268
G1 X126.999 Y110.133 E.17908
G1 X126.999 Y109.597 E.01487
G1 X131.467 Y105.129 E.17522
G1 X131.361 Y104.698 E.0123
G1 X126.982 Y109.078 E.17178
G1 X126.944 Y108.58 E.01386
G1 X131.256 Y104.268 E.16914
G1 X131.238 Y104.191 E.00219
G1 X131.135 Y103.853 E.0098
G1 X126.896 Y108.091 E.16623
G1 X126.837 Y107.614 E.01333
G1 X131.009 Y103.442 E.16364
G1 X130.884 Y103.031 E.01191
G1 X126.759 Y107.157 E.1618
G1 X126.677 Y106.703 E.01279
G1 X130.741 Y102.638 E.15941
G1 X130.597 Y102.246 E.01158
G1 X126.587 Y106.257 E.15732
G1 X126.483 Y105.824 E.01234
G1 X130.453 Y101.854 E.15572
G1 X130.295 Y101.477 E.01136
G1 X126.369 Y105.403 E.154
G1 X126.249 Y104.987 E.01201
G1 X130.136 Y101.1 E.15246
G1 X129.963 Y100.737 E.01115
G1 X126.116 Y104.584 E.1509
G1 X125.979 Y104.185 E.0117
G1 X129.79 Y100.374 E.14947
G1 X129.616 Y100.011 E.01115
G1 X125.826 Y103.802 E.14867
G1 X125.673 Y103.418 E.01144
G1 X129.431 Y99.661 E.14739
G1 X129.244 Y99.312 E.01098
G1 X125.513 Y103.043 E.14634
G1 X125.343 Y102.677 E.01119
G1 X129.045 Y98.974 E.14523
G1 X128.845 Y98.639 E.01084
G1 X125.166 Y102.318 E.14428
G1 X124.982 Y101.965 E.01102
G1 X128.644 Y98.304 E.14361
G1 X128.435 Y97.977 E.01076
G1 X124.791 Y101.62 E.14291
G1 X124.594 Y101.281 E.01088
G1 X128.221 Y97.655 E.14224
G1 X128.115 Y97.496 E.00528
G1 X128 Y97.339 E.0054
G1 X124.389 Y100.95 E.14162
G1 X124.18 Y100.624 E.01076
G1 X127.773 Y97.03 E.14094
G1 X127.546 Y96.721 E.01063
G1 X123.962 Y100.305 E.14056
G1 X123.74 Y99.991 E.01067
G1 X127.315 Y96.416 E.14021
G1 X127.073 Y96.123 E.01056
G1 X123.51 Y99.685 E.13974
G1 X123.276 Y99.384 E.0106
G1 X126.83 Y95.829 E.13943
G1 X126.592 Y95.54 E.01038
G1 X123.031 Y99.092 E.13949
G1 X122.782 Y98.805 E.01054
G1 X126.33 Y95.257 E.13919
G1 X126.073 Y94.978 E.01052
G1 X122.532 Y98.519 E.13887
G1 X122.272 Y98.243 E.01052
G1 X125.815 Y94.7 E.13897
G1 X125.752 Y94.631 E.0026
G1 X125.547 Y94.433 E.00792
G1 X122.008 Y97.971 E.13879
G1 X121.735 Y97.708 E.01051
G1 X125.274 Y94.169 E.13879
G1 X125.001 Y93.906 E.01051
G1 X121.459 Y97.448 E.13895
G1 X121.174 Y97.197 E.01053
G1 X124.723 Y93.648 E.13918
G1 X124.438 Y93.397 E.01053
G1 X120.886 Y96.949 E.13931
G1 X120.587 Y96.711 E.01058
G1 X124.148 Y93.15 E.13967
G1 X123.851 Y92.912 E.01058
G1 X120.284 Y96.479 E.13989
G1 X119.98 Y96.246 E.0106
G1 X123.553 Y92.674 E.14012
G1 X123.254 Y92.437 E.01058
G1 X119.665 Y96.025 E.14075
G1 X119.347 Y95.808 E.0107
G1 X122.941 Y92.214 E.14097
G1 X122.628 Y91.991 E.01066
G1 X119.019 Y95.6 E.14155
G1 X118.687 Y95.395 E.0108
G1 X122.314 Y91.768 E.14227
G1 X122.262 Y91.731 E.00178
G1 X121.99 Y91.556 E.00897
G1 X118.346 Y95.201 E.14294
G1 X118.002 Y95.009 E.01093
G1 X121.664 Y91.347 E.14365
G1 X121.328 Y91.146 E.01084
G1 X117.644 Y94.831 E.14452
G1 X117.283 Y94.656 E.01112
G1 X120.989 Y90.95 E.14535
G1 X120.649 Y90.753 E.01088
G1 X116.922 Y94.481 E.1462
G1 X116.544 Y94.322 E.01136
G1 X120.302 Y90.564 E.1474
G1 X119.949 Y90.381 E.01103
G1 X116.164 Y94.166 E.14846
G1 X115.772 Y94.022 E.01158
G1 X119.589 Y90.205 E.14971
G1 X119.222 Y90.037 E.01121
G1 X115.374 Y93.885 E.15092
G1 X114.963 Y93.759 E.01191
G1 X118.855 Y89.868 E.15263
G1 X118.482 Y89.705 E.01129
G1 X114.553 Y93.634 E.15409
G1 X114.128 Y93.523 E.01218
G1 X118.1 Y89.551 E.15579
G1 X117.712 Y89.403 E.01152
G1 X113.697 Y93.417 E.15744
G1 X113.251 Y93.327 E.01263
G1 X117.315 Y89.264 E.15938
G1 X116.918 Y89.124 E.01166
G1 X112.798 Y93.244 E.16158
G1 X112.333 Y93.173 E.01305
G1 X116.514 Y88.992 E.16397
G1 X116.101 Y88.869 E.01195
G1 X111.855 Y93.116 E.16656
G1 X111.368 Y93.066 E.01355
G1 X115.679 Y88.755 E.16908
G1 X115.25 Y88.648 E.01227
G1 X110.863 Y93.035 E.17205
G1 X110.342 Y93.021 E.01448
G1 X114.82 Y88.542 E.17567
G1 X114.375 Y88.451 E.0126
G1 X109.809 Y93.017 E.17911
G1 X109.26 Y93.03 E.01524
G1 X113.925 Y88.365 E.18299
G1 X113.472 Y88.282 E.01278
G1 X108.692 Y93.062 E.18747
G1 X108.1 Y93.118 E.01649
G1 X113.003 Y88.215 E.1923
G1 X112.528 Y88.154 E.01329
G1 X107.481 Y93.201 E.19793
G1 X106.835 Y93.311 E.01819
G1 X112.038 Y88.108 E.20406
G1 X111.548 Y88.062 E.01365
G1 X106.157 Y93.453 E.21145
G1 X105.431 Y93.643 E.02079
G1 X111.037 Y88.037 E.21987
G1 X110.521 Y88.017 E.01433
G1 X104.673 Y93.865 E.22938
G1 X103.833 Y94.168 E.02475
G1 X109.991 Y88.011 E.24151
G1 X109.452 Y88.013 E.01493
G1 X102.9 Y94.566 E.25702
G1 X102.536 Y94.734 E.0111
G1 X101.816 Y95.113 E.02257
G1 X108.888 Y88.042 E.27737
G1 X108.32 Y88.074 E.01578
G1 X100.445 Y95.948 E.30887
G1 X99.376 Y96.733 E.03679
G1 X98.775 Y97.236 E.02173
G1 X98.225 Y97.741 E.0207
G1 X97.688 Y98.279 E.02108
G1 X97.17 Y98.847 E.02132
G1 X96.667 Y99.452 E.02181
G1 X96.221 Y100.04 E.02047
G1 X95.948 Y100.446 E.01357
G1 X88.045 Y108.348 E.30996
G1 X88.104 Y107.754 E.01658
G1 X107.727 Y88.131 E.76966
G1 X107.123 Y88.199 E.01686
G1 X88.169 Y107.152 E.7434
G1 X88.261 Y106.525 E.01758
G1 X106.497 Y88.289 E.71525
G1 X105.846 Y88.403 E.01831
G1 X88.379 Y105.87 E.6851
G1 X88.517 Y105.196 E.01908
G1 X105.169 Y88.544 E.65314
G1 X104.456 Y88.721 E.02038
G1 X88.686 Y104.492 E.61855
G1 X88.899 Y103.743 E.02161
G1 X103.713 Y88.929 E.58103
G1 X102.937 Y89.169 E.02252
G1 X89.136 Y102.969 E.54129
G1 X89.443 Y102.127 E.02486
G1 X102.099 Y89.471 E.4964
G1 X101.184 Y89.849 E.02746
G1 X89.816 Y101.217 E.44588
G1 X90.285 Y100.213 E.03074
G1 X100.184 Y90.313 E.38829
G1 X99.026 Y90.935 E.03645
G1 X90.906 Y99.056 E.31851
G1 X91.433 Y98.176 E.02843
G1 X91.796 Y97.629 E.01822
G1 X97.573 Y91.853 E.22656
G1 X97.105 Y92.172 E.01571
G1 X96.4 Y92.701 E.02444
G1 X95.49 Y93.456 E.0328
G1 X94.854 Y94.035 E.02385
G1 X92.451 Y96.438 E.09424
; stop printing object Генератор.stl id:18446744073679698525 copy 0
;LAYER_CHANGE
;Z:1
;HEIGHT:0.2
;BEFORE_LAYER_CHANGE
;1
G92 E0

G1 E-.77778 F2400
;WIPE_START
G1 F10800
G1 X93.158 Y95.731 E-.22222
;WIPE_END
;_SET_FAN_SPEED_CHANGING_LAYER
; printing object Генератор.stl id:18446744073679698525 copy 0
G17
G3 Z1.4 I-.314 J1.176 P1  F9000
G1 X132.009 Y106.112 Z1.4
G1 Z1
G1 E1 F2700
M204 P2000
;TYPE:Inner wall
;WIDTH:0.449999
G1 F7200
G1 X132.015 Y106.146 E.00101
G1 X132.144 Y106.97 E.02486
G1 X132.272 Y108.154 E.03546
G1 X132.334 Y109.209 E.03147
G1 X132.348 Y110.313 E.0329
G1 X132.295 Y111.571 E.03749
G1 X132.211 Y112.488 E.02745
G1 X132.05 Y113.646 E.03483
G1 X131.809 Y114.883 E.03751
G1 X131.612 Y115.69 E.02477
G1 X131.256 Y116.901 E.03759
G1 X130.984 Y117.687 E.02477
G1 X130.515 Y118.859 E.03759
G1 X130.171 Y119.616 E.02477
G1 X129.596 Y120.736 E.03751
G1 X128.959 Y121.823 E.03751
G1 X128.505 Y122.52 E.02478
G1 X127.769 Y123.542 E.03751
G1 X126.979 Y124.518 E.03743
G1 X126.132 Y125.451 E.03752
G1 X125.545 Y126.041 E.02479
G1 X124.615 Y126.89 E.03752
G1 X123.641 Y127.685 E.03744
G1 X122.621 Y128.425 E.03753
G1 X121.923 Y128.883 E.02488
G1 X121.208 Y129.315 E.02488
G1 X120.1 Y129.915 E.03754
G1 X118.96 Y130.452 E.03753
G1 X118.192 Y130.771 E.02479
G1 X117.006 Y131.2 E.03754
G1 X115.799 Y131.56 E.03754
G1 X114.991 Y131.761 E.0248
G1 X113.755 Y132.008 E.03754
G1 X112.507 Y132.184 E.03754
G1 X111.678 Y132.262 E.0248
G1 X110.416 Y132.321 E.03763
G1 X109.581 Y132.321 E.02489
G1 X108.746 Y132.29 E.02488
G1 X107.49 Y132.184 E.03754
G1 X106.245 Y132.008 E.03746
G1 X105.009 Y131.761 E.03754
G1 X104.201 Y131.56 E.0248
G1 X102.991 Y131.199 E.03763
G1 X102.205 Y130.923 E.0248
G1 X101.037 Y130.451 E.03753
G1 X99.9 Y129.915 E.03745
G1 X98.792 Y129.315 E.03753
G1 X98.079 Y128.885 E.02479
G1 X97.033 Y128.183 E.03753
G1 X96.027 Y127.424 E.03753
G1 X95.385 Y126.89 E.02488
G1 X94.763 Y126.333 E.02488
G1 X93.866 Y125.449 E.03752
G1 X93.02 Y124.517 E.0375
G1 X92.435 Y123.804 E.02746
G1 X91.735 Y122.867 E.03485
G1 X91.038 Y121.818 E.03752
G1 X90.61 Y121.104 E.02478
G1 X90.014 Y119.993 E.03757
G1 X89.618 Y119.16 E.02745
G1 X89.166 Y118.082 E.03484
G1 X88.742 Y116.895 E.03752
G1 X88.5 Y116.1 E.02477
G1 X88.19 Y114.878 E.03756
G1 X88.007 Y113.974 E.02745
G1 X87.828 Y112.819 E.03483
G1 X87.705 Y111.568 E.03742
G1 X87.652 Y110.311 E.0375
G1 X87.656 Y109.479 E.02477
G1 X87.721 Y108.222 E.0375
G1 X87.856 Y106.97 E.0375
G1 X87.984 Y106.149 E.02477
G1 X88.237 Y104.912 E.03759
G1 X88.442 Y104.106 E.02478
G1 X88.81 Y102.899 E.03758
G1 X89.089 Y102.116 E.02478
G1 X89.568 Y100.949 E.03756
G1 X89.96 Y100.115 E.02745
G1 X90.507 Y99.077 E.03493
G1 X90.928 Y98.36 E.02479
G1 X91.615 Y97.304 E.03751
G1 X92.36 Y96.29 E.03749
G1 X92.942 Y95.575 E.02746
G1 X93.721 Y94.702 E.03485
G1 X94.608 Y93.811 E.03745
G1 X95.546 Y92.97 E.03752
G1 X96.194 Y92.443 E.02487
G1 X96.86 Y91.94 E.02488
G1 X97.9 Y91.229 E.03752
G1 X98.976 Y90.579 E.03744
G1 X100.087 Y89.99 E.03745
G1 X101.232 Y89.464 E.03753
G1 X102.004 Y89.152 E.02479
G1 X103.196 Y88.734 E.03763
G1 X103.993 Y88.495 E.0248
G1 X105.219 Y88.191 E.03762
G1 X106.038 Y88.028 E.02486
G1 X106.952 Y87.883 E.02756
G1 X108.116 Y87.754 E.03488
G1 X109.373 Y87.683 E.03753
G1 X110.296 Y87.677 E.02748
G1 X111.466 Y87.722 E.03488
G1 X112.718 Y87.84 E.03747
G1 X113.964 Y88.028 E.03754
G1 X114.781 Y88.191 E.0248
G1 X116.007 Y88.495 E.03763
G1 X116.804 Y88.734 E.0248
G1 X117.996 Y89.152 E.03762
G1 X118.768 Y89.464 E.0248
G1 X119.913 Y89.99 E.03753
G1 X121.024 Y90.579 E.03745
G1 X122.102 Y91.23 E.03753
G1 X122.796 Y91.695 E.02488
G1 X123.472 Y92.185 E.02487
G1 X124.457 Y92.974 E.03759
G1 X125.148 Y93.585 E.02747
G1 X125.988 Y94.399 E.03485
G1 X126.842 Y95.322 E.03745
G1 X127.641 Y96.292 E.03743
G1 X128.387 Y97.307 E.03751
G1 X128.847 Y97.999 E.02478
G1 X129.496 Y99.082 E.03759
G1 X129.891 Y99.818 E.02486
G1 X130.258 Y100.567 E.02486
G1 X130.758 Y101.723 E.0375
G1 X131.191 Y102.902 E.03742
G1 X131.557 Y104.104 E.03742
G1 X131.855 Y105.327 E.0375
G1 X132.001 Y106.073 E.02266
G1 X132.415 Y106.033 F9000
M204 P1000
;TYPE:Outer wall
;WIDTH:0.419999
G1 F5400
G1 X132.422 Y106.074 E.00115
G1 X132.554 Y106.916 E.02351
G1 X132.683 Y108.109 E.03311
G1 X132.748 Y109.203 E.03024
G1 X132.762 Y110.319 E.03079
G1 X132.708 Y111.598 E.03532
G1 X132.622 Y112.535 E.02597
G1 X132.458 Y113.714 E.03284
G1 X132.213 Y114.971 E.03533
G1 X132.012 Y115.798 E.02348
G1 X131.65 Y117.027 E.03536
G1 X131.371 Y117.831 E.02348
G1 X130.896 Y119.021 E.03536
G1 X130.543 Y119.796 E.02348
G1 X129.959 Y120.935 E.03533
G1 X129.311 Y122.04 E.03533
G1 X128.846 Y122.754 E.02349
G1 X128.098 Y123.793 E.03533
G1 X127.293 Y124.788 E.03531
G1 X126.432 Y125.736 E.03534
G1 X125.831 Y126.34 E.0235
G1 X124.885 Y127.204 E.03534
G1 X123.893 Y128.013 E.03532
G1 X122.856 Y128.765 E.03535
G1 X122.144 Y129.233 E.02353
G1 X121.414 Y129.674 E.02353
G1 X120.287 Y130.284 E.03536
G1 X119.128 Y130.831 E.03535
G1 X118.341 Y131.157 E.0235
G1 X117.136 Y131.592 E.03536
G1 X115.908 Y131.959 E.03536
G1 X115.081 Y132.165 E.0235
G1 X113.824 Y132.415 E.03536
G1 X112.555 Y132.595 E.03536
G1 X111.707 Y132.675 E.0235
G1 X110.426 Y132.735 E.03539
G1 X109.573 Y132.735 E.02353
G1 X108.721 Y132.703 E.02353
G1 X107.444 Y132.595 E.03537
G1 X106.175 Y132.415 E.03534
G1 X104.919 Y132.165 E.03536
G1 X104.092 Y131.959 E.0235
G1 X102.863 Y131.592 E.03539
G1 X102.059 Y131.31 E.02351
G1 X100.871 Y130.83 E.03535
G1 X99.713 Y130.284 E.03533
G1 X98.586 Y129.674 E.03535
G1 X97.857 Y129.233 E.0235
G1 X96.793 Y128.52 E.03535
G1 X95.77 Y127.748 E.03535
G1 X95.115 Y127.204 E.02352
G1 X94.48 Y126.634 E.02352
G1 X93.567 Y125.736 E.03534
G1 X92.707 Y124.787 E.03534
G1 X92.11 Y124.059 E.02598
G1 X91.397 Y123.105 E.03286
G1 X90.688 Y122.038 E.03534
G1 X90.251 Y121.308 E.02349
G1 X89.644 Y120.179 E.03535
G1 X89.241 Y119.329 E.02597
G1 X88.78 Y118.231 E.03285
G1 X88.35 Y117.025 E.03533
G1 X88.102 Y116.211 E.02348
G1 X87.786 Y114.97 E.03534
G1 X87.6 Y114.047 E.02597
G1 X87.418 Y112.871 E.03284
G1 X87.292 Y111.598 E.0353
G1 X87.238 Y110.318 E.03533
G1 X87.242 Y109.467 E.02348
G1 X87.308 Y108.189 E.03532
G1 X87.446 Y106.916 E.03532
G1 X87.577 Y106.075 E.02348
G1 X87.834 Y104.82 E.03535
G1 X88.044 Y103.995 E.02349
G1 X88.417 Y102.769 E.03535
G1 X88.703 Y101.968 E.02349
G1 X89.19 Y100.783 E.03535
G1 X89.59 Y99.931 E.02597
G1 X90.145 Y98.876 E.03288
G1 X90.576 Y98.142 E.02349
G1 X91.275 Y97.069 E.03534
G1 X92.033 Y96.037 E.03533
G1 X92.627 Y95.306 E.02598
G1 X93.42 Y94.418 E.03286
G1 X94.324 Y93.511 E.03532
G1 X95.278 Y92.656 E.03535
G1 X95.938 Y92.117 E.02352
G1 X96.619 Y91.604 E.02353
G1 X97.676 Y90.881 E.03535
G1 X98.772 Y90.219 E.03533
G1 X99.904 Y89.619 E.03533
G1 X101.068 Y89.084 E.03536
G1 X101.858 Y88.765 E.0235
G1 X103.068 Y88.34 E.03539
G1 X103.884 Y88.096 E.02351
G1 X105.129 Y87.787 E.03538
G1 X105.965 Y87.62 E.02352
G1 X106.897 Y87.473 E.02602
G1 X108.081 Y87.341 E.03288
G1 X109.36 Y87.269 E.03536
G1 X110.303 Y87.263 E.026
G1 X111.493 Y87.309 E.03288
G1 X112.768 Y87.429 E.03534
G1 X114.036 Y87.621 E.03536
G1 X114.871 Y87.787 E.0235
G1 X116.116 Y88.096 E.03539
G1 X116.932 Y88.34 E.0235
G1 X118.142 Y88.765 E.03539
G1 X118.932 Y89.084 E.02351
G1 X120.096 Y89.619 E.03535
G1 X121.228 Y90.219 E.03533
G1 X122.324 Y90.881 E.03535
G1 X123.033 Y91.356 E.02352
G1 X123.723 Y91.857 E.02352
G1 X124.724 Y92.657 E.03537
G1 X125.429 Y93.281 E.02599
G1 X126.284 Y94.11 E.03286
G1 X127.153 Y95.05 E.03532
G1 X127.968 Y96.037 E.03532
G1 X128.726 Y97.07 E.03533
G1 X129.197 Y97.779 E.02349
G1 X129.856 Y98.878 E.03536
G1 X130.259 Y99.629 E.02351
G1 X130.634 Y100.394 E.02351
G1 X131.142 Y101.569 E.03533
G1 X131.583 Y102.77 E.0353
G1 X131.956 Y103.994 E.03531
G1 X132.26 Y105.238 E.03532
G1 X132.407 Y105.994 E.02125
G1 E-.7 F2400
;WIPE_START
G1 F5400
G1 X132.422 Y106.074 E-.02451
G1 X132.554 Y106.916 E-.25563
G1 X132.561 Y106.982 E-.01986
;WIPE_END
G17
G3 Z1.4 I.773 J-.94 P1  F9000
G1 X120.483 Y97.048 Z1.4
G1 Z1
G1 E1 F2700
M204 P2000
;TYPE:Inner wall
;WIDTH:0.449999
G1 F7200
G1 X120.568 Y97.113 E.00319
G1 X121.139 Y97.603 E.0224
G1 X121.683 Y98.112 E.0222
G1 X122.203 Y98.646 E.0222
G1 X122.586 Y99.075 E.01711
G1 X123.177 Y99.803 E.02795
G1 X123.745 Y100.57 E.02842
G1 X124.059 Y101.048 E.01704
G1 X124.571 Y101.903 E.02968
G1 X125.108 Y102.946 E.03496
G1 X125.411 Y103.634 E.02238
G1 X125.68 Y104.328 E.02219
G1 X125.918 Y105.035 E.0222
G1 X126.214 Y106.105 E.03307
G1 X126.373 Y106.839 E.02239
G1 X126.498 Y107.574 E.02219
G1 X126.591 Y108.313 E.02219
G1 X126.649 Y109.056 E.02219
G1 X126.675 Y109.8 E.02219
G1 X126.667 Y110.545 E.02219
G1 X126.629 Y111.216 E.02001
G1 X126.503 Y112.393 E.03527
G1 X126.378 Y113.134 E.02237
G1 X126.262 Y113.675 E.01649
G1 X125.928 Y114.933 E.03877
G1 X125.689 Y115.646 E.02239
G1 X125.421 Y116.341 E.02219
G1 X125.121 Y117.023 E.02219
G1 X124.792 Y117.692 E.02219
G1 X124.433 Y118.345 E.02219
G1 X124.124 Y118.851 E.01767
G1 X123.811 Y119.33 E.01704
G1 X123.238 Y120.125 E.0292
G1 X122.642 Y120.854 E.02803
G1 X122.001 Y121.565 E.02852
G1 X121.598 Y121.963 E.01689
G1 X120.889 Y122.606 E.02852
G1 X120.162 Y123.204 E.02804
G1 X119.401 Y123.759 E.02804
G1 X118.364 Y124.407 E.03643
G1 X117.497 Y124.879 E.02941
G1 X116.629 Y125.28 E.02846
G1 X116.13 Y125.488 E.01612
G1 X115.201 Y125.824 E.02941
G1 X114.343 Y126.083 E.02669
G1 X113.698 Y126.242 E.0198
G1 X112.888 Y126.406 E.02462
G1 X112.106 Y126.524 E.02357
G1 X111.213 Y126.609 E.02671
G1 X110.293 Y126.656 E.02745
G1 X109.061 Y126.628 E.0367
G1 X108.077 Y126.547 E.02942
G1 X107.147 Y126.407 E.028
G1 X106.224 Y126.225 E.02801
G1 X105.654 Y126.08 E.01753
G1 X104.788 Y125.824 E.02689
G1 X104.158 Y125.6 E.01992
G1 X103.272 Y125.236 E.02854
G1 X102.419 Y124.836 E.02806
G1 X101.727 Y124.464 E.02339
G1 X101.088 Y124.08 E.02221
G1 X100.274 Y123.527 E.02933
G1 X99.571 Y122.999 E.02617
G1 X99.061 Y122.571 E.01982
G1 X98.625 Y122.176 E.01753
G1 X97.924 Y121.488 E.02926
G1 X97.422 Y120.938 E.02218
G1 X96.945 Y120.365 E.02221
G1 X96.334 Y119.542 E.03053
G1 X95.869 Y118.845 E.02495
G1 X95.519 Y118.256 E.02042
G1 X95.066 Y117.4 E.02885
G1 X94.795 Y116.831 E.01878
G1 X94.447 Y116.001 E.02681
G1 X94.138 Y115.142 E.02719
G1 X93.952 Y114.523 E.01927
G1 X93.742 Y113.706 E.02511
G1 X93.592 Y112.976 E.02219
G1 X93.475 Y112.241 E.02219
G1 X93.388 Y111.455 E.02355
G1 X93.329 Y110.391 E.03174
G1 X93.328 Y109.64 E.02237
G1 X93.36 Y108.896 E.02219
G1 X93.426 Y108.154 E.02219
G1 X93.526 Y107.415 E.0222
G1 X93.735 Y106.325 E.03307
G1 X93.917 Y105.595 E.02239
G1 X94.13 Y104.882 E.02219
G1 X94.375 Y104.178 E.02219
G1 X94.651 Y103.486 E.02219
G1 X94.958 Y102.807 E.0222
G1 X95.472 Y101.822 E.03308
G1 X95.779 Y101.304 E.01795
G1 X96.305 Y100.507 E.02843
G1 X96.864 Y99.74 E.02829
G1 X97.282 Y99.229 E.01966
G1 X97.881 Y98.557 E.02683
G1 X98.476 Y97.959 E.02512
G1 X99.259 Y97.257 E.03131
G1 X100.189 Y96.533 E.03512
G1 X101.003 Y95.975 E.02939
G1 X101.757 Y95.518 E.02626
G1 X102.665 Y95.04 E.03056
G1 X103.371 Y94.714 E.02315
G1 X104.061 Y94.433 E.02221
G1 X104.807 Y94.17 E.02357
G1 X105.537 Y93.956 E.02264
G1 X106.482 Y93.718 E.02903
G1 X107.724 Y93.501 E.03758
G1 X108.621 Y93.401 E.02687
G1 X109.567 Y93.347 E.02821
G1 X111.104 Y93.381 E.0458
G1 X112.074 Y93.471 E.02901
G1 X112.862 Y93.588 E.02375
G1 X113.594 Y93.732 E.02221
G1 X114.318 Y93.909 E.02221
G1 X115.05 Y94.123 E.02269
G1 X116.049 Y94.477 E.03157
G1 X116.544 Y94.682 E.01596
G1 X117.412 Y95.086 E.02854
G1 X118.246 Y95.524 E.02805
G1 X119.069 Y96.019 E.02861
G1 X119.578 Y96.365 E.01834
G1 X120.025 Y96.697 E.01659
G1 X120.451 Y97.024 E.016
G1 X120.232 Y97.377 F9000
M204 P1000
;TYPE:Outer wall
;WIDTH:0.419999
G1 F5400
G1 X120.317 Y97.442 E.00295
G1 X120.87 Y97.916 E.02011
G1 X121.4 Y98.414 E.02006
G1 X121.907 Y98.934 E.02005
G1 X122.277 Y99.35 E.01534
G1 X122.854 Y100.06 E.02525
G1 X123.407 Y100.809 E.02569
G1 X123.711 Y101.271 E.01527
G1 X124.213 Y102.11 E.02696
G1 X124.74 Y103.135 E.03182
G1 X125.032 Y103.8 E.02004
G1 X125.294 Y104.478 E.02005
G1 X125.526 Y105.166 E.02005
G1 X125.815 Y106.215 E.03
G1 X125.969 Y106.927 E.0201
G1 X126.091 Y107.643 E.02005
G1 X126.18 Y108.364 E.02004
G1 X126.237 Y109.088 E.02004
G1 X126.262 Y109.814 E.02004
G1 X126.254 Y110.541 E.02004
G1 X126.216 Y111.192 E.01801
G1 X126.092 Y112.347 E.03204
G1 X125.971 Y113.065 E.0201
G1 X125.858 Y113.588 E.01477
G1 X125.528 Y114.826 E.03536
G1 X125.297 Y115.514 E.02002
G1 X125.035 Y116.192 E.02005
G1 X124.743 Y116.857 E.02005
G1 X124.421 Y117.509 E.02005
G1 X124.071 Y118.145 E.02005
G1 X123.771 Y118.636 E.01586
G1 X123.468 Y119.098 E.01527
G1 X122.906 Y119.879 E.02652
G1 X122.324 Y120.589 E.02534
G1 X121.698 Y121.283 E.02579
G1 X121.309 Y121.668 E.01511
G1 X120.616 Y122.295 E.02579
G1 X119.906 Y122.879 E.02535
G1 X119.161 Y123.422 E.02546
G1 X118.155 Y124.051 E.03273
G1 X117.304 Y124.514 E.02673
G1 X116.457 Y124.904 E.02573
G1 X115.978 Y125.103 E.01429
G1 X115.067 Y125.433 E.02673
G1 X114.227 Y125.686 E.02421
G1 X113.6 Y125.84 E.01783
G1 X112.808 Y126.001 E.02229
G1 X112.044 Y126.115 E.0213
G1 X111.174 Y126.198 E.02412
G1 X110.276 Y126.242 E.0248
G1 X109.082 Y126.215 E.03297
G1 X108.116 Y126.135 E.02675
G1 X107.209 Y125.998 E.0253
G1 X106.309 Y125.821 E.02531
G1 X105.757 Y125.679 E.01573
G1 X104.909 Y125.428 E.0244
G1 X104.297 Y125.21 E.01792
G1 X103.432 Y124.854 E.02581
G1 X102.599 Y124.464 E.02537
G1 X101.924 Y124.1 E.02115
G1 X101.301 Y123.725 E.02007
G1 X100.506 Y123.185 E.02653
G1 X99.823 Y122.67 E.0236
G1 X98.905 Y121.872 E.03358
G1 X98.217 Y121.197 E.02658
G1 X97.728 Y120.659 E.02005
G1 X97.263 Y120.101 E.02006
G1 X96.667 Y119.296 E.02764
G1 X96.215 Y118.618 E.02247
G1 X95.875 Y118.045 E.01838
G1 X95.432 Y117.209 E.0261
G1 X95.171 Y116.66 E.01677
G1 X94.831 Y115.848 E.02432
G1 X94.529 Y115.006 E.02467
G1 X94.348 Y114.404 E.01734
G1 X94.143 Y113.605 E.02275
G1 X93.997 Y112.894 E.02004
G1 X93.884 Y112.176 E.02005
G1 X93.799 Y111.41 E.02128
G1 X93.741 Y110.368 E.02877
G1 X93.741 Y109.64 E.0201
G1 X93.774 Y108.914 E.02004
G1 X93.838 Y108.191 E.02005
G1 X93.935 Y107.471 E.02005
G1 X94.141 Y106.403 E.03
G1 X94.318 Y105.696 E.0201
G1 X94.526 Y105 E.02004
G1 X94.766 Y104.314 E.02005
G1 X95.035 Y103.64 E.02005
G1 X95.335 Y102.977 E.02005
G1 X95.838 Y102.013 E.03
G1 X96.134 Y101.515 E.01599
G1 X96.648 Y100.738 E.02569
G1 X97.194 Y99.99 E.02556
G1 X97.6 Y99.493 E.0177
G1 X98.187 Y98.835 E.02434
G1 X98.761 Y98.259 E.02244
G1 X99.535 Y97.565 E.02867
G1 X100.433 Y96.867 E.0314
G1 X101.232 Y96.319 E.02672
G1 X101.961 Y95.878 E.0235
G1 X102.858 Y95.406 E.02797
G1 X103.543 Y95.09 E.02082
G1 X104.217 Y94.816 E.02006
G1 X104.945 Y94.56 E.0213
G1 X105.652 Y94.353 E.02034
G1 X106.575 Y94.12 E.02626
G1 X107.782 Y93.91 E.03379
G1 X108.66 Y93.812 E.02438
G1 X109.587 Y93.76 E.0256
G1 X111.079 Y93.794 E.04118
G1 X112.03 Y93.882 E.02636
G1 X112.8 Y93.997 E.02149
G1 X113.514 Y94.138 E.02007
G1 X114.22 Y94.311 E.02006
G1 X114.923 Y94.516 E.0202
G1 X115.91 Y94.866 E.02892
G1 X116.383 Y95.063 E.01413
G1 X117.231 Y95.458 E.02581
G1 X118.045 Y95.885 E.02536
G1 X118.852 Y96.371 E.02599
G1 X119.774 Y97.026 E.0312
G1 X120.2 Y97.352 E.01482
G1 E-.7 F2400
;WIPE_START
G1 F5400
G1 X120.317 Y97.442 E-.04409
G1 X120.87 Y97.916 E-.21869
G1 X120.96 Y98.001 E-.03723
;WIPE_END
G1 Z1.4 F9000
G1 X124.144 Y93.166
G1 Z1.4
G1 Z1
G1 E1 F2700
M204 P2500
;TYPE:Sparse infill
;WIDTH:0.45
G1 F10800
G1 X124.913 Y93.839 E.03042
G1 X125.349 Y94.261 E.01808
G1 X125.887 Y94.799 E.02268
G1 X126.581 Y95.55 E.03044
G1 X127.368 Y96.504 E.03685
G1 X128.103 Y97.505 E.03698
G1 X128.555 Y98.184 E.0243
G1 X129.195 Y99.253 E.03711
G1 X129.583 Y99.975 E.02443
G1 X129.943 Y100.712 E.02443
G1 X130.436 Y101.851 E.03697
G1 X130.863 Y103.012 E.03684
G1 X131.223 Y104.195 E.03684
G1 X131.517 Y105.401 E.03697
G1 X131.674 Y106.206 E.02442
G1 X131.785 Y106.915 E.02138
G1 X113.121 Y88.251 E.78624
G1 X112.676 Y88.183 E.01339
G1 X111.443 Y88.068 E.03689
G1 X110.35 Y88.025 E.03258
G1 X109.384 Y88.029 E.02878
G1 X108.144 Y88.099 E.03698
G1 X106.895 Y88.243 E.03746
G1 X111.741 Y93.089 E.20414
G1 X110.665 Y93.008 E.03215
G1 X109.587 Y93 E.03212
G1 X108.777 Y93.039 E.02413
G1 X108.011 Y93.111 E.02291
G1 X107.257 Y93.217 E.02269
G1 X106.487 Y93.361 E.02332
G1 X105.927 Y93.492 E.01715
G1 X101.973 Y89.538 E.16657
G1 X101.369 Y89.781 E.01939
G1 X100.24 Y90.3 E.037
G1 X99.147 Y90.88 E.03687
G1 X97.879 Y91.662 E.04436
G1 X101.492 Y95.274 E.15217
G1 X100.906 Y95.625 E.02033
G1 X100.264 Y96.05 E.02294
G1 X99.648 Y96.5 E.02272
G1 X99.036 Y96.992 E.0234
G1 X98.246 Y97.7 E.03158
G1 X97.973 Y97.973 E.01151
G1 X94.455 Y94.455 E.14818
G1 X93.973 Y94.94 E.02036
G1 X93.205 Y95.799 E.03433
G1 X92.634 Y96.502 E.02697
G1 X91.9 Y97.501 E.03694
G1 X91.657 Y97.874 E.01326
G1 X95.268 Y101.486 E.15215
G1 X94.649 Y102.651 E.03929
G1 X94.334 Y103.348 E.0228
G1 X94.059 Y104.035 E.02205
G1 X93.801 Y104.776 E.02336
G1 X93.584 Y105.5 E.02252
G1 X93.48 Y105.915 E.01275
G1 X89.527 Y101.962 E.16655
G1 X89.139 Y103.008 E.03323
G1 X88.776 Y104.199 E.0371
G1 X88.575 Y104.99 E.02429
G1 X88.325 Y106.21 E.0371
G1 X88.221 Y106.874 E.02002
G1 X93.069 Y111.722 E.20422
G1 X93.128 Y112.255 E.01597
G1 X93.312 Y113.331 E.03252
G1 X95.731 Y126.728 F9000
G1 F10800
G1 X95 Y126.081 E.02909
G1 X94.536 Y125.624 E.01941
G1 X94.054 Y125.141 E.02031
G1 X93.282 Y124.291 E.03421
G1 X92.708 Y123.591 E.02697
G1 X92.018 Y122.667 E.03433
G1 X91.33 Y121.633 E.037
G1 X90.911 Y120.933 E.0243
G1 X90.323 Y119.837 E.03707
G1 X89.934 Y119.019 E.02696
G1 X89.488 Y117.957 E.03432
G1 X89.071 Y116.787 E.03699
G1 X88.833 Y116.007 E.02429
G1 X88.527 Y114.801 E.03706
G1 X88.348 Y113.914 E.02696
G1 X88.221 Y113.091 E.0248
G1 X106.877 Y131.748 E.78592
G1 X107.529 Y131.84 E.0196
G1 X108.767 Y131.944 E.03701
G1 X109.587 Y131.975 E.02445
G1 X110.408 Y131.975 E.02445
G1 X111.654 Y131.917 E.03715
G1 X112.467 Y131.84 E.02431
G1 X113.098 Y131.751 E.01901
G1 X108.258 Y126.911 E.20389
G1 X108.755 Y126.959 E.01486
G1 X109.517 Y126.997 E.02273
G1 X110.291 Y127.002 E.02305
G1 X111.072 Y126.97 E.0233
G1 X112.11 Y126.872 E.03105
G1 X112.916 Y126.753 E.02426
G1 X113.665 Y126.605 E.02275
G1 X114.071 Y126.506 E.01245
G1 X118.028 Y130.463 E.16667
G1 X118.82 Y130.136 E.02554
G1 X119.944 Y129.606 E.037
G1 X121.036 Y129.015 E.03701
G1 X121.739 Y128.59 E.02444
G1 X122.121 Y128.339 E.01364
G1 X118.507 Y124.724 E.15227
G1 X118.94 Y124.47 E.01496
G1 X119.591 Y124.048 E.0231
G1 X120.195 Y123.617 E.02211
G1 X120.802 Y123.142 E.02296
G1 X121.619 Y122.426 E.03236
G1 X122.027 Y122.027 E.017
G1 X125.548 Y125.548 E.1483
G1 X125.881 Y125.213 E.01408
G1 X126.716 Y124.293 E.03699
G1 X127.494 Y123.332 E.03685
G1 X128.347 Y122.129 E.04391
G1 X124.733 Y118.516 E.15221
G1 X125.095 Y117.859 E.02235
G1 X125.433 Y117.175 E.02271
G1 X125.739 Y116.477 E.0227
G1 X126.014 Y115.766 E.02271
G1 X126.257 Y115.042 E.02273
G1 X126.52 Y114.085 E.02958
G1 X130.471 Y118.036 E.16646
G1 X130.659 Y117.566 E.01509
G1 X130.926 Y116.796 E.02429
G1 X131.278 Y115.601 E.03711
G1 X131.471 Y114.808 E.02429
G1 X131.709 Y113.59 E.03699
G1 X131.774 Y113.121 E.01409
G1 X126.935 Y108.283 E.20381
G1 X126.842 Y107.529 E.02262
G1 X126.691 Y106.673 E.02588
; stop printing object Генератор.stl id:18446744073679698525 copy 0
;LAYER_CHANGE
;Z:1.2
;HEIGHT:0.2
;BEFORE_LAYER_CHANGE
;1.2
G92 E0

G1 E-.77778 F2400
;WIPE_START
G1 F10800
G1 X126.842 Y107.529 E-.19309
G1 X126.858 Y107.659 E-.02913
;WIPE_END
;_SET_FAN_SPEED_CHANGING_LAYER
; printing object Генератор.stl id:18446744073679698525 copy 0
G17
G3 Z1.6 I.349 J1.166 P1  F9000
G1 X132.009 Y106.119 Z1.6
G1 Z1.2
G1 E1 F2700
M204 P2000
;TYPE:Inner wall
;WIDTH:0.449999
G1 F7200
G1 X132.016 Y106.149 E.00091
G1 X132.144 Y106.97 E.02477
G1 X132.272 Y108.153 E.03542
G1 X132.335 Y109.234 E.03226
G1 X132.348 Y110.313 E.03215
G1 X132.295 Y111.57 E.03749
G1 X132.208 Y112.513 E.02821
G1 X132.05 Y113.646 E.03407
G1 X131.81 Y114.882 E.03749
G1 X131.582 Y115.801 E.02822
G1 X131.256 Y116.901 E.03416
G1 X130.984 Y117.687 E.02479
G1 X130.516 Y118.858 E.03756
G1 X130.12 Y119.719 E.02822
G1 X129.596 Y120.736 E.03408
G1 X128.959 Y121.823 E.03753
G1 X128.505 Y122.52 E.02478
G1 X127.769 Y123.542 E.03751
G1 X126.977 Y124.52 E.03749
G1 X126.345 Y125.226 E.02823
G1 X125.541 Y126.044 E.03418
G1 X124.932 Y126.612 E.0248
G1 X123.971 Y127.426 E.03753
G1 X122.966 Y128.184 E.03749
G1 X122.182 Y128.717 E.02824
G1 X121.206 Y129.316 E.0341
G1 X120.1 Y129.915 E.03747
G1 X118.96 Y130.452 E.03753
G1 X118.192 Y130.771 E.02479
G1 X117.006 Y131.2 E.03754
G1 X115.799 Y131.56 E.03754
G1 X114.991 Y131.761 E.0248
G1 X113.755 Y132.008 E.03754
G1 X112.507 Y132.184 E.03754
G1 X111.678 Y132.262 E.0248
G1 X110.416 Y132.321 E.03763
G1 X109.581 Y132.321 E.02489
G1 X108.746 Y132.29 E.02489
G1 X107.49 Y132.184 E.03754
G1 X106.245 Y132.008 E.03746
G1 X105.009 Y131.761 E.03754
G1 X104.201 Y131.56 E.0248
G1 X102.991 Y131.199 E.03763
G1 X102.205 Y130.923 E.02479
G1 X101.037 Y130.451 E.03754
G1 X99.9 Y129.915 E.03745
G1 X98.794 Y129.316 E.03745
G1 X97.722 Y128.655 E.03753
G1 X97.035 Y128.185 E.02479
G1 X96.027 Y127.424 E.03762
G1 X95.385 Y126.89 E.02487
G1 X94.763 Y126.333 E.02488
G1 X93.866 Y125.449 E.03752
G1 X93.021 Y124.518 E.03743
G1 X92.231 Y123.542 E.03743
G1 X91.495 Y122.52 E.03751
G1 X91.039 Y121.82 E.02487
G1 X90.61 Y121.104 E.02486
G1 X90.013 Y119.992 E.0376
G1 X89.655 Y119.242 E.02477
G1 X89.165 Y118.081 E.03751
G1 X88.742 Y116.896 E.0375
G1 X88.5 Y116.1 E.02478
G1 X88.189 Y114.877 E.03758
G1 X88.023 Y114.062 E.02477
G1 X87.828 Y112.816 E.03756
G1 X87.729 Y111.874 E.02821
G1 X87.662 Y110.733 E.03407
G1 X87.656 Y109.474 E.03749
G1 X87.699 Y108.528 E.02821
G1 X87.803 Y107.389 E.03407
G1 X87.985 Y106.143 E.03752
G1 X88.145 Y105.327 E.02477
G1 X88.443 Y104.103 E.03751
G1 X88.81 Y102.899 E.0375
G1 X89.089 Y102.116 E.02478
G1 X89.569 Y100.948 E.03759
G1 X89.92 Y100.195 E.02478
G1 X90.506 Y99.08 E.03751
G1 X91.151 Y98.002 E.03742
G1 X91.858 Y96.96 E.03751
G1 X92.357 Y96.294 E.02478
G1 X93.158 Y95.322 E.03752
G1 X94.013 Y94.397 E.03752
G1 X94.606 Y93.813 E.02479
G1 X95.544 Y92.972 E.03752
G1 X96.526 Y92.187 E.03744
G1 X97.552 Y91.457 E.03753
G1 X98.252 Y91.007 E.02479
G1 X99.344 Y90.375 E.03759
G1 X100.19 Y89.94 E.02833
G1 X100.842 Y89.634 E.02145
G1 X102.009 Y89.15 E.03763
G1 X102.792 Y88.867 E.0248
G1 X103.996 Y88.495 E.03754
G1 X105.219 Y88.191 E.03754
G1 X106.038 Y88.027 E.02488
G1 X106.863 Y87.895 E.02489
G1 X108.116 Y87.754 E.03755
G1 X109.373 Y87.683 E.03751
G1 X110.321 Y87.677 E.02825
G1 X111.466 Y87.722 E.03411
G1 X112.721 Y87.84 E.03756
G1 X113.546 Y87.957 E.02481
G1 X114.784 Y88.191 E.03753
G1 X116.007 Y88.495 E.03754
G1 X116.804 Y88.734 E.0248
G1 X117.996 Y89.152 E.03763
G1 X118.768 Y89.464 E.0248
G1 X119.913 Y89.99 E.03753
G1 X121.024 Y90.579 E.03745
G1 X122.102 Y91.23 E.03753
G1 X122.794 Y91.693 E.02479
G1 X123.809 Y92.445 E.03761
G1 X124.456 Y92.972 E.02488
G1 X125.083 Y93.524 E.02488
G1 X125.989 Y94.399 E.03752
G1 X126.842 Y95.322 E.03743
G1 X127.641 Y96.292 E.03743
G1 X128.387 Y97.307 E.03751
G1 X128.847 Y97.999 E.02478
G1 X129.496 Y99.082 E.0376
G1 X129.889 Y99.815 E.02478
G1 X130.434 Y100.954 E.03759
G1 X130.757 Y101.72 E.02477
G1 X131.191 Y102.902 E.03751
G1 X131.558 Y104.106 E.0375
G1 X131.763 Y104.913 E.02478
G1 X132.001 Y106.08 E.03548
G1 X132.415 Y106.036 F9000
M204 P1000
;TYPE:Outer wall
;WIDTH:0.419999
G1 F5400
G1 X132.423 Y106.075 E.00111
G1 X132.554 Y106.916 E.02348
G1 X132.692 Y108.189 E.03534
G1 X132.749 Y109.229 E.02872
G1 X132.762 Y110.319 E.03009
G1 X132.708 Y111.598 E.03532
G1 X132.619 Y112.561 E.02668
G1 X132.458 Y113.714 E.03213
G1 X132.213 Y114.971 E.03532
G1 X131.981 Y115.91 E.02668
G1 X131.65 Y117.027 E.03216
G1 X131.371 Y117.831 E.02349
G1 X130.896 Y119.021 E.03535
G1 X130.492 Y119.9 E.02669
G1 X129.959 Y120.935 E.03214
G1 X129.311 Y122.04 E.03534
G1 X128.846 Y122.754 E.02349
G1 X128.098 Y123.793 E.03533
G1 X127.292 Y124.788 E.03533
G1 X126.647 Y125.509 E.02669
G1 X125.83 Y126.341 E.03217
G1 X125.207 Y126.921 E.0235
G1 X124.229 Y127.749 E.03535
G1 X123.207 Y128.521 E.03534
G1 X122.406 Y129.064 E.0267
G1 X121.413 Y129.674 E.03215
G1 X120.287 Y130.284 E.03534
G1 X119.128 Y130.831 E.03535
G1 X118.341 Y131.157 E.0235
G1 X117.136 Y131.592 E.03536
G1 X115.908 Y131.959 E.03536
G1 X115.081 Y132.165 E.0235
G1 X113.824 Y132.415 E.03536
G1 X112.555 Y132.595 E.03536
G1 X111.707 Y132.675 E.0235
G1 X110.426 Y132.735 E.03539
G1 X109.573 Y132.735 E.02353
G1 X108.721 Y132.703 E.02354
G1 X107.444 Y132.595 E.03536
G1 X106.175 Y132.415 E.03534
G1 X104.919 Y132.165 E.03536
G1 X104.092 Y131.959 E.0235
G1 X102.863 Y131.592 E.03539
G1 X102.059 Y131.31 E.0235
G1 X100.871 Y130.83 E.03536
G1 X99.713 Y130.284 E.03533
G1 X98.587 Y129.674 E.03533
G1 X97.497 Y129.002 E.03535
G1 X96.794 Y128.521 E.0235
G1 X95.77 Y127.748 E.03538
G1 X95.115 Y127.204 E.02352
G1 X94.48 Y126.634 E.02353
G1 X93.567 Y125.736 E.03534
G1 X92.707 Y124.788 E.03532
G1 X91.902 Y123.793 E.03531
G1 X91.154 Y122.753 E.03534
G1 X90.689 Y122.039 E.02351
G1 X90.251 Y121.308 E.02351
G1 X89.644 Y120.179 E.03536
G1 X89.277 Y119.411 E.02348
G1 X88.78 Y118.231 E.03533
G1 X88.35 Y117.025 E.03533
G1 X88.102 Y116.211 E.02349
G1 X87.786 Y114.969 E.03535
G1 X87.616 Y114.136 E.02348
G1 X87.418 Y112.87 E.03534
G1 X87.317 Y111.908 E.02668
G1 X87.248 Y110.746 E.03213
G1 X87.242 Y109.466 E.03532
G1 X87.286 Y108.5 E.02668
G1 X87.392 Y107.34 E.03213
G1 X87.578 Y106.073 E.03533
G1 X87.74 Y105.238 E.02348
G1 X88.044 Y103.994 E.03533
G1 X88.417 Y102.769 E.03532
G1 X88.703 Y101.968 E.02349
G1 X89.19 Y100.782 E.03535
G1 X89.55 Y100.011 E.02349
G1 X90.145 Y98.877 E.03533
G1 X90.802 Y97.779 E.03531
G1 X91.521 Y96.719 E.03534
G1 X92.032 Y96.038 E.02349
G1 X92.847 Y95.05 E.03534
G1 X93.716 Y94.109 E.03534
G1 X94.323 Y93.512 E.0235
G1 X95.277 Y92.657 E.03534
G1 X96.277 Y91.857 E.03532
G1 X97.32 Y91.114 E.03535
G1 X98.037 Y90.654 E.0235
G1 X99.146 Y90.011 E.03537
G1 X100.008 Y89.569 E.02673
G1 X100.675 Y89.256 E.02033
G1 X101.86 Y88.764 E.03538
G1 X102.661 Y88.475 E.0235
G1 X103.885 Y88.096 E.03537
G1 X105.129 Y87.787 E.03536
G1 X105.965 Y87.62 E.02353
G1 X106.807 Y87.485 E.02353
G1 X108.081 Y87.341 E.03537
G1 X109.36 Y87.269 E.03535
G1 X110.328 Y87.264 E.02671
G1 X111.493 Y87.309 E.03217
G1 X112.769 Y87.429 E.03537
G1 X113.613 Y87.549 E.02351
G1 X114.872 Y87.787 E.03536
G1 X116.116 Y88.096 E.03536
G1 X116.932 Y88.34 E.0235
G1 X118.142 Y88.765 E.03539
G1 X118.932 Y89.084 E.02351
G1 X120.096 Y89.619 E.03535
G1 X121.228 Y90.219 E.03533
G1 X122.324 Y90.881 E.03535
G1 X123.032 Y91.355 E.0235
G1 X124.063 Y92.118 E.03538
G1 X124.723 Y92.657 E.02352
G1 X125.363 Y93.22 E.02352
G1 X126.284 Y94.11 E.03534
G1 X127.153 Y95.05 E.03532
G1 X127.968 Y96.037 E.03531
G1 X128.726 Y97.07 E.03534
G1 X129.197 Y97.779 E.02349
G1 X129.856 Y98.878 E.03536
G1 X130.258 Y99.628 E.02349
G1 X130.811 Y100.784 E.03536
G1 X131.142 Y101.568 E.02348
G1 X131.583 Y102.77 E.03533
G1 X131.956 Y103.995 E.03533
G1 X132.166 Y104.82 E.02349
G1 X132.407 Y105.997 E.03314
G1 E-.7 F2400
;WIPE_START
G1 F5400
G1 X132.423 Y106.075 E-.02406
G1 X132.554 Y106.916 E-.25534
G1 X132.561 Y106.984 E-.0206
;WIPE_END
G17
G3 Z1.6 I.773 J-.94 P1  F9000
G1 X120.4 Y96.981 Z1.6
G1 Z1.2
G1 E1 F2700
M204 P2000
;TYPE:Inner wall
;WIDTH:0.449999
G1 F7200
G1 X121.218 Y97.676 E.03198
G1 X121.683 Y98.112 E.01899
G1 X122.203 Y98.646 E.0222
G1 X122.586 Y99.075 E.01711
G1 X123.17 Y99.78 E.02729
G1 X123.614 Y100.379 E.0222
G1 X124.074 Y101.076 E.02487
G1 X124.575 Y101.907 E.0289
G1 X124.842 Y102.412 E.01703
G1 X125.264 Y103.291 E.02904
G1 X125.493 Y103.844 E.01783
G1 X125.816 Y104.742 E.02841
G1 X126.097 Y105.653 E.0284
G1 X126.235 Y106.208 E.01703
G1 X126.433 Y107.181 E.02959
G1 X126.59 Y108.307 E.03387
G1 X126.649 Y109.056 E.02236
G1 X126.675 Y109.8 E.02219
G1 X126.667 Y110.545 E.02219
G1 X126.629 Y111.212 E.0199
G1 X126.503 Y112.394 E.03539
G1 X126.378 Y113.134 E.02237
G1 X126.264 Y113.661 E.01608
G1 X125.928 Y114.934 E.03921
G1 X125.689 Y115.646 E.02237
G1 X125.421 Y116.341 E.02219
G1 X125.121 Y117.024 E.02219
G1 X124.792 Y117.692 E.02219
G1 X124.433 Y118.345 E.0222
G1 X124.127 Y118.844 E.01743
G1 X123.414 Y119.896 E.03787
G1 X122.954 Y120.49 E.02237
G1 X122.472 Y121.058 E.0222
G1 X121.964 Y121.604 E.0222
G1 X121.158 Y122.374 E.03321
G1 X120.012 Y123.322 E.0443
G1 X119.401 Y123.759 E.02238
G1 X118.776 Y124.165 E.02221
G1 X118.133 Y124.543 E.02221
G1 X117.497 Y124.879 E.02144
G1 X116.8 Y125.21 E.02297
G1 X116.113 Y125.499 E.02221
G1 X115.348 Y125.778 E.02424
G1 X114.349 Y126.081 E.0311
G1 X113.698 Y126.242 E.01997
G1 X112.873 Y126.409 E.02507
G1 X111.787 Y126.562 E.03266
G1 X111.242 Y126.609 E.0163
G1 X110.293 Y126.656 E.02831
G1 X109.061 Y126.628 E.0367
G1 X108.109 Y126.542 E.02847
G1 X107.178 Y126.414 E.028
G1 X106.224 Y126.225 E.02897
G1 X105.15 Y125.938 E.0331
G1 X104.436 Y125.703 E.02241
G1 X103.738 Y125.439 E.02221
G1 X103.054 Y125.144 E.02221
G1 X102.427 Y124.838 E.02078
G1 X101.6 Y124.384 E.0281
G1 X100.782 Y123.882 E.02858
G1 X100.312 Y123.555 E.01706
G1 X99.571 Y122.999 E.0276
G1 X99.061 Y122.571 E.01982
G1 X98.625 Y122.176 E.01754
G1 X97.924 Y121.489 E.02924
G1 X97.422 Y120.938 E.0222
G1 X96.945 Y120.365 E.0222
G1 X96.455 Y119.716 E.02423
G1 X95.872 Y118.85 E.03109
G1 X95.515 Y118.252 E.02076
G1 X95.135 Y117.549 E.0238
G1 X94.812 Y116.878 E.02219
G1 X94.519 Y116.193 E.02219
G1 X94.23 Y115.416 E.02469
G1 X93.926 Y114.434 E.03061
G1 X93.742 Y113.706 E.02237
G1 X93.609 Y113.021 E.02079
G1 X93.456 Y112.069 E.02871
G1 X93.385 Y111.388 E.02038
G1 X93.334 Y110.515 E.02606
G1 X93.328 Y109.64 E.02607
G1 X93.369 Y108.881 E.02264
G1 X93.443 Y108.041 E.02511
G1 X93.585 Y107.063 E.02945
G1 X93.698 Y106.503 E.01702
G1 X93.93 Y105.553 E.02912
G1 X94.214 Y104.639 E.02852
G1 X94.398 Y104.127 E.0162
G1 X94.778 Y103.2 E.02984
G1 X95.022 Y102.683 E.01703
G1 X95.475 Y101.816 E.02913
G1 X95.9 Y101.105 E.02469
G1 X96.476 Y100.253 E.03062
G1 X96.847 Y99.762 E.01834
G1 X97.405 Y99.081 E.02623
G1 X97.907 Y98.529 E.0222
G1 X98.443 Y97.989 E.02268
G1 X99.258 Y97.258 E.03262
G1 X99.844 Y96.786 E.0224
G1 X100.446 Y96.346 E.0222
G1 X101.066 Y95.933 E.0222
G1 X101.705 Y95.548 E.02221
G1 X102.421 Y95.162 E.02424
G1 X103.197 Y94.796 E.02555
G1 X104.061 Y94.433 E.02792
G1 X104.64 Y94.227 E.01829
G1 X105.555 Y93.951 E.02847
G1 X106.482 Y93.718 E.02847
G1 X107.642 Y93.512 E.0351
G1 X108.623 Y93.4 E.02942
G1 X109.589 Y93.347 E.02881
G1 X111.103 Y93.381 E.04511
G1 X112.09 Y93.473 E.02952
G1 X112.657 Y93.557 E.01708
G1 X113.594 Y93.732 E.0284
G1 X114.384 Y93.928 E.02424
G1 X115.097 Y94.145 E.0222
G1 X116.019 Y94.465 E.02907
G1 X117.109 Y94.931 E.03531
G1 X117.783 Y95.266 E.02241
G1 X118.246 Y95.524 E.0158
G1 X119.069 Y96.019 E.02861
G1 X119.565 Y96.356 E.01786
G1 X120.336 Y96.927 E.02858
G1 X120.369 Y96.956 E.00131
G1 X120.133 Y97.296 F9000
M204 P1000
;TYPE:Outer wall
;WIDTH:0.419999
G1 F5400
G1 X120.935 Y97.977 E.02905
G1 X121.402 Y98.415 E.01765
G1 X121.907 Y98.934 E.01999
G1 X122.277 Y99.35 E.01534
G1 X122.849 Y100.041 E.02477
G1 X123.282 Y100.625 E.02006
G1 X123.728 Y101.303 E.0224
G1 X124.217 Y102.114 E.02613
G1 X124.476 Y102.604 E.01527
G1 X124.89 Y103.466 E.02639
G1 X125.111 Y104.002 E.01601
G1 X125.426 Y104.878 E.02568
G1 X125.699 Y105.767 E.02567
G1 X125.833 Y106.304 E.01526
G1 X126.027 Y107.258 E.02687
G1 X126.18 Y108.362 E.03075
G1 X126.237 Y109.088 E.0201
G1 X126.262 Y109.814 E.02004
G1 X126.254 Y110.541 E.02004
G1 X126.216 Y111.188 E.01789
G1 X126.092 Y112.347 E.03215
G1 X125.971 Y113.065 E.0201
G1 X125.86 Y113.573 E.01435
G1 X125.528 Y114.827 E.03578
G1 X125.297 Y115.514 E.02001
G1 X125.035 Y116.192 E.02005
G1 X124.743 Y116.857 E.02005
G1 X124.421 Y117.509 E.02005
G1 X124.071 Y118.145 E.02005
G1 X123.488 Y119.063 E.02999
G1 X123.072 Y119.663 E.02016
G1 X122.627 Y120.237 E.02002
G1 X122.157 Y120.79 E.02005
G1 X121.662 Y121.322 E.02005
G1 X120.882 Y122.065 E.02971
G1 X119.754 Y122.999 E.04041
G1 X119.161 Y123.422 E.02011
G1 X118.551 Y123.818 E.02006
G1 X117.924 Y124.186 E.02006
G1 X117.304 Y124.514 E.01935
G1 X116.624 Y124.836 E.02077
G1 X115.953 Y125.117 E.02006
G1 X115.207 Y125.389 E.02191
G1 X114.229 Y125.686 E.02819
G1 X113.6 Y125.84 E.01788
G1 X112.803 Y126.002 E.02242
G1 X111.73 Y126.152 E.02991
G1 X110.276 Y126.242 E.04018
G1 X109.082 Y126.215 E.03298
G1 X108.153 Y126.131 E.02573
G1 X107.244 Y126.006 E.02529
G1 X106.309 Y125.821 E.02632
G1 X105.258 Y125.539 E.03003
G1 X104.565 Y125.311 E.02012
G1 X103.885 Y125.053 E.02006
G1 X103.218 Y124.764 E.02006
G1 X102.608 Y124.467 E.01871
G1 X101.802 Y124.023 E.02541
G1 X101.003 Y123.532 E.02585
G1 X100.549 Y123.216 E.01529
G1 X99.823 Y122.67 E.02505
G1 X98.905 Y121.872 E.03358
G1 X98.218 Y121.197 E.02657
G1 X97.728 Y120.659 E.02005
G1 X97.263 Y120.101 E.02005
G1 X96.785 Y119.467 E.0219
G1 X96.216 Y118.62 E.02817
G1 X95.87 Y118.04 E.01861
G1 X95.499 Y117.354 E.02154
G1 X95.185 Y116.699 E.02005
G1 X94.899 Y116.03 E.02005
G1 X94.622 Y115.282 E.02202
G1 X94.321 Y114.312 E.02804
G1 X94.143 Y113.605 E.0201
G1 X94.015 Y112.943 E.01862
G1 X93.866 Y112.014 E.02596
G1 X93.797 Y111.351 E.01837
G1 X93.747 Y110.497 E.02363
G1 X93.741 Y109.64 E.02364
G1 X93.782 Y108.904 E.02033
G1 X93.854 Y108.087 E.02262
G1 X93.994 Y107.127 E.02676
G1 X94.104 Y106.586 E.01525
G1 X94.331 Y105.655 E.02643
G1 X94.609 Y104.762 E.0258
G1 X94.786 Y104.272 E.01439
G1 X95.158 Y103.362 E.02713
G1 X95.395 Y102.862 E.01526
G1 X95.839 Y102.011 E.02648
G1 X96.249 Y101.327 E.02202
G1 X96.819 Y100.485 E.02805
G1 X97.177 Y100.012 E.01636
G1 X97.723 Y99.345 E.02379
G1 X98.212 Y98.808 E.02005
G1 X98.728 Y98.289 E.02019
G1 X99.534 Y97.565 E.02989
G1 X100.103 Y97.109 E.02011
G1 X100.69 Y96.68 E.02006
G1 X101.295 Y96.277 E.02006
G1 X101.918 Y95.902 E.02006
G1 X102.617 Y95.526 E.02191
G1 X103.373 Y95.17 E.02305
G1 X104.217 Y94.816 E.02525
G1 X104.778 Y94.617 E.01643
G1 X105.671 Y94.348 E.02574
G1 X106.575 Y94.12 E.02573
G1 X107.699 Y93.922 E.0315
G1 X108.663 Y93.812 E.02675
G1 X109.609 Y93.76 E.02615
G1 X111.078 Y93.794 E.04054
G1 X112.046 Y93.884 E.02683
G1 X112.595 Y93.966 E.01531
G1 X113.514 Y94.138 E.0258
G1 X114.285 Y94.329 E.02191
G1 X114.976 Y94.54 E.01994
G1 X115.877 Y94.854 E.02631
G1 X116.945 Y95.31 E.03207
G1 X117.598 Y95.636 E.02012
G1 X118.045 Y95.885 E.01413
G1 X118.852 Y96.371 E.02599
G1 X119.332 Y96.698 E.01603
G1 X120.087 Y97.258 E.02593
G1 X120.102 Y97.27 E.00055
G1 E-.7 F2400
;WIPE_START
G1 F5400
G1 X120.865 Y97.917 E-.3
;WIPE_END
G1 Z1.6 F9000
G1 X124.182 Y93.195
G1 Z1.6
G1 Z1.2
G1 E1 F2700
M204 P2500
;TYPE:Sparse infill
;WIDTH:0.45
G1 F10800
G1 X124.848 Y93.778 E.02637
G1 X125.382 Y94.295 E.02213
G1 X125.887 Y94.799 E.02126
G1 X126.581 Y95.55 E.03044
G1 X127.368 Y96.504 E.03685
G1 X128.103 Y97.505 E.03698
G1 X128.555 Y98.184 E.0243
G1 X129.195 Y99.253 E.03711
G1 X129.581 Y99.972 E.02429
G1 X130.118 Y101.096 E.03711
G1 X130.435 Y101.847 E.02429
G1 X130.863 Y103.012 E.03697
G1 X131.224 Y104.199 E.03697
G1 X131.425 Y104.99 E.02429
G1 X131.675 Y106.21 E.0371
G1 X131.785 Y106.915 E.02125
G1 X113.115 Y88.245 E.78645
G1 X113.489 Y88.298 E.01124
G1 X114.718 Y88.532 E.03726
G1 X113.35 Y93.331 F9000
G1 F10800
G1 X112.192 Y93.136 E.03499
G1 X111.741 Y93.088 E.0135
G1 X106.893 Y88.241 E.20422
G1 X106.1 Y88.368 E.02394
G1 X105.295 Y88.529 E.02445
G1 X104.089 Y88.828 E.037
G1 X102.902 Y89.195 E.03701
G1 X101.974 Y89.539 E.02948
G1 X105.927 Y93.492 E.16651
G1 X104.683 Y93.846 E.03853
G1 X103.943 Y94.108 E.02338
G1 X103.221 Y94.402 E.0232
G1 X102.274 Y94.848 E.0312
G1 X101.491 Y95.274 E.02654
G1 X97.877 Y91.659 E.15225
G1 X96.734 Y92.464 E.04162
G1 X95.768 Y93.237 E.03686
G1 X94.843 Y94.065 E.03698
G1 X94.451 Y94.451 E.01639
G1 X97.973 Y97.973 E.14833
G1 X97.657 Y98.29 E.01332
G1 X97.157 Y98.839 E.02212
G1 X96.655 Y99.443 E.02338
G1 X96.201 Y100.043 E.02242
G1 X95.617 Y100.906 E.03106
G1 X95.268 Y101.486 E.02014
G1 X91.656 Y97.874 E.15217
G1 X91.443 Y98.188 E.01131
G1 X90.807 Y99.249 E.03684
G1 X90.23 Y100.348 E.03698
G1 X89.886 Y101.087 E.02429
G1 X89.527 Y101.962 E.02816
G1 X93.481 Y105.916 E.16658
G1 X93.251 Y106.963 E.03194
G1 X93.132 Y107.716 E.0227
G1 X93.046 Y108.48 E.02291
G1 X92.982 Y109.611 E.03373
G1 X92.982 Y110.366 E.02248
G1 X93.015 Y111.133 E.02288
G1 X93.069 Y111.721 E.01759
G1 X88.227 Y106.88 E.20395
G1 X88.147 Y107.43 E.01656
G1 X88.044 Y108.552 E.03356
G1 X88.002 Y109.481 E.02772
G1 X88.008 Y110.722 E.03695
G1 X88.074 Y111.846 E.03355
G1 X88.171 Y112.772 E.02772
G1 X88.221 Y113.091 E.00964
G1 X106.877 Y131.748 E.78589
G1 X107.529 Y131.84 E.0196
G1 X108.767 Y131.944 E.03701
G1 X109.587 Y131.975 E.02445
G1 X110.408 Y131.975 E.02445
G1 X111.654 Y131.917 E.03715
G1 X112.467 Y131.84 E.02431
G1 X113.098 Y131.751 E.01901
G1 X108.253 Y126.905 E.20413
G1 X108.754 Y126.959 E.01502
G1 X109.517 Y126.997 E.02275
G1 X110.291 Y127.002 E.02305
G1 X111.035 Y126.973 E.02218
G1 X111.83 Y126.905 E.02379
G1 X112.915 Y126.753 E.03262
G1 X113.665 Y126.605 E.02279
G1 X114.071 Y126.506 E.01245
G1 X118.028 Y130.463 E.16667
G1 X118.82 Y130.136 E.02554
G1 X119.944 Y129.606 E.037
G1 X121.033 Y129.016 E.0369
G1 X122.122 Y128.339 E.03819
G1 X118.507 Y124.724 E.15228
G1 X118.945 Y124.467 E.01514
G1 X119.584 Y124.053 E.02268
G1 X120.208 Y123.608 E.02282
G1 X121.039 Y122.943 E.0317
G1 X121.658 Y122.391 E.02472
G1 X122.028 Y122.028 E.01543
G1 X125.546 Y125.546 E.14821
G1 X126.093 Y124.989 E.02325
G1 X126.714 Y124.295 E.02774
G1 X127.494 Y123.331 E.03694
G1 X128.347 Y122.129 E.04391
G1 X124.733 Y118.516 E.15221
G1 X125.095 Y117.86 E.02231
G1 X125.432 Y117.177 E.02267
G1 X125.739 Y116.477 E.02278
G1 X126.014 Y115.766 E.02271
G1 X126.256 Y115.044 E.02269
G1 X126.521 Y114.086 E.0296
G1 X130.471 Y118.036 E.16641
G1 X130.659 Y117.566 E.01509
G1 X130.926 Y116.795 E.02432
G1 X131.248 Y115.71 E.03369
G1 X131.472 Y114.807 E.02772
G1 X131.709 Y113.589 E.03695
G1 X131.774 Y113.121 E.01408
G1 X126.935 Y108.283 E.20382
G1 X126.796 Y107.238 E.0314
G1 X126.689 Y106.674 E.0171
G1 E-.77778 F2400
;WIPE_START
G1 F10800
G1 X126.796 Y107.238 E-.12757
G1 X126.852 Y107.66 E-.09465
;WIPE_END
G17
G3 Z1.6 I-.636 J-1.038 P1  F9000
G1 X95.731 Y126.729 Z1.6
G1 Z1.2
G1 E1 F2700
G1 F10800
G1 X95 Y126.081 E.0291
G1 X94.054 Y125.141 E.03972
G1 X93.284 Y124.293 E.03412
G1 X92.98 Y123.918 E.01439
; stop printing object Генератор.stl id:18446744073679698525 copy 0
;LAYER_CHANGE
;Z:1.4
;HEIGHT:0.2
;BEFORE_LAYER_CHANGE
;1.4
G92 E0

G1 E-.77778 F2400
;WIPE_START
G1 F10800
G1 X93.284 Y124.293 E-.10733
G1 X93.632 Y124.676 E-.11489
;WIPE_END
;_SET_FAN_SPEED_CHANGING_LAYER
; printing object Генератор.stl id:18446744073679698525 copy 0
G17
G3 Z1.8 I.53 J1.096 P1  F9000
G1 X132.01 Y106.118 Z1.8
G1 Z1.4
G1 E1 F2700
M204 P2000
;TYPE:Inner wall
;WIDTH:0.449999
G1 F7200
G1 X132.015 Y106.146 E.00084
G1 X132.144 Y106.97 E.02486
G1 X132.284 Y108.291 E.03956
G1 X132.331 Y109.121 E.02477
G1 X132.348 Y110.313 E.03551
G1 X132.295 Y111.571 E.0375
G1 X132.221 Y112.4 E.02477
G1 X132.05 Y113.647 E.0375
G1 X131.809 Y114.883 E.0375
G1 X131.612 Y115.691 E.02477
G1 X131.256 Y116.901 E.03759
G1 X130.984 Y117.687 E.02477
G1 X130.515 Y118.859 E.03759
G1 X130.171 Y119.616 E.02477
G1 X129.596 Y120.736 E.03751
G1 X128.959 Y121.823 E.03751
G1 X128.505 Y122.52 E.02478
G1 X127.769 Y123.542 E.03751
G1 X126.977 Y124.521 E.03752
G1 X126.424 Y125.142 E.02478
G1 X125.541 Y126.045 E.03761
G1 X124.932 Y126.612 E.02478
G1 X123.968 Y127.428 E.03761
G1 X123.309 Y127.935 E.02478
G1 X122.275 Y128.656 E.03753
G1 X121.203 Y129.318 E.03753
G1 X120.475 Y129.721 E.0248
G1 X119.345 Y130.28 E.03753
G1 X118.189 Y130.772 E.03745
G1 X117.006 Y131.2 E.03745
G1 X115.799 Y131.56 E.03754
G1 X114.991 Y131.761 E.02479
G1 X113.755 Y132.008 E.03754
G1 X112.507 Y132.184 E.03754
G1 X111.678 Y132.262 E.0248
G1 X110.416 Y132.321 E.03763
G1 X109.581 Y132.321 E.02489
G1 X108.746 Y132.29 E.02489
G1 X107.49 Y132.184 E.03754
G1 X106.245 Y132.008 E.03746
G1 X105.009 Y131.761 E.03754
G1 X104.201 Y131.56 E.0248
G1 X102.991 Y131.199 E.03763
G1 X102.205 Y130.923 E.0248
G1 X101.034 Y130.45 E.03762
G1 X100.278 Y130.102 E.02479
G1 X99.159 Y129.523 E.03754
G1 X98.075 Y128.882 E.03749
G1 X97.264 Y128.345 E.029
G1 X96.36 Y127.685 E.03333
G1 X95.384 Y126.889 E.03751
G1 X94.662 Y126.237 E.02899
G1 X93.866 Y125.45 E.03333
G1 X93.02 Y124.517 E.0375
G1 X92.404 Y123.764 E.02899
G1 X91.735 Y122.867 E.03332
G1 X91.038 Y121.818 E.03753
G1 X90.61 Y121.104 E.02478
G1 X90.013 Y119.992 E.0376
G1 X89.655 Y119.242 E.02478
G1 X89.165 Y118.08 E.03755
G1 X88.833 Y117.165 E.02898
G1 X88.499 Y116.096 E.03336
G1 X88.254 Y115.154 E.029
G1 X88.022 Y114.06 E.03331
G1 X87.828 Y112.818 E.03744
G1 X87.705 Y111.568 E.03741
G1 X87.652 Y110.311 E.0375
G1 X87.656 Y109.479 E.02478
G1 X87.721 Y108.222 E.03749
G1 X87.856 Y106.97 E.0375
G1 X87.984 Y106.149 E.02477
G1 X88.237 Y104.912 E.03759
G1 X88.442 Y104.106 E.02478
G1 X88.809 Y102.902 E.03749
G1 X89.243 Y101.72 E.03751
G1 X89.567 Y100.951 E.02486
G1 X89.92 Y100.195 E.02486
G1 X90.506 Y99.08 E.03751
G1 X91.153 Y97.999 E.03751
G1 X91.613 Y97.306 E.02479
G1 X92.359 Y96.292 E.03751
G1 X93.158 Y95.322 E.03743
G1 X94.013 Y94.397 E.03752
G1 X94.606 Y93.813 E.02479
G1 X95.544 Y92.972 E.03752
G1 X96.526 Y92.187 E.03744
G1 X97.552 Y91.457 E.03753
G1 X98.255 Y91.005 E.02488
G1 X98.974 Y90.58 E.02489
G1 X100.09 Y89.989 E.03761
G1 X100.843 Y89.634 E.02479
G1 X102.009 Y89.15 E.03762
G1 X102.792 Y88.867 E.0248
G1 X103.996 Y88.495 E.03754
G1 X105.219 Y88.191 E.03754
G1 X106.039 Y88.027 E.02488
G1 X106.863 Y87.895 E.02489
G1 X108.116 Y87.754 E.03755
G1 X109.373 Y87.683 E.0375
G1 X110.347 Y87.678 E.02901
G1 X111.466 Y87.722 E.03335
G1 X112.721 Y87.84 E.03756
G1 X113.546 Y87.957 E.02481
G1 X114.784 Y88.191 E.03753
G1 X116.007 Y88.495 E.03754
G1 X116.804 Y88.734 E.0248
G1 X117.996 Y89.152 E.03763
G1 X118.768 Y89.464 E.0248
G1 X119.913 Y89.99 E.03753
G1 X121.024 Y90.579 E.03745
G1 X122.102 Y91.23 E.03753
G1 X122.796 Y91.695 E.02488
G1 X123.472 Y92.185 E.02487
G1 X124.458 Y92.974 E.03761
G1 X125.083 Y93.524 E.02479
G1 X125.989 Y94.399 E.03752
G1 X126.842 Y95.322 E.03743
G1 X127.641 Y96.292 E.03743
G1 X128.387 Y97.307 E.03751
G1 X128.847 Y97.999 E.02478
G1 X129.496 Y99.082 E.0376
G1 X129.89 Y99.816 E.02483
G1 X130.316 Y100.695 E.02907
G1 X130.758 Y101.722 E.03331
G1 X131.191 Y102.902 E.03745
G1 X131.557 Y104.104 E.03741
G1 X131.855 Y105.327 E.0375
G1 X132.002 Y106.079 E.02282
G1 X132.416 Y106.039 F9000
M204 P1000
;TYPE:Outer wall
;WIDTH:0.419999
G1 F5400
G1 X132.422 Y106.074 E.00099
G1 X132.554 Y106.916 E.02351
G1 X132.697 Y108.266 E.03745
G1 X132.745 Y109.116 E.02348
G1 X132.762 Y110.319 E.03322
G1 X132.708 Y111.599 E.03533
G1 X132.632 Y112.446 E.02348
G1 X132.458 Y113.715 E.03533
G1 X132.213 Y114.971 E.03533
G1 X132.012 Y115.798 E.02348
G1 X131.65 Y117.027 E.03535
G1 X131.371 Y117.831 E.02348
G1 X130.896 Y119.021 E.03536
G1 X130.543 Y119.796 E.02348
G1 X129.959 Y120.935 E.03533
G1 X129.311 Y122.04 E.03533
G1 X128.846 Y122.754 E.02349
G1 X128.098 Y123.793 E.03533
G1 X127.292 Y124.788 E.03534
G1 X126.726 Y125.424 E.02349
G1 X125.83 Y126.341 E.03537
G1 X125.207 Y126.921 E.02349
G1 X124.228 Y127.75 E.03538
G1 X123.553 Y128.269 E.02349
G1 X122.503 Y129.002 E.03536
G1 X121.412 Y129.675 E.03535
G1 X120.667 Y130.088 E.02351
G1 X119.518 Y130.655 E.03535
G1 X118.34 Y131.157 E.03533
G1 X117.136 Y131.592 E.03533
G1 X115.908 Y131.959 E.03536
G1 X115.081 Y132.165 E.0235
G1 X113.824 Y132.415 E.03536
G1 X112.555 Y132.595 E.03536
G1 X111.707 Y132.675 E.0235
G1 X110.426 Y132.735 E.03539
G1 X109.573 Y132.735 E.02353
G1 X108.721 Y132.703 E.02354
G1 X107.444 Y132.595 E.03536
G1 X106.175 Y132.415 E.03534
G1 X104.919 Y132.165 E.03536
G1 X104.092 Y131.959 E.0235
G1 X102.863 Y131.592 E.03539
G1 X102.059 Y131.31 E.02351
G1 X100.87 Y130.83 E.03538
G1 X100.096 Y130.474 E.0235
G1 X98.958 Y129.885 E.03536
G1 X97.856 Y129.233 E.03534
G1 X97.028 Y128.684 E.02741
G1 X96.107 Y128.013 E.03144
G1 X95.114 Y127.203 E.03534
G1 X94.377 Y126.537 E.0274
G1 X93.567 Y125.736 E.03144
G1 X92.707 Y124.787 E.03534
G1 X92.078 Y124.019 E.0274
G1 X91.397 Y123.105 E.03143
G1 X90.688 Y122.038 E.03534
G1 X90.251 Y121.308 E.02349
G1 X89.644 Y120.179 E.03536
G1 X89.277 Y119.411 E.02349
G1 X88.78 Y118.231 E.03534
G1 X88.441 Y117.297 E.0274
G1 X88.101 Y116.21 E.03144
G1 X87.852 Y115.249 E.0274
G1 X87.615 Y114.135 E.03142
G1 X87.418 Y112.871 E.03531
G1 X87.292 Y111.598 E.0353
G1 X87.238 Y110.318 E.03533
G1 X87.242 Y109.467 E.02349
G1 X87.308 Y108.189 E.03532
G1 X87.446 Y106.916 E.03533
G1 X87.577 Y106.075 E.02348
G1 X87.834 Y104.82 E.03535
G1 X88.044 Y103.995 E.02349
G1 X88.417 Y102.77 E.03532
G1 X88.858 Y101.568 E.03533
G1 X89.189 Y100.783 E.02351
G1 X89.55 Y100.011 E.02351
G1 X90.145 Y98.877 E.03534
G1 X90.803 Y97.778 E.03533
G1 X91.274 Y97.069 E.02349
G1 X92.032 Y96.037 E.03533
G1 X92.847 Y95.05 E.03531
G1 X93.716 Y94.109 E.03534
G1 X94.323 Y93.512 E.0235
G1 X95.277 Y92.657 E.03534
G1 X96.277 Y91.857 E.03532
G1 X97.32 Y91.114 E.03535
G1 X98.037 Y90.653 E.02352
G1 X98.772 Y90.219 E.02353
G1 X99.905 Y89.619 E.03537
G1 X100.675 Y89.256 E.0235
G1 X101.86 Y88.764 E.03538
G1 X102.661 Y88.475 E.0235
G1 X103.885 Y88.096 E.03536
G1 X105.129 Y87.787 E.03536
G1 X105.965 Y87.62 E.02353
G1 X106.807 Y87.485 E.02353
G1 X108.081 Y87.341 E.03537
G1 X109.36 Y87.269 E.03535
G1 X110.354 Y87.264 E.02742
G1 X111.493 Y87.309 E.03145
G1 X112.769 Y87.429 E.03537
G1 X113.613 Y87.549 E.02351
G1 X114.872 Y87.787 E.03536
G1 X116.116 Y88.096 E.03536
G1 X116.932 Y88.34 E.0235
G1 X118.142 Y88.765 E.03539
G1 X118.932 Y89.084 E.02351
G1 X120.096 Y89.619 E.03535
G1 X121.228 Y90.219 E.03533
G1 X122.324 Y90.881 E.03535
G1 X123.033 Y91.356 E.02352
G1 X123.723 Y91.857 E.02352
G1 X124.724 Y92.657 E.03538
G1 X125.363 Y93.22 E.0235
G1 X126.284 Y94.11 E.03534
G1 X127.153 Y95.05 E.03532
G1 X127.968 Y96.037 E.03531
G1 X128.726 Y97.07 E.03534
G1 X129.197 Y97.779 E.02349
G1 X129.856 Y98.878 E.03536
G1 X130.259 Y99.628 E.0235
G1 X130.692 Y100.523 E.02742
G1 X131.142 Y101.569 E.03142
G1 X131.583 Y102.77 E.03532
G1 X131.956 Y103.994 E.03529
G1 X132.26 Y105.238 E.03533
G1 X132.408 Y106 E.02141
G1 E-.7 F2400
;WIPE_START
G1 F5400
G1 X132.422 Y106.074 E-.02281
G1 X132.554 Y106.916 E-.25565
G1 X132.562 Y106.988 E-.02154
;WIPE_END
G17
G3 Z1.8 I.773 J-.94 P1  F9000
G1 X120.266 Y96.886 Z1.8
G1 Z1.4
G1 E1 F2700
M204 P2000
;TYPE:Inner wall
;WIDTH:0.449999
G1 F7200
G1 X120.804 Y97.32 E.02059
G1 X121.218 Y97.676 E.01628
G1 X121.683 Y98.112 E.01899
G1 X122.203 Y98.646 E.0222
G1 X122.577 Y99.068 E.01679
G1 X123.174 Y99.798 E.02809
G1 X123.745 Y100.57 E.02859
G1 X124.059 Y101.048 E.01703
G1 X124.568 Y101.899 E.02954
G1 X125.108 Y102.947 E.03512
G1 X125.411 Y103.634 E.02237
G1 X125.801 Y104.674 E.03308
G1 X126.025 Y105.391 E.02239
G1 X126.216 Y106.111 E.02219
G1 X126.373 Y106.84 E.02219
G1 X126.498 Y107.574 E.02219
G1 X126.591 Y108.313 E.02219
G1 X126.649 Y109.056 E.02219
G1 X126.675 Y109.8 E.02219
G1 X126.667 Y110.545 E.02219
G1 X126.628 Y111.216 E.02001
G1 X126.503 Y112.394 E.03529
G1 X126.378 Y113.134 E.02235
G1 X126.262 Y113.675 E.01649
G1 X125.928 Y114.933 E.03877
G1 X125.689 Y115.646 E.02239
G1 X125.421 Y116.341 E.02219
G1 X125.121 Y117.024 E.02219
G1 X124.792 Y117.692 E.02219
G1 X124.433 Y118.345 E.02219
G1 X123.811 Y119.33 E.0347
G1 X122.938 Y120.51 E.04373
G1 X122.472 Y121.058 E.02143
G1 X121.964 Y121.604 E.0222
G1 X121.152 Y122.38 E.03345
G1 X120.388 Y123.029 E.02988
G1 X119.94 Y123.369 E.01674
G1 X119.152 Y123.916 E.02859
G1 X118.336 Y124.424 E.02862
G1 X117.835 Y124.701 E.01706
G1 X116.95 Y125.139 E.0294
G1 X116.113 Y125.499 E.02715
G1 X115.413 Y125.756 E.02221
G1 X114.615 Y126.007 E.02491
G1 X113.673 Y126.248 E.02897
G1 X112.888 Y126.406 E.02385
G1 X112.061 Y126.53 E.02491
G1 X111.216 Y126.609 E.02527
G1 X110.293 Y126.656 E.02754
G1 X109.061 Y126.628 E.0367
G1 X108.109 Y126.542 E.02847
G1 X107.178 Y126.414 E.028
G1 X106.224 Y126.225 E.02896
G1 X105.654 Y126.08 E.01753
G1 X104.788 Y125.824 E.02689
G1 X104.163 Y125.6 E.01977
G1 X103.259 Y125.231 E.02908
G1 X102.762 Y125.003 E.01628
G1 X101.885 Y124.55 E.02941
G1 X101.088 Y124.08 E.02757
G1 X99.817 Y123.187 E.04627
G1 X99.054 Y122.565 E.02931
G1 X98.528 Y122.088 E.02116
G1 X97.924 Y121.488 E.02534
G1 X97.363 Y120.869 E.0249
G1 X96.846 Y120.231 E.02446
G1 X96.353 Y119.57 E.02457
G1 X95.869 Y118.846 E.02594
G1 X95.515 Y118.252 E.02059
G1 X95.135 Y117.549 E.02381
G1 X94.806 Y116.859 E.02277
G1 X94.434 Y115.966 E.02883
G1 X94.201 Y115.323 E.02036
G1 X93.946 Y114.502 E.02561
G1 X93.768 Y113.811 E.02125
G1 X93.593 Y112.979 E.02533
G1 X93.464 Y112.151 E.02497
G1 X93.363 Y111.135 E.03041
G1 X93.328 Y110.385 E.02235
G1 X93.328 Y109.64 E.02219
G1 X93.367 Y108.805 E.02489
G1 X93.471 Y107.79 E.03041
G1 X93.58 Y107.095 E.02094
G1 X93.736 Y106.318 E.0236
G1 X93.917 Y105.595 E.02219
G1 X94.13 Y104.882 E.02219
G1 X94.408 Y104.093 E.02489
G1 X94.782 Y103.191 E.0291
G1 X95.022 Y102.683 E.01673
G1 X95.475 Y101.816 E.02913
G1 X95.856 Y101.175 E.0222
G1 X96.296 Y100.521 E.0235
G1 X96.857 Y99.749 E.02842
G1 X97.405 Y99.081 E.02575
G1 X97.907 Y98.529 E.0222
G1 X98.436 Y97.997 E.02237
G1 X98.981 Y97.496 E.02203
G1 X99.551 Y97.016 E.02221
G1 X100.44 Y96.35 E.0331
G1 X101.066 Y95.933 E.02241
G1 X101.784 Y95.504 E.02491
G1 X102.677 Y95.034 E.03005
G1 X103.173 Y94.804 E.01629
G1 X104.061 Y94.433 E.02868
G1 X104.631 Y94.233 E.01798
G1 X105.549 Y93.952 E.02861
G1 X106.482 Y93.718 E.02864
G1 X107.642 Y93.512 E.0351
G1 X108.623 Y93.4 E.02943
G1 X109.592 Y93.347 E.0289
G1 X110.277 Y93.35 E.02039
G1 X111.102 Y93.381 E.02462
G1 X112.09 Y93.473 E.02954
G1 X112.657 Y93.557 E.01708
G1 X113.594 Y93.732 E.0284
G1 X114.319 Y93.909 E.02221
G1 X115.12 Y94.146 E.02491
G1 X116.043 Y94.475 E.02918
G1 X117.109 Y94.931 E.03453
G1 X117.783 Y95.266 E.02241
G1 X118.246 Y95.524 E.0158
G1 X119.069 Y96.019 E.02861
G1 X120.044 Y96.708 E.03556
G1 X120.234 Y96.861 E.00729
G1 X120.007 Y97.213 F9000
M204 P1000
;TYPE:Outer wall
;WIDTH:0.419999
G1 F5400
G1 X120.935 Y97.977 E.03319
G1 X121.402 Y98.415 E.01765
G1 X121.907 Y98.935 E.01999
G1 X122.267 Y99.342 E.015
G1 X122.85 Y100.054 E.0254
G1 X123.407 Y100.809 E.02587
G1 X123.711 Y101.271 E.01527
G1 X124.209 Y102.105 E.02681
G1 X124.74 Y103.136 E.03199
G1 X125.032 Y103.8 E.02002
G1 X125.414 Y104.819 E.03
G1 X125.631 Y105.514 E.0201
G1 X125.816 Y106.217 E.02004
G1 X125.969 Y106.927 E.02005
G1 X126.091 Y107.643 E.02004
G1 X126.18 Y108.364 E.02004
G1 X126.237 Y109.088 E.02004
G1 X126.262 Y109.814 E.02004
G1 X126.254 Y110.541 E.02004
G1 X126.215 Y111.191 E.01798
G1 X126.092 Y112.347 E.03207
G1 X125.971 Y113.065 E.02009
G1 X125.858 Y113.588 E.01477
G1 X125.528 Y114.826 E.03536
G1 X125.297 Y115.514 E.02002
G1 X125.035 Y116.192 E.02005
G1 X124.743 Y116.857 E.02005
G1 X124.421 Y117.509 E.02005
G1 X124.071 Y118.145 E.02005
G1 X123.468 Y119.099 E.03113
G1 X122.92 Y119.851 E.02568
G1 X122.337 Y120.578 E.0257
G1 X121.97 Y120.991 E.01527
G1 X121.282 Y121.696 E.02716
G1 X120.876 Y122.072 E.01528
G1 X120.125 Y122.709 E.02716
G1 X119.694 Y123.037 E.01495
G1 X118.924 Y123.571 E.02587
G1 X118.127 Y124.067 E.0259
G1 X117.641 Y124.335 E.0153
G1 X116.774 Y124.765 E.02672
G1 X115.953 Y125.117 E.02464
G1 X115.27 Y125.368 E.02006
G1 X114.491 Y125.612 E.02253
G1 X113.571 Y125.847 E.02622
G1 X112.808 Y126.001 E.02147
G1 X112 Y126.121 E.02253
G1 X111.178 Y126.197 E.02279
G1 X110.276 Y126.242 E.0249
G1 X109.082 Y126.215 E.03298
G1 X108.153 Y126.131 E.02573
G1 X107.244 Y126.006 E.0253
G1 X106.309 Y125.821 E.02631
G1 X105.757 Y125.679 E.01573
G1 X104.909 Y125.428 E.0244
G1 X104.303 Y125.211 E.01777
G1 X103.42 Y124.85 E.02632
G1 X102.943 Y124.631 E.01447
G1 X102.083 Y124.186 E.02673
G1 X101.301 Y123.725 E.02503
G1 X100.068 Y122.859 E.04159
G1 X99.32 Y122.249 E.02664
G1 X98.808 Y121.783 E.01909
G1 X98.217 Y121.197 E.02296
G1 X97.67 Y120.591 E.02251
G1 X97.168 Y119.971 E.02204
G1 X96.688 Y119.327 E.02215
G1 X96.215 Y118.618 E.02352
G1 X95.87 Y118.04 E.01856
G1 X95.499 Y117.354 E.02154
G1 X95.179 Y116.682 E.02054
G1 X94.816 Y115.809 E.02609
G1 X94.592 Y115.187 E.01824
G1 X94.342 Y114.383 E.02321
G1 X94.169 Y113.71 E.01917
G1 X93.998 Y112.896 E.02295
G1 X93.873 Y112.088 E.02258
G1 X93.774 Y111.094 E.02755
G1 X93.741 Y110.366 E.02009
G1 X93.741 Y109.64 E.02005
G1 X93.781 Y108.825 E.0225
G1 X93.883 Y107.832 E.02755
G1 X93.989 Y107.16 E.01878
G1 X94.141 Y106.401 E.02135
G1 X94.318 Y105.696 E.02005
G1 X94.526 Y105 E.02005
G1 X94.798 Y104.231 E.02251
G1 X95.164 Y103.349 E.02634
G1 X95.395 Y102.862 E.01489
G1 X95.839 Y102.011 E.02647
G1 X96.211 Y101.387 E.02006
G1 X96.639 Y100.752 E.02113
G1 X97.187 Y99.999 E.02568
G1 X97.723 Y99.345 E.02334
G1 X98.212 Y98.808 E.02005
G1 X98.726 Y98.291 E.0201
G1 X99.26 Y97.801 E.02001
G1 X99.817 Y97.333 E.02006
G1 X100.688 Y96.681 E.03002
G1 X101.295 Y96.277 E.02012
G1 X101.996 Y95.859 E.02252
G1 X102.869 Y95.4 E.02721
G1 X103.345 Y95.18 E.01448
G1 X104.217 Y94.816 E.02605
G1 X104.767 Y94.623 E.0161
G1 X105.664 Y94.349 E.02588
G1 X106.575 Y94.12 E.02592
G1 X107.699 Y93.922 E.0315
G1 X108.663 Y93.812 E.02675
G1 X109.611 Y93.76 E.02622
G1 X111.077 Y93.794 E.04045
G1 X112.046 Y93.884 E.02685
G1 X112.595 Y93.966 E.01531
G1 X113.514 Y94.138 E.02579
G1 X114.22 Y94.311 E.02007
G1 X115.003 Y94.543 E.02252
G1 X115.904 Y94.864 E.02641
G1 X116.945 Y95.31 E.03125
G1 X117.598 Y95.636 E.02012
G1 X118.852 Y96.371 E.04011
G1 X119.795 Y97.038 E.03187
G1 X119.976 Y97.187 E.00647
G1 E-.7 F2400
;WIPE_START
G1 F5400
G1 X120.748 Y97.823 E-.3
;WIPE_END
G1 Z1.8 F9000
G1 X124.181 Y93.196
G1 Z1.8
G1 Z1.4
G1 E1 F2700
M204 P2500
;TYPE:Sparse infill
;WIDTH:0.45
G1 F10800
G1 X124.848 Y93.778 E.02637
G1 X125.382 Y94.295 E.02213
G1 X125.887 Y94.799 E.02126
G1 X126.581 Y95.55 E.03044
G1 X127.368 Y96.504 E.03685
G1 X128.103 Y97.505 E.03698
G1 X128.555 Y98.184 E.0243
G1 X129.195 Y99.253 E.03711
G1 X129.582 Y99.974 E.02437
G1 X130.001 Y100.838 E.02862
G1 X130.436 Y101.85 E.0328
G1 X130.863 Y103.012 E.03688
G1 X131.223 Y104.195 E.03683
G1 X131.517 Y105.401 E.03697
G1 X131.674 Y106.206 E.02442
G1 X131.785 Y106.915 E.02138
G1 X113.115 Y88.245 E.78645
G1 X112.681 Y88.184 E.01308
G1 X111.442 Y88.068 E.03704
G1 X110.4 Y88.026 E.03107
G1 X109.383 Y88.029 E.03028
G1 X108.145 Y88.098 E.03694
G1 X106.893 Y88.241 E.03753
G1 X111.741 Y93.088 E.20422
G1 X110.665 Y93.008 E.03213
G1 X109.6 Y93 E.03175
G1 X108.777 Y93.039 E.02452
G1 X108.01 Y93.111 E.02295
G1 X107.255 Y93.217 E.02272
G1 X106.487 Y93.361 E.02326
G1 X105.927 Y93.492 E.01715
G1 X101.974 Y89.539 E.16651
G1 X100.983 Y89.95 E.03197
G1 X100.244 Y90.298 E.02431
G1 X99.143 Y90.882 E.03713
G1 X98.436 Y91.3 E.02445
G1 X97.877 Y91.659 E.01981
G1 X101.493 Y95.275 E.1523
G1 X100.887 Y95.636 E.02099
G1 X100.251 Y96.059 E.02275
G1 X99.346 Y96.737 E.03368
G1 X98.775 Y97.216 E.0222
G1 X97.972 Y97.972 E.03286
G1 X94.451 Y94.451 E.14831
G1 X93.419 Y95.55 E.0449
G1 X92.632 Y96.504 E.03685
G1 X91.897 Y97.505 E.03697
G1 X91.654 Y97.871 E.0131
G1 X95.268 Y101.486 E.15228
G1 X94.812 Y102.32 E.02832
G1 X94.494 Y102.983 E.02189
G1 X94.086 Y103.965 E.03168
G1 X93.801 Y104.775 E.02559
G1 X93.584 Y105.5 E.02253
G1 X93.48 Y105.915 E.01275
G1 X89.524 Y101.959 E.16666
G1 X89.137 Y103.012 E.03342
G1 X88.776 Y104.199 E.03696
G1 X88.575 Y104.99 E.0243
G1 X88.325 Y106.21 E.0371
G1 X88.221 Y106.874 E.02002
G1 X93.074 Y111.726 E.2044
G1 X93.118 Y112.171 E.01332
G1 X93.313 Y113.336 E.03518
G1 X95.942 Y126.898 F9000
G1 F10800
G1 X95.609 Y126.627 E.01281
G1 X94.899 Y125.985 E.0285
G1 X94.054 Y125.141 E.03558
G1 X93.283 Y124.291 E.03419
G1 X92.677 Y123.551 E.0285
G1 X92.018 Y122.668 E.03281
G1 X91.33 Y121.633 E.03701
G1 X90.911 Y120.933 E.02429
G1 X90.322 Y119.836 E.03711
G1 X89.97 Y119.1 E.02429
G1 X89.487 Y117.954 E.03705
G1 X89.161 Y117.055 E.02849
G1 X88.832 Y116.001 E.03287
G1 X88.591 Y115.075 E.02852
G1 X88.363 Y113.997 E.0328
G1 X88.221 Y113.091 E.02731
G1 X106.877 Y131.748 E.78589
G1 X107.529 Y131.84 E.0196
G1 X108.767 Y131.944 E.03701
G1 X109.587 Y131.975 E.02446
G1 X110.408 Y131.975 E.02445
G1 X111.654 Y131.917 E.03715
G1 X112.467 Y131.84 E.02431
G1 X113.098 Y131.751 E.01901
G1 X108.253 Y126.905 E.20413
G1 X108.754 Y126.959 E.01502
G1 X109.517 Y126.997 E.02275
G1 X110.291 Y127.002 E.02306
G1 X111.072 Y126.97 E.02328
G1 X112.103 Y126.873 E.03084
G1 X112.915 Y126.753 E.02447
G1 X113.666 Y126.605 E.0228
G1 X114.068 Y126.503 E.01235
G1 X118.028 Y130.463 E.16681
G1 X119.201 Y129.965 E.03796
G1 X120.314 Y129.415 E.037
G1 X121.028 Y129.019 E.02432
G1 X122.123 Y128.341 E.03836
G1 X118.507 Y124.724 E.15234
G1 X118.947 Y124.466 E.01521
G1 X119.816 Y123.891 E.03104
G1 X120.501 Y123.383 E.02538
G1 X121.091 Y122.9 E.02273
G1 X121.658 Y122.39 E.02271
G1 X122.028 Y122.028 E.01543
G1 X125.545 Y125.545 E.14819
G1 X126.17 Y124.906 E.02664
G1 X126.713 Y124.297 E.0243
G1 X127.494 Y123.331 E.03699
G1 X128.347 Y122.129 E.04391
G1 X124.733 Y118.516 E.15221
G1 X125.095 Y117.859 E.02235
G1 X125.433 Y117.175 E.02271
G1 X125.739 Y116.477 E.02271
G1 X126.014 Y115.766 E.02271
G1 X126.257 Y115.042 E.02273
G1 X126.52 Y114.085 E.02958
G1 X130.471 Y118.036 E.16646
G1 X130.659 Y117.566 E.01509
G1 X130.926 Y116.796 E.02429
G1 X131.278 Y115.601 E.0371
G1 X131.471 Y114.808 E.02429
G1 X131.709 Y113.59 E.03697
G1 X131.773 Y113.12 E.01412
G1 X126.935 Y108.283 E.20379
G1 X126.842 Y107.529 E.02262
G1 X126.691 Y106.673 E.02588
; stop printing object Генератор.stl id:18446744073679698525 copy 0
;LAYER_CHANGE
;Z:1.6
;HEIGHT:0.2
;BEFORE_LAYER_CHANGE
;1.6
G92 E0

G1 E-.77778 F2400
;WIPE_START
G1 F10800
G1 X126.842 Y107.529 E-.19309
G1 X126.858 Y107.659 E-.02913
;WIPE_END
;_SET_FAN_SPEED_CHANGING_LAYER
; printing object Генератор.stl id:18446744073679698525 copy 0
G17
G3 Z2 I.347 J1.166 P1  F9000
G1 X132.011 Y106.124 Z2
G1 Z1.6
G1 E1 F2700
M204 P2000
;TYPE:Inner wall
;WIDTH:0.449999
G1 F7200
G1 X132.016 Y106.149 E.00073
G1 X132.144 Y106.97 E.02478
G1 X132.284 Y108.291 E.03956
G1 X132.331 Y109.121 E.02477
G1 X132.348 Y110.313 E.03551
G1 X132.295 Y111.571 E.0375
G1 X132.221 Y112.4 E.02477
G1 X132.05 Y113.647 E.0375
G1 X131.809 Y114.883 E.0375
G1 X131.612 Y115.69 E.02477
G1 X131.256 Y116.901 E.03759
G1 X130.984 Y117.687 E.02477
G1 X130.515 Y118.859 E.03759
G1 X130.171 Y119.616 E.02477
G1 X129.596 Y120.736 E.03751
G1 X128.959 Y121.823 E.03751
G1 X128.505 Y122.52 E.02479
G1 X127.767 Y123.544 E.03759
G1 X127.25 Y124.196 E.02479
G1 X126.421 Y125.144 E.03752
G1 X125.541 Y126.045 E.03751
G1 X124.932 Y126.612 E.02479
G1 X123.971 Y127.426 E.03753
G1 X122.965 Y128.185 E.03753
G1 X122.278 Y128.655 E.0248
G1 X121.206 Y129.316 E.03752
G1 X120.1 Y129.915 E.03744
G1 X118.96 Y130.452 E.03754
G1 X118.192 Y130.771 E.02479
G1 X117.006 Y131.2 E.03754
G1 X115.799 Y131.56 E.03754
G1 X114.991 Y131.761 E.0248
G1 X113.755 Y132.008 E.03753
G1 X112.507 Y132.184 E.03754
G1 X111.678 Y132.262 E.0248
G1 X110.416 Y132.321 E.03763
G1 X109.581 Y132.321 E.02489
G1 X108.746 Y132.29 E.02488
G1 X107.49 Y132.184 E.03755
G1 X106.245 Y132.008 E.03745
G1 X105.009 Y131.761 E.03754
G1 X104.201 Y131.56 E.0248
G1 X102.991 Y131.199 E.03763
G1 X102.205 Y130.923 E.0248
G1 X101.037 Y130.451 E.03753
G1 X99.9 Y129.915 E.03745
G1 X98.792 Y129.315 E.03753
G1 X98.079 Y128.885 E.02479
G1 X97.033 Y128.183 E.03753
G1 X96.027 Y127.424 E.03753
G1 X95.386 Y126.891 E.02483
G1 X94.643 Y126.219 E.02985
G1 X93.866 Y125.45 E.03256
G1 X93.02 Y124.517 E.0375
G1 X92.388 Y123.744 E.02975
G1 X91.735 Y122.867 E.03256
G1 X91.038 Y121.818 E.03754
G1 X90.61 Y121.104 E.02478
G1 X90.014 Y119.993 E.03755
G1 X89.587 Y119.09 E.02975
G1 X89.166 Y118.082 E.03256
G1 X88.743 Y116.898 E.03743
G1 X88.388 Y115.691 E.0375
G1 X88.191 Y114.883 E.02477
G1 X87.95 Y113.647 E.0375
G1 X87.779 Y112.399 E.03751
G1 X87.705 Y111.571 E.02476
G1 X87.652 Y110.311 E.03759
G1 X87.656 Y109.478 E.02481
G1 X87.702 Y108.477 E.02983
G1 X87.803 Y107.389 E.03255
G1 X87.985 Y106.143 E.03753
G1 X88.145 Y105.327 E.02477
G1 X88.443 Y104.103 E.0375
G1 X88.81 Y102.899 E.0375
G1 X89.089 Y102.116 E.02478
G1 X89.569 Y100.948 E.03759
G1 X89.92 Y100.195 E.02477
G1 X90.506 Y99.08 E.03751
G1 X91.151 Y98.002 E.03742
G1 X91.858 Y96.96 E.03751
G1 X92.357 Y96.294 E.02478
G1 X93.158 Y95.322 E.03752
G1 X94.013 Y94.397 E.03752
G1 X94.606 Y93.813 E.02479
G1 X95.544 Y92.972 E.03752
G1 X96.526 Y92.187 E.03745
G1 X97.552 Y91.457 E.03752
G1 X98.255 Y91.005 E.02487
G1 X98.974 Y90.58 E.02489
G1 X100.09 Y89.989 E.03761
G1 X100.843 Y89.634 E.02479
G1 X102.009 Y89.15 E.03762
G1 X102.792 Y88.867 E.0248
G1 X103.996 Y88.495 E.03754
G1 X105.219 Y88.191 E.03754
G1 X106.039 Y88.027 E.02488
G1 X106.863 Y87.895 E.02489
G1 X108.116 Y87.754 E.03755
G1 X109.373 Y87.683 E.03749
G1 X110.372 Y87.678 E.02978
G1 X111.465 Y87.722 E.03258
G1 X112.718 Y87.84 E.03749
G1 X113.964 Y88.028 E.03753
G1 X114.781 Y88.191 E.0248
G1 X116.007 Y88.495 E.03763
G1 X116.804 Y88.734 E.0248
G1 X117.996 Y89.152 E.03763
G1 X118.768 Y89.464 E.0248
G1 X119.913 Y89.99 E.03753
G1 X121.024 Y90.579 E.03745
G1 X122.102 Y91.23 E.03753
G1 X122.796 Y91.695 E.02488
G1 X123.472 Y92.185 E.02487
G1 X124.458 Y92.974 E.03761
G1 X125.083 Y93.524 E.02479
G1 X125.989 Y94.4 E.03752
G1 X126.842 Y95.322 E.03743
G1 X127.641 Y96.292 E.03744
G1 X128.387 Y97.307 E.03751
G1 X128.847 Y97.999 E.02478
G1 X129.496 Y99.082 E.0376
G1 X129.891 Y99.818 E.02486
G1 X130.258 Y100.567 E.02486
G1 X130.758 Y101.723 E.03751
G1 X131.191 Y102.902 E.03743
G1 X131.558 Y104.106 E.0375
G1 X131.763 Y104.912 E.02477
G1 X132.003 Y106.085 E.03566
G1 X132.416 Y106.042 F9000
M204 P1000
;TYPE:Outer wall
;WIDTH:0.419999
G1 F5400
G1 X132.423 Y106.075 E.00095
G1 X132.554 Y106.916 E.02349
G1 X132.697 Y108.266 E.03745
G1 X132.745 Y109.116 E.02348
G1 X132.762 Y110.319 E.03322
G1 X132.708 Y111.599 E.03533
G1 X132.632 Y112.446 E.02348
G1 X132.458 Y113.714 E.03533
G1 X132.213 Y114.971 E.03533
G1 X132.012 Y115.798 E.02348
G1 X131.65 Y117.027 E.03535
G1 X131.371 Y117.831 E.02348
G1 X130.896 Y119.021 E.03536
G1 X130.543 Y119.796 E.02348
G1 X129.959 Y120.935 E.03533
G1 X129.311 Y122.04 E.03533
G1 X128.846 Y122.754 E.0235
G1 X128.097 Y123.794 E.03536
G1 X127.568 Y124.46 E.0235
G1 X126.725 Y125.425 E.03534
G1 X125.83 Y126.341 E.03534
G1 X125.207 Y126.921 E.02349
G1 X124.229 Y127.749 E.03535
G1 X123.206 Y128.521 E.03535
G1 X122.503 Y129.002 E.02351
G1 X121.413 Y129.674 E.03535
G1 X120.287 Y130.284 E.03533
G1 X119.128 Y130.831 E.03536
G1 X118.341 Y131.157 E.0235
G1 X117.136 Y131.592 E.03536
G1 X115.908 Y131.959 E.03536
G1 X115.081 Y132.165 E.02351
G1 X113.824 Y132.415 E.03536
G1 X112.555 Y132.595 E.03536
G1 X111.707 Y132.675 E.0235
G1 X110.426 Y132.735 E.03539
G1 X109.573 Y132.735 E.02353
G1 X108.721 Y132.703 E.02353
G1 X107.444 Y132.595 E.03537
G1 X106.176 Y132.415 E.03534
G1 X104.919 Y132.165 E.03536
G1 X104.092 Y131.959 E.0235
G1 X102.863 Y131.592 E.03539
G1 X102.059 Y131.31 E.02351
G1 X100.871 Y130.83 E.03535
G1 X99.713 Y130.284 E.03533
G1 X98.586 Y129.674 E.03535
G1 X97.857 Y129.233 E.0235
G1 X96.793 Y128.52 E.03535
G1 X95.77 Y127.748 E.03535
G1 X95.115 Y127.204 E.02351
G1 X94.359 Y126.519 E.02814
G1 X93.567 Y125.736 E.03073
G1 X92.707 Y124.787 E.03534
G1 X92.062 Y123.998 E.02811
G1 X91.397 Y123.105 E.03072
G1 X90.688 Y122.038 E.03534
G1 X90.25 Y121.308 E.02349
G1 X89.645 Y120.18 E.03534
G1 X89.209 Y119.259 E.02811
G1 X88.78 Y118.231 E.03072
G1 X88.35 Y117.026 E.0353
G1 X87.988 Y115.798 E.03533
G1 X87.787 Y114.971 E.02348
G1 X87.542 Y113.714 E.03533
G1 X87.368 Y112.446 E.03533
G1 X87.292 Y111.599 E.02347
G1 X87.238 Y110.318 E.03535
G1 X87.242 Y109.467 E.02349
G1 X87.29 Y108.449 E.02813
G1 X87.392 Y107.34 E.03071
G1 X87.578 Y106.073 E.03533
G1 X87.74 Y105.238 E.02348
G1 X88.044 Y103.994 E.03533
G1 X88.417 Y102.769 E.03533
G1 X88.703 Y101.968 E.02349
G1 X89.19 Y100.782 E.03535
G1 X89.55 Y100.011 E.02348
G1 X90.145 Y98.877 E.03534
G1 X90.802 Y97.779 E.03531
G1 X91.521 Y96.719 E.03534
G1 X92.032 Y96.038 E.02349
G1 X92.847 Y95.05 E.03534
G1 X93.716 Y94.109 E.03534
G1 X94.323 Y93.512 E.0235
G1 X95.277 Y92.657 E.03534
G1 X96.277 Y91.857 E.03533
G1 X97.32 Y91.114 E.03534
G1 X98.037 Y90.653 E.02352
G1 X98.772 Y90.219 E.02354
G1 X99.905 Y89.619 E.03537
G1 X100.675 Y89.256 E.0235
G1 X101.86 Y88.764 E.03538
G1 X102.661 Y88.475 E.0235
G1 X103.885 Y88.096 E.03536
G1 X105.129 Y87.787 E.03536
G1 X105.965 Y87.62 E.02353
G1 X106.807 Y87.485 E.02353
G1 X108.081 Y87.341 E.03537
G1 X109.36 Y87.269 E.03534
G1 X110.38 Y87.265 E.02813
G1 X111.493 Y87.309 E.03074
G1 X112.769 Y87.429 E.03535
G1 X114.036 Y87.621 E.03536
G1 X114.871 Y87.787 E.0235
G1 X116.116 Y88.096 E.03539
G1 X116.932 Y88.34 E.0235
G1 X118.142 Y88.765 E.03539
G1 X118.932 Y89.084 E.02351
G1 X120.096 Y89.619 E.03535
G1 X121.228 Y90.219 E.03533
G1 X122.324 Y90.881 E.03535
G1 X123.033 Y91.356 E.02352
G1 X123.723 Y91.857 E.02352
G1 X124.724 Y92.657 E.03538
G1 X125.363 Y93.22 E.0235
G1 X126.284 Y94.11 E.03535
G1 X127.153 Y95.05 E.03531
G1 X127.968 Y96.038 E.03532
G1 X128.726 Y97.07 E.03533
G1 X129.197 Y97.778 E.02349
G1 X129.856 Y98.878 E.03536
G1 X130.259 Y99.629 E.02351
G1 X130.633 Y100.394 E.02351
G1 X131.142 Y101.569 E.03533
G1 X131.583 Y102.771 E.03531
G1 X131.956 Y103.995 E.03532
G1 X132.166 Y104.82 E.02348
G1 X132.408 Y106.002 E.0333
G1 E-.7 F2400
;WIPE_START
G1 F5400
G1 X132.423 Y106.075 E-.0223
G1 X132.554 Y106.916 E-.25536
G1 X132.562 Y106.99 E-.02234
;WIPE_END
G17
G3 Z2 I.772 J-.941 P1  F9000
G1 X120.127 Y96.782 Z2
G1 Z1.6
G1 E1 F2700
M204 P2000
;TYPE:Inner wall
;WIDTH:0.449999
G1 F7200
G1 X120.569 Y97.114 E.01648
G1 X121.139 Y97.603 E.02236
G1 X121.683 Y98.112 E.0222
G1 X122.203 Y98.646 E.0222
G1 X122.586 Y99.075 E.01711
G1 X123.17 Y99.78 E.02729
G1 X123.614 Y100.379 E.02221
G1 X124.074 Y101.076 E.02487
G1 X124.575 Y101.907 E.0289
G1 X124.85 Y102.427 E.01751
G1 X125.107 Y102.955 E.01751
G1 X125.5 Y103.859 E.02936
G1 X125.828 Y104.758 E.0285
G1 X126.103 Y105.677 E.02857
G1 X126.235 Y106.208 E.01629
G1 X126.431 Y107.177 E.02946
G1 X126.59 Y108.308 E.03402
G1 X126.649 Y109.056 E.02235
G1 X126.675 Y109.8 E.02219
G1 X126.667 Y110.545 E.02219
G1 X126.628 Y111.213 E.01994
G1 X126.503 Y112.394 E.03537
G1 X126.378 Y113.134 E.02234
G1 X126.262 Y113.675 E.01649
G1 X125.928 Y114.933 E.03877
G1 X125.689 Y115.646 E.02239
G1 X125.421 Y116.341 E.02219
G1 X125.121 Y117.024 E.02219
G1 X124.792 Y117.692 E.02219
G1 X124.433 Y118.345 E.02219
G1 X123.811 Y119.33 E.0347
G1 X123.231 Y120.132 E.02947
G1 X122.475 Y121.054 E.03553
G1 X121.964 Y121.604 E.02236
G1 X121.18 Y122.353 E.03229
G1 X120.597 Y122.862 E.02305
G1 X120.007 Y123.325 E.02236
G1 X119.401 Y123.759 E.02221
G1 X118.776 Y124.165 E.0222
G1 X118.133 Y124.543 E.02221
G1 X117.497 Y124.879 E.02144
G1 X116.8 Y125.21 E.02297
G1 X116.113 Y125.499 E.02221
G1 X115.305 Y125.792 E.02558
G1 X114.348 Y126.082 E.02978
G1 X113.698 Y126.242 E.01996
G1 X112.873 Y126.409 E.02506
G1 X111.787 Y126.562 E.03267
G1 X111.242 Y126.609 E.0163
G1 X110.293 Y126.656 E.02831
G1 X109.65 Y126.653 E.01915
G1 X109.061 Y126.628 E.01755
G1 X108.109 Y126.542 E.02848
G1 X107.178 Y126.414 E.02799
G1 X106.224 Y126.225 E.02897
G1 X105.15 Y125.938 E.0331
G1 X104.436 Y125.703 E.02241
G1 X103.738 Y125.439 E.02221
G1 X103.054 Y125.144 E.02221
G1 X102.419 Y124.836 E.02103
G1 X101.727 Y124.464 E.02339
G1 X101.094 Y124.074 E.02213
G1 X100.299 Y123.546 E.02845
G1 X99.571 Y122.999 E.02711
G1 X99.067 Y122.577 E.01958
G1 X98.511 Y122.072 E.02239
G1 X97.925 Y121.489 E.02462
G1 X97.422 Y120.938 E.0222
G1 X96.945 Y120.365 E.02221
G1 X96.336 Y119.544 E.03046
G1 X95.869 Y118.845 E.02502
G1 X95.524 Y118.261 E.02021
G1 X95.069 Y117.407 E.02882
G1 X94.765 Y116.766 E.02115
G1 X94.447 Y116.003 E.02461
G1 X94.138 Y115.142 E.02725
G1 X93.924 Y114.429 E.02219
G1 X93.742 Y113.706 E.02219
G1 X93.592 Y112.976 E.02219
G1 X93.475 Y112.241 E.02219
G1 X93.392 Y111.5 E.0222
G1 X93.329 Y110.392 E.03307
G1 X93.328 Y109.64 E.02239
G1 X93.368 Y108.814 E.02463
G1 X93.448 Y108.019 E.02381
G1 X93.585 Y107.063 E.02876
G1 X93.698 Y106.503 E.01702
G1 X93.917 Y105.595 E.0278
G1 X94.13 Y104.881 E.02219
G1 X94.414 Y104.078 E.02537
G1 X94.787 Y103.177 E.02905
G1 X95.022 Y102.683 E.0163
G1 X95.475 Y101.816 E.02913
G1 X95.855 Y101.175 E.0222
G1 X96.265 Y100.553 E.0222
G1 X96.77 Y99.859 E.02557
G1 X97.402 Y99.085 E.02976
G1 X97.907 Y98.529 E.02235
G1 X98.443 Y97.989 E.02268
G1 X99.258 Y97.258 E.03262
G1 X99.844 Y96.786 E.0224
G1 X100.446 Y96.346 E.02221
G1 X101.066 Y95.933 E.02221
G1 X101.804 Y95.493 E.02558
G1 X102.675 Y95.035 E.02933
G1 X103.173 Y94.804 E.01634
G1 X104.061 Y94.433 E.02867
G1 X104.64 Y94.227 E.01829
G1 X105.555 Y93.951 E.02847
G1 X106.482 Y93.718 E.02847
G1 X107.06 Y93.605 E.01755
G1 X107.642 Y93.512 E.01755
G1 X108.623 Y93.4 E.02943
G1 X109.589 Y93.348 E.0288
G1 X110.299 Y93.35 E.02115
G1 X111.102 Y93.381 E.02392
G1 X112.074 Y93.471 E.02909
G1 X112.863 Y93.588 E.02375
G1 X113.594 Y93.732 E.02221
G1 X114.428 Y93.94 E.02558
G1 X115.094 Y94.144 E.02076
G1 X116.019 Y94.465 E.02917
G1 X116.549 Y94.683 E.01707
G1 X117.415 Y95.087 E.02845
G1 X118.246 Y95.524 E.02797
G1 X119.069 Y96.02 E.02861
G1 X119.566 Y96.36 E.01796
G1 X120.095 Y96.758 E.01971
G1 X119.879 Y97.113 F9000
M204 P1000
;TYPE:Outer wall
;WIDTH:0.419999
G1 F5400
G1 X120.32 Y97.444 E.01521
G1 X120.87 Y97.916 E.02001
G1 X121.4 Y98.414 E.02006
G1 X121.907 Y98.934 E.02005
G1 X122.277 Y99.35 E.01534
G1 X122.849 Y100.041 E.02476
G1 X123.282 Y100.625 E.02006
G1 X123.728 Y101.303 E.0224
G1 X124.217 Y102.114 E.02614
G1 X124.483 Y102.618 E.01571
G1 X124.733 Y103.13 E.01571
G1 X125.117 Y104.017 E.02668
G1 X125.438 Y104.897 E.02584
G1 X125.706 Y105.795 E.02584
G1 X125.833 Y106.304 E.01448
G1 X126.025 Y107.253 E.02672
G1 X126.18 Y108.362 E.0309
G1 X126.237 Y109.088 E.02009
G1 X126.262 Y109.814 E.02004
G1 X126.254 Y110.541 E.02005
G1 X126.215 Y111.188 E.01791
G1 X126.092 Y112.347 E.03215
G1 X125.971 Y113.065 E.02009
G1 X125.858 Y113.588 E.01477
G1 X125.528 Y114.826 E.03536
G1 X125.297 Y115.514 E.02002
G1 X125.035 Y116.192 E.02005
G1 X124.743 Y116.857 E.02005
G1 X124.421 Y117.509 E.02005
G1 X124.071 Y118.145 E.02005
G1 X123.468 Y119.099 E.03113
G1 X122.9 Y119.884 E.02674
G1 X122.158 Y120.789 E.0323
G1 X121.662 Y121.322 E.0201
G1 X120.908 Y122.041 E.02873
G1 X120.323 Y122.552 E.02142
G1 X119.752 Y123 E.02003
G1 X119.161 Y123.422 E.02006
G1 X118.551 Y123.818 E.02006
G1 X117.924 Y124.186 E.02006
G1 X117.304 Y124.514 E.01935
G1 X116.624 Y124.836 E.02077
G1 X115.953 Y125.117 E.02007
G1 X115.164 Y125.403 E.02314
G1 X114.229 Y125.686 E.02697
G1 X113.599 Y125.84 E.01788
G1 X112.803 Y126.002 E.02241
G1 X111.73 Y126.152 E.02991
G1 X111.207 Y126.197 E.01446
G1 X110.276 Y126.242 E.02572
G1 X109.652 Y126.239 E.01723
G1 X109.082 Y126.215 E.01575
G1 X108.153 Y126.131 E.02574
G1 X107.245 Y126.006 E.02529
G1 X106.309 Y125.821 E.02633
G1 X105.258 Y125.539 E.03003
G1 X104.565 Y125.311 E.02012
G1 X103.885 Y125.053 E.02006
G1 X103.218 Y124.764 E.02006
G1 X102.599 Y124.464 E.01897
G1 X101.924 Y124.1 E.02116
G1 X101.312 Y123.722 E.01986
G1 X100.535 Y123.207 E.02572
G1 X99.823 Y122.67 E.0246
G1 X99.333 Y122.26 E.01763
G1 X98.791 Y121.767 E.02023
G1 X98.218 Y121.197 E.0223
G1 X97.728 Y120.659 E.02006
G1 X97.263 Y120.101 E.02006
G1 X96.668 Y119.298 E.02757
G1 X96.215 Y118.618 E.02254
G1 X95.88 Y118.051 E.01816
G1 X95.436 Y117.217 E.02608
G1 X95.142 Y116.595 E.01898
G1 X94.831 Y115.85 E.02228
G1 X94.529 Y115.006 E.02473
G1 X94.32 Y114.31 E.02005
G1 X94.143 Y113.605 E.02005
G1 X93.997 Y112.894 E.02004
G1 X93.884 Y112.176 E.02004
G1 X93.803 Y111.454 E.02005
G1 X93.741 Y110.369 E.03
G1 X93.741 Y109.64 E.02011
G1 X93.781 Y108.834 E.02226
G1 X93.859 Y108.061 E.02144
G1 X93.996 Y107.113 E.02645
G1 X94.104 Y106.586 E.01484
G1 X94.318 Y105.696 E.02524
G1 X94.526 Y105 E.02005
G1 X94.804 Y104.216 E.02294
G1 X95.169 Y103.336 E.0263
G1 X95.395 Y102.862 E.01449
G1 X95.839 Y102.011 E.02647
G1 X96.211 Y101.387 E.02005
G1 X96.61 Y100.78 E.02005
G1 X97.104 Y100.103 E.02312
G1 X97.722 Y99.346 E.02695
G1 X98.212 Y98.808 E.0201
G1 X98.728 Y98.289 E.02019
G1 X99.534 Y97.565 E.02989
G1 X100.103 Y97.109 E.02011
G1 X100.69 Y96.68 E.02006
G1 X101.295 Y96.277 E.02006
G1 X102.015 Y95.848 E.02313
G1 X102.867 Y95.401 E.02655
G1 X103.345 Y95.18 E.01453
G1 X104.217 Y94.816 E.02605
G1 X104.778 Y94.617 E.01643
G1 X105.671 Y94.348 E.02574
G1 X106.575 Y94.12 E.02573
G1 X107.136 Y94.012 E.01575
G1 X107.699 Y93.922 E.01575
G1 X108.663 Y93.812 E.02675
G1 X109.608 Y93.761 E.02612
G1 X110.296 Y93.764 E.01898
G1 X111.076 Y93.794 E.02155
G1 X112.03 Y93.882 E.02644
G1 X112.8 Y93.997 E.02149
G1 X113.514 Y94.138 E.02007
G1 X114.328 Y94.341 E.02314
G1 X114.973 Y94.539 E.01862
G1 X115.877 Y94.854 E.02641
G1 X116.389 Y95.065 E.0153
G1 X117.234 Y95.459 E.02572
G1 X118.045 Y95.885 E.02527
G1 X118.852 Y96.371 E.02599
G1 X119.332 Y96.701 E.01607
G1 X119.847 Y97.088 E.01778
G1 E-.7 F2400
;WIPE_START
G1 F5400
G1 X120.32 Y97.444 E-.17742
G1 X120.63 Y97.71 E-.12258
;WIPE_END
G1 Z2 F9000
G1 X124.181 Y93.196
G1 Z2
G1 Z1.6
G1 E1 F2700
M204 P2500
;TYPE:Sparse infill
;WIDTH:0.45
G1 F10800
G1 X124.848 Y93.778 E.02637
G1 X125.382 Y94.295 E.02213
G1 X125.887 Y94.8 E.02126
G1 X126.581 Y95.55 E.03044
G1 X127.368 Y96.504 E.03686
G1 X128.103 Y97.505 E.03697
G1 X128.555 Y98.184 E.02429
G1 X129.195 Y99.253 E.03711
G1 X129.583 Y99.975 E.02443
G1 X129.943 Y100.712 E.02443
G1 X130.436 Y101.851 E.03697
G1 X130.863 Y103.012 E.03684
G1 X131.224 Y104.199 E.03696
G1 X131.425 Y104.99 E.02429
G1 X131.675 Y106.21 E.0371
G1 X131.785 Y106.915 E.02125
G1 X113.121 Y88.251 E.78624
G1 X113.905 Y88.369 E.02362
G1 X114.724 Y88.533 E.02488
G1 X113.35 Y93.332 F9000
G1 F10800
G1 X112.199 Y93.137 E.03478
G1 X111.741 Y93.089 E.01372
G1 X106.893 Y88.241 E.20422
G1 X106.1 Y88.368 E.02394
G1 X105.295 Y88.529 E.02445
G1 X104.089 Y88.828 E.03701
G1 X102.902 Y89.195 E.03701
G1 X101.974 Y89.539 E.02948
G1 X105.927 Y93.492 E.16651
G1 X104.683 Y93.846 E.03853
G1 X103.943 Y94.108 E.02338
G1 X103.229 Y94.398 E.02295
G1 X102.561 Y94.704 E.02189
G1 X101.493 Y95.276 E.03608
G1 X97.877 Y91.659 E.15234
G1 X96.734 Y92.463 E.04161
G1 X95.768 Y93.237 E.03687
G1 X94.843 Y94.065 E.03698
G1 X94.451 Y94.451 E.01639
G1 X97.973 Y97.973 E.14833
G1 X97.657 Y98.29 E.01333
G1 X97.139 Y98.86 E.02296
G1 X96.499 Y99.644 E.03015
G1 X95.984 Y100.35 E.02603
G1 X95.578 Y100.966 E.02195
G1 X95.269 Y101.486 E.01803
G1 X91.656 Y97.874 E.15217
G1 X91.443 Y98.188 E.01131
G1 X90.807 Y99.249 E.03684
G1 X90.23 Y100.348 E.03698
G1 X89.886 Y101.087 E.02429
G1 X89.527 Y101.962 E.02816
G1 X93.48 Y105.915 E.16654
G1 X93.246 Y106.991 E.0328
G1 X93.132 Y107.717 E.02189
G1 X93.026 Y108.728 E.0303
G1 X92.982 Y109.616 E.02647
G1 X92.982 Y110.363 E.02226
G1 X93.068 Y111.721 E.04053
G1 X88.227 Y106.88 E.20393
G1 X88.147 Y107.43 E.01657
G1 X88.048 Y108.501 E.03204
G1 X88.002 Y109.486 E.02938
G1 X87.998 Y110.304 E.02435
G1 X88.05 Y111.549 E.0371
G1 X88.123 Y112.36 E.02428
G1 X88.223 Y113.093 E.02204
G1 X106.877 Y131.748 E.78581
G1 X107.529 Y131.84 E.0196
G1 X108.767 Y131.944 E.03701
G1 X109.587 Y131.975 E.02445
G1 X110.408 Y131.975 E.02445
G1 X111.654 Y131.917 E.03715
G1 X112.467 Y131.84 E.02431
G1 X113.098 Y131.751 E.01901
G1 X108.253 Y126.905 E.20413
G1 X108.754 Y126.959 E.01502
G1 X109.517 Y126.997 E.02275
G1 X110.291 Y127.002 E.02305
G1 X111.035 Y126.973 E.02218
G1 X111.83 Y126.905 E.02378
G1 X112.915 Y126.753 E.03262
G1 X113.665 Y126.605 E.02279
G1 X114.071 Y126.506 E.01245
G1 X118.028 Y130.463 E.16667
G1 X118.82 Y130.136 E.02554
G1 X119.944 Y129.606 E.03701
G1 X121.032 Y129.017 E.03686
G1 X122.124 Y128.341 E.03823
G1 X118.507 Y124.724 E.15236
G1 X118.946 Y124.466 E.01518
G1 X119.586 Y124.051 E.02272
G1 X120.207 Y123.608 E.02272
G1 X120.813 Y123.133 E.02296
G1 X121.576 Y122.466 E.03016
G1 X122.027 Y122.027 E.01876
G1 X125.545 Y125.545 E.14822
G1 X126.167 Y124.909 E.02649
G1 X126.984 Y123.974 E.03699
G1 X127.491 Y123.335 E.0243
G1 X128.347 Y122.129 E.04404
G1 X124.733 Y118.516 E.15221
G1 X125.095 Y117.859 E.02235
G1 X125.433 Y117.175 E.02271
G1 X125.739 Y116.477 E.0227
G1 X126.014 Y115.766 E.02271
G1 X126.257 Y115.042 E.02273
G1 X126.52 Y114.085 E.02958
G1 X130.471 Y118.036 E.16646
G1 X130.659 Y117.566 E.01508
G1 X130.926 Y116.796 E.02429
G1 X131.278 Y115.601 E.03711
G1 X131.471 Y114.808 E.02429
G1 X131.709 Y113.59 E.03697
G1 X131.773 Y113.12 E.01412
G1 X126.935 Y108.283 E.20379
G1 X126.803 Y107.282 E.03008
G1 X126.689 Y106.674 E.01842
G1 E-.77778 F2400
;WIPE_START
G1 F10800
G1 X126.803 Y107.282 E-.13744
G1 X126.853 Y107.66 E-.08478
;WIPE_END
G17
G3 Z2 I-.646 J-1.032 P1  F9000
G1 X96.009 Y126.959 Z2
G1 Z1.6
G1 E1 F2700
G1 F10800
G1 X95.613 Y126.63 E.01534
G1 X94.881 Y125.968 E.0294
G1 X94.054 Y125.141 E.03483
G1 X93.283 Y124.291 E.03419
G1 X92.979 Y123.919 E.01432
; stop printing object Генератор.stl id:18446744073679698525 copy 0
;LAYER_CHANGE
;Z:1.8
;HEIGHT:0.2
;BEFORE_LAYER_CHANGE
;1.8
G92 E0

G1 E-.77778 F2400
;WIPE_START
G1 F10800
G1 X93.283 Y124.291 E-.10681
G1 X93.632 Y124.676 E-.11541
;WIPE_END
;_SET_FAN_SPEED_CHANGING_LAYER
; printing object Генератор.stl id:18446744073679698525 copy 0
G17
G3 Z2.2 I.53 J1.096 P1  F9000
G1 X132.011 Y106.124 Z2.2
G1 Z1.8
G1 E1 F2700
M204 P2000
;TYPE:Inner wall
;WIDTH:0.449999
G1 F7200
G1 X132.015 Y106.146 E.00066
G1 X132.144 Y106.97 E.02486
G1 X132.284 Y108.291 E.03957
G1 X132.331 Y109.121 E.02477
G1 X132.348 Y110.313 E.03551
G1 X132.295 Y111.571 E.0375
G1 X132.221 Y112.4 E.02477
G1 X132.05 Y113.647 E.0375
G1 X131.809 Y114.883 E.0375
G1 X131.612 Y115.691 E.02477
G1 X131.256 Y116.901 E.03759
G1 X130.984 Y117.687 E.02477
G1 X130.516 Y118.857 E.03754
G1 X130.087 Y119.788 E.03053
G1 X129.597 Y120.735 E.03177
G1 X128.959 Y121.823 E.03754
G1 X128.505 Y122.52 E.02478
G1 X127.767 Y123.544 E.0376
G1 X127.25 Y124.196 E.02478
G1 X126.422 Y125.144 E.03752
G1 X125.542 Y126.044 E.03747
G1 X124.788 Y126.738 E.03052
G1 X123.971 Y127.425 E.0318
G1 X122.967 Y128.183 E.03747
G1 X121.923 Y128.883 E.03744
G1 X120.84 Y129.523 E.03748
G1 X119.929 Y130 E.03063
G1 X119.349 Y130.278 E.01917
G1 X118.189 Y130.773 E.03756
G1 X117.006 Y131.2 E.03744
G1 X115.799 Y131.56 E.03754
G1 X114.991 Y131.761 E.0248
G1 X113.755 Y132.008 E.03753
G1 X112.507 Y132.184 E.03754
G1 X111.678 Y132.262 E.0248
G1 X110.416 Y132.321 E.03763
G1 X109.581 Y132.321 E.02489
G1 X108.746 Y132.29 E.02488
G1 X107.49 Y132.184 E.03755
G1 X106.245 Y132.008 E.03745
G1 X105.009 Y131.761 E.03754
G1 X104.201 Y131.56 E.0248
G1 X102.991 Y131.199 E.03763
G1 X102.205 Y130.923 E.0248
G1 X101.037 Y130.451 E.03754
G1 X99.9 Y129.915 E.03744
G1 X98.793 Y129.316 E.03748
G1 X97.919 Y128.781 E.03053
G1 X97.031 Y128.182 E.03189
G1 X96.361 Y127.687 E.02482
G1 X95.383 Y126.889 E.03761
G1 X94.763 Y126.333 E.02479
G1 X93.865 Y125.448 E.03755
G1 X93.173 Y124.692 E.03052
G1 X92.489 Y123.873 E.0318
G1 X91.735 Y122.866 E.03746
G1 X91.038 Y121.818 E.03751
G1 X90.61 Y121.104 E.02479
G1 X90.013 Y119.992 E.03759
G1 X89.655 Y119.242 E.02478
G1 X89.165 Y118.08 E.03754
G1 X88.817 Y117.116 E.03053
G1 X88.5 Y116.098 E.03176
G1 X88.189 Y114.877 E.03753
G1 X88.023 Y114.062 E.02477
G1 X87.828 Y112.817 E.03754
G1 X87.723 Y111.798 E.03052
G1 X87.662 Y110.733 E.03176
G1 X87.656 Y109.476 E.03744
G1 X87.721 Y108.219 E.0375
G1 X87.802 Y107.391 E.02477
G1 X87.985 Y106.143 E.03759
G1 X88.145 Y105.327 E.02477
G1 X88.443 Y104.103 E.0375
G1 X88.81 Y102.899 E.0375
G1 X89.089 Y102.116 E.02477
G1 X89.569 Y100.948 E.03759
G1 X89.92 Y100.195 E.02478
G1 X90.506 Y99.08 E.03751
G1 X91.153 Y97.999 E.03751
G1 X91.613 Y97.307 E.02478
G1 X92.359 Y96.292 E.03751
G1 X93.158 Y95.322 E.03743
G1 X94.013 Y94.397 E.03752
G1 X94.606 Y93.813 E.02478
G1 X95.546 Y92.97 E.03761
G1 X96.194 Y92.443 E.02487
G1 X96.86 Y91.94 E.02487
G1 X97.9 Y91.229 E.03753
G1 X98.977 Y90.578 E.03748
G1 X99.881 Y90.094 E.03053
G1 X100.845 Y89.633 E.03182
G1 X102.009 Y89.15 E.03756
G1 X102.792 Y88.867 E.0248
G1 X103.996 Y88.495 E.03754
G1 X105.219 Y88.191 E.03754
G1 X106.036 Y88.028 E.0248
G1 X107.285 Y87.839 E.03763
G1 X108.113 Y87.754 E.02481
G1 X109.373 Y87.683 E.03757
G1 X110.398 Y87.679 E.03054
G1 X111.465 Y87.722 E.03182
G1 X112.721 Y87.84 E.03757
G1 X113.546 Y87.957 E.02481
G1 X114.784 Y88.191 E.03753
G1 X116.007 Y88.495 E.03754
G1 X116.804 Y88.734 E.0248
G1 X117.996 Y89.152 E.03763
G1 X118.768 Y89.464 E.0248
G1 X119.913 Y89.99 E.03753
G1 X121.024 Y90.579 E.03745
G1 X122.102 Y91.23 E.03753
G1 X122.796 Y91.695 E.02488
G1 X123.472 Y92.185 E.02487
G1 X124.458 Y92.974 E.03761
G1 X125.083 Y93.524 E.02479
G1 X125.989 Y94.399 E.03751
G1 X126.842 Y95.322 E.03743
G1 X127.641 Y96.292 E.03743
G1 X128.387 Y97.307 E.03751
G1 X128.847 Y97.999 E.02478
G1 X129.496 Y99.082 E.0376
G1 X129.889 Y99.815 E.02478
G1 X130.434 Y100.954 E.03759
G1 X130.757 Y101.72 E.02477
G1 X131.191 Y102.902 E.03751
G1 X131.557 Y104.103 E.03741
G1 X131.855 Y105.327 E.0375
G1 X132.003 Y106.085 E.023
G1 X132.417 Y106.045 F9000
M204 P1000
;TYPE:Outer wall
;WIDTH:0.419999
G1 F5400
G1 X132.422 Y106.074 E.00083
G1 X132.554 Y106.916 E.02351
G1 X132.697 Y108.266 E.03746
G1 X132.745 Y109.116 E.02348
G1 X132.762 Y110.319 E.03322
G1 X132.708 Y111.599 E.03533
G1 X132.632 Y112.446 E.02348
G1 X132.458 Y113.714 E.03533
G1 X132.213 Y114.971 E.03533
G1 X132.012 Y115.798 E.02348
G1 X131.65 Y117.027 E.03535
G1 X131.371 Y117.831 E.02348
G1 X130.896 Y119.021 E.03534
G1 X130.458 Y119.97 E.02883
G1 X129.959 Y120.935 E.02999
G1 X129.311 Y122.04 E.03534
G1 X128.846 Y122.753 E.02349
G1 X128.097 Y123.794 E.03536
G1 X127.568 Y124.46 E.02349
G1 X126.725 Y125.425 E.03534
G1 X125.83 Y126.34 E.03533
G1 X125.062 Y127.048 E.02883
G1 X124.229 Y127.749 E.03002
G1 X123.207 Y128.52 E.03533
G1 X122.144 Y129.233 E.03533
G1 X121.041 Y129.885 E.03534
G1 X120.114 Y130.37 E.02887
G1 X119.519 Y130.655 E.01821
G1 X118.34 Y131.158 E.03536
G1 X117.136 Y131.592 E.03533
G1 X115.908 Y131.959 E.03536
G1 X115.081 Y132.165 E.02351
G1 X113.824 Y132.415 E.03536
G1 X112.555 Y132.595 E.03536
G1 X111.707 Y132.675 E.0235
G1 X110.426 Y132.735 E.03539
G1 X109.573 Y132.735 E.02353
G1 X108.721 Y132.703 E.02353
G1 X107.444 Y132.595 E.03537
G1 X106.176 Y132.415 E.03534
G1 X104.919 Y132.165 E.03536
G1 X104.092 Y131.959 E.0235
G1 X102.863 Y131.592 E.03539
G1 X102.059 Y131.31 E.02351
G1 X100.871 Y130.83 E.03536
G1 X99.713 Y130.284 E.03533
G1 X98.587 Y129.674 E.03534
G1 X97.695 Y129.129 E.02883
G1 X96.792 Y128.52 E.03005
G1 X96.108 Y128.013 E.0235
G1 X95.114 Y127.203 E.03538
G1 X94.48 Y126.634 E.0235
G1 X93.567 Y125.735 E.03535
G1 X92.862 Y124.964 E.02882
G1 X92.164 Y124.13 E.03001
G1 X91.397 Y123.105 E.03532
G1 X90.688 Y122.038 E.03534
G1 X90.25 Y121.308 E.02349
G1 X89.644 Y120.179 E.03535
G1 X89.277 Y119.411 E.02348
G1 X88.78 Y118.231 E.03534
G1 X88.424 Y117.248 E.02883
G1 X88.101 Y116.211 E.02998
G1 X87.786 Y114.969 E.03534
G1 X87.616 Y114.136 E.02348
G1 X87.418 Y112.87 E.03534
G1 X87.311 Y111.831 E.02883
G1 X87.248 Y110.746 E.02998
G1 X87.242 Y109.466 E.03531
G1 X87.308 Y108.188 E.03533
G1 X87.392 Y107.341 E.02348
G1 X87.578 Y106.073 E.03535
G1 X87.74 Y105.238 E.02348
G1 X88.044 Y103.994 E.03533
G1 X88.417 Y102.769 E.03533
G1 X88.703 Y101.968 E.02348
G1 X89.19 Y100.782 E.03536
G1 X89.55 Y100.011 E.02349
G1 X90.145 Y98.877 E.03533
G1 X90.803 Y97.778 E.03533
G1 X91.274 Y97.07 E.02349
G1 X92.032 Y96.037 E.03534
G1 X92.847 Y95.05 E.03531
G1 X93.716 Y94.109 E.03535
G1 X94.323 Y93.512 E.02349
G1 X95.278 Y92.656 E.03537
G1 X95.938 Y92.117 E.02352
G1 X96.619 Y91.604 E.02352
G1 X97.676 Y90.881 E.03535
G1 X98.773 Y90.218 E.03534
G1 X99.694 Y89.725 E.02884
G1 X100.676 Y89.255 E.03003
G1 X101.86 Y88.764 E.03536
G1 X102.661 Y88.475 E.0235
G1 X103.885 Y88.096 E.03536
G1 X105.129 Y87.787 E.03536
G1 X105.964 Y87.621 E.02351
G1 X107.233 Y87.429 E.03539
G1 X108.08 Y87.341 E.02352
G1 X109.36 Y87.269 E.03537
G1 X110.405 Y87.265 E.02884
G1 X111.493 Y87.309 E.03003
G1 X112.769 Y87.429 E.03537
G1 X113.613 Y87.549 E.02351
G1 X114.872 Y87.787 E.03535
G1 X116.116 Y88.096 E.03536
G1 X116.932 Y88.34 E.0235
G1 X118.142 Y88.765 E.03539
G1 X118.932 Y89.084 E.02351
G1 X120.096 Y89.619 E.03535
G1 X121.228 Y90.219 E.03533
G1 X122.324 Y90.881 E.03535
G1 X123.033 Y91.356 E.02353
G1 X123.723 Y91.857 E.02352
G1 X124.724 Y92.657 E.03538
G1 X125.363 Y93.22 E.0235
G1 X126.284 Y94.11 E.03534
G1 X127.153 Y95.05 E.03532
G1 X127.968 Y96.037 E.03531
G1 X128.726 Y97.07 E.03534
G1 X129.197 Y97.779 E.02349
G1 X129.856 Y98.878 E.03536
G1 X130.258 Y99.628 E.02349
G1 X130.811 Y100.784 E.03536
G1 X131.142 Y101.568 E.02348
G1 X131.583 Y102.77 E.03533
G1 X131.956 Y103.994 E.0353
G1 X132.26 Y105.238 E.03533
G1 X132.409 Y106.006 E.02157
G1 E-.7 F2400
;WIPE_START
G1 F5400
G1 X132.422 Y106.074 E-.02101
G1 X132.554 Y106.916 E-.25558
G1 X132.562 Y106.994 E-.02341
;WIPE_END
G17
G3 Z2.2 I.772 J-.941 P1  F9000
G1 X119.992 Y96.672 Z2.2
G1 Z1.8
G1 E1 F2700
M204 P2000
;TYPE:Inner wall
;WIDTH:0.449999
G1 F7200
G1 X120.04 Y96.706 E.00177
G1 X120.802 Y97.317 E.0291
G1 X121.219 Y97.676 E.01637
G1 X121.683 Y98.112 E.01898
G1 X122.203 Y98.646 E.0222
G1 X122.586 Y99.075 E.01711
G1 X123.177 Y99.803 E.02795
G1 X123.745 Y100.57 E.02842
G1 X124.059 Y101.048 E.01703
G1 X124.575 Y101.907 E.02985
G1 X125.107 Y102.946 E.03478
G1 X125.411 Y103.634 E.0224
G1 X125.801 Y104.674 E.03308
G1 X126.025 Y105.391 E.02239
G1 X126.216 Y106.111 E.02219
G1 X126.373 Y106.84 E.02219
G1 X126.498 Y107.574 E.02219
G1 X126.591 Y108.313 E.02219
G1 X126.649 Y109.056 E.02219
G1 X126.675 Y109.8 E.02219
G1 X126.667 Y110.545 E.02219
G1 X126.627 Y111.211 E.01987
G1 X126.503 Y112.395 E.03544
G1 X126.378 Y113.134 E.02233
G1 X126.262 Y113.675 E.01649
G1 X125.928 Y114.933 E.03877
G1 X125.689 Y115.646 E.02239
G1 X125.421 Y116.341 E.02219
G1 X125.121 Y117.024 E.02219
G1 X124.792 Y117.692 E.02219
G1 X124.433 Y118.345 E.0222
G1 X123.832 Y119.295 E.03348
G1 X123.413 Y119.897 E.02185
G1 X122.954 Y120.49 E.02234
G1 X122.472 Y121.058 E.0222
G1 X121.964 Y121.604 E.0222
G1 X121.047 Y122.47 E.03757
G1 X120.597 Y122.862 E.01777
G1 X120.007 Y123.325 E.02235
G1 X119.401 Y123.759 E.02221
G1 X118.869 Y124.105 E.0189
G1 X118.133 Y124.543 E.02551
G1 X117.474 Y124.891 E.02221
G1 X116.969 Y125.131 E.01665
G1 X116.113 Y125.499 E.02777
G1 X115.284 Y125.799 E.02625
G1 X114.348 Y126.082 E.02912
G1 X113.698 Y126.242 E.01995
G1 X112.873 Y126.409 E.02506
G1 X111.787 Y126.562 E.03267
G1 X111.242 Y126.609 E.0163
G1 X110.293 Y126.656 E.02831
G1 X109.061 Y126.628 E.0367
G1 X108.092 Y126.544 E.02898
G1 X107.156 Y126.409 E.02817
G1 X106.224 Y126.225 E.02828
G1 X105.654 Y126.08 E.01753
G1 X104.788 Y125.824 E.02689
G1 X104.168 Y125.601 E.01964
G1 X103.277 Y125.238 E.02864
G1 X102.419 Y124.836 E.02824
G1 X101.727 Y124.464 E.02339
G1 X101.088 Y124.08 E.02221
G1 X100.265 Y123.521 E.02964
G1 X99.827 Y123.194 E.01628
G1 X99.049 Y122.561 E.02988
G1 X98.625 Y122.176 E.01705
G1 X97.924 Y121.489 E.02924
G1 X97.422 Y120.938 E.0222
G1 X96.945 Y120.365 E.0222
G1 X96.495 Y119.772 E.0222
G1 X96.071 Y119.159 E.0222
G1 X95.675 Y118.527 E.0222
G1 X95.138 Y117.555 E.03308
G1 X94.812 Y116.878 E.0224
G1 X94.47 Y116.066 E.02623
G1 X94.179 Y115.255 E.02566
G1 X93.949 Y114.513 E.02316
G1 X93.742 Y113.706 E.0248
G1 X93.595 Y112.991 E.02175
G1 X93.475 Y112.241 E.02263
G1 X93.392 Y111.5 E.0222
G1 X93.334 Y110.486 E.03026
G1 X93.328 Y109.64 E.0252
G1 X93.371 Y108.76 E.02623
G1 X93.446 Y108.032 E.02182
G1 X93.585 Y107.063 E.02915
G1 X93.698 Y106.503 E.01702
G1 X93.917 Y105.595 E.0278
G1 X94.13 Y104.881 E.02219
G1 X94.414 Y104.081 E.0253
G1 X94.787 Y103.179 E.02908
G1 X95.022 Y102.683 E.01635
G1 X95.475 Y101.816 E.02913
G1 X95.856 Y101.175 E.0222
G1 X96.296 Y100.521 E.02349
G1 X96.857 Y99.749 E.02842
G1 X97.405 Y99.081 E.02575
G1 X97.907 Y98.529 E.0222
G1 X98.443 Y97.989 E.02268
G1 X99.258 Y97.258 E.03262
G1 X100.189 Y96.533 E.03514
G1 X101.003 Y95.975 E.0294
G1 X101.824 Y95.482 E.02851
G1 X102.48 Y95.137 E.02208
G1 X103.183 Y94.8 E.02323
G1 X104.061 Y94.433 E.02835
G1 X104.64 Y94.227 E.01829
G1 X105.569 Y93.942 E.02897
G1 X106.504 Y93.713 E.02865
G1 X107.044 Y93.608 E.01639
G1 X108.034 Y93.457 E.02983
G1 X108.607 Y93.402 E.01716
G1 X109.586 Y93.349 E.02919
G1 X110.321 Y93.35 E.02191
G1 X111.101 Y93.381 E.02323
G1 X112.09 Y93.473 E.02959
G1 X112.657 Y93.557 E.01708
G1 X113.594 Y93.732 E.02839
G1 X114.319 Y93.909 E.02221
G1 X115.118 Y94.147 E.02486
G1 X116.04 Y94.474 E.02913
G1 X116.535 Y94.68 E.01595
G1 X117.407 Y95.082 E.02863
G1 X118.246 Y95.524 E.02824
G1 X119.069 Y96.019 E.02861
G1 X119.959 Y96.648 E.03246
G1 X119.753 Y97.009 F9000
M204 P1000
;TYPE:Outer wall
;WIDTH:0.419999
G1 F5400
G1 X119.791 Y97.036 E.00126
G1 X120.535 Y97.633 E.02635
G1 X120.935 Y97.977 E.01457
G1 X121.402 Y98.415 E.01765
G1 X121.907 Y98.934 E.01999
G1 X122.277 Y99.35 E.01534
G1 X122.854 Y100.06 E.02525
G1 X123.407 Y100.809 E.02569
G1 X123.711 Y101.271 E.01527
G1 X124.217 Y102.114 E.02714
G1 X124.739 Y103.133 E.03158
G1 X125.032 Y103.8 E.02011
G1 X125.414 Y104.819 E.03
G1 X125.631 Y105.514 E.0201
G1 X125.816 Y106.217 E.02004
G1 X125.969 Y106.927 E.02005
G1 X126.091 Y107.643 E.02004
G1 X126.18 Y108.364 E.02004
G1 X126.237 Y109.088 E.02004
G1 X126.262 Y109.814 E.02004
G1 X126.254 Y110.541 E.02005
G1 X126.214 Y111.186 E.01784
G1 X126.092 Y112.347 E.03222
G1 X125.971 Y113.065 E.02009
G1 X125.858 Y113.588 E.01477
G1 X125.528 Y114.826 E.03536
G1 X125.297 Y115.514 E.02002
G1 X125.035 Y116.192 E.02005
G1 X124.743 Y116.857 E.02005
G1 X124.421 Y117.509 E.02005
G1 X124.071 Y118.145 E.02005
G1 X123.493 Y119.059 E.02983
G1 X123.072 Y119.663 E.02032
G1 X122.627 Y120.237 E.02002
G1 X122.157 Y120.79 E.02005
G1 X121.662 Y121.322 E.02006
G1 X120.775 Y122.158 E.03362
G1 X120.323 Y122.552 E.01655
G1 X119.752 Y123 E.02001
G1 X119.161 Y123.422 E.02006
G1 X118.644 Y123.758 E.01699
G1 X117.924 Y124.186 E.02312
G1 X117.281 Y124.526 E.02006
G1 X116.792 Y124.757 E.01491
G1 X115.953 Y125.117 E.02521
G1 X115.143 Y125.41 E.02375
G1 X114.229 Y125.686 E.02636
G1 X113.599 Y125.84 E.01788
G1 X112.803 Y126.002 E.02241
G1 X111.73 Y126.152 E.02991
G1 X110.276 Y126.242 E.04018
G1 X109.082 Y126.215 E.03297
G1 X108.133 Y126.133 E.02628
G1 X107.219 Y126.001 E.02548
G1 X106.309 Y125.821 E.0256
G1 X105.757 Y125.679 E.01573
G1 X104.909 Y125.428 E.0244
G1 X104.308 Y125.212 E.01763
G1 X103.438 Y124.858 E.02592
G1 X102.599 Y124.464 E.02556
G1 X101.924 Y124.1 E.02115
G1 X101.301 Y123.725 E.02007
G1 X100.498 Y123.179 E.02682
G1 X100.078 Y122.866 E.01444
G1 X99.315 Y122.244 E.02717
G1 X98.905 Y121.872 E.01529
G1 X98.218 Y121.197 E.02657
G1 X97.728 Y120.659 E.02005
G1 X97.263 Y120.101 E.02005
G1 X96.824 Y119.522 E.02005
G1 X96.411 Y118.924 E.02005
G1 X96.025 Y118.308 E.02006
G1 X95.5 Y117.356 E.03001
G1 X95.184 Y116.699 E.02011
G1 X94.851 Y115.906 E.02373
G1 X94.568 Y115.116 E.02315
G1 X94.345 Y114.394 E.02085
G1 X94.143 Y113.605 E.02246
G1 X94 Y112.908 E.01963
G1 X93.884 Y112.176 E.02045
G1 X93.803 Y111.454 E.02005
G1 X93.747 Y110.463 E.0274
G1 X93.741 Y109.64 E.0227
G1 X93.784 Y108.781 E.02373
G1 X93.857 Y108.074 E.0196
G1 X93.994 Y107.127 E.0264
G1 X94.104 Y106.586 E.01525
G1 X94.318 Y105.696 E.02524
G1 X94.526 Y105 E.02005
G1 X94.803 Y104.219 E.02287
G1 X95.169 Y103.338 E.02632
G1 X95.395 Y102.862 E.01454
G1 X95.839 Y102.011 E.02647
G1 X96.211 Y101.387 E.02006
G1 X96.639 Y100.752 E.02113
G1 X97.187 Y99.999 E.02569
G1 X97.723 Y99.345 E.02334
G1 X98.212 Y98.808 E.02005
G1 X98.728 Y98.289 E.02019
G1 X99.534 Y97.565 E.02989
G1 X100.433 Y96.867 E.0314
G1 X101.232 Y96.319 E.02672
G1 X102.035 Y95.837 E.02584
G1 X102.672 Y95.503 E.01984
G1 X103.355 Y95.176 E.02092
G1 X104.217 Y94.816 E.02575
G1 X104.778 Y94.617 E.01643
G1 X105.688 Y94.338 E.02627
G1 X106.601 Y94.115 E.02593
G1 X107.12 Y94.015 E.01458
G1 X108.092 Y93.867 E.02712
G1 X108.647 Y93.814 E.01538
G1 X109.604 Y93.762 E.02647
G1 X110.318 Y93.764 E.01968
G1 X111.075 Y93.794 E.02092
G1 X112.046 Y93.884 E.0269
G1 X112.595 Y93.966 E.01531
G1 X113.514 Y94.138 E.02579
G1 X114.22 Y94.311 E.02007
G1 X115 Y94.543 E.02246
G1 X115.901 Y94.863 E.02637
G1 X116.373 Y95.06 E.01411
G1 X117.225 Y95.454 E.0259
G1 X118.045 Y95.885 E.02556
G1 X118.852 Y96.371 E.02599
G1 X119.72 Y96.986 E.02937
G1 E-.7 F2400
;WIPE_START
G1 F5400
G1 X119.791 Y97.036 E-.02575
G1 X120.503 Y97.608 E-.27425
;WIPE_END
G1 Z2.2 F9000
G1 X124.181 Y93.196
G1 Z2.2
G1 Z1.8
G1 E1 F2700
M204 P2500
;TYPE:Sparse infill
;WIDTH:0.45
G1 F10800
G1 X124.848 Y93.779 E.02638
G1 X125.382 Y94.295 E.02212
G1 X125.887 Y94.799 E.02127
G1 X126.581 Y95.55 E.03044
G1 X127.368 Y96.504 E.03685
G1 X128.103 Y97.505 E.03698
G1 X128.555 Y98.184 E.0243
G1 X129.195 Y99.253 E.03711
G1 X129.581 Y99.972 E.02429
G1 X130.118 Y101.096 E.03711
G1 X130.435 Y101.847 E.02429
G1 X130.863 Y103.012 E.03697
G1 X131.223 Y104.195 E.03683
G1 X131.517 Y105.401 E.03697
G1 X131.674 Y106.206 E.02442
G1 X131.785 Y106.915 E.02138
G1 X113.115 Y88.245 E.78645
G1 X112.681 Y88.184 E.01308
G1 X111.442 Y88.067 E.03706
G1 X110.451 Y88.027 E.02956
G1 X109.383 Y88.029 E.0318
G1 X108.141 Y88.099 E.03706
G1 X107.328 Y88.183 E.02432
G1 X106.9 Y88.247 E.0129
G1 X111.741 Y93.088 E.20393
G1 X110.666 Y93.008 E.0321
G1 X109.645 Y93 E.03042
G1 X108.777 Y93.039 E.02587
G1 X108.018 Y93.11 E.02274
G1 X107.262 Y93.216 E.02272
G1 X106.511 Y93.356 E.02274
G1 X105.931 Y93.496 E.0178
G1 X101.974 Y89.539 E.16667
G1 X100.986 Y89.949 E.03187
G1 X100.037 Y90.403 E.03131
G1 X99.149 Y90.879 E.03003
G1 X98.087 Y91.52 E.03693
G1 X97.879 Y91.662 E.0075
G1 X101.494 Y95.276 E.15225
G1 X100.906 Y95.625 E.02034
G1 X100.264 Y96.05 E.02295
G1 X99.648 Y96.5 E.02272
G1 X99.036 Y96.992 E.02341
G1 X98.219 Y97.726 E.03271
G1 X97.973 Y97.973 E.01038
G1 X94.451 Y94.451 E.14832
G1 X93.419 Y95.55 E.0449
G1 X92.632 Y96.504 E.03685
G1 X91.897 Y97.505 E.03698
G1 X91.654 Y97.871 E.0131
G1 X95.268 Y101.486 E.15228
G1 X94.812 Y102.32 E.02832
G1 X94.494 Y102.983 E.02189
G1 X94.113 Y103.896 E.02948
G1 X93.812 Y104.741 E.02672
G1 X93.585 Y105.496 E.02348
G1 X93.48 Y105.915 E.01286
G1 X89.527 Y101.962 E.16654
G1 X89.139 Y103.008 E.03323
G1 X88.777 Y104.195 E.03697
G1 X88.483 Y105.401 E.03697
G1 X88.327 Y106.201 E.02429
G1 X88.227 Y106.88 E.02043
G1 X93.069 Y111.722 E.20397
G1 X93.128 Y112.257 E.01603
G1 X93.312 Y113.331 E.03247
G1 X95.733 Y126.727 F9000
G1 F10800
G1 X95 Y126.081 E.02911
G1 X94.046 Y125.134 E.04005
G1 X93.434 Y124.464 E.02701
G1 X92.76 Y123.658 E.03129
G1 X92.018 Y122.667 E.0369
G1 X91.33 Y121.633 E.03698
G1 X90.911 Y120.933 E.0243
G1 X90.322 Y119.836 E.03711
G1 X89.97 Y119.1 E.02429
G1 X89.487 Y117.954 E.03703
G1 X89.145 Y117.006 E.03003
G1 X88.833 Y116.004 E.03126
G1 X88.527 Y114.8 E.03702
G1 X88.363 Y114.001 E.02429
G1 X88.221 Y113.091 E.02742
G1 X106.877 Y131.748 E.78589
G1 X107.529 Y131.84 E.0196
G1 X108.767 Y131.944 E.03701
G1 X109.587 Y131.975 E.02445
G1 X110.408 Y131.975 E.02445
G1 X111.654 Y131.917 E.03715
G1 X112.467 Y131.84 E.02431
G1 X113.098 Y131.751 E.01901
G1 X108.256 Y126.908 E.204
G1 X108.754 Y126.959 E.01493
G1 X109.517 Y126.997 E.02274
G1 X110.291 Y127.002 E.02305
G1 X111.035 Y126.973 E.02218
G1 X111.83 Y126.905 E.02378
G1 X112.915 Y126.753 E.03262
G1 X113.665 Y126.605 E.02279
G1 X114.071 Y126.506 E.01245
G1 X118.028 Y130.463 E.16667
G1 X119.206 Y129.963 E.03813
G1 X119.774 Y129.691 E.01876
G1 X120.672 Y129.221 E.03018
G1 X121.739 Y128.59 E.03692
G1 X122.118 Y128.336 E.01361
G1 X118.507 Y124.724 E.15213
G1 X118.934 Y124.474 E.01474
G1 X119.599 Y124.042 E.02363
G1 X120.207 Y123.608 E.02224
G1 X120.811 Y123.134 E.02288
G1 X121.556 Y122.484 E.02946
G1 X122.027 Y122.027 E.01954
G1 X125.545 Y125.545 E.14822
G1 X126.167 Y124.909 E.0265
G1 X126.984 Y123.974 E.03699
G1 X127.491 Y123.335 E.0243
G1 X128.347 Y122.129 E.04404
G1 X124.733 Y118.516 E.15221
G1 X125.094 Y117.861 E.02227
G1 X125.431 Y117.179 E.02267
G1 X125.739 Y116.477 E.02283
G1 X126.014 Y115.766 E.02271
G1 X126.257 Y115.042 E.02273
G1 X126.52 Y114.085 E.02958
G1 X130.471 Y118.036 E.16646
G1 X130.659 Y117.566 E.01508
G1 X130.926 Y116.796 E.02429
G1 X131.278 Y115.601 E.0371
G1 X131.471 Y114.808 E.02429
G1 X131.709 Y113.59 E.03697
G1 X131.773 Y113.12 E.01412
G1 X126.935 Y108.283 E.20379
G1 X126.842 Y107.529 E.02262
G1 X126.691 Y106.673 E.02588
; stop printing object Генератор.stl id:18446744073679698525 copy 0
;LAYER_CHANGE
;Z:2
;HEIGHT:0.2
;BEFORE_LAYER_CHANGE
;2
G92 E0

G1 E-.77778 F2400
;WIPE_START
G1 F10800
G1 X126.842 Y107.529 E-.19309
G1 X126.858 Y107.659 E-.02913
;WIPE_END
;_SET_FAN_SPEED_CHANGING_LAYER
; printing object Генератор.stl id:18446744073679698525 copy 0
G17
G3 Z2.4 I.347 J1.166 P1  F9000
G1 X132.011 Y106.127 Z2.4
G1 Z2
G1 E1 F2700
M204 P2000
;TYPE:Inner wall
;WIDTH:0.449999
G1 F7200
G1 X132.015 Y106.144 E.00052
G1 X132.171 Y107.186 E.03137
G1 X132.283 Y108.285 E.03291
G1 X132.331 Y109.121 E.02497
G1 X132.348 Y110.313 E.03551
G1 X132.295 Y111.57 E.03745
G1 X132.196 Y112.615 E.03129
G1 X132.05 Y113.646 E.031
G1 X131.81 Y114.881 E.03748
G1 X131.555 Y115.9 E.03129
G1 X131.256 Y116.9 E.03109
G1 X130.984 Y117.687 E.02481
G1 X130.516 Y118.856 E.03751
G1 X129.984 Y119.997 E.03751
G1 X129.598 Y120.734 E.02478
G1 X128.959 Y121.823 E.0376
G1 X128.505 Y122.52 E.02478
G1 X127.767 Y123.544 E.0376
G1 X127.25 Y124.196 E.02478
G1 X126.422 Y125.144 E.03752
G1 X125.541 Y126.045 E.03752
G1 X124.932 Y126.612 E.02479
G1 X123.968 Y127.428 E.03761
G1 X123.309 Y127.935 E.02478
G1 X122.275 Y128.657 E.03757
G1 X121.382 Y129.212 E.03131
G1 X120.474 Y129.722 E.03103
G1 X119.345 Y130.28 E.03748
G1 X118.189 Y130.772 E.03745
G1 X117.006 Y131.2 E.03745
G1 X115.799 Y131.56 E.03754
G1 X114.991 Y131.761 E.0248
G1 X113.755 Y132.008 E.03754
G1 X112.507 Y132.184 E.03754
G1 X111.678 Y132.262 E.0248
G1 X110.416 Y132.321 E.03763
G1 X109.581 Y132.321 E.02489
G1 X108.746 Y132.29 E.02488
G1 X107.49 Y132.184 E.03755
G1 X106.245 Y132.008 E.03745
G1 X105.009 Y131.761 E.03754
G1 X104.201 Y131.56 E.0248
G1 X102.991 Y131.199 E.03763
G1 X102.205 Y130.923 E.0248
G1 X101.037 Y130.451 E.03754
G1 X99.9 Y129.915 E.03745
G1 X98.792 Y129.315 E.03753
G1 X98.079 Y128.885 E.02479
G1 X97.033 Y128.183 E.03753
G1 X96.027 Y127.424 E.03753
G1 X95.386 Y126.892 E.02482
G1 X94.606 Y126.184 E.03139
G1 X93.866 Y125.449 E.03105
G1 X93.156 Y124.673 E.03134
G1 X92.489 Y123.873 E.03101
G1 X91.735 Y122.866 E.03746
G1 X91.038 Y121.818 E.03751
G1 X90.61 Y121.104 E.02478
G1 X90.013 Y119.992 E.0376
G1 X89.655 Y119.242 E.02478
G1 X89.165 Y118.08 E.03754
G1 X88.808 Y117.092 E.03129
G1 X88.5 Y116.098 E.031
G1 X88.19 Y114.879 E.03749
G1 X87.985 Y113.848 E.03128
G1 X87.829 Y112.819 E.031
G1 X87.705 Y111.567 E.03748
G1 X87.656 Y110.518 E.03129
G1 X87.656 Y109.476 E.03103
G1 X87.706 Y108.426 E.03132
G1 X87.803 Y107.39 E.031
G1 X87.985 Y106.143 E.03754
G1 X88.145 Y105.327 E.02477
G1 X88.443 Y104.103 E.0375
G1 X88.809 Y102.902 E.03741
G1 X89.243 Y101.72 E.03751
G1 X89.567 Y100.951 E.02486
G1 X89.92 Y100.195 E.02486
G1 X90.506 Y99.08 E.03751
G1 X91.152 Y98.001 E.03746
G1 X91.738 Y97.129 E.0313
G1 X92.358 Y96.292 E.03101
G1 X93.158 Y95.322 E.03746
G1 X94.013 Y94.397 E.03752
G1 X94.607 Y93.813 E.02482
G1 X95.389 Y93.106 E.03139
G1 X96.195 Y92.442 E.03111
G1 X96.86 Y91.94 E.02482
G1 X97.903 Y91.227 E.03762
G1 X98.611 Y90.79 E.02479
G1 X99.713 Y90.179 E.03753
G1 X100.845 Y89.633 E.03745
G1 X102.009 Y89.15 E.03754
G1 X102.792 Y88.867 E.0248
G1 X103.997 Y88.494 E.03757
G1 X105.017 Y88.237 E.03132
G1 X106.04 Y88.027 E.03112
G1 X106.863 Y87.895 E.02484
G1 X108.116 Y87.754 E.03754
G1 X109.372 Y87.683 E.03749
G1 X110.424 Y87.679 E.03132
G1 X111.465 Y87.722 E.03104
G1 X112.721 Y87.84 E.03758
G1 X113.545 Y87.957 E.0248
G1 X114.784 Y88.191 E.03754
G1 X116.007 Y88.495 E.03754
G1 X116.804 Y88.734 E.0248
G1 X117.996 Y89.152 E.03763
G1 X118.768 Y89.464 E.02479
G1 X119.916 Y89.991 E.03762
G1 X120.655 Y90.374 E.02479
G1 X121.745 Y91.005 E.03753
G1 X122.798 Y91.697 E.03753
G1 X123.472 Y92.185 E.02479
G1 X124.458 Y92.974 E.03761
G1 X125.083 Y93.524 E.02479
G1 X125.989 Y94.399 E.03752
G1 X126.842 Y95.322 E.03743
G1 X127.642 Y96.292 E.03746
G1 X128.267 Y97.137 E.0313
G1 X128.848 Y98.001 E.03101
G1 X129.496 Y99.082 E.03754
G1 X129.891 Y99.818 E.02486
G1 X130.258 Y100.567 E.02486
G1 X130.758 Y101.723 E.03751
G1 X131.191 Y102.902 E.03742
G1 X131.557 Y104.103 E.03741
G1 X131.855 Y105.327 E.0375
G1 X132.004 Y106.088 E.02309
G1 X132.417 Y106.048 F9000
M204 P1000
;TYPE:Outer wall
;WIDTH:0.419999
G1 F5400
G1 X132.422 Y106.074 E.00073
G1 X132.582 Y107.133 E.02957
G1 X132.696 Y108.259 E.03123
G1 X132.745 Y109.116 E.02366
G1 X132.762 Y110.319 E.03322
G1 X132.708 Y111.598 E.03531
G1 X132.606 Y112.664 E.02954
G1 X132.458 Y113.714 E.02927
G1 X132.214 Y114.971 E.03532
G1 X131.954 Y116.009 E.02954
G1 X131.65 Y117.027 E.0293
G1 X131.371 Y117.831 E.02349
G1 X130.896 Y119.02 E.03533
G1 X130.355 Y120.181 E.03533
G1 X129.959 Y120.935 E.02349
G1 X129.311 Y122.04 E.03536
G1 X128.846 Y122.753 E.02349
G1 X128.097 Y123.794 E.03536
G1 X127.568 Y124.46 E.02349
G1 X126.725 Y125.425 E.03534
G1 X125.83 Y126.341 E.03535
G1 X125.207 Y126.921 E.02349
G1 X124.228 Y127.75 E.03538
G1 X123.553 Y128.269 E.02349
G1 X122.502 Y129.002 E.03537
G1 X121.593 Y129.568 E.02956
G1 X120.667 Y130.088 E.0293
G1 X119.518 Y130.655 E.03534
G1 X118.34 Y131.157 E.03533
G1 X117.136 Y131.592 E.03533
G1 X115.908 Y131.959 E.03536
G1 X115.081 Y132.165 E.0235
G1 X113.824 Y132.415 E.03536
G1 X112.555 Y132.595 E.03536
G1 X111.707 Y132.675 E.0235
G1 X110.426 Y132.735 E.03539
G1 X109.573 Y132.735 E.02353
G1 X108.721 Y132.703 E.02353
G1 X107.444 Y132.595 E.03537
G1 X106.176 Y132.415 E.03534
G1 X104.919 Y132.165 E.03536
G1 X104.092 Y131.959 E.0235
G1 X102.863 Y131.592 E.03539
G1 X102.059 Y131.31 E.0235
G1 X100.871 Y130.83 E.03536
G1 X99.713 Y130.284 E.03533
G1 X98.586 Y129.674 E.03535
G1 X97.857 Y129.233 E.0235
G1 X96.793 Y128.52 E.03535
G1 X95.77 Y127.748 E.03535
G1 X95.115 Y127.204 E.02351
G1 X94.321 Y126.484 E.02958
G1 X93.567 Y125.736 E.0293
G1 X92.844 Y124.945 E.02956
G1 X92.164 Y124.13 E.02929
G1 X91.397 Y123.105 E.03532
G1 X90.688 Y122.038 E.03534
G1 X90.251 Y121.308 E.02349
G1 X89.644 Y120.179 E.03536
G1 X89.277 Y119.411 E.02349
G1 X88.78 Y118.231 E.03534
G1 X88.416 Y117.224 E.02954
G1 X88.102 Y116.211 E.02927
G1 X87.786 Y114.97 E.03532
G1 X87.578 Y113.92 E.02954
G1 X87.418 Y112.871 E.02927
G1 X87.292 Y111.597 E.03532
G1 X87.243 Y110.528 E.02954
G1 X87.242 Y109.467 E.02928
G1 X87.293 Y108.397 E.02955
G1 X87.392 Y107.34 E.02927
G1 X87.578 Y106.073 E.03534
G1 X87.74 Y105.238 E.02348
G1 X88.044 Y103.994 E.03533
G1 X88.417 Y102.77 E.0353
G1 X88.858 Y101.568 E.03533
G1 X89.189 Y100.783 E.02351
G1 X89.55 Y100.011 E.02351
G1 X90.145 Y98.877 E.03533
G1 X90.803 Y97.779 E.03532
G1 X91.401 Y96.891 E.02955
G1 X92.032 Y96.038 E.02928
G1 X92.847 Y95.05 E.03532
G1 X93.716 Y94.109 E.03534
G1 X94.323 Y93.512 E.0235
G1 X95.119 Y92.793 E.02958
G1 X95.939 Y92.117 E.02932
G1 X96.619 Y91.604 E.02351
G1 X97.677 Y90.88 E.03538
G1 X98.402 Y90.433 E.0235
G1 X99.523 Y89.812 E.03536
G1 X100.676 Y89.255 E.03533
G1 X101.86 Y88.764 E.03536
G1 X102.661 Y88.475 E.0235
G1 X103.885 Y88.096 E.03537
G1 X104.925 Y87.834 E.02957
G1 X105.966 Y87.62 E.02933
G1 X106.807 Y87.485 E.02352
G1 X108.081 Y87.341 E.03536
G1 X109.36 Y87.269 E.03535
G1 X110.432 Y87.265 E.02957
G1 X111.493 Y87.309 E.0293
G1 X112.769 Y87.429 E.03537
G1 X113.613 Y87.549 E.02351
G1 X114.872 Y87.787 E.03536
G1 X116.116 Y88.096 E.03536
G1 X116.932 Y88.34 E.0235
G1 X118.142 Y88.765 E.03539
G1 X118.932 Y89.084 E.0235
G1 X120.097 Y89.62 E.03538
G1 X120.854 Y90.011 E.0235
G1 X121.962 Y90.653 E.03535
G1 X123.034 Y91.356 E.03535
G1 X123.723 Y91.856 E.0235
G1 X124.724 Y92.657 E.03538
G1 X125.363 Y93.22 E.02349
G1 X126.284 Y94.11 E.03534
G1 X127.153 Y95.05 E.03532
G1 X127.968 Y96.038 E.03532
G1 X128.605 Y96.898 E.02955
G1 X129.197 Y97.779 E.02928
G1 X129.856 Y98.878 E.03534
G1 X130.259 Y99.629 E.02351
G1 X130.633 Y100.394 E.02351
G1 X131.142 Y101.569 E.03533
G1 X131.583 Y102.77 E.0353
G1 X131.956 Y103.994 E.0353
G1 X132.26 Y105.238 E.03533
G1 X132.41 Y106.009 E.02166
G1 E-.7 F2400
;WIPE_START
G1 F5400
G1 X132.422 Y106.074 E-.0199
G1 X132.561 Y106.997 E-.2801
;WIPE_END
G17
G3 Z2.4 I.772 J-.941 P1  F9000
G1 X119.862 Y96.579 Z2.4
G1 Z2
G1 E1 F2700
M204 P2000
;TYPE:Inner wall
;WIDTH:0.449999
G1 F7200
G1 X120.018 Y96.689 E.00568
G1 X120.57 Y97.115 E.02076
G1 X121.139 Y97.603 E.02234
G1 X121.683 Y98.112 E.0222
G1 X122.203 Y98.646 E.0222
G1 X122.586 Y99.075 E.01711
G1 X123.17 Y99.78 E.02729
G1 X123.614 Y100.379 E.02221
G1 X124.079 Y101.084 E.02516
G1 X124.575 Y101.907 E.02862
G1 X125.107 Y102.955 E.03502
G1 X125.49 Y103.845 E.02885
G1 X125.814 Y104.731 E.02811
G1 X126.092 Y105.638 E.02824
G1 X126.299 Y106.475 E.02568
G1 X126.425 Y107.147 E.02038
G1 X126.538 Y107.914 E.02309
G1 X126.62 Y108.68 E.02294
G1 X126.675 Y109.8 E.03341
G1 X126.667 Y110.545 E.02219
G1 X126.627 Y111.199 E.01951
G1 X126.554 Y111.955 E.02261
G1 X126.452 Y112.702 E.02246
G1 X126.264 Y113.666 E.02925
G1 X126.074 Y114.427 E.02337
G1 X125.846 Y115.185 E.02358
G1 X125.658 Y115.714 E.01672
G1 X125.302 Y116.605 E.02859
G1 X124.896 Y117.48 E.02873
G1 X124.63 Y117.986 E.01703
G1 X124.124 Y118.851 E.02985
G1 X123.811 Y119.329 E.01703
G1 X123.233 Y120.128 E.02935
G1 X122.475 Y121.055 E.03568
G1 X121.964 Y121.604 E.02233
G1 X121.572 Y121.991 E.01641
G1 X120.758 Y122.727 E.0327
G1 X120.011 Y123.323 E.02845
G1 X119.401 Y123.759 E.02234
G1 X118.776 Y124.165 E.02221
G1 X118.133 Y124.543 E.02221
G1 X117.474 Y124.891 E.02221
G1 X116.964 Y125.129 E.01676
G1 X116.094 Y125.499 E.02816
G1 X115.201 Y125.824 E.0283
G1 X114.343 Y126.083 E.02669
G1 X113.698 Y126.242 E.0198
G1 X112.873 Y126.409 E.02507
G1 X111.787 Y126.562 E.03267
G1 X111.242 Y126.609 E.0163
G1 X110.293 Y126.656 E.02831
G1 X109.061 Y126.628 E.0367
G1 X108.109 Y126.542 E.02848
G1 X107.178 Y126.414 E.02799
G1 X106.224 Y126.225 E.02896
G1 X105.654 Y126.08 E.01753
G1 X104.788 Y125.824 E.02689
G1 X104.17 Y125.601 E.01958
G1 X103.279 Y125.239 E.02865
G1 X102.419 Y124.836 E.0283
G1 X101.727 Y124.464 E.02339
G1 X101.088 Y124.08 E.02221
G1 X100.274 Y123.527 E.02933
G1 X99.571 Y122.999 E.02617
G1 X99.069 Y122.578 E.01952
G1 X98.475 Y122.039 E.02389
G1 X97.924 Y121.489 E.02318
G1 X97.422 Y120.938 E.0222
G1 X96.945 Y120.365 E.0222
G1 X96.403 Y119.643 E.02691
G1 X95.872 Y118.849 E.02844
G1 X95.515 Y118.252 E.02072
G1 X95.135 Y117.549 E.02381
G1 X94.812 Y116.878 E.0222
G1 X94.462 Y116.045 E.0269
G1 X94.171 Y115.235 E.02565
G1 X93.949 Y114.514 E.02247
G1 X93.742 Y113.706 E.02483
G1 X93.592 Y112.976 E.02219
G1 X93.475 Y112.241 E.02219
G1 X93.392 Y111.5 E.0222
G1 X93.329 Y110.392 E.03307
G1 X93.328 Y109.64 E.0224
G1 X93.375 Y108.785 E.0255
G1 X93.443 Y108.045 E.02214
G1 X93.585 Y107.063 E.02955
G1 X93.698 Y106.503 E.01702
G1 X93.917 Y105.595 E.0278
G1 X94.13 Y104.881 E.02219
G1 X94.432 Y104.03 E.0269
G1 X94.78 Y103.195 E.02694
G1 X95.022 Y102.683 E.01688
G1 X95.475 Y101.816 E.02913
G1 X95.855 Y101.175 E.0222
G1 X96.265 Y100.553 E.0222
G1 X96.798 Y99.823 E.02691
G1 X97.402 Y99.084 E.02844
G1 X97.907 Y98.529 E.02233
G1 X98.432 Y98 E.02221
G1 X99.139 Y97.365 E.02831
G1 X99.726 Y96.881 E.02267
G1 X100.189 Y96.533 E.01725
G1 X101.017 Y95.966 E.02988
G1 X101.493 Y95.679 E.01655
G1 X102.334 Y95.213 E.02864
G1 X103.188 Y94.798 E.02829
G1 X104.061 Y94.433 E.0282
G1 X104.625 Y94.236 E.01778
G1 X105.55 Y93.951 E.02884
G1 X106.292 Y93.762 E.0228
G1 X107.069 Y93.604 E.02363
G1 X107.642 Y93.512 E.01727
G1 X108.623 Y93.4 E.02942
G1 X109.583 Y93.349 E.02863
G1 X110.344 Y93.35 E.02268
G1 X111.1 Y93.381 E.02253
G1 X112.09 Y93.473 E.02962
G1 X112.657 Y93.557 E.01707
G1 X113.594 Y93.732 E.02841
G1 X114.553 Y93.978 E.02949
G1 X115.072 Y94.134 E.01612
G1 X116.019 Y94.465 E.0299
G1 X117.109 Y94.931 E.03531
G1 X117.783 Y95.266 E.02241
G1 X118.434 Y95.628 E.02221
G1 X119.069 Y96.02 E.02221
G1 X119.83 Y96.556 E.02773
G1 X119.624 Y96.917 F9000
M204 P1000
;TYPE:Outer wall
;WIDTH:0.419999
G1 F5400
G1 X119.766 Y97.016 E.00476
G1 X120.32 Y97.444 E.01931
G1 X120.87 Y97.916 E.02001
G1 X121.4 Y98.414 E.02006
G1 X121.907 Y98.934 E.02005
G1 X122.277 Y99.35 E.01534
G1 X122.849 Y100.041 E.02477
G1 X123.282 Y100.625 E.02006
G1 X123.734 Y101.311 E.02267
G1 X124.217 Y102.114 E.02587
G1 X124.733 Y103.13 E.03142
G1 X125.107 Y104.001 E.02615
G1 X125.423 Y104.866 E.02542
G1 X125.695 Y105.752 E.02556
G1 X125.896 Y106.571 E.02328
G1 X126.018 Y107.223 E.0183
G1 X126.128 Y107.968 E.02077
G1 X126.208 Y108.712 E.02066
G1 X126.262 Y109.817 E.03053
G1 X126.254 Y110.541 E.01996
G1 X126.215 Y111.174 E.0175
G1 X126.143 Y111.907 E.02033
G1 X126.044 Y112.633 E.02021
G1 X125.86 Y113.578 E.02659
G1 X125.674 Y114.322 E.02114
G1 X125.451 Y115.062 E.02133
G1 X125.27 Y115.571 E.01491
G1 X124.922 Y116.442 E.02587
G1 X124.526 Y117.297 E.02602
G1 X124.268 Y117.787 E.01526
G1 X123.771 Y118.636 E.02714
G1 X123.468 Y119.098 E.01527
G1 X122.902 Y119.88 E.02661
G1 X122.158 Y120.789 E.03244
G1 X121.662 Y121.322 E.02009
G1 X121.282 Y121.696 E.01469
G1 X120.483 Y122.418 E.02972
G1 X119.753 Y122.999 E.02574
G1 X119.161 Y123.422 E.0201
G1 X118.551 Y123.818 E.02006
G1 X117.924 Y124.186 E.02006
G1 X117.281 Y124.526 E.02006
G1 X116.79 Y124.754 E.01495
G1 X115.94 Y125.115 E.02547
G1 X115.068 Y125.433 E.02562
G1 X114.227 Y125.686 E.02421
G1 X113.6 Y125.84 E.01783
G1 X112.803 Y126.002 E.02242
G1 X111.73 Y126.152 E.02991
G1 X110.276 Y126.242 E.04018
G1 X109.082 Y126.215 E.03297
G1 X108.153 Y126.131 E.02574
G1 X107.245 Y126.006 E.02529
G1 X106.309 Y125.821 E.02632
G1 X105.757 Y125.679 E.01573
G1 X104.909 Y125.428 E.0244
G1 X104.31 Y125.212 E.01756
G1 X103.44 Y124.859 E.02592
G1 X102.599 Y124.464 E.02562
G1 X101.925 Y124.1 E.02115
G1 X101.301 Y123.725 E.02007
G1 X100.506 Y123.185 E.02653
G1 X99.823 Y122.67 E.0236
G1 X99.335 Y122.261 E.01758
G1 X98.755 Y121.734 E.02162
G1 X98.218 Y121.197 E.02097
G1 X97.728 Y120.659 E.02005
G1 X97.263 Y120.101 E.02006
G1 X96.734 Y119.395 E.02435
G1 X96.215 Y118.619 E.02573
G1 X95.87 Y118.04 E.0186
G1 X95.499 Y117.354 E.02154
G1 X95.184 Y116.699 E.02005
G1 X94.843 Y115.885 E.02434
G1 X94.561 Y115.095 E.02314
G1 X94.346 Y114.395 E.02022
G1 X94.143 Y113.605 E.02249
G1 X93.997 Y112.894 E.02004
G1 X93.884 Y112.176 E.02004
G1 X93.803 Y111.454 E.02005
G1 X93.741 Y110.369 E.03
G1 X93.741 Y109.64 E.02011
G1 X93.788 Y108.808 E.02299
G1 X93.854 Y108.091 E.01987
G1 X93.994 Y107.127 E.02686
G1 X94.104 Y106.586 E.01525
G1 X94.318 Y105.696 E.02524
G1 X94.526 Y105 E.02005
G1 X94.822 Y104.169 E.02434
G1 X95.161 Y103.355 E.02434
G1 X95.395 Y102.862 E.01504
G1 X95.839 Y102.011 E.02647
G1 X96.211 Y101.387 E.02005
G1 X96.61 Y100.78 E.02005
G1 X97.132 Y100.068 E.02435
G1 X97.722 Y99.346 E.02573
G1 X98.212 Y98.808 E.02009
G1 X98.725 Y98.292 E.02006
G1 X99.415 Y97.672 E.02559
G1 X99.985 Y97.204 E.02036
G1 X100.433 Y96.867 E.01547
G1 X101.245 Y96.31 E.02717
G1 X101.704 Y96.035 E.01476
G1 X102.525 Y95.58 E.02592
G1 X103.36 Y95.174 E.02561
G1 X104.217 Y94.816 E.02561
G1 X104.761 Y94.627 E.01589
G1 X105.665 Y94.348 E.0261
G1 X106.386 Y94.164 E.02053
G1 X107.145 Y94.01 E.02138
G1 X107.699 Y93.922 E.01549
G1 X108.662 Y93.812 E.02674
G1 X109.601 Y93.762 E.02594
G1 X110.34 Y93.764 E.02039
G1 X111.074 Y93.794 E.02027
G1 X112.046 Y93.884 E.02693
G1 X112.595 Y93.966 E.01531
G1 X113.514 Y94.138 E.02581
G1 X114.451 Y94.378 E.02668
G1 X114.947 Y94.528 E.0143
G1 X115.877 Y94.854 E.02718
G1 X116.945 Y95.31 E.03207
G1 X117.598 Y95.636 E.02012
G1 X118.233 Y95.99 E.02006
G1 X118.852 Y96.371 E.02006
G1 X119.592 Y96.894 E.02499
G1 E-.7 F2400
;WIPE_START
G1 F5400
G1 X119.766 Y97.016 E-.06381
G1 X120.32 Y97.444 E-.20995
G1 X120.386 Y97.501 E-.02624
;WIPE_END
G1 Z2.4 F9000
G1 X124.182 Y93.196
G1 Z2.4
G1 Z2
G1 E1 F2700
M204 P2500
;TYPE:Sparse infill
;WIDTH:0.45
G1 F10800
G1 X124.848 Y93.778 E.02636
G1 X125.383 Y94.295 E.02214
G1 X125.887 Y94.799 E.02125
G1 X126.581 Y95.55 E.03045
G1 X127.369 Y96.506 E.0369
G1 X127.984 Y97.337 E.0308
G1 X128.556 Y98.186 E.03051
G1 X129.195 Y99.253 E.03703
G1 X129.583 Y99.975 E.02443
G1 X129.943 Y100.712 E.02443
G1 X130.436 Y101.851 E.03697
G1 X130.863 Y103.012 E.03684
G1 X131.223 Y104.195 E.03683
G1 X131.517 Y105.401 E.03697
G1 X131.674 Y106.203 E.02434
G1 X131.78 Y106.91 E.0213
G1 X113.115 Y88.245 E.78624
G1 X112.681 Y88.184 E.01308
G1 X111.442 Y88.067 E.03707
G1 X110.476 Y88.028 E.02878
G1 X109.383 Y88.029 E.03258
G1 X108.145 Y88.099 E.03692
G1 X106.893 Y88.241 E.03753
G1 X111.741 Y93.088 E.20422
G1 X110.667 Y93.008 E.03209
G1 X109.668 Y92.999 E.02976
G1 X108.778 Y93.039 E.02655
G1 X108.01 Y93.111 E.02296
G1 X107.255 Y93.217 E.02272
G1 X106.508 Y93.356 E.02263
G1 X105.927 Y93.492 E.01777
G1 X101.974 Y89.539 E.16651
G1 X100.987 Y89.949 E.03183
G1 X99.872 Y90.487 E.03687
G1 X98.786 Y91.089 E.037
G1 X98.091 Y91.517 E.02431
G1 X97.879 Y91.662 E.00764
G1 X101.494 Y95.276 E.15225
G1 X100.9 Y95.628 E.02056
G1 X100.264 Y96.05 E.02273
G1 X99.649 Y96.5 E.02271
G1 X99.055 Y96.976 E.02266
G1 X98.22 Y97.725 E.03342
G1 X97.973 Y97.973 E.01042
G1 X94.451 Y94.451 E.14832
G1 X93.419 Y95.55 E.0449
G1 X92.631 Y96.506 E.0369
G1 X92.021 Y97.329 E.03051
G1 X91.655 Y97.873 E.01953
G1 X95.269 Y101.486 E.15222
G1 X94.812 Y102.32 E.02832
G1 X94.494 Y102.983 E.02189
G1 X94.11 Y103.903 E.02971
G1 X93.801 Y104.775 E.02756
G1 X93.585 Y105.496 E.02242
G1 X93.48 Y105.915 E.01286
G1 X89.524 Y101.959 E.16665
G1 X89.137 Y103.012 E.03341
G1 X88.777 Y104.195 E.03683
G1 X88.483 Y105.401 E.03697
G1 X88.327 Y106.201 E.02429
G1 X88.227 Y106.88 E.02043
G1 X93.068 Y111.721 E.20393
G1 X93.128 Y112.257 E.01606
G1 X93.311 Y113.33 E.03243
G1 X96.078 Y127.017 F9000
G1 F10800
G1 X95.613 Y126.63 E.01802
G1 X94.855 Y125.943 E.03048
G1 X94.047 Y125.135 E.03404
G1 X93.417 Y124.445 E.02783
G1 X92.76 Y123.658 E.03051
G1 X92.018 Y122.667 E.0369
G1 X91.33 Y121.633 E.03698
G1 X90.911 Y120.933 E.02429
G1 X90.322 Y119.836 E.03711
G1 X89.97 Y119.1 E.02429
G1 X89.487 Y117.954 E.03703
G1 X89.137 Y116.982 E.03079
G1 X88.833 Y116.004 E.0305
G1 X88.527 Y114.802 E.03695
G1 X88.326 Y113.789 E.03078
G1 X88.22 Y113.09 E.02106
G1 X106.877 Y131.748 E.78596
G1 X107.529 Y131.84 E.0196
G1 X108.767 Y131.944 E.03701
G1 X109.587 Y131.975 E.02445
G1 X110.408 Y131.975 E.02445
G1 X111.654 Y131.917 E.03715
G1 X112.467 Y131.84 E.02431
G1 X113.098 Y131.751 E.01901
G1 X108.253 Y126.905 E.20413
G1 X108.754 Y126.959 E.01502
G1 X109.517 Y126.997 E.02275
G1 X110.291 Y127.002 E.02305
G1 X111.035 Y126.973 E.02218
G1 X111.83 Y126.905 E.02378
G1 X112.915 Y126.753 E.03262
G1 X113.665 Y126.605 E.02279
G1 X114.071 Y126.506 E.01245
G1 X118.028 Y130.463 E.16667
G1 X119.201 Y129.965 E.03796
G1 X120.312 Y129.416 E.03692
G1 X121.206 Y128.914 E.03053
G1 X122.123 Y128.341 E.03222
G1 X118.507 Y124.724 E.15234
G1 X118.949 Y124.465 E.01527
G1 X119.592 Y124.047 E.02285
G1 X120.213 Y123.603 E.02274
G1 X120.971 Y123 E.02884
G1 X121.658 Y122.391 E.02736
G1 X122.028 Y122.028 E.01544
G1 X125.545 Y125.545 E.14819
G1 X126.167 Y124.909 E.0265
G1 X126.984 Y123.974 E.03698
G1 X127.491 Y123.335 E.0243
G1 X128.347 Y122.129 E.04404
G1 X124.733 Y118.516 E.15221
G1 X125.092 Y117.865 E.02213
G1 X125.43 Y117.181 E.02273
G1 X125.816 Y116.285 E.02905
G1 X126.133 Y115.424 E.02734
G1 X126.359 Y114.699 E.02263
G1 X126.521 Y114.086 E.01888
G1 X130.471 Y118.036 E.16641
G1 X130.659 Y117.566 E.01508
G1 X130.927 Y116.794 E.02435
G1 X131.221 Y115.808 E.03063
G1 X131.472 Y114.806 E.03079
G1 X131.709 Y113.588 E.03694
G1 X131.775 Y113.122 E.01403
G1 X126.935 Y108.283 E.20386
G1 X126.81 Y107.33 E.02862
G1 X126.688 Y106.674 E.01988
; stop printing object Генератор.stl id:18446744073679698525 copy 0
;LAYER_CHANGE
;Z:2.2
;HEIGHT:0.2
;BEFORE_LAYER_CHANGE
;2.2
G92 E0

G1 E-.77778 F2400
;WIPE_START
G1 F10800
G1 X126.81 Y107.33 E-.14832
G1 X126.854 Y107.66 E-.0739
;WIPE_END
;_SET_FAN_SPEED_CHANGING_LAYER
; printing object Генератор.stl id:18446744073679698525 copy 0
G17
G3 Z2.6 I.345 J1.167 P1  F9000
G1 X132.012 Y106.134 Z2.6
G1 Z2.2
G1 E1 F2700
M204 P2000
;TYPE:Inner wall
;WIDTH:0.449999
G1 F7200
G1 X132.016 Y106.149 E.00046
G1 X132.144 Y106.97 E.02477
G1 X132.284 Y108.291 E.03956
G1 X132.331 Y109.121 E.02478
G1 X132.348 Y110.313 E.03551
G1 X132.295 Y111.571 E.0375
G1 X132.221 Y112.4 E.02477
G1 X132.05 Y113.647 E.0375
G1 X131.809 Y114.883 E.0375
G1 X131.612 Y115.69 E.02477
G1 X131.256 Y116.901 E.03759
G1 X130.984 Y117.687 E.02477
G1 X130.515 Y118.859 E.03759
G1 X130.171 Y119.616 E.02477
G1 X129.596 Y120.736 E.03751
G1 X128.959 Y121.823 E.03751
G1 X128.505 Y122.52 E.02478
G1 X127.769 Y123.542 E.03751
G1 X126.977 Y124.521 E.03752
G1 X126.424 Y125.142 E.02478
G1 X125.542 Y126.043 E.03755
G1 X124.749 Y126.772 E.03209
G1 X123.969 Y127.427 E.03033
G1 X123.309 Y127.935 E.02483
G1 X122.275 Y128.657 E.03756
G1 X121.359 Y129.225 E.03209
G1 X120.474 Y129.722 E.03024
G1 X119.346 Y130.279 E.03748
G1 X118.189 Y130.772 E.03745
G1 X117.006 Y131.2 E.03745
G1 X115.799 Y131.56 E.03754
G1 X114.991 Y131.761 E.0248
G1 X113.755 Y132.008 E.03754
G1 X112.507 Y132.184 E.03754
G1 X111.678 Y132.262 E.0248
G1 X110.416 Y132.321 E.03763
G1 X109.581 Y132.321 E.02489
G1 X108.746 Y132.29 E.02488
G1 X107.49 Y132.184 E.03755
G1 X106.245 Y132.008 E.03745
G1 X105.009 Y131.761 E.03754
G1 X104.201 Y131.56 E.0248
G1 X102.991 Y131.199 E.03763
G1 X102.205 Y130.923 E.02479
G1 X101.034 Y130.45 E.03762
G1 X100.278 Y130.102 E.0248
G1 X99.159 Y129.523 E.03754
G1 X98.076 Y128.882 E.03747
G1 X97.179 Y128.285 E.03209
G1 X96.36 Y127.686 E.03024
G1 X95.384 Y126.89 E.03751
G1 X94.587 Y126.166 E.03209
G1 X93.866 Y125.449 E.03026
G1 X93.139 Y124.653 E.03213
G1 X92.489 Y123.873 E.03023
G1 X91.734 Y122.866 E.0375
G1 X91.135 Y121.971 E.03208
G1 X90.61 Y121.103 E.03022
G1 X90.013 Y119.992 E.03754
G1 X89.655 Y119.242 E.02478
G1 X89.164 Y118.079 E.03759
G1 X88.878 Y117.298 E.02477
G1 X88.499 Y116.097 E.03749
G1 X88.19 Y114.879 E.03745
G1 X87.981 Y113.823 E.03207
G1 X87.829 Y112.82 E.03022
G1 X87.705 Y111.567 E.03748
G1 X87.656 Y110.492 E.03207
G1 X87.656 Y109.477 E.03025
G1 X87.708 Y108.4 E.03211
G1 X87.803 Y107.39 E.03022
G1 X87.985 Y106.143 E.03754
G1 X88.145 Y105.327 E.02477
G1 X88.443 Y104.103 E.0375
G1 X88.809 Y102.902 E.03741
G1 X89.243 Y101.72 E.03751
G1 X89.567 Y100.951 E.02486
G1 X89.92 Y100.195 E.02486
G1 X90.506 Y99.08 E.03751
G1 X91.152 Y98.001 E.03745
G1 X91.753 Y97.108 E.03208
G1 X92.358 Y96.293 E.03023
G1 X93.158 Y95.322 E.03747
G1 X94.013 Y94.397 E.03752
G1 X94.606 Y93.813 E.02478
G1 X95.546 Y92.971 E.0376
G1 X96.194 Y92.443 E.02488
G1 X96.86 Y91.94 E.02487
G1 X97.9 Y91.229 E.03753
G1 X98.976 Y90.579 E.03744
G1 X100.089 Y89.989 E.03753
G1 X100.843 Y89.634 E.0248
G1 X102.009 Y89.15 E.03762
G1 X102.792 Y88.867 E.0248
G1 X103.997 Y88.494 E.03757
G1 X105.042 Y88.231 E.0321
G1 X106.04 Y88.027 E.03034
G1 X106.863 Y87.895 E.02484
G1 X108.116 Y87.754 E.03754
G1 X109.372 Y87.683 E.03748
G1 X110.45 Y87.68 E.03211
G1 X111.465 Y87.722 E.03025
G1 X112.721 Y87.84 E.03758
G1 X113.545 Y87.957 E.0248
G1 X114.785 Y88.192 E.03757
G1 X115.831 Y88.448 E.0321
G1 X116.806 Y88.734 E.03025
G1 X117.996 Y89.152 E.03758
G1 X118.768 Y89.464 E.02479
G1 X119.916 Y89.991 E.03762
G1 X120.657 Y90.375 E.02488
G1 X121.384 Y90.787 E.02488
G1 X122.45 Y91.459 E.03753
G1 X123.476 Y92.189 E.03752
G1 X124.131 Y92.703 E.0248
G1 X125.085 Y93.526 E.03752
G1 X125.99 Y94.401 E.03751
G1 X126.561 Y95.007 E.02479
G1 X127.383 Y95.966 E.0376
G1 X127.894 Y96.622 E.02478
G1 X128.622 Y97.653 E.0376
G1 X129.069 Y98.355 E.02477
G1 X129.696 Y99.447 E.03751
G1 X130.259 Y100.57 E.03742
G1 X130.758 Y101.723 E.03742
G1 X131.191 Y102.902 E.03742
G1 X131.558 Y104.106 E.03749
G1 X131.763 Y104.912 E.02478
G1 X132.004 Y106.094 E.03594
G1 X132.418 Y106.051 F9000
M204 P1000
;TYPE:Outer wall
;WIDTH:0.419999
G1 F5400
G1 X132.423 Y106.075 E.00069
G1 X132.554 Y106.916 E.02348
G1 X132.697 Y108.266 E.03745
G1 X132.745 Y109.116 E.02349
G1 X132.762 Y110.319 E.03322
G1 X132.708 Y111.599 E.03533
G1 X132.632 Y112.446 E.02348
G1 X132.458 Y113.714 E.03533
G1 X132.213 Y114.971 E.03533
G1 X132.012 Y115.798 E.02348
G1 X131.65 Y117.027 E.03535
G1 X131.371 Y117.831 E.02348
G1 X130.896 Y119.021 E.03536
G1 X130.543 Y119.796 E.02348
G1 X129.959 Y120.935 E.03533
G1 X129.311 Y122.04 E.03533
G1 X128.846 Y122.753 E.02349
G1 X128.098 Y123.793 E.03534
G1 X127.292 Y124.788 E.03534
G1 X126.726 Y125.424 E.02349
G1 X125.83 Y126.34 E.03535
G1 X125.022 Y127.083 E.03028
G1 X124.229 Y127.749 E.02859
G1 X123.553 Y128.269 E.02351
G1 X122.502 Y129.002 E.03536
G1 X121.57 Y129.582 E.03029
G1 X120.667 Y130.088 E.02857
G1 X119.519 Y130.655 E.03534
G1 X118.34 Y131.157 E.03534
G1 X117.136 Y131.592 E.03533
G1 X115.908 Y131.959 E.03536
G1 X115.081 Y132.165 E.0235
G1 X113.824 Y132.415 E.03536
G1 X112.555 Y132.595 E.03536
G1 X111.707 Y132.675 E.0235
G1 X110.426 Y132.735 E.03539
G1 X109.573 Y132.735 E.02353
G1 X108.721 Y132.703 E.02353
G1 X107.444 Y132.595 E.03537
G1 X106.176 Y132.415 E.03534
G1 X104.919 Y132.165 E.03536
G1 X104.092 Y131.959 E.0235
G1 X102.863 Y131.592 E.03539
G1 X102.059 Y131.31 E.0235
G1 X100.87 Y130.83 E.03538
G1 X100.096 Y130.474 E.02351
G1 X98.958 Y129.885 E.03536
G1 X97.856 Y129.233 E.03534
G1 X96.942 Y128.625 E.03029
G1 X96.107 Y128.013 E.02856
G1 X95.114 Y127.203 E.03535
G1 X94.302 Y126.466 E.03028
G1 X93.567 Y125.736 E.02857
G1 X92.827 Y124.925 E.03029
G1 X92.165 Y124.13 E.02856
G1 X91.397 Y123.105 E.03533
G1 X90.787 Y122.193 E.03028
G1 X90.25 Y121.308 E.02855
G1 X89.644 Y120.179 E.03534
G1 X89.277 Y119.411 E.02349
G1 X88.779 Y118.23 E.03536
G1 X88.486 Y117.432 E.02348
G1 X88.101 Y116.211 E.03532
G1 X87.786 Y114.97 E.03532
G1 X87.573 Y113.894 E.03027
G1 X87.418 Y112.871 E.02855
G1 X87.292 Y111.597 E.03532
G1 X87.242 Y110.501 E.03027
G1 X87.242 Y109.467 E.02855
G1 X87.295 Y108.37 E.03028
G1 X87.392 Y107.341 E.02854
G1 X87.578 Y106.073 E.03534
G1 X87.74 Y105.238 E.02348
G1 X88.044 Y103.994 E.03533
G1 X88.417 Y102.77 E.0353
G1 X88.858 Y101.568 E.03533
G1 X89.189 Y100.783 E.02351
G1 X89.55 Y100.011 E.02351
G1 X90.145 Y98.877 E.03534
G1 X90.803 Y97.779 E.03532
G1 X91.416 Y96.869 E.03028
G1 X92.032 Y96.038 E.02856
G1 X92.847 Y95.05 E.03533
G1 X93.716 Y94.109 E.03534
G1 X94.323 Y93.512 E.02349
G1 X95.277 Y92.656 E.03537
G1 X95.938 Y92.117 E.02353
G1 X96.619 Y91.604 E.02352
G1 X97.676 Y90.881 E.03535
G1 X98.772 Y90.219 E.03533
G1 X99.904 Y89.619 E.03535
G1 X100.675 Y89.256 E.02351
G1 X101.86 Y88.764 E.03538
G1 X102.661 Y88.475 E.0235
G1 X103.885 Y88.096 E.03537
G1 X104.95 Y87.828 E.0303
G1 X105.966 Y87.62 E.0286
G1 X106.807 Y87.485 E.02352
G1 X108.081 Y87.341 E.03536
G1 X109.36 Y87.269 E.03534
G1 X110.458 Y87.266 E.03031
G1 X111.493 Y87.309 E.02858
G1 X112.769 Y87.429 E.03538
G1 X113.613 Y87.549 E.02351
G1 X114.872 Y87.787 E.03537
G1 X115.939 Y88.049 E.0303
G1 X116.933 Y88.34 E.02857
G1 X118.142 Y88.765 E.03537
G1 X118.932 Y89.084 E.0235
G1 X120.097 Y89.62 E.03538
G1 X120.854 Y90.012 E.02353
G1 X121.596 Y90.432 E.02353
G1 X122.68 Y91.115 E.03535
G1 X123.724 Y91.858 E.03534
G1 X124.394 Y92.383 E.02351
G1 X125.364 Y93.221 E.03535
G1 X126.285 Y94.111 E.03534
G1 X126.869 Y94.731 E.0235
G1 X127.703 Y95.704 E.03537
G1 X128.226 Y96.376 E.02349
G1 X128.965 Y97.423 E.03537
G1 X129.423 Y98.14 E.02348
G1 X130.06 Y99.251 E.03534
G1 X130.634 Y100.395 E.03531
G1 X131.142 Y101.569 E.0353
G1 X131.583 Y102.77 E.0353
G1 X131.956 Y103.995 E.03532
G1 X132.166 Y104.82 E.02349
G1 X132.41 Y106.012 E.03356
G1 E-.7 F2400
;WIPE_START
G1 F5400
G1 X132.423 Y106.075 E-.01949
G1 X132.554 Y106.916 E-.25528
G1 X132.563 Y107 E-.02522
;WIPE_END
G17
G3 Z2.6 I.772 J-.941 P1  F9000
G1 X119.729 Y96.475 Z2.6
G1 Z2.2
G1 E1 F2700
M204 P2000
;TYPE:Inner wall
;WIDTH:0.449999
G1 F7200
G1 X119.831 Y96.545 E.00369
G1 X120.57 Y97.115 E.02779
G1 X121.139 Y97.603 E.02232
G1 X121.683 Y98.113 E.02221
G1 X122.396 Y98.86 E.03075
G1 X122.938 Y99.489 E.02473
G1 X123.375 Y100.051 E.02123
G1 X123.826 Y100.685 E.02317
G1 X124.229 Y101.312 E.0222
G1 X124.689 Y102.115 E.02758
G1 X125.109 Y102.948 E.02778
G1 X125.411 Y103.634 E.02232
G1 X125.801 Y104.674 E.03308
G1 X126.025 Y105.391 E.02239
G1 X126.216 Y106.111 E.02219
G1 X126.373 Y106.84 E.02219
G1 X126.498 Y107.574 E.02219
G1 X126.591 Y108.313 E.02219
G1 X126.649 Y109.056 E.02219
G1 X126.675 Y109.8 E.02219
G1 X126.667 Y110.545 E.02219
G1 X126.627 Y111.207 E.01975
G1 X126.503 Y112.395 E.03558
G1 X126.378 Y113.134 E.02231
G1 X126.125 Y114.23 E.03351
G1 X125.844 Y115.191 E.02984
G1 X125.48 Y116.192 E.03172
G1 X125.123 Y117.02 E.02685
G1 X124.792 Y117.692 E.02232
G1 X124.433 Y118.345 E.02219
G1 X123.811 Y119.329 E.0347
G1 X123.244 Y120.113 E.02881
G1 X122.639 Y120.859 E.02862
G1 X122.272 Y121.273 E.01646
G1 X121.579 Y121.983 E.02955
G1 X120.599 Y122.861 E.0392
G1 X120.007 Y123.325 E.0224
G1 X119.401 Y123.759 E.0222
G1 X118.776 Y124.165 E.0222
G1 X118.133 Y124.543 E.02221
G1 X117.474 Y124.891 E.02221
G1 X116.096 Y125.499 E.04486
G1 X115.201 Y125.824 E.02835
G1 X114.343 Y126.083 E.02669
G1 X113.698 Y126.242 E.0198
G1 X112.873 Y126.409 E.02507
G1 X111.787 Y126.562 E.03267
G1 X111.242 Y126.609 E.0163
G1 X110.293 Y126.656 E.02831
G1 X109.65 Y126.653 E.01915
G1 X109.061 Y126.628 E.01755
G1 X108.077 Y126.547 E.02942
G1 X107.147 Y126.407 E.028
G1 X106.224 Y126.225 E.02802
G1 X105.654 Y126.08 E.01753
G1 X104.788 Y125.824 E.02689
G1 X104.172 Y125.601 E.01952
G1 X103.266 Y125.234 E.02913
G1 X102.762 Y125.003 E.01649
G1 X101.885 Y124.55 E.02941
G1 X101.088 Y124.08 E.02757
G1 X100.401 Y123.613 E.02474
G1 X99.82 Y123.189 E.02142
G1 X99.057 Y122.568 E.0293
G1 X98.457 Y122.022 E.02416
G1 X97.924 Y121.489 E.02245
G1 X97.422 Y120.938 E.0222
G1 X96.945 Y120.365 E.0222
G1 X96.495 Y119.772 E.0222
G1 X96.071 Y119.159 E.0222
G1 X95.675 Y118.528 E.0222
G1 X95.224 Y117.719 E.02758
G1 X94.813 Y116.881 E.02778
G1 X94.454 Y116.024 E.02769
G1 X94.24 Y115.428 E.01886
G1 X93.948 Y114.507 E.02877
G1 X93.742 Y113.706 E.02464
G1 X93.592 Y112.976 E.02219
G1 X93.475 Y112.241 E.02219
G1 X93.377 Y111.32 E.02757
G1 X93.328 Y110.389 E.02777
G1 X93.328 Y109.64 E.02232
G1 X93.373 Y108.747 E.02662
G1 X93.446 Y108.027 E.02158
G1 X93.585 Y107.063 E.029
G1 X93.698 Y106.503 E.01702
G1 X93.93 Y105.564 E.02879
G1 X94.207 Y104.662 E.02811
G1 X94.509 Y103.83 E.02636
G1 X94.771 Y103.215 E.01993
G1 X95.017 Y102.701 E.01695
G1 X95.463 Y101.851 E.0286
G1 X95.951 Y101.03 E.02847
G1 X96.404 Y100.357 E.02415
G1 X96.853 Y99.755 E.02236
G1 X97.405 Y99.081 E.02598
G1 X97.907 Y98.529 E.0222
G1 X98.443 Y97.989 E.02268
G1 X99.258 Y97.258 E.03262
G1 X99.719 Y96.887 E.01761
G1 X100.189 Y96.533 E.01753
G1 X101.003 Y95.975 E.0294
G1 X101.82 Y95.485 E.02836
G1 X102.67 Y95.037 E.02864
G1 X103.173 Y94.804 E.0165
G1 X104.061 Y94.433 E.02867
G1 X104.64 Y94.227 E.01829
G1 X105.571 Y93.942 E.02901
G1 X106.335 Y93.753 E.02343
G1 X107.068 Y93.604 E.0223
G1 X107.642 Y93.512 E.0173
G1 X108.623 Y93.4 E.02942
G1 X109.58 Y93.35 E.02853
G1 X110.367 Y93.35 E.02344
G1 X111.099 Y93.381 E.02182
G1 X112.09 Y93.473 E.02965
G1 X112.657 Y93.557 E.01707
G1 X113.594 Y93.732 E.02841
G1 X114.389 Y93.935 E.02442
G1 X115.08 Y94.137 E.02144
G1 X116.019 Y94.465 E.02964
G1 X116.549 Y94.683 E.01706
G1 X117.927 Y95.346 E.04554
G1 X118.438 Y95.631 E.01743
G1 X119.069 Y96.02 E.02209
G1 X119.697 Y96.452 E.02271
G1 X119.495 Y96.815 F9000
M204 P1000
;TYPE:Outer wall
;WIDTH:0.419999
G1 F5400
G1 X119.597 Y96.885 E.0034
G1 X120.317 Y97.442 E.02513
G1 X120.87 Y97.916 E.02009
G1 X121.4 Y98.414 E.02006
G1 X122.096 Y99.145 E.02785
G1 X122.623 Y99.757 E.02227
G1 X123.049 Y100.305 E.01915
G1 X123.488 Y100.924 E.02095
G1 X123.881 Y101.535 E.02005
G1 X124.33 Y102.321 E.02496
G1 X124.739 Y103.134 E.02512
G1 X125.032 Y103.8 E.02009
G1 X125.414 Y104.819 E.03
G1 X125.631 Y105.514 E.0201
G1 X125.816 Y106.217 E.02004
G1 X125.969 Y106.927 E.02005
G1 X126.091 Y107.643 E.02004
G1 X126.18 Y108.364 E.02004
G1 X126.237 Y109.088 E.02004
G1 X126.262 Y109.814 E.02004
G1 X126.254 Y110.541 E.02005
G1 X126.167 Y111.703 E.03215
G1 X126.092 Y112.347 E.01791
G1 X125.971 Y113.065 E.02008
G1 X125.726 Y114.125 E.03002
G1 X125.449 Y115.068 E.02713
G1 X125.27 Y115.569 E.01466
G1 X124.916 Y116.455 E.02632
G1 X124.702 Y116.94 E.01465
G1 X124.42 Y117.511 E.01756
G1 X124.071 Y118.145 E.01998
G1 X123.468 Y119.098 E.03112
G1 X122.913 Y119.865 E.0261
G1 X122.322 Y120.594 E.0259
G1 X121.97 Y120.991 E.01466
G1 X121.29 Y121.688 E.02686
G1 X120.326 Y122.55 E.03568
G1 X119.752 Y123 E.02011
G1 X119.161 Y123.422 E.02006
G1 X118.551 Y123.818 E.02006
G1 X117.924 Y124.186 E.02006
G1 X117.281 Y124.526 E.02006
G1 X115.942 Y125.115 E.04036
G1 X115.068 Y125.433 E.02568
G1 X114.227 Y125.686 E.02421
G1 X113.6 Y125.84 E.01783
G1 X112.803 Y126.002 E.02242
G1 X111.73 Y126.152 E.02991
G1 X111.207 Y126.197 E.01446
G1 X110.276 Y126.242 E.02572
G1 X109.652 Y126.239 E.01723
G1 X109.082 Y126.215 E.01575
G1 X108.116 Y126.135 E.02675
G1 X107.209 Y125.998 E.0253
G1 X106.309 Y125.821 E.02532
G1 X105.757 Y125.679 E.01573
G1 X104.909 Y125.428 E.0244
G1 X104.313 Y125.213 E.01749
G1 X103.427 Y124.853 E.02637
G1 X102.943 Y124.631 E.01469
G1 X102.083 Y124.186 E.02673
G1 X101.301 Y123.725 E.02503
G1 X100.634 Y123.271 E.02228
G1 X100.071 Y122.861 E.01921
G1 X99.323 Y122.251 E.02663
G1 X98.737 Y121.718 E.02187
G1 X98.218 Y121.197 E.02029
G1 X97.728 Y120.659 E.02005
G1 X97.263 Y120.101 E.02005
G1 X96.824 Y119.522 E.02005
G1 X96.411 Y118.924 E.02005
G1 X96.025 Y118.308 E.02005
G1 X95.585 Y117.518 E.02496
G1 X95.185 Y116.7 E.02512
G1 X94.835 Y115.864 E.02499
G1 X94.63 Y115.289 E.01686
G1 X94.344 Y114.389 E.02606
G1 X94.143 Y113.605 E.02231
G1 X93.997 Y112.894 E.02004
G1 X93.884 Y112.176 E.02005
G1 X93.789 Y111.277 E.02495
G1 X93.741 Y110.368 E.02511
G1 X93.741 Y109.64 E.02008
G1 X93.786 Y108.768 E.02408
G1 X93.858 Y108.07 E.01937
G1 X93.994 Y107.127 E.02628
G1 X94.104 Y106.586 E.01525
G1 X94.33 Y105.668 E.02609
G1 X94.601 Y104.787 E.02543
G1 X94.897 Y103.975 E.02383
G1 X95.152 Y103.377 E.01795
G1 X95.388 Y102.883 E.01511
G1 X95.824 Y102.052 E.02588
G1 X96.302 Y101.249 E.02578
G1 X96.744 Y100.592 E.02186
G1 X97.182 Y100.005 E.0202
G1 X97.723 Y99.345 E.02355
G1 X98.212 Y98.808 E.02005
G1 X98.728 Y98.289 E.02019
G1 X99.534 Y97.565 E.02989
G1 X99.977 Y97.21 E.01567
G1 X100.433 Y96.867 E.01573
G1 X101.232 Y96.319 E.02672
G1 X102.031 Y95.841 E.02569
G1 X102.862 Y95.404 E.02592
G1 X103.345 Y95.18 E.0147
G1 X104.217 Y94.816 E.02605
G1 X104.778 Y94.617 E.01643
G1 X105.689 Y94.339 E.02629
G1 X106.431 Y94.155 E.0211
G1 X107.144 Y94.01 E.02007
G1 X107.699 Y93.922 E.01551
G1 X108.662 Y93.812 E.02674
G1 X109.598 Y93.763 E.02584
G1 X110.363 Y93.764 E.0211
G1 X111.073 Y93.794 E.01963
G1 X112.046 Y93.884 E.02695
G1 X112.595 Y93.966 E.01531
G1 X113.514 Y94.138 E.02581
G1 X114.286 Y94.336 E.02198
G1 X114.955 Y94.531 E.01923
G1 X115.876 Y94.854 E.02695
G1 X116.389 Y95.064 E.0153
G1 X117.725 Y95.707 E.04091
G1 X118.234 Y95.99 E.01606
G1 X118.852 Y96.371 E.02003
G1 X119.462 Y96.793 E.02046
G1 E-.7 F2400
;WIPE_START
G1 F5400
G1 X119.597 Y96.885 E-.04902
G1 X120.259 Y97.397 E-.25098
;WIPE_END
G1 Z2.6 F9000
G1 X124.178 Y93.2
G1 Z2.6
G1 Z2.2
G1 E1 F2700
M204 P2500
;TYPE:Sparse infill
;WIDTH:0.45
G1 F10800
G1 X124.851 Y93.781 E.02651
G1 X125.94 Y94.852 E.04547
G1 X126.304 Y95.238 E.01581
G1 X127.115 Y96.185 E.03712
G1 X127.616 Y96.828 E.0243
G1 X128.335 Y97.846 E.03712
G1 X128.773 Y98.534 E.02429
G1 X129.391 Y99.611 E.03698
G1 X129.945 Y100.716 E.03684
G1 X130.436 Y101.851 E.03684
G1 X130.863 Y103.012 E.03684
G1 X131.224 Y104.199 E.03696
G1 X131.425 Y104.99 E.0243
G1 X131.675 Y106.21 E.0371
G1 X131.785 Y106.915 E.02125
G1 X113.115 Y88.245 E.78645
G1 X112.681 Y88.184 E.01308
G1 X111.441 Y88.067 E.03707
G1 X110.502 Y88.028 E.028
G1 X109.382 Y88.029 E.03337
G1 X108.145 Y88.099 E.03691
G1 X106.893 Y88.241 E.03752
G1 X111.741 Y93.088 E.20422
G1 X110.667 Y93.008 E.03207
G1 X109.691 Y92.999 E.02909
G1 X108.778 Y93.039 E.02722
G1 X108.01 Y93.111 E.02296
G1 X107.255 Y93.217 E.02272
G1 X106.508 Y93.356 E.02264
G1 X105.93 Y93.495 E.0177
G1 X101.974 Y89.539 E.16665
G1 X100.983 Y89.95 E.03197
G1 X100.244 Y90.298 E.02432
G1 X99.147 Y90.88 E.03699
G1 X98.087 Y91.52 E.03686
G1 X97.879 Y91.662 E.0075
G1 X101.494 Y95.277 E.15228
G1 X100.907 Y95.625 E.02034
G1 X100.264 Y96.05 E.02295
G1 X99.648 Y96.5 E.02272
G1 X99.036 Y96.992 E.02341
G1 X98.219 Y97.726 E.03271
G1 X97.973 Y97.973 E.01038
G1 X94.451 Y94.451 E.14832
G1 X93.419 Y95.55 E.0449
G1 X92.631 Y96.506 E.03691
G1 X92.036 Y97.308 E.02973
G1 X91.655 Y97.873 E.0203
G1 X95.27 Y101.487 E.15225
G1 X94.908 Y102.137 E.02215
G1 X94.495 Y102.982 E.02801
G1 X94.186 Y103.706 E.02346
G1 X93.93 Y104.391 E.02177
G1 X93.642 Y105.299 E.02838
G1 X93.482 Y105.917 E.01902
G1 X89.524 Y101.959 E.16672
G1 X89.137 Y103.012 E.03341
G1 X88.777 Y104.195 E.03683
G1 X88.483 Y105.401 E.03697
G1 X88.327 Y106.201 E.02429
G1 X88.227 Y106.88 E.02043
G1 X93.072 Y111.725 E.2041
G1 X93.128 Y112.251 E.01576
G1 X93.312 Y113.334 E.03274
G1 X96.073 Y127.005 F9000
G1 F10800
G1 X95.61 Y126.627 E.0178
G1 X94.847 Y125.935 E.0307
G1 X94.048 Y125.136 E.03365
G1 X93.4 Y124.425 E.02865
G1 X92.761 Y123.659 E.02973
G1 X92.017 Y122.666 E.03696
G1 X91.427 Y121.785 E.03157
G1 X90.91 Y120.931 E.02973
G1 X90.322 Y119.836 E.03703
G1 X89.97 Y119.1 E.0243
G1 X89.486 Y117.952 E.03711
G1 X89.205 Y117.186 E.02429
G1 X88.832 Y116.003 E.03696
G1 X88.527 Y114.802 E.03689
G1 X88.322 Y113.763 E.03156
G1 X88.219 Y113.09 E.02029
G1 X106.877 Y131.748 E.78597
G1 X107.529 Y131.84 E.0196
G1 X108.767 Y131.944 E.03701
G1 X109.587 Y131.975 E.02445
G1 X110.408 Y131.975 E.02445
G1 X111.654 Y131.917 E.03715
G1 X112.467 Y131.84 E.02431
G1 X113.098 Y131.751 E.01901
G1 X108.258 Y126.911 E.20389
G1 X108.755 Y126.959 E.01486
G1 X109.517 Y126.997 E.02273
G1 X110.291 Y127.002 E.02305
G1 X111.035 Y126.973 E.02218
G1 X111.83 Y126.905 E.02378
G1 X112.915 Y126.753 E.03262
G1 X113.665 Y126.605 E.02279
G1 X114.071 Y126.506 E.01245
G1 X118.028 Y130.463 E.16667
G1 X119.201 Y129.965 E.03797
G1 X120.312 Y129.416 E.03692
G1 X121.184 Y128.927 E.02975
G1 X122.123 Y128.341 E.033
G1 X118.507 Y124.724 E.15234
G1 X118.948 Y124.465 E.01526
G1 X119.592 Y124.047 E.02286
G1 X120.213 Y123.604 E.02272
G1 X120.811 Y123.135 E.02264
G1 X121.654 Y122.394 E.03341
G1 X122.028 Y122.028 E.0156
G1 X125.545 Y125.545 E.14819
G1 X126.171 Y124.906 E.02664
G1 X126.713 Y124.297 E.0243
G1 X127.494 Y123.331 E.03699
G1 X128.347 Y122.129 E.04391
G1 X124.733 Y118.516 E.15221
G1 X125.095 Y117.859 E.02235
G1 X125.433 Y117.174 E.02272
G1 X125.807 Y116.306 E.02817
G1 X126.133 Y115.424 E.028
G1 X126.36 Y114.696 E.02272
G1 X126.521 Y114.086 E.01879
G1 X130.471 Y118.036 E.16641
G1 X130.659 Y117.566 E.01508
G1 X130.926 Y116.796 E.02429
G1 X131.278 Y115.601 E.03711
G1 X131.471 Y114.808 E.02429
G1 X131.709 Y113.59 E.03697
G1 X131.773 Y113.12 E.01412
G1 X126.935 Y108.283 E.20379
G1 X126.842 Y107.529 E.02262
G1 X126.691 Y106.673 E.02588
; stop printing object Генератор.stl id:18446744073679698525 copy 0
;LAYER_CHANGE
;Z:2.4
;HEIGHT:0.2
;BEFORE_LAYER_CHANGE
;2.4
G92 E0

G1 E-.77778 F2400
;WIPE_START
G1 F10800
G1 X126.842 Y107.529 E-.19309
G1 X126.858 Y107.659 E-.02914
;WIPE_END
;_SET_FAN_SPEED_CHANGING_LAYER
; printing object Генератор.stl id:18446744073679698525 copy 0
G17
G3 Z2.8 I.345 J1.167 P1  F9000
G1 X132.013 Y106.137 Z2.8
G1 Z2.4
G1 E1 F2700
M204 P2000
;TYPE:Inner wall
;WIDTH:0.449999
G1 F7200
G1 X132.015 Y106.147 E.0003
G1 X132.178 Y107.237 E.03283
G1 X132.283 Y108.283 E.03131
G1 X132.331 Y109.121 E.02503
G1 X132.348 Y110.313 E.03551
G1 X132.295 Y111.571 E.0375
G1 X132.221 Y112.4 E.02477
G1 X132.05 Y113.647 E.0375
G1 X131.809 Y114.883 E.0375
G1 X131.612 Y115.69 E.02477
G1 X131.256 Y116.901 E.03759
G1 X130.984 Y117.687 E.02477
G1 X130.515 Y118.859 E.03759
G1 X130.171 Y119.616 E.02477
G1 X129.596 Y120.736 E.03751
G1 X128.959 Y121.823 E.03751
G1 X128.505 Y122.52 E.02478
G1 X127.768 Y123.544 E.03759
G1 X127.25 Y124.196 E.02479
G1 X126.422 Y125.144 E.03752
G1 X125.541 Y126.045 E.03752
G1 X124.932 Y126.612 E.02479
G1 X123.968 Y127.428 E.03761
G1 X123.309 Y127.935 E.02478
G1 X122.275 Y128.656 E.03753
G1 X121.203 Y129.318 E.03753
G1 X120.475 Y129.721 E.02479
G1 X119.345 Y130.28 E.03754
G1 X118.189 Y130.772 E.03745
G1 X117.004 Y131.2 E.03753
G1 X116.208 Y131.446 E.0248
G1 X114.988 Y131.762 E.03754
G1 X113.755 Y132.008 E.03745
G1 X112.507 Y132.184 E.03755
G1 X111.678 Y132.262 E.0248
G1 X110.416 Y132.321 E.03763
G1 X109.581 Y132.321 E.02489
G1 X108.746 Y132.29 E.02488
G1 X107.49 Y132.184 E.03754
G1 X106.245 Y132.008 E.03746
G1 X105.009 Y131.761 E.03754
G1 X104.201 Y131.56 E.0248
G1 X102.991 Y131.199 E.03763
G1 X102.205 Y130.923 E.02479
G1 X101.037 Y130.451 E.03753
G1 X99.897 Y129.914 E.03754
G1 X99.159 Y129.523 E.02488
G1 X98.436 Y129.105 E.02488
G1 X97.374 Y128.421 E.03761
G1 X96.696 Y127.939 E.0248
G1 X95.705 Y127.161 E.03752
G1 X94.761 Y126.331 E.03744
G1 X93.865 Y125.449 E.03746
G1 X93.122 Y124.634 E.03285
G1 X92.489 Y123.873 E.02947
G1 X91.734 Y122.866 E.0375
G1 X91.122 Y121.949 E.03284
G1 X90.61 Y121.103 E.02946
G1 X90.013 Y119.992 E.03755
G1 X89.655 Y119.242 E.02478
G1 X89.165 Y118.081 E.0375
G1 X88.742 Y116.895 E.03751
G1 X88.5 Y116.1 E.02477
G1 X88.189 Y114.877 E.03759
G1 X88.023 Y114.062 E.02477
G1 X87.828 Y112.817 E.03753
G1 X87.717 Y111.721 E.03283
G1 X87.662 Y110.734 E.02945
G1 X87.656 Y109.475 E.03748
G1 X87.71 Y108.375 E.03283
G1 X87.803 Y107.39 E.02946
G1 X87.985 Y106.143 E.03755
G1 X88.145 Y105.327 E.02477
G1 X88.443 Y104.104 E.0375
G1 X88.81 Y102.899 E.0375
G1 X89.089 Y102.116 E.02478
G1 X89.569 Y100.948 E.03759
G1 X89.92 Y100.195 E.02477
G1 X90.506 Y99.08 E.03751
G1 X91.152 Y98.001 E.03745
G1 X91.768 Y97.087 E.03284
G1 X92.358 Y96.293 E.02947
G1 X93.158 Y95.322 E.03747
G1 X94.013 Y94.397 E.03751
G1 X94.607 Y93.813 E.02482
G1 X95.428 Y93.072 E.03294
G1 X96.195 Y92.442 E.02956
G1 X96.86 Y91.94 E.02483
G1 X97.9 Y91.229 E.03753
G1 X98.978 Y90.577 E.03752
G1 X99.71 Y90.181 E.0248
G1 X100.845 Y89.633 E.03754
G1 X102.009 Y89.15 E.03753
G1 X102.792 Y88.867 E.0248
G1 X103.996 Y88.495 E.03754
G1 X105.219 Y88.191 E.03754
G1 X106.039 Y88.027 E.02488
G1 X106.863 Y87.895 E.02489
G1 X108.116 Y87.754 E.03754
G1 X109.372 Y87.683 E.03747
G1 X110.476 Y87.68 E.03288
G1 X111.465 Y87.722 E.02949
G1 X112.721 Y87.84 E.03759
G1 X113.545 Y87.957 E.0248
G1 X114.784 Y88.191 E.03754
G1 X116.007 Y88.495 E.03754
G1 X116.804 Y88.734 E.0248
G1 X117.996 Y89.152 E.03762
G1 X118.768 Y89.464 E.02479
G1 X119.916 Y89.991 E.03762
G1 X120.657 Y90.375 E.02488
G1 X121.384 Y90.787 E.02488
G1 X122.45 Y91.459 E.03753
G1 X123.474 Y92.187 E.03744
G1 X124.456 Y92.973 E.03746
G1 X125.28 Y93.707 E.03285
G1 X125.987 Y94.398 E.02947
G1 X126.842 Y95.322 E.03748
G1 X127.641 Y96.292 E.03743
G1 X128.387 Y97.307 E.03751
G1 X128.847 Y97.999 E.02478
G1 X129.496 Y99.082 E.0376
G1 X129.891 Y99.818 E.02486
G1 X130.258 Y100.567 E.02486
G1 X130.758 Y101.723 E.03751
G1 X131.191 Y102.902 E.03742
G1 X131.558 Y104.106 E.0375
G1 X131.763 Y104.912 E.02477
G1 X132.005 Y106.098 E.03604
G1 X132.418 Y106.054 F9000
M204 P1000
;TYPE:Outer wall
;WIDTH:0.419999
G1 F5400
G1 X132.422 Y106.075 E.00058
G1 X132.588 Y107.185 E.03098
G1 X132.696 Y108.257 E.02974
G1 X132.745 Y109.116 E.02372
G1 X132.762 Y110.319 E.03322
G1 X132.708 Y111.599 E.03533
G1 X132.632 Y112.446 E.02348
G1 X132.458 Y113.714 E.03533
G1 X132.213 Y114.971 E.03533
G1 X132.012 Y115.798 E.02348
G1 X131.65 Y117.027 E.03535
G1 X131.371 Y117.831 E.02348
G1 X130.896 Y119.021 E.03536
G1 X130.543 Y119.796 E.02348
G1 X129.959 Y120.935 E.03533
G1 X129.311 Y122.04 E.03533
G1 X128.846 Y122.753 E.02349
G1 X128.098 Y123.793 E.03536
G1 X127.568 Y124.46 E.0235
G1 X126.725 Y125.425 E.03534
G1 X125.83 Y126.341 E.03535
G1 X125.207 Y126.921 E.02349
G1 X124.228 Y127.75 E.03538
G1 X123.553 Y128.269 E.02349
G1 X122.503 Y129.002 E.03536
G1 X121.412 Y129.675 E.03535
G1 X120.667 Y130.088 E.0235
G1 X119.518 Y130.655 E.03536
G1 X118.34 Y131.157 E.03533
G1 X117.135 Y131.593 E.03535
G1 X116.321 Y131.844 E.02351
G1 X115.08 Y132.165 E.03536
G1 X113.825 Y132.415 E.03533
G1 X112.555 Y132.595 E.03537
G1 X111.707 Y132.675 E.0235
G1 X110.426 Y132.735 E.03539
G1 X109.573 Y132.735 E.02353
G1 X108.721 Y132.703 E.02353
G1 X107.444 Y132.595 E.03536
G1 X106.176 Y132.415 E.03534
G1 X104.919 Y132.165 E.03536
G1 X104.092 Y131.959 E.0235
G1 X102.863 Y131.592 E.03539
G1 X102.059 Y131.31 E.0235
G1 X100.871 Y130.83 E.03535
G1 X99.712 Y130.284 E.03536
G1 X98.958 Y129.885 E.02353
G1 X98.221 Y129.458 E.02353
G1 X97.142 Y128.764 E.03537
G1 X96.448 Y128.27 E.0235
G1 X95.44 Y127.48 E.03534
G1 X94.479 Y126.634 E.03533
G1 X93.567 Y125.735 E.03533
G1 X92.81 Y124.905 E.03099
G1 X92.165 Y124.13 E.02784
G1 X91.397 Y123.105 E.03533
G1 X90.773 Y122.171 E.03099
G1 X90.25 Y121.308 E.02784
G1 X89.644 Y120.179 E.03534
G1 X89.277 Y119.411 E.02349
G1 X88.78 Y118.231 E.03533
G1 X88.35 Y117.025 E.03533
G1 X88.102 Y116.211 E.02348
G1 X87.786 Y114.969 E.03536
G1 X87.616 Y114.136 E.02348
G1 X87.418 Y112.87 E.03533
G1 X87.305 Y111.753 E.03098
G1 X87.248 Y110.746 E.02783
G1 X87.242 Y109.466 E.03532
G1 X87.297 Y108.345 E.03097
G1 X87.392 Y107.341 E.02784
G1 X87.578 Y106.073 E.03534
G1 X87.74 Y105.238 E.02348
G1 X88.044 Y103.994 E.03533
G1 X88.417 Y102.77 E.03532
G1 X88.703 Y101.968 E.02349
G1 X89.19 Y100.782 E.03536
G1 X89.55 Y100.011 E.02348
G1 X90.145 Y98.877 E.03534
G1 X90.803 Y97.779 E.03532
G1 X91.431 Y96.848 E.03099
G1 X92.032 Y96.038 E.02785
G1 X92.847 Y95.05 E.03533
G1 X93.716 Y94.11 E.03534
G1 X94.323 Y93.512 E.02351
G1 X95.158 Y92.759 E.03102
G1 X95.939 Y92.117 E.02788
G1 X96.619 Y91.604 E.02351
G1 X97.676 Y90.881 E.03535
G1 X98.773 Y90.218 E.03535
G1 X99.522 Y89.812 E.02351
G1 X100.676 Y89.255 E.03536
G1 X101.86 Y88.764 E.03536
G1 X102.661 Y88.475 E.0235
G1 X103.885 Y88.096 E.03536
G1 X105.129 Y87.787 E.03536
G1 X105.965 Y87.62 E.02353
G1 X106.807 Y87.485 E.02353
G1 X108.081 Y87.341 E.03536
G1 X109.36 Y87.269 E.03534
G1 X110.484 Y87.266 E.03102
G1 X111.493 Y87.309 E.02787
G1 X112.769 Y87.429 E.03538
G1 X113.613 Y87.549 E.02351
G1 X114.872 Y87.787 E.03536
G1 X116.116 Y88.096 E.03536
G1 X116.932 Y88.34 E.0235
G1 X118.142 Y88.765 E.03539
G1 X118.932 Y89.084 E.0235
G1 X120.097 Y89.62 E.03538
G1 X120.854 Y90.012 E.02353
G1 X121.596 Y90.432 E.02353
G1 X122.68 Y91.115 E.03535
G1 X123.723 Y91.857 E.03532
G1 X124.723 Y92.657 E.03533
G1 X125.562 Y93.405 E.03099
G1 X126.284 Y94.11 E.02785
G1 X127.153 Y95.05 E.03533
G1 X127.968 Y96.037 E.03531
G1 X128.726 Y97.07 E.03534
G1 X129.197 Y97.779 E.02349
G1 X129.856 Y98.878 E.03536
G1 X130.259 Y99.629 E.02351
G1 X130.633 Y100.394 E.02351
G1 X131.142 Y101.569 E.03533
G1 X131.583 Y102.77 E.0353
G1 X131.956 Y103.995 E.03533
G1 X132.166 Y104.82 E.02348
G1 X132.41 Y106.015 E.03365
G1 E-.7 F2400
;WIPE_START
G1 F5400
G1 X132.422 Y106.075 E-.01831
G1 X132.561 Y107.003 E-.28169
;WIPE_END
G17
G3 Z2.8 I.771 J-.941 P1  F9000
G1 X119.595 Y96.382 Z2.8
G1 Z2.4
G1 E1 F2700
M204 P2000
;TYPE:Inner wall
;WIDTH:0.449999
G1 F7200
G1 X119.85 Y96.558 E.00923
G1 X120.571 Y97.115 E.02713
G1 X121.139 Y97.603 E.02231
G1 X121.683 Y98.112 E.0222
G1 X122.203 Y98.646 E.0222
G1 X122.586 Y99.075 E.01711
G1 X123.187 Y99.81 E.02828
G1 X123.754 Y100.585 E.02861
G1 X124.059 Y101.048 E.01652
G1 X124.575 Y101.907 E.02985
G1 X125.107 Y102.946 E.03478
G1 X125.411 Y103.634 E.0224
G1 X125.747 Y104.52 E.02824
G1 X126.024 Y105.388 E.02712
G1 X126.216 Y106.111 E.0223
G1 X126.373 Y106.84 E.02219
G1 X126.498 Y107.574 E.02219
G1 X126.591 Y108.313 E.02219
G1 X126.649 Y109.056 E.02219
G1 X126.675 Y109.8 E.02219
G1 X126.667 Y110.545 E.02219
G1 X126.579 Y111.749 E.03595
G1 X126.503 Y112.396 E.0194
G1 X126.378 Y113.134 E.0223
G1 X126.125 Y114.23 E.03351
G1 X125.844 Y115.191 E.02984
G1 X125.483 Y116.184 E.03146
G1 X125.123 Y117.02 E.02712
G1 X124.792 Y117.692 E.0223
G1 X124.433 Y118.345 E.02219
G1 X124.124 Y118.851 E.01767
G1 X123.811 Y119.33 E.01703
G1 X123.235 Y120.124 E.02923
G1 X122.474 Y121.055 E.03582
G1 X121.964 Y121.604 E.02231
G1 X121.572 Y121.991 E.01641
G1 X120.599 Y122.861 E.03888
G1 X120.007 Y123.325 E.0224
G1 X119.401 Y123.759 E.0222
G1 X118.776 Y124.165 E.02221
G1 X118.336 Y124.424 E.0152
G1 X117.835 Y124.701 E.01706
G1 X116.95 Y125.139 E.02941
G1 X116.112 Y125.499 E.02715
G1 X115.22 Y125.82 E.02826
G1 X114.621 Y126 E.01863
G1 X113.682 Y126.246 E.0289
G1 X112.888 Y126.406 E.02414
G1 X111.949 Y126.543 E.02827
G1 X111.225 Y126.609 E.02166
G1 X110.293 Y126.656 E.0278
G1 X109.061 Y126.628 E.0367
G1 X108.077 Y126.547 E.02942
G1 X107.147 Y126.407 E.028
G1 X106.224 Y126.225 E.02802
G1 X105.654 Y126.08 E.01753
G1 X104.788 Y125.824 E.02689
G1 X104.174 Y125.602 E.01946
G1 X103.282 Y125.241 E.02864
G1 X102.404 Y124.829 E.02889
G1 X101.377 Y124.253 E.03509
G1 X100.143 Y123.436 E.04408
G1 X99.571 Y122.999 E.02144
G1 X99 Y122.52 E.0222
G1 X98.613 Y122.165 E.01563
G1 X97.924 Y121.489 E.02876
G1 X97.422 Y120.938 E.0222
G1 X96.945 Y120.365 E.0222
G1 X96.377 Y119.606 E.02825
G1 X95.875 Y118.853 E.02695
G1 X95.511 Y118.246 E.02109
G1 X95.135 Y117.549 E.02358
G1 X94.812 Y116.878 E.0222
G1 X94.446 Y116.003 E.02824
G1 X94.14 Y115.146 E.02712
G1 X93.952 Y114.523 E.01937
G1 X93.742 Y113.706 E.02512
G1 X93.595 Y112.991 E.02175
G1 X93.475 Y112.241 E.02263
G1 X93.392 Y111.5 E.0222
G1 X93.334 Y110.489 E.03018
G1 X93.328 Y109.64 E.02529
G1 X93.377 Y108.737 E.02695
G1 X93.442 Y108.047 E.02064
G1 X93.585 Y107.063 E.02961
G1 X93.698 Y106.503 E.01702
G1 X93.93 Y105.566 E.02874
G1 X94.211 Y104.648 E.02859
G1 X94.398 Y104.127 E.01651
G1 X94.778 Y103.2 E.02984
G1 X95.022 Y102.683 E.01703
G1 X95.475 Y101.816 E.02914
G1 X95.965 Y101.004 E.02825
G1 X96.428 Y100.323 E.02452
G1 X96.852 Y99.756 E.0211
G1 X97.405 Y99.081 E.02601
G1 X97.907 Y98.529 E.0222
G1 X98.436 Y97.996 E.02238
G1 X99.175 Y97.332 E.02958
G1 X99.725 Y96.882 E.02117
G1 X100.189 Y96.533 E.01731
G1 X101.003 Y95.975 E.0294
G1 X101.705 Y95.548 E.02447
G1 X102.338 Y95.21 E.02138
G1 X103.204 Y94.791 E.02865
G1 X104.061 Y94.433 E.02767
G1 X104.64 Y94.227 E.01829
G1 X105.555 Y93.951 E.02847
G1 X106.482 Y93.718 E.02847
G1 X107.642 Y93.512 E.0351
G1 X108.623 Y93.4 E.02942
G1 X109.577 Y93.351 E.02845
G1 X110.389 Y93.35 E.02418
G1 X111.098 Y93.381 E.02113
G1 X112.09 Y93.473 E.02968
G1 X112.657 Y93.557 E.01707
G1 X113.594 Y93.732 E.02841
G1 X114.553 Y93.978 E.02949
G1 X115.072 Y94.134 E.01612
G1 X116.019 Y94.465 E.0299
G1 X117.109 Y94.931 E.03531
G1 X117.783 Y95.266 E.02241
G1 X118.434 Y95.628 E.02221
G1 X119.069 Y96.02 E.02221
G1 X119.562 Y96.36 E.01783
G1 X119.36 Y96.723 F9000
M204 P1000
;TYPE:Outer wall
;WIDTH:0.419999
G1 F5400
G1 X119.614 Y96.899 E.00854
G1 X120.317 Y97.442 E.02452
G1 X120.87 Y97.916 E.02009
G1 X121.4 Y98.414 E.02006
G1 X121.907 Y98.934 E.02005
G1 X122.277 Y99.35 E.01534
G1 X122.864 Y100.068 E.0256
G1 X123.418 Y100.825 E.02589
G1 X123.711 Y101.271 E.01472
G1 X124.217 Y102.114 E.02714
G1 X124.74 Y103.135 E.03164
G1 X125.032 Y103.8 E.02004
G1 X125.361 Y104.667 E.02557
G1 X125.63 Y105.513 E.02451
G1 X125.816 Y106.217 E.02008
G1 X125.969 Y106.927 E.02005
G1 X126.091 Y107.643 E.02004
G1 X126.18 Y108.364 E.02004
G1 X126.237 Y109.088 E.02004
G1 X126.262 Y109.814 E.02004
G1 X126.254 Y110.541 E.02005
G1 X126.168 Y111.701 E.03209
G1 X126.092 Y112.351 E.01806
G1 X125.971 Y113.065 E.01999
G1 X125.726 Y114.125 E.03002
G1 X125.449 Y115.068 E.02713
G1 X125.095 Y116.041 E.02854
G1 X124.743 Y116.856 E.02451
G1 X124.421 Y117.509 E.02008
G1 X124.071 Y118.145 E.02005
G1 X123.771 Y118.636 E.01586
G1 X123.468 Y119.098 E.01527
G1 X122.904 Y119.876 E.02648
G1 X122.155 Y120.792 E.03266
G1 X121.662 Y121.322 E.02
G1 X121.282 Y121.696 E.01469
G1 X120.324 Y122.552 E.03546
G1 X119.752 Y123 E.02003
G1 X119.161 Y123.422 E.02006
G1 X118.551 Y123.818 E.02006
G1 X117.924 Y124.186 E.02006
G1 X117.281 Y124.526 E.02006
G1 X116.774 Y124.765 E.01548
G1 X115.953 Y125.117 E.02464
G1 X115.08 Y125.431 E.02559
G1 X114.502 Y125.604 E.01664
G1 X113.584 Y125.844 E.02619
G1 X112.808 Y126.001 E.02185
G1 X111.89 Y126.134 E.02559
G1 X111.188 Y126.197 E.01945
G1 X110.276 Y126.242 E.02517
G1 X109.082 Y126.215 E.03297
G1 X108.116 Y126.135 E.02674
G1 X107.209 Y125.998 E.0253
G1 X106.309 Y125.821 E.02532
G1 X105.757 Y125.679 E.01573
G1 X104.909 Y125.428 E.0244
G1 X104.315 Y125.213 E.01744
G1 X103.444 Y124.861 E.02592
G1 X102.585 Y124.457 E.02618
G1 X101.59 Y123.899 E.03148
G1 X100.368 Y123.088 E.04045
G1 X99.821 Y122.669 E.01902
G1 X99.266 Y122.203 E.02
G1 X98.893 Y121.861 E.01397
G1 X98.218 Y121.197 E.02613
G1 X97.728 Y120.659 E.02005
G1 X97.263 Y120.101 E.02006
G1 X96.708 Y119.358 E.02557
G1 X96.219 Y118.624 E.02435
G1 X95.867 Y118.034 E.01896
G1 X95.499 Y117.354 E.02133
G1 X95.184 Y116.699 E.02005
G1 X94.827 Y115.844 E.02557
G1 X94.529 Y115.007 E.02451
G1 X94.348 Y114.404 E.01737
G1 X94.143 Y113.605 E.02275
G1 X94 Y112.908 E.01963
G1 X93.884 Y112.176 E.02045
G1 X93.803 Y111.454 E.02005
G1 X93.747 Y110.466 E.02731
G1 X93.741 Y109.64 E.02279
G1 X93.79 Y108.76 E.02432
G1 X93.853 Y108.093 E.01848
G1 X93.994 Y107.127 E.02692
G1 X94.104 Y106.586 E.01525
G1 X94.33 Y105.67 E.02603
G1 X94.605 Y104.774 E.02587
G1 X94.786 Y104.272 E.01471
G1 X95.158 Y103.362 E.02713
G1 X95.395 Y102.862 E.01526
G1 X95.839 Y102.011 E.02648
G1 X96.319 Y101.218 E.02557
G1 X96.77 Y100.556 E.0221
G1 X97.181 Y100.006 E.01896
G1 X97.723 Y99.345 E.02358
G1 X98.212 Y98.808 E.02005
G1 X98.726 Y98.291 E.02011
G1 X99.451 Y97.64 E.02688
G1 X99.983 Y97.205 E.01897
G1 X100.433 Y96.867 E.01552
G1 X101.232 Y96.319 E.02672
G1 X101.918 Y95.902 E.02216
G1 X102.533 Y95.575 E.01921
G1 X103.379 Y95.166 E.02592
G1 X104.217 Y94.816 E.02505
G1 X104.778 Y94.617 E.01643
G1 X105.671 Y94.348 E.02574
G1 X106.575 Y94.12 E.02574
G1 X107.699 Y93.922 E.0315
G1 X108.662 Y93.812 E.02674
G1 X109.595 Y93.764 E.02576
G1 X110.384 Y93.764 E.02179
G1 X111.072 Y93.794 E.019
G1 X112.046 Y93.884 E.02698
G1 X112.595 Y93.966 E.01531
G1 X113.514 Y94.138 E.02581
G1 X114.451 Y94.378 E.02668
G1 X114.947 Y94.528 E.0143
G1 X115.876 Y94.854 E.02718
G1 X116.945 Y95.31 E.03207
G1 X117.598 Y95.636 E.02012
G1 X118.233 Y95.99 E.02006
G1 X118.852 Y96.371 E.02006
G1 X119.327 Y96.7 E.01594
G1 E-.7 F2400
;WIPE_START
G1 F5400
G1 X119.614 Y96.899 E-.10484
G1 X120.129 Y97.297 E-.19516
;WIPE_END
G1 Z2.8 F9000
G1 X124.01 Y93.059
G1 Z2.8
G1 Z2.4
G1 E1 F2700
M204 P2500
;TYPE:Sparse infill
;WIDTH:0.45
G1 F10800
G1 X124.233 Y93.237 E.00851
G1 X125.043 Y93.96 E.03234
G1 X125.887 Y94.799 E.03545
G1 X126.581 Y95.55 E.03045
G1 X127.368 Y96.504 E.03685
G1 X128.103 Y97.505 E.03698
G1 X128.555 Y98.184 E.0243
G1 X129.195 Y99.253 E.03711
G1 X129.583 Y99.975 E.02443
G1 X129.943 Y100.712 E.02443
G1 X130.436 Y101.851 E.03697
G1 X130.863 Y103.012 E.03684
G1 X131.224 Y104.199 E.03697
G1 X131.425 Y104.99 E.02429
G1 X131.674 Y106.207 E.03701
G1 X131.779 Y106.909 E.02115
G1 X113.115 Y88.245 E.7862
G1 X112.681 Y88.184 E.01308
G1 X111.441 Y88.067 E.03708
G1 X110.528 Y88.029 E.02723
G1 X109.382 Y88.029 E.03413
G1 X108.145 Y88.099 E.0369
G1 X106.893 Y88.241 E.03753
G1 X111.741 Y93.088 E.2042
G1 X110.668 Y93.008 E.03204
G1 X109.713 Y92.998 E.02844
G1 X108.778 Y93.039 E.0279
G1 X108.01 Y93.111 E.02296
G1 X107.255 Y93.217 E.02272
G1 X106.512 Y93.356 E.0225
G1 X105.927 Y93.492 E.0179
G1 X101.974 Y89.539 E.16651
G1 X100.987 Y89.949 E.03183
G1 X99.868 Y90.489 E.037
G1 X99.15 Y90.878 E.02432
G1 X97.879 Y91.662 E.04449
G1 X101.491 Y95.274 E.15215
G1 X100.906 Y95.625 E.02033
G1 X100.264 Y96.05 E.02293
G1 X99.649 Y96.5 E.02272
G1 X99.056 Y96.975 E.02263
G1 X98.219 Y97.725 E.03346
G1 X97.973 Y97.973 E.01041
G1 X94.451 Y94.451 E.14832
G1 X93.419 Y95.55 E.0449
G1 X92.63 Y96.506 E.03692
G1 X92.051 Y97.287 E.02897
G1 X91.655 Y97.873 E.02105
G1 X95.269 Y101.486 E.15221
G1 X94.825 Y102.295 E.02748
G1 X94.495 Y102.982 E.02271
G1 X94.186 Y103.706 E.02344
G1 X93.928 Y104.398 E.02199
G1 X93.648 Y105.278 E.02751
G1 X93.482 Y105.917 E.01968
G1 X89.527 Y101.962 E.16662
G1 X89.139 Y103.008 E.03324
G1 X88.777 Y104.195 E.03697
G1 X88.483 Y105.401 E.03697
G1 X88.327 Y106.201 E.02429
G1 X88.227 Y106.88 E.02043
G1 X93.069 Y111.722 E.20397
G1 X93.128 Y112.257 E.01603
G1 X93.312 Y113.331 E.03247
G1 X95.734 Y126.726 F9000
G1 F10800
G1 X94.997 Y126.078 E.02922
G1 X94.049 Y125.137 E.03979
G1 X93.383 Y124.406 E.02944
G1 X92.761 Y123.659 E.02897
G1 X92.017 Y122.666 E.03696
G1 X91.414 Y121.763 E.03233
G1 X90.91 Y120.931 E.02897
G1 X90.322 Y119.836 E.03704
G1 X89.97 Y119.1 E.0243
G1 X89.488 Y117.956 E.03697
G1 X89.071 Y116.787 E.03698
G1 X88.833 Y116.007 E.02428
G1 X88.527 Y114.8 E.03711
G1 X88.363 Y114.001 E.02429
G1 X88.221 Y113.091 E.02742
G1 X106.877 Y131.748 E.78589
G1 X107.529 Y131.84 E.01961
G1 X108.767 Y131.944 E.03701
G1 X109.587 Y131.975 E.02445
G1 X110.408 Y131.975 E.02445
G1 X111.654 Y131.917 E.03715
G1 X112.467 Y131.84 E.02431
G1 X113.098 Y131.751 E.01901
G1 X108.258 Y126.911 E.20389
G1 X108.755 Y126.959 E.01486
G1 X109.517 Y126.997 E.02272
G1 X110.291 Y127.002 E.02305
G1 X111.035 Y126.973 E.02219
G1 X111.992 Y126.886 E.02863
G1 X112.915 Y126.753 E.02777
G1 X113.665 Y126.605 E.02278
G1 X114.071 Y126.506 E.01245
G1 X118.028 Y130.463 E.16667
G1 X119.201 Y129.965 E.03796
G1 X120.315 Y129.415 E.037
G1 X121.028 Y129.019 E.02431
G1 X122.085 Y128.367 E.037
G1 X122.123 Y128.341 E.00137
G1 X118.507 Y124.724 E.15234
G1 X118.946 Y124.466 E.01518
G1 X119.592 Y124.047 E.02294
G1 X120.213 Y123.604 E.02272
G1 X120.813 Y123.132 E.02274
G1 X121.657 Y122.391 E.03346
G1 X122.028 Y122.028 E.01546
G1 X125.545 Y125.545 E.14819
G1 X126.167 Y124.909 E.0265
G1 X126.984 Y123.974 E.03699
G1 X127.492 Y123.335 E.02431
G1 X128.347 Y122.129 E.04403
G1 X124.733 Y118.516 E.15221
G1 X125.095 Y117.859 E.02235
G1 X125.433 Y117.174 E.02272
G1 X125.799 Y116.327 E.02751
G1 X126.133 Y115.424 E.02866
G1 X126.36 Y114.696 E.02272
G1 X126.521 Y114.086 E.01879
G1 X130.471 Y118.036 E.16641
G1 X130.659 Y117.566 E.01508
G1 X130.926 Y116.796 E.02429
G1 X131.278 Y115.601 E.03711
G1 X131.471 Y114.808 E.02429
G1 X131.709 Y113.59 E.03697
G1 X131.773 Y113.12 E.01412
G1 X126.935 Y108.283 E.20379
G1 X126.843 Y107.534 E.02246
G1 X126.691 Y106.673 E.02604
; stop printing object Генератор.stl id:18446744073679698525 copy 0
;LAYER_CHANGE
;Z:2.6
;HEIGHT:0.2
;BEFORE_LAYER_CHANGE
;2.6
G92 E0

G1 E-.77778 F2400
;WIPE_START
G1 F10800
G1 X126.843 Y107.534 E-.19429
G1 X126.858 Y107.659 E-.02794
;WIPE_END
;_SET_FAN_SPEED_CHANGING_LAYER
; printing object Генератор.stl id:18446744073679698525 copy 0
G17
G3 Z3 I.344 J1.167 P1  F9000
G1 X132.014 Y106.14 Z3
G1 Z2.6
G1 E1 F2700
M204 P2000
;TYPE:Inner wall
;WIDTH:0.449999
G1 F7200
G1 X132.016 Y106.149 E.00026
G1 X132.144 Y106.97 E.02477
G1 X132.284 Y108.291 E.03956
G1 X132.331 Y109.121 E.02477
G1 X132.348 Y110.313 E.03551
G1 X132.295 Y111.571 E.0375
G1 X132.221 Y112.4 E.02477
G1 X132.05 Y113.647 E.03749
G1 X131.81 Y114.88 E.03744
G1 X131.534 Y115.974 E.0336
G1 X131.256 Y116.899 E.02878
G1 X130.984 Y117.687 E.02483
G1 X130.515 Y118.859 E.03759
G1 X130.171 Y119.616 E.02477
G1 X129.596 Y120.736 E.03751
G1 X128.959 Y121.823 E.03751
G1 X128.505 Y122.52 E.02478
G1 X127.767 Y123.544 E.0376
G1 X127.25 Y124.196 E.02478
G1 X126.422 Y125.144 E.03752
G1 X125.541 Y126.045 E.03752
G1 X124.932 Y126.612 E.02479
G1 X123.968 Y127.428 E.03761
G1 X123.309 Y127.935 E.02478
G1 X122.275 Y128.656 E.03753
G1 X121.203 Y129.318 E.03752
G1 X120.475 Y129.721 E.0248
G1 X119.346 Y130.279 E.03753
G1 X118.189 Y130.772 E.03745
G1 X117.004 Y131.201 E.03754
G1 X116.208 Y131.446 E.0248
G1 X114.988 Y131.762 E.03754
G1 X113.755 Y132.008 E.03745
G1 X112.507 Y132.184 E.03755
G1 X111.678 Y132.262 E.0248
G1 X110.416 Y132.321 E.03763
G1 X109.581 Y132.321 E.02489
G1 X108.746 Y132.29 E.02488
G1 X107.49 Y132.184 E.03754
G1 X106.245 Y132.008 E.03746
G1 X105.009 Y131.761 E.03754
G1 X104.201 Y131.56 E.0248
G1 X102.991 Y131.199 E.03763
G1 X102.205 Y130.923 E.02479
G1 X101.037 Y130.451 E.03753
G1 X99.897 Y129.914 E.03754
G1 X99.159 Y129.523 E.02488
G1 X98.436 Y129.104 E.02488
G1 X97.374 Y128.421 E.03761
G1 X96.696 Y127.939 E.0248
G1 X95.705 Y127.161 E.03753
G1 X94.761 Y126.331 E.03744
G1 X93.865 Y125.449 E.03746
G1 X93.105 Y124.614 E.03361
G1 X92.489 Y123.874 E.0287
G1 X91.735 Y122.866 E.03748
G1 X91.038 Y121.818 E.03751
G1 X90.61 Y121.104 E.02478
G1 X90.013 Y119.992 E.03759
G1 X89.655 Y119.242 E.02478
G1 X89.165 Y118.081 E.03752
G1 X88.784 Y117.019 E.0336
G1 X88.5 Y116.099 E.02869
G1 X88.189 Y114.877 E.03756
G1 X88.023 Y114.062 E.02477
G1 X87.828 Y112.818 E.03752
G1 X87.715 Y111.696 E.03359
G1 X87.662 Y110.734 E.02869
G1 X87.656 Y109.475 E.03749
G1 X87.711 Y108.349 E.03359
G1 X87.803 Y107.39 E.02869
G1 X87.985 Y106.143 E.03755
G1 X88.145 Y105.327 E.02477
G1 X88.443 Y104.104 E.0375
G1 X88.809 Y102.902 E.03742
G1 X89.243 Y101.72 E.03751
G1 X89.567 Y100.951 E.02486
G1 X89.92 Y100.195 E.02486
G1 X90.506 Y99.08 E.03751
G1 X91.153 Y97.999 E.03751
G1 X91.613 Y97.307 E.02478
G1 X92.359 Y96.291 E.03753
G1 X93.075 Y95.419 E.03361
G1 X93.72 Y94.703 E.02871
G1 X94.608 Y93.811 E.03749
G1 X95.546 Y92.971 E.03752
G1 X96.194 Y92.443 E.02488
G1 X96.86 Y91.94 E.02487
G1 X97.903 Y91.227 E.03762
G1 X98.611 Y90.79 E.02479
G1 X99.713 Y90.179 E.03753
G1 X100.845 Y89.633 E.03745
G1 X102.009 Y89.15 E.03753
G1 X102.792 Y88.867 E.0248
G1 X103.997 Y88.494 E.03756
G1 X105.092 Y88.22 E.03363
G1 X106.04 Y88.027 E.02881
G1 X106.863 Y87.895 E.02485
G1 X108.116 Y87.754 E.03754
G1 X109.372 Y87.683 E.03747
G1 X110.501 Y87.681 E.03364
G1 X111.464 Y87.722 E.02872
G1 X112.721 Y87.84 E.03759
G1 X113.545 Y87.957 E.0248
G1 X114.784 Y88.192 E.03756
G1 X115.881 Y88.462 E.03363
G1 X116.805 Y88.734 E.02872
G1 X117.996 Y89.152 E.03759
G1 X118.769 Y89.464 E.02481
G1 X119.798 Y89.935 E.03371
G1 X120.656 Y90.375 E.02872
G1 X121.745 Y91.005 E.0375
G1 X122.798 Y91.697 E.03753
G1 X123.472 Y92.185 E.02479
G1 X124.458 Y92.974 E.03761
G1 X125.083 Y93.524 E.02479
G1 X125.989 Y94.399 E.03752
G1 X126.842 Y95.322 E.03743
G1 X127.641 Y96.292 E.03743
G1 X128.387 Y97.307 E.03751
G1 X128.847 Y97.999 E.02478
G1 X129.496 Y99.082 E.03759
G1 X129.891 Y99.818 E.02487
G1 X130.258 Y100.567 E.02486
G1 X130.758 Y101.723 E.03751
G1 X131.191 Y102.902 E.03742
G1 X131.558 Y104.106 E.0375
G1 X131.763 Y104.912 E.02478
G1 X132.006 Y106.101 E.03614
G1 X132.419 Y106.057 F9000
M204 P1000
;TYPE:Outer wall
;WIDTH:0.419999
G1 F5400
G1 X132.423 Y106.075 E.00051
G1 X132.554 Y106.916 E.02348
G1 X132.697 Y108.266 E.03745
G1 X132.745 Y109.116 E.02348
G1 X132.762 Y110.319 E.03322
G1 X132.708 Y111.599 E.03533
G1 X132.632 Y112.446 E.02348
G1 X132.458 Y113.714 E.03532
G1 X132.214 Y114.97 E.03531
G1 X131.933 Y116.084 E.03169
G1 X131.65 Y117.027 E.02715
G1 X131.371 Y117.831 E.0235
G1 X130.896 Y119.021 E.03536
G1 X130.543 Y119.796 E.02348
G1 X129.959 Y120.935 E.03533
G1 X129.311 Y122.04 E.03533
G1 X128.846 Y122.753 E.02349
G1 X128.097 Y123.794 E.03536
G1 X127.568 Y124.46 E.02349
G1 X126.725 Y125.425 E.03534
G1 X125.83 Y126.341 E.03534
G1 X125.207 Y126.921 E.02349
G1 X124.228 Y127.75 E.03538
G1 X123.553 Y128.269 E.02349
G1 X122.503 Y129.002 E.03535
G1 X121.412 Y129.675 E.03535
G1 X120.667 Y130.088 E.0235
G1 X119.519 Y130.655 E.03535
G1 X118.34 Y131.157 E.03534
G1 X117.135 Y131.593 E.03536
G1 X116.321 Y131.844 E.0235
G1 X115.08 Y132.165 E.03536
G1 X113.825 Y132.415 E.03533
G1 X112.555 Y132.595 E.03537
G1 X111.707 Y132.675 E.0235
G1 X110.426 Y132.735 E.03539
G1 X109.573 Y132.735 E.02353
G1 X108.721 Y132.703 E.02353
G1 X107.444 Y132.595 E.03536
G1 X106.176 Y132.415 E.03534
G1 X104.919 Y132.165 E.03536
G1 X104.092 Y131.959 E.0235
G1 X102.863 Y131.592 E.03539
G1 X102.059 Y131.31 E.0235
G1 X100.871 Y130.83 E.03535
G1 X99.712 Y130.284 E.03536
G1 X98.958 Y129.885 E.02353
G1 X98.22 Y129.458 E.02353
G1 X97.142 Y128.764 E.03537
G1 X96.448 Y128.27 E.0235
G1 X95.44 Y127.479 E.03535
G1 X94.479 Y126.634 E.03532
G1 X93.567 Y125.735 E.03533
G1 X92.793 Y124.886 E.0317
G1 X92.165 Y124.13 E.02713
G1 X91.397 Y123.105 E.03533
G1 X90.688 Y122.038 E.03534
G1 X90.251 Y121.308 E.02349
G1 X89.644 Y120.179 E.03536
G1 X89.277 Y119.411 E.02349
G1 X88.78 Y118.231 E.03534
G1 X88.392 Y117.15 E.03169
G1 X88.102 Y116.211 E.02713
G1 X87.786 Y114.969 E.03534
G1 X87.616 Y114.136 E.02348
G1 X87.418 Y112.87 E.03533
G1 X87.303 Y111.728 E.03169
G1 X87.248 Y110.746 E.02712
G1 X87.242 Y109.466 E.03532
G1 X87.299 Y108.319 E.03169
G1 X87.392 Y107.341 E.02712
G1 X87.578 Y106.073 E.03534
G1 X87.74 Y105.238 E.02348
G1 X88.044 Y103.994 E.03532
G1 X88.417 Y102.77 E.03531
G1 X88.858 Y101.568 E.03533
G1 X89.189 Y100.783 E.02351
G1 X89.55 Y100.011 E.02351
G1 X90.145 Y98.877 E.03534
G1 X90.803 Y97.778 E.03533
G1 X91.274 Y97.07 E.02349
G1 X92.032 Y96.037 E.03534
G1 X92.762 Y95.149 E.0317
G1 X93.42 Y94.418 E.02714
G1 X94.324 Y93.511 E.03533
G1 X95.277 Y92.656 E.03534
G1 X95.938 Y92.117 E.02353
G1 X96.619 Y91.604 E.02352
G1 X97.677 Y90.88 E.03538
G1 X98.402 Y90.433 E.0235
G1 X99.523 Y89.812 E.03536
G1 X100.676 Y89.255 E.03533
G1 X101.859 Y88.764 E.03535
G1 X102.661 Y88.475 E.02351
G1 X103.885 Y88.096 E.03537
G1 X105 Y87.816 E.03172
G1 X105.966 Y87.62 E.02718
G1 X106.807 Y87.485 E.02352
G1 X108.081 Y87.341 E.03536
G1 X109.36 Y87.269 E.03534
G1 X110.51 Y87.267 E.03173
G1 X111.493 Y87.309 E.02715
G1 X112.769 Y87.429 E.03538
G1 X113.613 Y87.549 E.02351
G1 X114.872 Y87.787 E.03537
G1 X115.989 Y88.062 E.03172
G1 X116.932 Y88.34 E.02715
G1 X118.142 Y88.765 E.03538
G1 X118.932 Y89.084 E.02351
G1 X119.978 Y89.562 E.03174
G1 X120.854 Y90.012 E.02715
G1 X121.962 Y90.653 E.03534
G1 X123.034 Y91.356 E.03535
G1 X123.723 Y91.857 E.0235
G1 X124.724 Y92.657 E.03538
G1 X125.363 Y93.22 E.02349
G1 X126.284 Y94.11 E.03535
G1 X127.153 Y95.05 E.03532
G1 X127.968 Y96.037 E.03531
G1 X128.726 Y97.07 E.03534
G1 X129.197 Y97.778 E.02349
G1 X129.856 Y98.878 E.03536
G1 X130.259 Y99.629 E.02352
G1 X130.633 Y100.394 E.02351
G1 X131.142 Y101.569 E.03533
G1 X131.583 Y102.77 E.0353
G1 X131.956 Y103.995 E.03532
G1 X132.166 Y104.82 E.02349
G1 X132.411 Y106.018 E.03374
G1 E-.7 F2400
;WIPE_START
G1 F5400
G1 X132.423 Y106.075 E-.01754
G1 X132.554 Y106.916 E-.25528
G1 X132.563 Y107.006 E-.02718
;WIPE_END
G17
G3 Z3 I.771 J-.942 P1  F9000
G1 X119.455 Y96.282 Z3
G1 Z2.6
G1 E1 F2700
M204 P2000
;TYPE:Inner wall
;WIDTH:0.449999
G1 F7200
G1 X119.591 Y96.375 E.0049
G1 X120.568 Y97.113 E.03648
G1 X121.139 Y97.603 E.0224
G1 X121.683 Y98.112 E.0222
G1 X122.203 Y98.646 E.0222
G1 X122.586 Y99.075 E.01711
G1 X123.185 Y99.809 E.02823
G1 X123.753 Y100.583 E.0286
G1 X124.059 Y101.048 E.01658
G1 X124.575 Y101.907 E.02984
G1 X124.85 Y102.427 E.01752
G1 X125.353 Y103.499 E.03528
G1 X125.679 Y104.325 E.02646
G1 X125.918 Y105.034 E.02229
G1 X126.097 Y105.653 E.01918
G1 X126.235 Y106.208 E.01703
G1 X126.427 Y107.168 E.02917
G1 X126.59 Y108.31 E.03437
G1 X126.649 Y109.056 E.02229
G1 X126.675 Y109.8 E.02219
G1 X126.667 Y110.545 E.02219
G1 X126.579 Y111.747 E.03589
G1 X126.503 Y112.396 E.01947
G1 X126.378 Y113.134 E.02229
G1 X126.265 Y113.663 E.01612
G1 X126.055 Y114.497 E.02561
G1 X125.846 Y115.182 E.02134
G1 X125.475 Y116.205 E.03241
G1 X125.123 Y117.021 E.02647
G1 X124.792 Y117.692 E.02229
G1 X124.433 Y118.345 E.02219
G1 X123.811 Y119.329 E.0347
G1 X123.235 Y120.123 E.02919
G1 X122.474 Y121.056 E.03588
G1 X121.964 Y121.604 E.0223
G1 X121.572 Y121.991 E.01641
G1 X120.599 Y122.861 E.03888
G1 X120.007 Y123.325 E.0224
G1 X119.401 Y123.759 E.0222
G1 X118.776 Y124.165 E.02221
G1 X117.835 Y124.701 E.03226
G1 X116.95 Y125.139 E.0294
G1 X116.112 Y125.499 E.02716
G1 X115.198 Y125.827 E.02893
G1 X114.623 Y126 E.0179
G1 X113.682 Y126.246 E.02896
G1 X112.873 Y126.409 E.02459
G1 X111.787 Y126.562 E.03266
G1 X111.242 Y126.609 E.0163
G1 X110.293 Y126.656 E.02831
G1 X109.65 Y126.653 E.01915
G1 X109.061 Y126.628 E.01755
G1 X108.109 Y126.542 E.02847
G1 X107.178 Y126.414 E.02799
G1 X106.224 Y126.225 E.02896
G1 X105.654 Y126.08 E.01753
G1 X104.788 Y125.824 E.02689
G1 X104.176 Y125.602 E.01941
G1 X103.284 Y125.242 E.02864
G1 X102.404 Y124.829 E.02895
G1 X101.886 Y124.55 E.01755
G1 X101.377 Y124.253 E.01754
G1 X100.143 Y123.436 E.04408
G1 X99.571 Y122.999 E.02144
G1 X99 Y122.52 E.0222
G1 X97.924 Y121.489 E.04439
G1 X97.422 Y120.938 E.0222
G1 X96.945 Y120.365 E.0222
G1 X96.495 Y119.772 E.0222
G1 X96.071 Y119.159 E.0222
G1 X95.675 Y118.528 E.0222
G1 X95.203 Y117.679 E.02891
G1 X94.813 Y116.881 E.02647
G1 X94.519 Y116.192 E.0223
G1 X94.143 Y115.156 E.03283
G1 X93.95 Y114.516 E.01991
G1 X93.742 Y113.706 E.02492
G1 X93.595 Y112.991 E.02175
G1 X93.475 Y112.241 E.02263
G1 X93.392 Y111.5 E.0222
G1 X93.334 Y110.49 E.03014
G1 X93.328 Y109.64 E.02532
G1 X93.379 Y108.713 E.02766
G1 X93.442 Y108.048 E.0199
G1 X93.585 Y107.063 E.02964
G1 X93.698 Y106.503 E.01702
G1 X93.917 Y105.595 E.0278
G1 X94.13 Y104.881 E.0222
G1 X94.457 Y103.967 E.02891
G1 X94.778 Y103.201 E.02476
G1 X95.022 Y102.683 E.01705
G1 X95.475 Y101.816 E.02913
G1 X95.855 Y101.175 E.0222
G1 X96.265 Y100.553 E.0222
G1 X96.839 Y99.77 E.02892
G1 X97.403 Y99.083 E.02647
G1 X97.877 Y98.562 E.02097
G1 X98.551 Y97.895 E.02825
G1 X99.26 Y97.256 E.02844
G1 X99.719 Y96.887 E.01754
G1 X100.189 Y96.533 E.01753
G1 X101.017 Y95.966 E.02988
G1 X101.929 Y95.423 E.03164
G1 X102.69 Y95.027 E.02555
G1 X103.188 Y94.798 E.01632
G1 X104.061 Y94.433 E.02819
G1 X104.64 Y94.227 E.01829
G1 X105.558 Y93.95 E.02858
G1 X106.362 Y93.745 E.02472
G1 X107.066 Y93.604 E.02139
G1 X107.642 Y93.512 E.01736
G1 X108.623 Y93.4 E.02942
G1 X109.575 Y93.351 E.02838
G1 X110.411 Y93.351 E.02491
G1 X111.097 Y93.381 E.02045
G1 X112.09 Y93.473 E.02971
G1 X112.657 Y93.557 E.01707
G1 X113.594 Y93.732 E.02841
G1 X114.445 Y93.947 E.02613
G1 X115.092 Y94.142 E.02014
G1 X116.019 Y94.465 E.02925
G1 X116.995 Y94.878 E.03156
G1 X117.78 Y95.265 E.02606
G1 X118.434 Y95.628 E.0223
G1 X119.069 Y96.019 E.0222
G1 X119.422 Y96.26 E.01273
G1 X119.223 Y96.624 F9000
M204 P1000
;TYPE:Outer wall
;WIDTH:0.419999
G1 F5400
G1 X119.359 Y96.716 E.00453
G1 X120.317 Y97.442 E.03315
G1 X120.87 Y97.916 E.02011
G1 X121.4 Y98.414 E.02006
G1 X121.907 Y98.934 E.02005
G1 X122.277 Y99.35 E.01534
G1 X122.862 Y100.067 E.02555
G1 X123.416 Y100.824 E.02588
G1 X123.711 Y101.271 E.01478
G1 X124.217 Y102.114 E.02713
G1 X124.483 Y102.618 E.01572
G1 X124.977 Y103.671 E.03208
G1 X125.294 Y104.477 E.0239
G1 X125.526 Y105.166 E.02008
G1 X125.699 Y105.767 E.01725
G1 X125.833 Y106.304 E.01526
G1 X126.021 Y107.243 E.02642
G1 X126.18 Y108.363 E.03122
G1 X126.237 Y109.088 E.02007
G1 X126.262 Y109.814 E.02004
G1 X126.254 Y110.541 E.02005
G1 X126.169 Y111.698 E.03203
G1 X126.092 Y112.351 E.01812
G1 X125.971 Y113.065 E.01999
G1 X125.86 Y113.576 E.01442
G1 X125.655 Y114.392 E.02321
G1 X125.452 Y115.059 E.01925
G1 X125.087 Y116.061 E.02942
G1 X124.743 Y116.856 E.0239
G1 X124.421 Y117.509 E.02008
G1 X124.071 Y118.145 E.02005
G1 X123.468 Y119.098 E.03112
G1 X122.905 Y119.874 E.02643
G1 X122.155 Y120.792 E.0327
G1 X121.662 Y121.322 E.02
G1 X121.282 Y121.696 E.01469
G1 X120.324 Y122.552 E.03546
G1 X119.752 Y123 E.02003
G1 X119.161 Y123.422 E.02006
G1 X118.551 Y123.818 E.02006
G1 X117.924 Y124.186 E.02006
G1 X117.281 Y124.526 E.02006
G1 X116.774 Y124.765 E.01548
G1 X115.953 Y125.117 E.02465
G1 X115.059 Y125.438 E.0262
G1 X114.504 Y125.603 E.01597
G1 X113.584 Y125.844 E.02625
G1 X112.803 Y126.002 E.02197
G1 X111.73 Y126.152 E.02991
G1 X111.207 Y126.197 E.01446
G1 X110.276 Y126.242 E.02572
G1 X109.652 Y126.239 E.01723
G1 X109.082 Y126.215 E.01575
G1 X108.153 Y126.131 E.02573
G1 X107.245 Y126.006 E.02529
G1 X106.309 Y125.821 E.02632
G1 X105.757 Y125.679 E.01573
G1 X104.909 Y125.428 E.0244
G1 X104.317 Y125.213 E.01738
G1 X103.446 Y124.862 E.02591
G1 X102.585 Y124.457 E.02625
G1 X102.083 Y124.186 E.01575
G1 X101.59 Y123.899 E.01574
G1 X100.368 Y123.088 E.04045
G1 X99.821 Y122.669 E.01902
G1 X99.266 Y122.203 E.02
G1 X98.218 Y121.197 E.0401
G1 X97.728 Y120.659 E.02005
G1 X97.263 Y120.101 E.02005
G1 X96.824 Y119.522 E.02005
G1 X96.411 Y118.924 E.02005
G1 X96.025 Y118.308 E.02005
G1 X95.564 Y117.479 E.02618
G1 X95.185 Y116.7 E.0239
G1 X94.899 Y116.03 E.02008
G1 X94.532 Y115.016 E.02977
G1 X94.346 Y114.398 E.0178
G1 X94.143 Y113.605 E.02257
G1 X94 Y112.908 E.01963
G1 X93.884 Y112.176 E.02045
G1 X93.803 Y111.454 E.02005
G1 X93.747 Y110.467 E.02728
G1 X93.741 Y109.64 E.02282
G1 X93.792 Y108.736 E.02498
G1 X93.853 Y108.094 E.01779
G1 X93.994 Y107.127 E.02695
G1 X94.104 Y106.586 E.01526
G1 X94.318 Y105.696 E.02524
G1 X94.526 Y105 E.02005
G1 X94.846 Y104.107 E.02618
G1 X95.159 Y103.361 E.02232
G1 X95.395 Y102.862 E.01522
G1 X95.839 Y102.011 E.02647
G1 X96.211 Y101.387 E.02005
G1 X96.61 Y100.78 E.02005
G1 X97.172 Y100.015 E.02619
G1 X97.723 Y99.346 E.02391
G1 X98.182 Y98.841 E.01885
G1 X98.84 Y98.19 E.02553
G1 X99.533 Y97.567 E.0257
G1 X99.977 Y97.21 E.01574
G1 X100.433 Y96.867 E.01573
G1 X101.245 Y96.31 E.02717
G1 X102.519 Y95.582 E.04049
G1 X103.36 Y95.174 E.0258
G1 X104.217 Y94.816 E.0256
G1 X104.778 Y94.617 E.01643
G1 X105.674 Y94.347 E.02584
G1 X106.456 Y94.148 E.02226
G1 X107.142 Y94.011 E.0193
G1 X107.699 Y93.922 E.01557
G1 X108.662 Y93.812 E.02674
G1 X109.592 Y93.764 E.02569
G1 X110.406 Y93.764 E.02246
G1 X111.071 Y93.793 E.01837
G1 X112.046 Y93.884 E.02701
G1 X112.595 Y93.966 E.01531
G1 X113.514 Y94.138 E.0258
G1 X114.343 Y94.348 E.0236
G1 X114.969 Y94.537 E.01804
G1 X115.876 Y94.854 E.02652
G1 X116.827 Y95.256 E.02849
G1 X117.599 Y95.637 E.02374
G1 X118.233 Y95.99 E.02001
G1 X118.852 Y96.371 E.02006
G1 X119.19 Y96.602 E.01129
G1 E-.7 F2400
;WIPE_START
G1 F5400
G1 X119.359 Y96.716 E-.0612
G1 X119.993 Y97.197 E-.2388
;WIPE_END
G1 Z3 F9000
G1 X126.683 Y95.674
G1 Z3
G1 Z2.6
G1 E1 F2700
M204 P2500
;TYPE:Sparse infill
;WIDTH:0.45
G1 F10800
G1 X125.741 Y94.641 E.04162
G1 X125.575 Y94.481 E.00688
G1 X123.989 Y93.222 E.06031
G1 X123.669 Y92.902 E.01348
G1 X123.418 Y92.586 E.01202
G1 X122.602 Y91.981 E.03026
G1 X121.563 Y91.3 E.037
G1 X120.49 Y90.679 E.03695
G1 X119.647 Y90.246 E.02822
G1 X118.632 Y89.782 E.03325
G1 X117.874 Y89.476 E.02434
G1 X116.699 Y89.064 E.03709
G1 X115.79 Y88.796 E.02823
G1 X114.711 Y88.53 E.03312
G1 X113.489 Y88.298 E.03704
G1 X113.118 Y88.246 E.01117
G1 X114.663 Y89.473 E.05879
G1 X114.983 Y89.793 E.01348
G1 X117.452 Y92.902 E.11825
G1 X117.772 Y93.222 E.01348
G1 X120.881 Y95.69 E.11825
G1 X121.201 Y96.011 E.01348
G1 X123.669 Y99.119 E.11825
G1 X123.989 Y99.439 E.01348
G1 X127.098 Y101.908 E.11825
G1 X127.418 Y102.228 E.01348
G1 X129.887 Y105.337 E.11825
G1 X130.207 Y105.657 E.01348
G1 X131.784 Y106.909 E.05999
G1 X131.935 Y108.254 E.0403
G1 X131.985 Y109.068 E.02429
G1 X132.002 Y110.309 E.03697
G1 X131.95 Y111.549 E.03697
G1 X131.877 Y112.361 E.02428
G1 X131.773 Y113.118 E.02278
G1 X130.207 Y111.874 E.05958
G1 X129.887 Y111.554 E.01348
G1 X127.418 Y108.446 E.11825
G1 X127.098 Y108.126 E.01348
G1 X126.894 Y107.963 E.00777
G1 X126.996 Y109.045 E.03237
G1 X127.021 Y109.807 E.0227
G1 X127.013 Y110.577 E.02294
G1 X126.95 Y111.56 E.02932
G1 X126.844 Y112.455 E.02685
G1 X126.716 Y113.214 E.02294
G1 X126.563 Y113.918 E.02146
G1 X127.098 Y114.343 E.02035
G1 X127.418 Y114.663 E.01348
G1 X129.887 Y117.772 E.11825
G1 X130.207 Y118.092 E.01348
G1 X130.391 Y118.238 E.007
G1 X130.197 Y118.723 E.01555
G1 X129.859 Y119.465 E.02429
G1 X129.293 Y120.57 E.03698
G1 X128.665 Y121.641 E.03698
G1 X128.375 Y122.085 E.01582
G1 X127.418 Y120.881 E.04583
G1 X127.098 Y120.561 E.01348
G1 X124.665 Y118.629 E.09254
G1 X124.326 Y119.183 E.01936
G1 X123.9 Y119.816 E.02273
G1 X123.307 Y120.602 E.02933
G1 X122.727 Y121.292 E.02686
G1 X122.075 Y121.981 E.02826
G1 X123.669 Y123.989 E.07638
G1 X123.989 Y124.31 E.01348
G1 X125.545 Y125.545 E.05918
G1 X124.702 Y126.353 E.03479
G1 X123.751 Y127.159 E.03713
G1 X123.104 Y127.656 E.0243
G1 X122.164 Y128.312 E.03413
G1 X121.201 Y127.098 E.04616
G1 X120.881 Y126.778 E.01348
G1 X118.385 Y124.796 E.09494
G1 X117.614 Y125.208 E.02603
G1 X116.918 Y125.537 E.02294
G1 X116.23 Y125.825 E.0222
G1 X115.3 Y126.158 E.02943
G1 X114.262 Y126.46 E.03219
G1 X114.663 Y126.778 E.01525
G1 X114.983 Y127.098 E.01348
G1 X117.452 Y130.207 E.11825
G1 X117.796 Y130.546 E.0144
G1 X116.894 Y130.872 E.02858
G1 X116.114 Y131.113 E.02431
G1 X114.911 Y131.424 E.03701
G1 X113.697 Y131.666 E.03687
G1 X113.096 Y131.751 E.01808
G1 X111.554 Y130.527 E.05864
G1 X111.234 Y130.207 E.01348
G1 X108.766 Y127.098 E.11825
G1 X108.611 Y126.943 E.00652
G1 X107.629 Y126.839 E.0294
G1 X106.997 Y126.735 E.0191
G1 X93.337 Y124.351 F9000
G1 F10800
G1 X94.115 Y125.209 E.03449
G1 X94.45 Y125.539 E.01402
G1 X96.011 Y126.778 E.05936
G1 X96.331 Y127.098 E.01348
G1 X96.571 Y127.401 E.01154
G1 X96.903 Y127.662 E.01255
G1 X97.568 Y128.135 E.02431
G1 X98.616 Y128.809 E.03713
G1 X99.327 Y129.22 E.02445
G1 X100.052 Y129.604 E.02445
G1 X101.176 Y130.134 E.03701
G1 X102.327 Y130.599 E.037
G1 X103.098 Y130.87 E.02431
G1 X104.292 Y131.227 E.03715
G1 X105.085 Y131.423 E.02431
G1 X106.303 Y131.666 E.03701
G1 X106.873 Y131.747 E.01715
G1 X105.337 Y130.527 E.05843
G1 X105.017 Y130.207 E.01348
G1 X102.548 Y127.098 E.11825
G1 X102.228 Y126.778 E.01348
G1 X99.119 Y124.31 E.11825
G1 X98.799 Y123.989 E.01348
G1 X96.331 Y120.881 E.11825
G1 X96.011 Y120.561 E.01348
G1 X92.902 Y118.092 E.11825
G1 X92.582 Y117.772 E.01348
G1 X90.113 Y114.663 E.11825
G1 X89.793 Y114.343 E.01348
G1 X88.222 Y113.095 E.05976
G1 X88.172 Y112.774 E.00971
G1 X88.06 Y111.669 E.03308
G1 X88.008 Y110.724 E.02819
G1 X88.002 Y109.483 E.03694
G1 X88.057 Y108.374 E.03308
G1 X88.146 Y107.432 E.02819
G1 X88.227 Y106.882 E.01655
G1 X89.793 Y108.126 E.05957
G1 X90.113 Y108.446 E.01348
G1 X92.582 Y111.554 E.11825
G1 X92.902 Y111.874 E.01348
G1 X93.104 Y112.035 E.00769
G1 X93.044 Y111.491 E.0163
G1 X92.982 Y110.367 E.03354
G1 X92.982 Y109.613 E.02246
G1 X93.046 Y108.477 E.03387
G1 X93.132 Y107.716 E.02282
G1 X93.251 Y106.963 E.0227
G1 X93.438 Y106.083 E.02681
G1 X92.902 Y105.657 E.02039
G1 X92.582 Y105.337 E.01348
G1 X90.113 Y102.228 E.11825
G1 X89.793 Y101.908 E.01348
G1 X89.603 Y101.757 E.00722
G1 X89.884 Y101.091 E.02152
G1 X90.23 Y100.348 E.02443
G1 X90.807 Y99.249 E.03698
G1 X91.445 Y98.184 E.03698
G1 X91.625 Y97.914 E.00965
G1 X92.582 Y99.119 E.04584
G1 X92.902 Y99.439 E.01348
G1 X95.336 Y101.373 E.0926
G1 X95.578 Y100.966 E.0141
G1 X95.987 Y100.345 E.02215
G1 X96.573 Y99.549 E.02944
G1 X97.141 Y98.858 E.02665
G1 X97.678 Y98.268 E.02376
G1 X97.928 Y98.022 E.01044
G1 X96.331 Y96.011 E.07651
G1 X96.011 Y95.69 E.01348
G1 X94.455 Y94.455 E.05916
G1 X94.847 Y94.063 E.01652
G1 X95.771 Y93.234 E.03698
G1 X96.407 Y92.715 E.02444
G1 X97.062 Y92.221 E.02444
G1 X97.837 Y91.691 E.02798
G1 X98.799 Y92.902 E.04607
G1 X99.119 Y93.222 E.01348
G1 X101.617 Y95.205 E.09499
G1 X102.555 Y94.707 E.03163
G1 X103.229 Y94.398 E.0221
G1 X103.943 Y94.108 E.02295
G1 X104.683 Y93.846 E.02338
G1 X105.735 Y93.538 E.03266
G1 X105.337 Y93.222 E.01515
G1 X105.017 Y92.902 E.01348
G1 X102.548 Y89.793 E.11825
G1 X102.198 Y89.449 E.01461
G1 X102.902 Y89.195 E.02229
G1 X104.09 Y88.828 E.03704
G1 X105.168 Y88.557 E.03312
G1 X106.102 Y88.368 E.02836
G1 X106.894 Y88.241 E.0239
G1 X108.446 Y89.473 E.05903
G1 X108.766 Y89.793 E.01348
G1 X111.234 Y92.902 E.11825
G1 X111.385 Y93.052 E.00633
G1 X112.192 Y93.136 E.02418
G1 X112.999 Y93.262 E.02432
; stop printing object Генератор.stl id:18446744073679698525 copy 0
;LAYER_CHANGE
;Z:2.8
;HEIGHT:0.2
;BEFORE_LAYER_CHANGE
;2.8
G92 E0

G1 E-.77778 F2400
;WIPE_START
G1 F10800
G1 X112.192 Y93.136 E-.18146
G1 X112.009 Y93.117 E-.04076
;WIPE_END
;_SET_FAN_SPEED_CHANGING_LAYER
; printing object Генератор.stl id:18446744073679698525 copy 0
G17
G3 Z3.2 I-.664 J1.02 P1  F9000
G1 X132.014 Y106.143 Z3.2
G1 Z2.8
G1 E1 F2700
M204 P2000
;TYPE:Inner wall
;WIDTH:0.449999
G1 F7200
G1 X132.015 Y106.146 E.00009
G1 X132.175 Y107.223 E.03243
G1 X132.283 Y108.28 E.03165
G1 X132.331 Y109.121 E.02509
G1 X132.348 Y110.313 E.03551
G1 X132.295 Y111.571 E.0375
G1 X132.221 Y112.4 E.02477
G1 X132.05 Y113.647 E.0375
G1 X131.809 Y114.883 E.0375
G1 X131.612 Y115.69 E.02477
G1 X131.256 Y116.901 E.03758
G1 X130.984 Y117.687 E.02478
G1 X130.515 Y118.859 E.03759
G1 X130.171 Y119.616 E.02477
G1 X129.596 Y120.736 E.03751
G1 X128.959 Y121.823 E.03751
G1 X128.505 Y122.52 E.02478
G1 X127.768 Y123.544 E.03759
G1 X127.25 Y124.196 E.02479
G1 X126.422 Y125.144 E.03752
G1 X125.541 Y126.045 E.03752
G1 X124.932 Y126.612 E.02479
G1 X123.968 Y127.428 E.03761
G1 X123.309 Y127.935 E.02478
G1 X122.275 Y128.656 E.03753
G1 X121.203 Y129.318 E.03753
G1 X120.475 Y129.721 E.02481
G1 X119.441 Y130.235 E.03439
G1 X118.188 Y130.773 E.0406
G1 X117.004 Y131.2 E.03751
G1 X116.208 Y131.446 E.0248
G1 X114.988 Y131.762 E.03754
G1 X113.755 Y132.008 E.03745
G1 X112.507 Y132.184 E.03755
G1 X111.678 Y132.262 E.0248
G1 X110.416 Y132.321 E.03763
G1 X109.581 Y132.321 E.02489
G1 X108.746 Y132.29 E.02488
G1 X107.49 Y132.184 E.03754
G1 X106.245 Y132.008 E.03746
G1 X105.009 Y131.761 E.03754
G1 X104.201 Y131.56 E.0248
G1 X102.993 Y131.199 E.03756
G1 X101.906 Y130.809 E.03439
G1 X101.038 Y130.452 E.02797
G1 X99.991 Y129.96 E.03445
G1 X99.161 Y129.524 E.02795
G1 X98.077 Y128.883 E.03752
G1 X97.116 Y128.242 E.03439
G1 X96.361 Y127.686 E.02794
G1 X95.385 Y126.89 E.03752
G1 X94.531 Y126.113 E.03438
G1 X93.865 Y125.449 E.02803
G1 X93.299 Y124.836 E.02484
G1 X92.488 Y123.872 E.03752
G1 X91.735 Y122.866 E.03743
G1 X91.038 Y121.818 E.03751
G1 X90.61 Y121.104 E.02478
G1 X90.013 Y119.992 E.03759
G1 X89.655 Y119.242 E.02478
G1 X89.165 Y118.081 E.0375
G1 X88.742 Y116.895 E.03751
G1 X88.5 Y116.1 E.02478
G1 X88.213 Y114.979 E.03445
G1 X88.022 Y114.061 E.02793
G1 X87.828 Y112.818 E.03749
G1 X87.713 Y111.67 E.03436
G1 X87.662 Y110.734 E.02792
G1 X87.656 Y109.476 E.03747
G1 X87.721 Y108.219 E.0375
G1 X87.802 Y107.391 E.02477
G1 X87.985 Y106.143 E.03759
G1 X88.145 Y105.327 E.02477
G1 X88.443 Y104.104 E.0375
G1 X88.809 Y102.901 E.03744
G1 X89.205 Y101.818 E.03436
G1 X89.568 Y100.95 E.02802
G1 X89.92 Y100.195 E.02483
G1 X90.506 Y99.08 E.03751
G1 X91.153 Y97.999 E.03751
G1 X91.613 Y97.307 E.02478
G1 X92.359 Y96.292 E.03751
G1 X93.158 Y95.322 E.03743
G1 X94.013 Y94.397 E.03752
G1 X94.607 Y93.813 E.0248
G1 X95.467 Y93.039 E.03447
G1 X96.194 Y92.442 E.02803
G1 X96.86 Y91.94 E.02485
G1 X97.9 Y91.229 E.03753
G1 X98.979 Y90.577 E.03753
G1 X99.71 Y90.181 E.0248
G1 X100.845 Y89.633 E.03754
G1 X102.009 Y89.15 E.03753
G1 X102.792 Y88.867 E.0248
G1 X103.997 Y88.495 E.03755
G1 X105.117 Y88.214 E.0344
G1 X106.039 Y88.027 E.02804
G1 X106.863 Y87.895 E.02486
G1 X108.116 Y87.754 E.03754
G1 X109.372 Y87.683 E.03747
G1 X110.527 Y87.681 E.0344
G1 X111.464 Y87.722 E.02796
G1 X112.718 Y87.84 E.03751
G1 X113.964 Y88.028 E.03754
G1 X114.781 Y88.191 E.0248
G1 X116.007 Y88.495 E.03763
G1 X116.804 Y88.734 E.0248
G1 X117.996 Y89.152 E.03762
G1 X118.769 Y89.464 E.02481
G1 X119.821 Y89.946 E.03448
G1 X120.656 Y90.375 E.02795
G1 X121.745 Y91.005 E.0375
G1 X122.798 Y91.697 E.03753
G1 X123.472 Y92.185 E.02479
G1 X124.458 Y92.974 E.03761
G1 X125.083 Y93.524 E.02479
G1 X125.989 Y94.399 E.03752
G1 X126.842 Y95.322 E.03744
G1 X127.578 Y96.212 E.03438
G1 X128.142 Y96.96 E.02793
G1 X128.849 Y98.002 E.03748
G1 X129.496 Y99.082 E.03751
G1 X129.891 Y99.818 E.02486
G1 X130.258 Y100.567 E.02486
G1 X130.758 Y101.723 E.03751
G1 X131.191 Y102.902 E.03742
G1 X131.558 Y104.106 E.0375
G1 X131.763 Y104.912 E.02478
G1 X132.006 Y106.104 E.03623
G1 X132.42 Y106.06 F9000
M204 P1000
;TYPE:Outer wall
;WIDTH:0.419999
G1 F5400
G1 X132.422 Y106.074 E.00039
G1 X132.584 Y107.163 E.03036
G1 X132.696 Y108.255 E.0303
G1 X132.745 Y109.116 E.02378
G1 X132.762 Y110.319 E.03322
G1 X132.708 Y111.599 E.03533
G1 X132.632 Y112.446 E.02348
G1 X132.458 Y113.714 E.03533
G1 X132.213 Y114.971 E.03533
G1 X132.012 Y115.798 E.02348
G1 X131.65 Y117.027 E.03535
G1 X131.371 Y117.831 E.02349
G1 X130.896 Y119.021 E.03536
G1 X130.543 Y119.796 E.02348
G1 X129.959 Y120.935 E.03533
G1 X129.311 Y122.04 E.03533
G1 X128.846 Y122.753 E.02349
G1 X128.097 Y123.793 E.03536
G1 X127.568 Y124.46 E.0235
G1 X126.725 Y125.425 E.03534
G1 X125.83 Y126.341 E.03535
G1 X125.207 Y126.921 E.02349
G1 X124.228 Y127.75 E.03538
G1 X123.553 Y128.269 E.02349
G1 X122.503 Y129.002 E.03536
G1 X121.412 Y129.675 E.03535
G1 X120.667 Y130.088 E.0235
G1 X119.614 Y130.61 E.03243
G1 X118.34 Y131.157 E.03826
G1 X117.135 Y131.593 E.03535
G1 X116.321 Y131.844 E.02351
G1 X115.08 Y132.165 E.03536
G1 X113.825 Y132.415 E.03533
G1 X112.555 Y132.595 E.03537
G1 X111.707 Y132.675 E.0235
G1 X110.426 Y132.735 E.03539
G1 X109.573 Y132.735 E.02353
G1 X108.721 Y132.703 E.02353
G1 X107.444 Y132.595 E.03536
G1 X106.176 Y132.415 E.03534
G1 X104.919 Y132.165 E.03536
G1 X104.092 Y131.959 E.0235
G1 X102.864 Y131.592 E.03537
G1 X101.758 Y131.195 E.03243
G1 X100.872 Y130.83 E.02644
G1 X99.807 Y130.331 E.03244
G1 X98.959 Y129.885 E.02644
G1 X97.856 Y129.233 E.03535
G1 X96.879 Y128.58 E.03242
G1 X96.107 Y128.013 E.02643
G1 X95.114 Y127.203 E.03535
G1 X94.246 Y126.412 E.03241
G1 X93.567 Y125.735 E.02645
G1 X92.989 Y125.11 E.02351
G1 X92.164 Y124.129 E.03534
G1 X91.397 Y123.105 E.03531
G1 X90.688 Y122.038 E.03534
G1 X90.251 Y121.308 E.02349
G1 X89.644 Y120.179 E.03536
G1 X89.277 Y119.411 E.02349
G1 X88.78 Y118.231 E.03533
G1 X88.35 Y117.025 E.03533
G1 X88.102 Y116.211 E.02348
G1 X87.81 Y115.073 E.03243
G1 X87.616 Y114.135 E.02641
G1 X87.418 Y112.87 E.03532
G1 X87.3 Y111.702 E.0324
G1 X87.248 Y110.746 E.02641
G1 X87.242 Y109.466 E.03532
G1 X87.308 Y108.188 E.03533
G1 X87.392 Y107.341 E.02348
G1 X87.578 Y106.073 E.03535
G1 X87.74 Y105.238 E.02348
G1 X88.044 Y103.994 E.03532
G1 X88.417 Y102.77 E.03531
G1 X88.82 Y101.667 E.0324
G1 X89.19 Y100.783 E.02644
G1 X89.55 Y100.011 E.0235
G1 X90.145 Y98.877 E.03534
G1 X90.803 Y97.778 E.03533
G1 X91.274 Y97.07 E.02349
G1 X92.032 Y96.037 E.03533
G1 X92.847 Y95.05 E.03532
G1 X93.716 Y94.109 E.03534
G1 X94.323 Y93.512 E.0235
G1 X95.197 Y92.725 E.03244
G1 X95.938 Y92.117 E.02646
G1 X96.619 Y91.604 E.02351
G1 X97.676 Y90.881 E.03535
G1 X98.773 Y90.218 E.03535
G1 X99.522 Y89.812 E.0235
G1 X100.676 Y89.255 E.03536
G1 X101.859 Y88.764 E.03535
G1 X102.661 Y88.475 E.02351
G1 X103.885 Y88.096 E.03537
G1 X105.025 Y87.811 E.03243
G1 X105.966 Y87.62 E.02647
G1 X106.807 Y87.485 E.02353
G1 X108.081 Y87.341 E.03536
G1 X109.36 Y87.269 E.03534
G1 X110.535 Y87.267 E.03244
G1 X111.493 Y87.309 E.02644
G1 X112.768 Y87.429 E.03535
G1 X114.035 Y87.621 E.03536
G1 X114.871 Y87.787 E.02351
G1 X116.116 Y88.096 E.03539
G1 X116.932 Y88.34 E.0235
G1 X118.142 Y88.765 E.03539
G1 X118.932 Y89.084 E.02351
G1 X120.002 Y89.574 E.03245
G1 X120.854 Y90.011 E.02644
G1 X121.962 Y90.653 E.03535
G1 X123.034 Y91.356 E.03535
G1 X123.723 Y91.856 E.0235
G1 X124.724 Y92.657 E.03538
G1 X125.363 Y93.22 E.02349
G1 X126.284 Y94.11 E.03534
G1 X127.153 Y95.05 E.03532
G1 X127.902 Y95.955 E.03242
G1 X128.479 Y96.72 E.02642
G1 X129.198 Y97.779 E.03533
G1 X129.856 Y98.878 E.03533
G1 X130.259 Y99.629 E.02351
G1 X130.633 Y100.394 E.02351
G1 X131.142 Y101.569 E.03533
G1 X131.583 Y102.77 E.0353
G1 X131.956 Y103.995 E.03532
G1 X132.166 Y104.82 E.02349
G1 X132.412 Y106.021 E.03383
G1 E-.7 F2400
;WIPE_START
G1 F5400
G1 X132.422 Y106.074 E-.01629
G1 X132.561 Y107.01 E-.28371
;WIPE_END
G17
G3 Z3.2 I.77 J-.943 P1  F9000
G1 X119.307 Y96.187 Z3.2
G1 Z2.8
G1 E1 F2700
M204 P2000
;TYPE:Inner wall
;WIDTH:0.449999
G1 F7200
G1 X119.617 Y96.393 E.01107
G1 X120.053 Y96.713 E.01611
G1 X120.837 Y97.339 E.02988
G1 X121.264 Y97.72 E.01705
G1 X121.946 Y98.376 E.0282
G1 X122.454 Y98.921 E.0222
G1 X122.938 Y99.489 E.02221
G1 X123.574 Y100.326 E.03132
G1 X124.039 Y101.009 E.0246
G1 X124.591 Y101.934 E.03209
G1 X124.854 Y102.432 E.01675
G1 X125.112 Y102.968 E.01772
G1 X125.5 Y103.859 E.02896
G1 X125.765 Y104.569 E.02258
G1 X126.025 Y105.388 E.0256
G1 X126.216 Y106.111 E.02227
G1 X126.373 Y106.84 E.02219
G1 X126.498 Y107.574 E.02219
G1 X126.591 Y108.313 E.0222
G1 X126.661 Y109.352 E.031
G1 X126.675 Y110.173 E.02446
G1 X126.651 Y110.917 E.02219
G1 X126.604 Y111.543 E.0187
G1 X126.503 Y112.397 E.0256
G1 X126.378 Y113.134 E.02228
G1 X126.133 Y114.217 E.03307
G1 X125.926 Y114.94 E.02239
G1 X125.684 Y115.662 E.02268
G1 X125.277 Y116.678 E.0326
G1 X125.044 Y117.18 E.0165
G1 X124.616 Y118.02 E.02808
G1 X124.242 Y118.665 E.0222
G1 X123.84 Y119.292 E.0222
G1 X123.411 Y119.901 E.0222
G1 X122.846 Y120.613 E.02705
G1 X122.221 Y121.334 E.02843
G1 X121.548 Y122.012 E.02844
G1 X121.152 Y122.38 E.0161
G1 X120.388 Y123.029 E.02987
G1 X119.933 Y123.376 E.01705
G1 X119.124 Y123.942 E.0294
G1 X118.456 Y124.357 E.02342
G1 X117.805 Y124.721 E.02221
G1 X117.139 Y125.055 E.02221
G1 X116.458 Y125.358 E.02221
G1 X115.764 Y125.631 E.02222
G1 X114.709 Y125.98 E.0331
G1 X113.982 Y126.176 E.02241
G1 X113.254 Y126.338 E.02222
G1 X112.274 Y126.502 E.0296
G1 X111.412 Y126.598 E.02583
G1 X110.665 Y126.645 E.0223
G1 X109.92 Y126.658 E.02221
G1 X109.158 Y126.637 E.02269
G1 X108.067 Y126.546 E.03263
G1 X107.321 Y126.442 E.02241
G1 X106.588 Y126.306 E.02221
G1 X105.862 Y126.137 E.02221
G1 X105.144 Y125.936 E.02221
G1 X104.436 Y125.703 E.02221
G1 X103.926 Y125.512 E.01621
G1 X103.293 Y125.246 E.02045
G1 X102.492 Y124.872 E.02632
G1 X101.412 Y124.279 E.03673
G1 X100.775 Y123.877 E.02241
G1 X100.163 Y123.451 E.02221
G1 X99.288 Y122.767 E.03309
G1 X98.723 Y122.271 E.0224
G1 X98.184 Y121.755 E.02221
G1 X97.427 Y120.943 E.03309
G1 X96.945 Y120.365 E.0224
G1 X96.495 Y119.772 E.0222
G1 X96.071 Y119.159 E.0222
G1 X95.675 Y118.527 E.0222
G1 X95.138 Y117.555 E.03308
G1 X94.812 Y116.878 E.02239
G1 X94.519 Y116.192 E.0222
G1 X94.141 Y115.148 E.03308
G1 X93.951 Y114.52 E.01955
G1 X93.742 Y113.706 E.02503
G1 X93.594 Y112.986 E.02191
G1 X93.475 Y112.241 E.02247
G1 X93.392 Y111.5 E.0222
G1 X93.334 Y110.491 E.03011
G1 X93.328 Y109.625 E.02578
G1 X93.386 Y108.591 E.03087
G1 X93.442 Y108.054 E.01607
G1 X93.585 Y107.063 E.02983
G1 X93.698 Y106.503 E.01702
G1 X93.917 Y105.595 E.0278
G1 X94.13 Y104.881 E.0222
G1 X94.465 Y103.946 E.02958
G1 X94.779 Y103.198 E.02419
G1 X95.022 Y102.683 E.01696
G1 X95.475 Y101.816 E.02913
G1 X95.856 Y101.175 E.0222
G1 X96.296 Y100.521 E.02349
G1 X96.857 Y99.749 E.02842
G1 X97.405 Y99.081 E.02575
G1 X97.907 Y98.529 E.0222
G1 X98.432 Y98.001 E.0222
G1 X98.981 Y97.496 E.0222
G1 X99.551 Y97.016 E.0222
G1 X100.155 Y96.553 E.02269
G1 X101.03 Y95.958 E.0315
G1 X101.705 Y95.548 E.02352
G1 X102.354 Y95.195 E.022
G1 X103.045 Y94.859 E.02289
G1 X104.055 Y94.436 E.03263
G1 X104.64 Y94.227 E.01849
G1 X105.477 Y93.965 E.02613
G1 X106.199 Y93.779 E.02221
G1 X106.929 Y93.626 E.02222
G1 X107.674 Y93.512 E.02245
G1 X108.623 Y93.4 E.02847
G1 X109.521 Y93.348 E.0268
G1 X110.451 Y93.352 E.0277
G1 X111.096 Y93.381 E.01922
G1 X112.074 Y93.471 E.02926
G1 X112.863 Y93.588 E.02375
G1 X113.594 Y93.732 E.02221
G1 X114.318 Y93.909 E.02221
G1 X115.034 Y94.118 E.02221
G1 X115.74 Y94.359 E.02221
G1 X116.434 Y94.631 E.02221
G1 X117.116 Y94.934 E.02221
G1 X118 Y95.387 E.0296
G1 X118.766 Y95.828 E.02632
G1 X119.274 Y96.165 E.01817
G1 X119.079 Y96.532 F9000
M204 P1000
;TYPE:Outer wall
;WIDTH:0.419999
G1 F5400
G1 X119.388 Y96.738 E.01026
G1 X119.805 Y97.044 E.01428
G1 X120.575 Y97.658 E.02717
G1 X120.988 Y98.027 E.01528
G1 X121.656 Y98.671 E.02561
G1 X122.152 Y99.203 E.02005
G1 X122.623 Y99.757 E.02006
G1 X123.245 Y100.576 E.02838
G1 X123.691 Y101.231 E.02186
G1 X124.235 Y102.146 E.02938
G1 X124.487 Y102.624 E.0149
G1 X124.738 Y103.144 E.01593
G1 X125.117 Y104.017 E.02627
G1 X125.376 Y104.711 E.02043
G1 X125.63 Y105.513 E.02323
G1 X125.816 Y106.217 E.02007
G1 X125.969 Y106.927 E.02005
G1 X126.091 Y107.643 E.02004
G1 X126.18 Y108.364 E.02005
G1 X126.249 Y109.38 E.02808
G1 X126.262 Y110.177 E.02202
G1 X126.238 Y110.903 E.02004
G1 X126.191 Y111.512 E.01683
G1 X126.092 Y112.348 E.02323
G1 X125.971 Y113.065 E.02008
G1 X125.73 Y114.125 E.03
G1 X125.529 Y114.826 E.0201
G1 X125.295 Y115.519 E.02018
G1 X124.893 Y116.524 E.02987
G1 X124.249 Y117.829 E.04014
G1 X123.885 Y118.457 E.02005
G1 X123.492 Y119.069 E.02005
G1 X123.073 Y119.663 E.02006
G1 X122.523 Y120.356 E.02442
G1 X121.912 Y121.059 E.0257
G1 X121.255 Y121.72 E.02571
G1 X120.876 Y122.072 E.01428
G1 X120.125 Y122.709 E.02716
G1 X119.685 Y123.045 E.01528
G1 X118.892 Y123.601 E.02673
G1 X118.239 Y124.005 E.02118
G1 X117.604 Y124.359 E.02006
G1 X116.954 Y124.685 E.02006
G1 X116.29 Y124.98 E.02006
G1 X115.613 Y125.246 E.02007
G1 X114.576 Y125.588 E.03011
G1 X113.875 Y125.777 E.02004
G1 X113.165 Y125.934 E.02007
G1 X112.206 Y126.094 E.02681
G1 X111.367 Y126.187 E.02331
G1 X110.64 Y126.232 E.02009
G1 X109.913 Y126.244 E.02006
G1 X109.181 Y126.224 E.0202
G1 X108.101 Y126.134 E.0299
G1 X107.379 Y126.032 E.02012
G1 X106.664 Y125.899 E.02006
G1 X105.956 Y125.734 E.02006
G1 X105.256 Y125.538 E.02006
G1 X104.565 Y125.311 E.02006
G1 X104.072 Y125.125 E.01453
G1 X103.455 Y124.866 E.01846
G1 X102.673 Y124.5 E.02382
G1 X101.613 Y123.917 E.03339
G1 X100.996 Y123.528 E.02012
G1 X100.4 Y123.112 E.02007
G1 X99.543 Y122.441 E.03002
G1 X98.995 Y121.961 E.02011
G1 X98.471 Y121.457 E.02006
G1 X97.73 Y120.661 E.03001
G1 X97.263 Y120.101 E.02011
G1 X96.824 Y119.522 E.02005
G1 X96.411 Y118.924 E.02005
G1 X96.025 Y118.308 E.02006
G1 X95.5 Y117.356 E.03001
G1 X95.185 Y116.699 E.02011
G1 X94.899 Y116.03 E.02005
G1 X94.529 Y115.008 E.03
G1 X94.348 Y114.401 E.01747
G1 X94.143 Y113.605 E.02267
G1 X93.999 Y112.903 E.01978
G1 X93.884 Y112.176 E.02031
G1 X93.803 Y111.454 E.02005
G1 X93.747 Y110.468 E.02725
G1 X93.741 Y109.636 E.02296
G1 X93.798 Y108.614 E.02824
G1 X93.853 Y108.1 E.01425
G1 X93.994 Y107.127 E.02712
G1 X94.104 Y106.586 E.01525
G1 X94.318 Y105.696 E.02524
G1 X94.527 Y105 E.02005
G1 X94.854 Y104.086 E.02679
G1 X95.16 Y103.358 E.02179
G1 X95.395 Y102.862 E.01514
G1 X95.839 Y102.011 E.02647
G1 X96.211 Y101.387 E.02006
G1 X96.639 Y100.752 E.02112
G1 X97.187 Y99.999 E.02569
G1 X97.723 Y99.345 E.02334
G1 X98.212 Y98.808 E.02005
G1 X98.725 Y98.292 E.02005
G1 X99.26 Y97.801 E.02006
G1 X99.817 Y97.333 E.02006
G1 X100.398 Y96.888 E.02019
G1 X101.262 Y96.3 E.02886
G1 X101.918 Y95.902 E.02115
G1 X102.551 Y95.559 E.01987
G1 X103.215 Y95.236 E.02038
G1 X104.215 Y94.817 E.0299
G1 X104.778 Y94.617 E.01649
G1 X105.597 Y94.361 E.02369
G1 X106.302 Y94.18 E.02006
G1 X107.014 Y94.031 E.02007
G1 X107.736 Y93.921 E.02016
G1 X108.662 Y93.812 E.02574
G1 X109.542 Y93.761 E.02431
G1 X110.449 Y93.766 E.02502
G1 X111.07 Y93.793 E.01716
G1 X112.03 Y93.882 E.0266
G1 X112.8 Y93.997 E.02149
G1 X113.514 Y94.138 E.02006
G1 X114.22 Y94.311 E.02006
G1 X114.918 Y94.515 E.02006
G1 X115.606 Y94.75 E.02006
G1 X116.283 Y95.016 E.02006
G1 X116.947 Y95.311 E.02007
G1 X117.811 Y95.755 E.02678
G1 X118.548 Y96.179 E.02347
G1 X119.045 Y96.51 E.01647
G1 E-.7 F2400
;WIPE_START
G1 F5400
G1 X119.388 Y96.738 E-.12352
G1 X119.805 Y97.044 E-.1553
G1 X119.861 Y97.088 E-.02118
;WIPE_END
G1 Z3.2 F9000
G1 X121.578 Y91.31
G1 Z3.2
G1 Z2.8
G1 E1 F2700
M204 P2500
;TYPE:Sparse infill
;WIDTH:0.45
G1 F10800
G1 X122.602 Y91.981 E.03646
G1 X122.929 Y92.219 E.01204
G1 X123.316 Y92.902 E.02338
G1 X123.989 Y93.575 E.02838
G1 X125.557 Y94.464 E.05368
G1 X125.741 Y94.641 E.00761
G1 X126.667 Y95.654 E.04089
G1 X112.626 Y93.202 F9000
G1 F10800
G1 X112.165 Y93.133 E.01388
G1 X111.008 Y93.029 E.03461
G1 X110.881 Y92.902 E.00534
G1 X109.119 Y89.793 E.10643
G1 X108.446 Y89.119 E.02838
G1 X106.894 Y88.24 E.05311
G1 X106.101 Y88.368 E.02393
G1 X105.193 Y88.552 E.0276
G1 X104.09 Y88.828 E.03388
G1 X102.902 Y89.195 E.03703
G1 X102.462 Y89.354 E.01392
G1 X102.902 Y89.793 E.0185
G1 X104.663 Y92.902 E.10643
G1 X105.337 Y93.575 E.02838
G1 X105.42 Y93.622 E.00283
G1 X104.651 Y93.856 E.02393
G1 X103.942 Y94.108 E.02242
G1 X102.923 Y94.535 E.03291
G1 X102.229 Y94.87 E.02296
G1 X101.808 Y95.099 E.01427
G1 X99.119 Y93.575 E.09204
G1 X98.446 Y92.902 E.02838
G1 X97.781 Y91.729 E.04015
G1 X97.062 Y92.221 E.02595
G1 X96.408 Y92.714 E.02439
G1 X95.692 Y93.302 E.02759
G1 X94.844 Y94.065 E.034
G1 X94.45 Y94.453 E.01646
G1 X96.011 Y95.337 E.05342
G1 X96.684 Y96.011 E.02838
G1 X97.86 Y98.085 E.07104
G1 X97.157 Y98.839 E.03069
G1 X96.656 Y99.443 E.02338
G1 X96.209 Y100.031 E.02201
G1 X95.561 Y100.993 E.03455
G1 X95.425 Y101.223 E.00795
G1 X92.902 Y99.793 E.08638
G1 X92.228 Y99.119 E.02838
G1 X91.582 Y97.979 E.03905
G1 X90.807 Y99.249 E.04432
G1 X90.23 Y100.348 E.03698
G1 X89.71 Y101.507 E.03785
G1 X89.793 Y101.554 E.00284
G1 X90.467 Y102.228 E.02838
G1 X92.228 Y105.337 E.10643
G1 X92.902 Y106.01 E.02838
G1 X93.39 Y106.287 E.01671
G1 X93.246 Y106.991 E.0214
G1 X93.132 Y107.716 E.02187
G1 X93.044 Y108.508 E.02373
G1 X92.982 Y109.614 E.03299
G1 X92.983 Y110.407 E.02364
G1 X93.046 Y111.526 E.03337
G1 X93.146 Y112.366 E.0252
G1 X92.902 Y112.228 E.00835
G1 X92.228 Y111.554 E.02838
G1 X90.467 Y108.446 E.10643
G1 X89.793 Y107.772 E.02838
G1 X88.227 Y106.884 E.05363
G1 X88.146 Y107.434 E.01653
G1 X88.066 Y108.245 E.02428
G1 X88.002 Y109.484 E.03697
G1 X88.008 Y110.724 E.03692
G1 X88.058 Y111.643 E.02743
G1 X88.172 Y112.774 E.03384
G1 X88.223 Y113.1 E.00983
G1 X89.793 Y113.99 E.05377
G1 X90.467 Y114.663 E.02838
G1 X92.228 Y117.772 E.10643
G1 X92.902 Y118.446 E.02838
G1 X96.011 Y120.207 E.10643
G1 X96.684 Y120.881 E.02838
G1 X98.446 Y123.989 E.10643
G1 X99.119 Y124.663 E.02838
G1 X102.228 Y126.425 E.10643
G1 X102.902 Y127.098 E.02838
G1 X104.663 Y130.207 E.10643
G1 X105.337 Y130.881 E.02838
G1 X106.863 Y131.746 E.05226
G1 X107.529 Y131.84 E.02003
G1 X108.482 Y131.92 E.02848
G1 X107.373 Y126.798 F9000
G1 F10800
G1 X108.029 Y126.89 E.01973
G1 X108.991 Y126.97 E.02878
G1 X109.119 Y127.098 E.00538
G1 X110.881 Y130.207 E.10643
G1 X111.554 Y130.881 E.02838
G1 X113.092 Y131.752 E.05264
G1 X113.697 Y131.666 E.0182
G1 X114.911 Y131.424 E.03687
G1 X116.114 Y131.113 E.03701
G1 X116.894 Y130.872 E.02432
G1 X117.533 Y130.642 E.02023
G1 X117.098 Y130.207 E.0183
G1 X115.337 Y127.098 E.10643
G1 X114.663 Y126.425 E.02838
G1 X114.575 Y126.375 E.00301
G1 X115.867 Y125.963 E.04038
G1 X116.586 Y125.68 E.02304
G1 X117.259 Y125.38 E.02193
G1 X118.192 Y124.901 E.03125
G1 X120.881 Y126.425 E.09205
G1 X121.554 Y127.098 E.02838
G1 X122.22 Y128.273 E.04022
G1 X123.104 Y127.656 E.03212
G1 X123.751 Y127.159 E.0243
G1 X124.702 Y126.353 E.03713
G1 X125.546 Y125.545 E.0348
G1 X123.989 Y124.663 E.05328
G1 X123.316 Y123.989 E.02838
G1 X122.137 Y121.909 E.07123
G1 X122.477 Y121.567 E.01436
G1 X122.989 Y120.99 E.02298
G1 X123.664 Y120.14 E.03235
G1 X124.116 Y119.503 E.02324
G1 X124.577 Y118.778 E.02559
G1 X127.098 Y120.207 E.08633
G1 X127.772 Y120.881 E.02838
G1 X128.417 Y122.02 E.03901
G1 X128.665 Y121.641 E.01349
G1 X129.293 Y120.57 E.03698
G1 X129.859 Y119.465 E.03698
G1 X130.289 Y118.492 E.03169
G1 X130.207 Y118.446 E.00282
G1 X129.533 Y117.772 E.02838
G1 X127.772 Y114.663 E.10643
G1 X127.098 Y113.99 E.02838
G1 X126.603 Y113.709 E.01695
G1 X126.715 Y113.215 E.01509
G1 X126.84 Y112.479 E.02222
G1 X126.948 Y111.583 E.0269
G1 X126.996 Y110.939 E.01924
G1 X127.021 Y110.203 E.02194
G1 X127.013 Y109.444 E.02261
G1 X126.936 Y108.292 E.03439
G1 X126.855 Y107.634 E.01973
G1 X127.098 Y107.772 E.00832
G1 X127.772 Y108.446 E.02838
G1 X129.533 Y111.554 E.10643
G1 X130.207 Y112.228 E.02838
G1 X131.774 Y113.116 E.05364
G1 X131.877 Y112.361 E.0227
G1 X131.95 Y111.549 E.02428
G1 X132.002 Y110.309 E.03697
G1 X131.985 Y109.068 E.03697
G1 X131.935 Y108.251 E.02438
G1 X131.841 Y107.33 E.02756
G1 X131.777 Y106.9 E.01295
G1 X130.207 Y106.01 E.05375
G1 X129.533 Y105.337 E.02838
G1 X127.772 Y102.228 E.10643
G1 X127.098 Y101.554 E.02838
G1 X123.989 Y99.793 E.10643
G1 X123.316 Y99.119 E.02838
G1 X121.554 Y96.011 E.10643
G1 X120.881 Y95.337 E.02838
G1 X117.772 Y93.575 E.10643
G1 X117.098 Y92.902 E.02838
G1 X115.337 Y89.793 E.10643
G1 X114.663 Y89.119 E.02838
G1 X113.133 Y88.252 E.05238
G1 X112.676 Y88.183 E.01377
G1 X111.515 Y88.074 E.03473
G1 E-.77778 F2400
;WIPE_START
G1 F10800
G1 X112.511 Y88.168 E-.22222
;WIPE_END
G17
G3 Z3.2 I-1.075 J-.57 P1  F9000
G1 X93.336 Y124.343 Z3.2
G1 Z2.8
G1 E1 F2700
G1 F10800
G1 X94.114 Y125.208 E.03466
G1 X94.443 Y125.536 E.01383
G1 X96.011 Y126.425 E.05367
G1 X96.684 Y127.098 E.02838
G1 X97.069 Y127.777 E.02325
G1 X97.315 Y127.958 E.0091
G1 X98.421 Y128.684 E.0394
; stop printing object Генератор.stl id:18446744073679698525 copy 0
;LAYER_CHANGE
;Z:3
;HEIGHT:0.2
;BEFORE_LAYER_CHANGE
;3
G92 E0

G1 E-.77778 F2400
;WIPE_START
G1 F10800
G1 X97.585 Y128.135 E-.22222
;WIPE_END
;_SET_FAN_SPEED_CHANGING_LAYER
; printing object Генератор.stl id:18446744073679698525 copy 0
G17
G3 Z3.4 I.655 J1.026 P1  F9000
G1 X132.012 Y106.146 Z3.4
G1 Z3
G1 E1 F2700
M204 P2000
;TYPE:Inner wall
;WIDTH:0.449999
G1 F7200
G1 X132.026 Y106.214 E.00207
G1 X132.151 Y107.036 E.02477
G1 X132.281 Y108.237 E.03597
G1 X132.331 Y109.121 E.02638
G1 X132.348 Y110.313 E.03551
G1 X132.295 Y111.571 E.0375
G1 X132.221 Y112.4 E.02477
G1 X132.05 Y113.647 E.0375
G1 X131.809 Y114.883 E.0375
G1 X131.612 Y115.69 E.02477
G1 X131.256 Y116.901 E.03759
G1 X130.984 Y117.687 E.02477
G1 X130.515 Y118.859 E.03759
G1 X130.171 Y119.616 E.02477
G1 X129.596 Y120.736 E.03751
G1 X128.959 Y121.823 E.03751
G1 X128.505 Y122.52 E.02478
G1 X127.768 Y123.544 E.0376
G1 X127.25 Y124.196 E.02479
G1 X126.422 Y125.144 E.03752
G1 X125.541 Y126.045 E.03752
G1 X124.932 Y126.612 E.02479
G1 X123.968 Y127.428 E.03761
G1 X123.309 Y127.935 E.02478
G1 X122.275 Y128.656 E.03753
G1 X121.203 Y129.318 E.03753
G1 X120.475 Y129.721 E.0248
G1 X119.346 Y130.279 E.03753
G1 X118.189 Y130.772 E.03745
G1 X117.007 Y131.2 E.03745
G1 X115.799 Y131.56 E.03755
G1 X114.991 Y131.761 E.0248
G1 X113.755 Y132.008 E.03754
G1 X112.507 Y132.184 E.03754
G1 X111.678 Y132.262 E.02481
G1 X110.496 Y132.319 E.03525
G1 X109.58 Y132.321 E.02728
G1 X108.746 Y132.29 E.02486
G1 X107.49 Y132.184 E.03755
G1 X106.245 Y132.008 E.03745
G1 X105.009 Y131.761 E.03754
G1 X104.201 Y131.56 E.0248
G1 X102.991 Y131.199 E.03763
G1 X102.205 Y130.923 E.02479
G1 X101.037 Y130.451 E.03753
G1 X99.9 Y129.915 E.03746
G1 X98.792 Y129.315 E.03753
G1 X98.079 Y128.885 E.02479
G1 X97.03 Y128.182 E.03762
G1 X96.361 Y127.687 E.02479
G1 X95.385 Y126.89 E.03754
G1 X94.513 Y126.095 E.03514
G1 X93.867 Y125.45 E.02719
G1 X93.072 Y124.576 E.0352
G1 X92.49 Y123.874 E.02717
G1 X91.735 Y122.866 E.0375
G1 X91.081 Y121.885 E.03513
G1 X90.61 Y121.103 E.02717
G1 X90.013 Y119.992 E.03757
G1 X89.655 Y119.242 E.02478
G1 X89.165 Y118.081 E.03751
G1 X88.742 Y116.895 E.03751
G1 X88.5 Y116.1 E.02477
G1 X88.189 Y114.877 E.03759
G1 X88.023 Y114.062 E.02477
G1 X87.828 Y112.818 E.03751
G1 X87.711 Y111.645 E.03512
G1 X87.662 Y110.734 E.02716
G1 X87.656 Y109.476 E.03749
G1 X87.715 Y108.298 E.03512
G1 X87.803 Y107.391 E.02716
G1 X87.985 Y106.143 E.03756
G1 X88.145 Y105.327 E.02477
G1 X88.443 Y104.103 E.0375
G1 X88.809 Y102.902 E.03741
G1 X89.243 Y101.72 E.03751
G1 X89.567 Y100.951 E.02486
G1 X89.92 Y100.195 E.02486
G1 X90.506 Y99.08 E.03751
G1 X91.153 Y97.999 E.03751
G1 X91.613 Y97.307 E.02478
G1 X92.359 Y96.292 E.03751
G1 X93.158 Y95.322 E.03743
G1 X94.013 Y94.397 E.03752
G1 X94.606 Y93.813 E.02479
G1 X95.546 Y92.971 E.03761
G1 X96.194 Y92.443 E.02488
G1 X96.86 Y91.94 E.02487
G1 X97.903 Y91.227 E.03762
G1 X98.611 Y90.79 E.02479
G1 X99.713 Y90.179 E.03753
G1 X100.845 Y89.633 E.03745
G1 X102.009 Y89.15 E.03753
G1 X102.792 Y88.867 E.0248
G1 X103.996 Y88.495 E.03755
G1 X105.142 Y88.209 E.03516
G1 X106.039 Y88.027 E.02728
G1 X106.863 Y87.895 E.02486
G1 X108.116 Y87.754 E.03754
G1 X109.372 Y87.683 E.03746
G1 X110.552 Y87.681 E.03516
G1 X111.464 Y87.722 E.02719
G1 X112.721 Y87.84 E.03761
G1 X113.545 Y87.957 E.0248
G1 X114.784 Y88.191 E.03754
G1 X116.007 Y88.495 E.03754
G1 X116.804 Y88.734 E.0248
G1 X117.996 Y89.152 E.03762
G1 X118.768 Y89.464 E.02479
G1 X119.916 Y89.991 E.03762
G1 X120.657 Y90.375 E.02488
G1 X121.384 Y90.787 E.02488
G1 X122.45 Y91.459 E.03753
G1 X123.474 Y92.187 E.03744
G1 X124.458 Y92.974 E.03753
G1 X125.083 Y93.524 E.02479
G1 X125.988 Y94.399 E.03752
G1 X126.843 Y95.324 E.03752
G1 X127.379 Y95.961 E.02478
G1 X128.143 Y96.962 E.03752
G1 X128.849 Y98.002 E.03743
G1 X129.496 Y99.082 E.03751
G1 X129.891 Y99.818 E.02486
G1 X130.258 Y100.567 E.02486
G1 X130.758 Y101.723 E.03751
G1 X131.191 Y102.902 E.03743
G1 X131.536 Y104.03 E.03512
G1 X131.763 Y104.913 E.02716
G1 X132.004 Y106.107 E.03628
G1 X132.417 Y106.064 F9000
M204 P1000
;TYPE:Outer wall
;WIDTH:0.419999
G1 F5400
G1 X132.434 Y106.151 E.00243
G1 X132.562 Y106.992 E.02348
G1 X132.694 Y108.204 E.03365
G1 X132.745 Y109.116 E.02518
G1 X132.762 Y110.319 E.03322
G1 X132.708 Y111.599 E.03533
G1 X132.632 Y112.446 E.02348
G1 X132.458 Y113.714 E.03532
G1 X132.213 Y114.971 E.03533
G1 X132.012 Y115.798 E.02348
G1 X131.65 Y117.027 E.03535
G1 X131.371 Y117.831 E.02348
G1 X130.896 Y119.021 E.03536
G1 X130.543 Y119.796 E.02348
G1 X129.959 Y120.935 E.03533
G1 X129.311 Y122.04 E.03533
G1 X128.846 Y122.753 E.02349
G1 X128.097 Y123.793 E.03536
G1 X127.568 Y124.46 E.02349
G1 X126.725 Y125.425 E.03534
G1 X125.83 Y126.341 E.03534
G1 X125.207 Y126.921 E.0235
G1 X124.228 Y127.75 E.03538
G1 X123.553 Y128.269 E.02349
G1 X122.503 Y129.002 E.03536
G1 X121.412 Y129.675 E.03535
G1 X120.667 Y130.088 E.0235
G1 X119.518 Y130.655 E.03535
G1 X118.34 Y131.157 E.03533
G1 X117.136 Y131.592 E.03533
G1 X115.908 Y131.959 E.03537
G1 X115.081 Y132.165 E.0235
G1 X113.824 Y132.415 E.03536
G1 X112.555 Y132.595 E.03536
G1 X111.707 Y132.675 E.02351
G1 X110.506 Y132.732 E.03317
G1 X109.573 Y132.735 E.02576
G1 X108.721 Y132.703 E.02352
G1 X107.444 Y132.595 E.03537
G1 X106.176 Y132.415 E.03534
G1 X104.919 Y132.165 E.03536
G1 X104.092 Y131.959 E.0235
G1 X102.863 Y131.592 E.03539
G1 X102.059 Y131.31 E.0235
G1 X100.871 Y130.83 E.03535
G1 X99.713 Y130.284 E.03534
G1 X98.586 Y129.674 E.03535
G1 X97.857 Y129.233 E.0235
G1 X96.792 Y128.52 E.03538
G1 X96.108 Y128.013 E.0235
G1 X95.114 Y127.203 E.03536
G1 X94.227 Y126.395 E.03312
G1 X93.568 Y125.736 E.02572
G1 X92.759 Y124.847 E.03314
G1 X92.165 Y124.13 E.02571
G1 X91.397 Y123.105 E.03534
G1 X90.731 Y122.106 E.03312
G1 X90.25 Y121.308 E.02571
G1 X89.644 Y120.179 E.03535
G1 X89.277 Y119.411 E.02349
G1 X88.78 Y118.231 E.03533
G1 X88.35 Y117.025 E.03533
G1 X88.102 Y116.211 E.02348
G1 X87.786 Y114.969 E.03536
G1 X87.616 Y114.136 E.02348
G1 X87.418 Y112.87 E.03533
G1 X87.298 Y111.677 E.03311
G1 X87.248 Y110.747 E.0257
G1 X87.242 Y109.466 E.03532
G1 X87.303 Y108.268 E.03311
G1 X87.392 Y107.341 E.0257
G1 X87.578 Y106.073 E.03535
G1 X87.74 Y105.238 E.02348
G1 X88.044 Y103.994 E.03533
G1 X88.417 Y102.77 E.0353
G1 X88.858 Y101.568 E.03533
G1 X89.189 Y100.783 E.02351
G1 X89.55 Y100.011 E.02351
G1 X90.145 Y98.877 E.03534
G1 X90.803 Y97.778 E.03533
G1 X91.274 Y97.07 E.02349
G1 X92.032 Y96.037 E.03534
G1 X92.847 Y95.05 E.03531
G1 X93.716 Y94.11 E.03534
G1 X94.323 Y93.512 E.0235
G1 X95.277 Y92.656 E.03537
G1 X95.938 Y92.117 E.02353
G1 X96.619 Y91.604 E.02352
G1 X97.677 Y90.88 E.03538
G1 X98.402 Y90.433 E.0235
G1 X99.523 Y89.812 E.03536
G1 X100.676 Y89.255 E.03533
G1 X101.859 Y88.764 E.03535
G1 X102.661 Y88.475 E.02351
G1 X103.885 Y88.096 E.03537
G1 X105.05 Y87.805 E.03314
G1 X105.966 Y87.62 E.02576
G1 X106.807 Y87.485 E.02353
G1 X108.081 Y87.341 E.03536
G1 X109.36 Y87.269 E.03534
G1 X110.561 Y87.268 E.03315
G1 X111.493 Y87.309 E.02573
G1 X112.769 Y87.429 E.03538
G1 X113.613 Y87.549 E.02351
G1 X114.872 Y87.787 E.03536
G1 X116.116 Y88.096 E.03536
G1 X116.932 Y88.34 E.02351
G1 X118.142 Y88.765 E.03539
G1 X118.932 Y89.084 E.0235
G1 X120.097 Y89.62 E.03538
G1 X120.854 Y90.012 E.02353
G1 X121.596 Y90.432 E.02353
G1 X122.68 Y91.115 E.03535
G1 X123.723 Y91.857 E.03532
G1 X124.724 Y92.657 E.03535
G1 X125.363 Y93.22 E.02349
G1 X126.284 Y94.11 E.03534
G1 X127.154 Y95.051 E.03535
G1 X127.702 Y95.702 E.02349
G1 X128.479 Y96.72 E.03534
G1 X129.198 Y97.779 E.03531
G1 X129.856 Y98.878 E.03533
G1 X130.259 Y99.629 E.02351
G1 X130.633 Y100.394 E.02351
G1 X131.142 Y101.569 E.03533
G1 X131.583 Y102.77 E.03531
G1 X131.934 Y103.918 E.03311
G1 X132.166 Y104.82 E.02571
G1 X132.409 Y106.025 E.03392
G1 E-.7 F2400
;WIPE_START
G1 F5400
G1 X132.434 Y106.151 E-.03839
G1 X132.562 Y106.992 E-.25526
G1 X132.564 Y107.013 E-.00635
;WIPE_END
G17
G3 Z3.4 I.769 J-.943 P1  F9000
G1 X119.153 Y96.082 Z3.4
G1 Z3
G1 E1 F2700
M204 P2000
;TYPE:Inner wall
;WIDTH:0.449999
G1 F7200
G1 X119.329 Y96.193 E.00621
G1 X119.986 Y96.658 E.02398
G1 X120.574 Y97.118 E.02221
G1 X121.286 Y97.742 E.02823
G1 X121.946 Y98.376 E.02726
G1 X122.616 Y99.111 E.02962
G1 X122.963 Y99.526 E.01609
G1 X123.562 Y100.309 E.02938
G1 X124.031 Y100.996 E.02478
G1 X124.42 Y101.632 E.0222
G1 X124.78 Y102.284 E.02219
G1 X125.11 Y102.952 E.02219
G1 X125.411 Y103.634 E.0222
G1 X125.801 Y104.674 E.03308
G1 X126.025 Y105.391 E.02239
G1 X126.216 Y106.111 E.02219
G1 X126.373 Y106.84 E.02219
G1 X126.501 Y107.59 E.02267
G1 X126.623 Y108.677 E.0326
G1 X126.66 Y109.32 E.01917
G1 X126.675 Y110.173 E.0254
G1 X126.651 Y110.917 E.02219
G1 X126.602 Y111.566 E.01937
G1 X126.503 Y112.397 E.02494
G1 X126.378 Y113.134 E.02226
G1 X126.262 Y113.675 E.01649
G1 X125.928 Y114.933 E.03877
G1 X125.689 Y115.646 E.02239
G1 X125.42 Y116.341 E.0222
G1 X125.029 Y117.208 E.02833
G1 X124.616 Y118.02 E.02713
G1 X124.242 Y118.665 E.0222
G1 X123.84 Y119.293 E.0222
G1 X123.247 Y120.117 E.03025
G1 X122.86 Y120.598 E.01838
G1 X122.221 Y121.334 E.02904
G1 X121.702 Y121.868 E.0222
G1 X121.147 Y122.39 E.02269
G1 X120.363 Y123.048 E.03049
G1 X119.933 Y123.376 E.0161
G1 X119.124 Y123.942 E.0294
G1 X118.307 Y124.438 E.02845
G1 X117.835 Y124.701 E.01612
G1 X116.95 Y125.139 E.0294
G1 X116.112 Y125.499 E.02716
G1 X115.166 Y125.837 E.02994
G1 X114.346 Y126.082 E.0255
G1 X113.698 Y126.242 E.01987
G1 X112.888 Y126.406 E.02462
G1 X112.151 Y126.519 E.02221
G1 X111.41 Y126.598 E.02221
G1 X110.665 Y126.645 E.02221
G1 X109.92 Y126.658 E.02221
G1 X109.158 Y126.637 E.02269
G1 X108.067 Y126.546 E.03263
G1 X107.321 Y126.442 E.02241
G1 X106.588 Y126.306 E.02221
G1 X105.862 Y126.137 E.02221
G1 X105.144 Y125.936 E.02221
G1 X104.436 Y125.703 E.02221
G1 X103.827 Y125.474 E.01938
G1 X103.288 Y125.244 E.01745
G1 X102.419 Y124.836 E.0286
G1 X101.582 Y124.374 E.02846
G1 X101.119 Y124.095 E.01611
G1 X100.285 Y123.537 E.02988
G1 X99.288 Y122.767 E.03752
G1 X98.723 Y122.271 E.0224
G1 X98.184 Y121.755 E.02221
G1 X97.427 Y120.943 E.03309
G1 X96.945 Y120.365 E.0224
G1 X96.495 Y119.772 E.0222
G1 X96.071 Y119.159 E.0222
G1 X95.675 Y118.527 E.0222
G1 X95.138 Y117.555 E.03308
G1 X94.812 Y116.878 E.0224
G1 X94.431 Y115.964 E.02948
G1 X94.139 Y115.144 E.02592
G1 X93.952 Y114.523 E.01933
G1 X93.742 Y113.706 E.02512
G1 X93.595 Y112.991 E.02175
G1 X93.475 Y112.241 E.02263
G1 X93.392 Y111.5 E.0222
G1 X93.334 Y110.492 E.03007
G1 X93.328 Y109.64 E.02539
G1 X93.38 Y108.659 E.02926
G1 X93.444 Y108.039 E.01856
G1 X93.585 Y107.063 E.02938
G1 X93.698 Y106.503 E.01702
G1 X93.917 Y105.595 E.0278
G1 X94.13 Y104.881 E.0222
G1 X94.473 Y103.926 E.03025
G1 X94.776 Y103.205 E.02329
G1 X95.022 Y102.683 E.01718
G1 X95.475 Y101.816 E.02913
G1 X95.855 Y101.175 E.0222
G1 X96.265 Y100.552 E.0222
G1 X96.867 Y99.735 E.03025
G1 X97.404 Y99.083 E.02516
G1 X97.907 Y98.529 E.02227
G1 X98.432 Y98.001 E.0222
G1 X98.981 Y97.496 E.0222
G1 X99.551 Y97.016 E.0222
G1 X100.155 Y96.553 E.02269
G1 X101.043 Y95.949 E.03199
G1 X101.506 Y95.668 E.01611
G1 X102.36 Y95.192 E.02913
G1 X103.045 Y94.859 E.02269
G1 X104.055 Y94.436 E.03262
G1 X104.64 Y94.227 E.01849
G1 X105.477 Y93.965 E.02613
G1 X106.199 Y93.779 E.02221
G1 X106.929 Y93.626 E.02222
G1 X107.674 Y93.512 E.02245
G1 X108.623 Y93.4 E.02847
G1 X109.521 Y93.348 E.0268
G1 X110.475 Y93.352 E.02841
G1 X111.094 Y93.381 E.01847
G1 X112.09 Y93.473 E.02978
G1 X112.657 Y93.557 E.01707
G1 X113.594 Y93.732 E.0284
G1 X114.318 Y93.909 E.02221
G1 X115.034 Y94.118 E.02221
G1 X115.74 Y94.359 E.02221
G1 X116.434 Y94.631 E.02221
G1 X117.359 Y95.052 E.03027
G1 X118.494 Y95.668 E.03846
G1 X119.119 Y96.061 E.022
G1 X118.933 Y96.432 F9000
M204 P1000
;TYPE:Outer wall
;WIDTH:0.419999
G1 F5400
G1 X119.104 Y96.54 E.00559
G1 X119.746 Y96.995 E.0217
G1 X120.319 Y97.443 E.02006
G1 X121.014 Y98.053 E.02552
G1 X121.657 Y98.671 E.02461
G1 X122.311 Y99.39 E.0268
G1 X122.642 Y99.787 E.01427
G1 X123.23 Y100.555 E.0267
G1 X123.688 Y101.227 E.02244
G1 X124.067 Y101.847 E.02005
G1 X124.418 Y102.484 E.02005
G1 X124.74 Y103.135 E.02005
G1 X125.032 Y103.8 E.02005
G1 X125.414 Y104.819 E.03
G1 X125.631 Y105.514 E.0201
G1 X125.816 Y106.217 E.02004
G1 X125.969 Y106.927 E.02005
G1 X126.092 Y107.648 E.02018
G1 X126.212 Y108.724 E.02987
G1 X126.247 Y109.343 E.01712
G1 X126.262 Y110.177 E.02302
G1 X126.238 Y110.903 E.02004
G1 X126.189 Y111.534 E.01745
G1 X126.092 Y112.348 E.02262
G1 X125.971 Y113.065 E.02006
G1 X125.858 Y113.588 E.01477
G1 X125.528 Y114.826 E.03536
G1 X125.297 Y115.514 E.02002
G1 X125.035 Y116.192 E.02005
G1 X124.652 Y117.038 E.02561
G1 X124.249 Y117.829 E.0245
G1 X123.885 Y118.457 E.02005
G1 X123.492 Y119.069 E.02006
G1 X122.912 Y119.875 E.02741
G1 X122.539 Y120.338 E.01641
G1 X121.912 Y121.059 E.02635
G1 X121.405 Y121.58 E.02005
G1 X120.872 Y122.081 E.02019
G1 X120.097 Y122.732 E.02792
G1 X119.685 Y123.045 E.01428
G1 X118.892 Y123.601 E.02673
G1 X118.094 Y124.083 E.02572
G1 X117.642 Y124.335 E.01429
G1 X116.774 Y124.765 E.02673
G1 X115.953 Y125.117 E.02465
G1 X115.027 Y125.448 E.02712
G1 X114.228 Y125.686 E.02301
G1 X113.6 Y125.84 E.01785
G1 X112.808 Y126.001 E.02229
G1 X112.089 Y126.11 E.02006
G1 X111.366 Y126.187 E.02006
G1 X110.64 Y126.232 E.02007
G1 X109.913 Y126.244 E.02006
G1 X109.181 Y126.224 E.0202
G1 X108.101 Y126.134 E.0299
G1 X107.379 Y126.032 E.02012
G1 X106.664 Y125.899 E.02006
G1 X105.956 Y125.734 E.02006
G1 X105.256 Y125.538 E.02006
G1 X104.565 Y125.311 E.02006
G1 X103.973 Y125.087 E.01746
G1 X103.45 Y124.864 E.01568
G1 X102.599 Y124.464 E.02594
G1 X101.784 Y124.013 E.02573
G1 X101.34 Y123.745 E.01429
G1 X100.522 Y123.197 E.02717
G1 X99.541 Y122.439 E.03421
G1 X98.995 Y121.961 E.02002
G1 X98.471 Y121.457 E.02006
G1 X97.73 Y120.661 E.03001
G1 X97.263 Y120.101 E.02011
G1 X96.824 Y119.522 E.02005
G1 X96.411 Y118.924 E.02005
G1 X96.025 Y118.308 E.02006
G1 X95.5 Y117.356 E.03001
G1 X95.184 Y116.699 E.02011
G1 X94.813 Y115.805 E.02669
G1 X94.529 Y115.007 E.02339
G1 X94.348 Y114.404 E.01735
G1 X94.143 Y113.605 E.02275
G1 X94 Y112.908 E.01963
G1 X93.884 Y112.176 E.02045
G1 X93.803 Y111.454 E.02005
G1 X93.747 Y110.469 E.02722
G1 X93.741 Y109.64 E.02288
G1 X93.793 Y108.681 E.02649
G1 X93.855 Y108.084 E.01657
G1 X93.994 Y107.127 E.02666
G1 X94.104 Y106.586 E.01525
G1 X94.318 Y105.696 E.02524
G1 X94.527 Y105 E.02005
G1 X94.862 Y104.065 E.0274
G1 X95.157 Y103.365 E.02096
G1 X95.395 Y102.862 E.01536
G1 X95.839 Y102.011 E.02647
G1 X96.211 Y101.387 E.02005
G1 X96.61 Y100.78 E.02006
G1 X97.2 Y99.98 E.02741
G1 X97.723 Y99.346 E.02269
G1 X98.212 Y98.808 E.02007
G1 X98.725 Y98.292 E.02005
G1 X99.26 Y97.801 E.02006
G1 X99.817 Y97.333 E.02006
G1 X100.398 Y96.888 E.02019
G1 X101.276 Y96.291 E.0293
G1 X101.719 Y96.022 E.01429
G1 X102.557 Y95.556 E.02647
G1 X103.215 Y95.236 E.0202
G1 X104.215 Y94.817 E.0299
G1 X104.778 Y94.617 E.01649
G1 X105.597 Y94.361 E.02369
G1 X106.302 Y94.18 E.02006
G1 X107.014 Y94.031 E.02007
G1 X107.736 Y93.921 E.02016
G1 X108.662 Y93.812 E.02574
G1 X109.542 Y93.761 E.02431
G1 X110.473 Y93.766 E.02568
G1 X111.069 Y93.793 E.01647
G1 X112.046 Y93.884 E.02707
G1 X112.595 Y93.966 E.01531
G1 X113.514 Y94.138 E.0258
G1 X114.22 Y94.311 E.02006
G1 X114.918 Y94.515 E.02006
G1 X115.606 Y94.75 E.02006
G1 X116.283 Y95.016 E.02007
G1 X117.187 Y95.428 E.02742
G1 X117.8 Y95.748 E.01907
G1 X118.284 Y96.025 E.01539
G1 X118.899 Y96.411 E.02003
G1 E-.7 F2400
;WIPE_START
G1 F5400
G1 X119.104 Y96.54 E-.0728
G1 X119.722 Y96.978 E-.2272
;WIPE_END
G1 Z3.4 F9000
G1 X121.308 Y91.148
G1 Z3.4
G1 Z3
G1 E1 F2700
M204 P2500
;TYPE:Sparse infill
;WIDTH:0.45
G1 F10800
G1 X122.257 Y91.746 E.03343
G1 X122.67 Y92.04 E.01508
G1 X122.962 Y92.902 E.02712
G1 X123.989 Y93.929 E.04327
G1 X125.552 Y94.459 E.04916
G1 X125.741 Y94.641 E.00781
G1 X126.664 Y95.648 E.04069
G1 X112.255 Y93.146 F9000
G1 F10800
G1 X111.408 Y93.053 E.02537
G1 X110.633 Y93.008 E.02313
G1 X110.527 Y92.902 E.00446
G1 X109.473 Y89.793 E.09778
G1 X108.446 Y88.766 E.04327
G1 X106.896 Y88.24 E.04875
G1 X106.101 Y88.368 E.02398
G1 X105.218 Y88.546 E.02684
G1 X104.09 Y88.828 E.03464
G1 X102.722 Y89.26 E.04271
G1 X103.255 Y89.793 E.02245
G1 X104.31 Y92.902 E.09778
G1 X105.121 Y93.713 E.03416
G1 X104.651 Y93.856 E.01463
G1 X103.942 Y94.108 E.02242
G1 X102.923 Y94.535 E.03291
G1 X102.099 Y94.94 E.02733
G1 X99.119 Y93.929 E.09374
G1 X98.092 Y92.902 E.04327
G1 X97.711 Y91.777 E.03537
G1 X97.062 Y92.221 E.02341
G1 X96.407 Y92.715 E.02444
G1 X95.771 Y93.234 E.02444
G1 X94.843 Y94.066 E.03712
G1 X94.449 Y94.454 E.01648
G1 X96.011 Y94.983 E.04911
G1 X97.038 Y96.011 E.04327
G1 X97.772 Y98.174 E.06805
G1 X97.157 Y98.839 E.02697
G1 X96.593 Y99.522 E.02638
G1 X95.987 Y100.345 E.03043
G1 X95.535 Y101.039 E.0247
G1 X92.902 Y100.146 E.08281
G1 X91.875 Y99.119 E.04327
G1 X91.52 Y98.073 E.03293
G1 X90.807 Y99.249 E.04096
G1 X90.23 Y100.348 E.03698
G1 X89.824 Y101.232 E.02898
G1 X90.82 Y102.228 E.04195
G1 X91.875 Y105.337 E.09778
G1 X92.902 Y106.364 E.04327
G1 X93.343 Y106.514 E.01389
G1 X93.251 Y106.963 E.01367
G1 X93.132 Y107.716 E.02271
G1 X93.039 Y108.57 E.02559
G1 X92.982 Y109.613 E.03111
G1 X92.983 Y110.407 E.02365
G1 X93.046 Y111.526 E.03336
G1 X93.128 Y112.257 E.02192
G1 X93.195 Y112.681 E.0128
G1 X92.902 Y112.582 E.00924
G1 X91.875 Y111.554 E.04327
G1 X90.82 Y108.446 E.09778
G1 X89.793 Y107.418 E.04327
G1 X88.226 Y106.887 E.04928
G1 X88.146 Y107.432 E.01642
G1 X88.06 Y108.324 E.02667
G1 X88.002 Y109.484 E.0346
G1 X88.008 Y110.724 E.03695
G1 X88.056 Y111.618 E.02667
G1 X88.172 Y112.774 E.0346
G1 X88.223 Y113.104 E.00994
G1 X89.793 Y113.636 E.04938
G1 X90.82 Y114.663 E.04327
G1 X91.875 Y117.772 E.09778
G1 X92.902 Y118.799 E.04327
G1 X96.011 Y119.854 E.09778
G1 X96.474 Y120.317 E.01952
G1 X97.115 Y121.11 E.03037
G1 X98.092 Y123.989 E.09058
G1 X99.119 Y125.017 E.04327
G1 X102.228 Y126.071 E.09778
G1 X103.255 Y127.098 E.04327
G1 X104.31 Y130.207 E.09778
G1 X105.337 Y131.234 E.04327
G1 X106.831 Y131.741 E.047
G1 X107.529 Y131.84 E.02099
G1 X108.449 Y131.917 E.02751
G1 X107.741 Y126.85 F9000
G1 F10800
G1 X108.029 Y126.89 E.00865
G1 X109.363 Y126.988 E.03985
G1 X109.473 Y127.098 E.00463
G1 X110.527 Y130.207 E.09778
G1 X111.554 Y131.234 E.04327
G1 X113.084 Y131.753 E.04811
G1 X113.697 Y131.666 E.01844
G1 X114.915 Y131.423 E.03701
G1 X115.708 Y131.227 E.02431
G1 X116.898 Y130.871 E.03702
G1 X117.273 Y130.735 E.01187
G1 X116.745 Y130.207 E.02226
G1 X115.69 Y127.098 E.09778
G1 X114.877 Y126.285 E.03426
G1 X115.268 Y126.168 E.01217
G1 X116.23 Y125.825 E.03041
G1 X116.945 Y125.524 E.0231
G1 X117.897 Y125.059 E.03156
G1 X120.881 Y126.071 E.09385
G1 X121.908 Y127.098 E.04327
G1 X122.29 Y128.224 E.03542
G1 X123.104 Y127.656 E.02958
G1 X123.751 Y127.159 E.0243
G1 X124.702 Y126.353 E.03713
G1 X125.546 Y125.545 E.03481
G1 X123.989 Y125.017 E.04896
G1 X122.962 Y123.989 E.04327
G1 X122.228 Y121.824 E.06811
G1 X122.965 Y121.019 E.03252
G1 X123.516 Y120.336 E.02614
G1 X124.115 Y119.504 E.03054
G1 X124.464 Y118.96 E.01924
G1 X127.098 Y119.854 E.08285
G1 X128.125 Y120.881 E.04327
G1 X128.48 Y121.925 E.03284
G1 X128.665 Y121.641 E.01011
G1 X129.293 Y120.57 E.03698
G1 X129.859 Y119.465 E.03698
G1 X130.176 Y118.768 E.0228
G1 X129.18 Y117.772 E.04198
G1 X128.125 Y114.663 E.09778
G1 X127.098 Y113.636 E.04327
G1 X126.657 Y113.486 E.01389
G1 X126.84 Y112.48 E.03048
G1 X126.946 Y111.605 E.02624
G1 X126.996 Y110.939 E.0199
G1 X127.021 Y110.203 E.02194
G1 X127.013 Y109.445 E.02258
G1 X126.97 Y108.666 E.02321
G1 X126.806 Y107.319 E.04042
G1 X127.098 Y107.418 E.00919
G1 X128.125 Y108.446 E.04327
G1 X129.18 Y111.554 E.09778
G1 X130.207 Y112.582 E.04327
G1 X131.774 Y113.113 E.04929
G1 X131.877 Y112.361 E.02262
G1 X131.95 Y111.549 E.02428
G1 X132.002 Y110.309 E.03697
G1 X131.985 Y109.068 E.03697
G1 X131.935 Y108.254 E.02429
G1 X131.782 Y106.898 E.04063
G1 X130.207 Y106.364 E.04955
G1 X129.18 Y105.337 E.04327
G1 X128.125 Y102.228 E.09778
G1 X127.098 Y101.201 E.04327
G1 X123.989 Y100.146 E.09778
G1 X123.538 Y99.695 E.01903
G1 X122.886 Y98.894 E.03075
G1 X121.908 Y96.011 E.0907
G1 X120.881 Y94.983 E.04327
G1 X117.772 Y93.929 E.09778
G1 X116.745 Y92.902 E.04327
G1 X115.69 Y89.793 E.09778
G1 X114.663 Y88.766 E.04327
G1 X113.138 Y88.249 E.04797
G1 X112.681 Y88.184 E.01376
G1 X111.519 Y88.075 E.03474
G1 E-.77778 F2400
;WIPE_START
G1 F10800
G1 X112.515 Y88.168 E-.22222
;WIPE_END
G17
G3 Z3.4 I-1.075 J-.57 P1  F9000
G1 X93.335 Y124.351 Z3.4
G1 Z3
G1 E1 F2700
G1 F10800
G1 X94.117 Y125.211 E.03463
G1 X94.447 Y125.541 E.01388
G1 X96.011 Y126.071 E.04918
G1 X97.038 Y127.098 E.04327
G1 X97.333 Y127.968 E.02735
G1 X98.265 Y128.593 E.03344
G1 X98.698 Y128.854 E.01506
; stop printing object Генератор.stl id:18446744073679698525 copy 0
;LAYER_CHANGE
;Z:3.2
;HEIGHT:0.2
;BEFORE_LAYER_CHANGE
;3.2
G92 E0

G1 E-.77778 F2400
;WIPE_START
G1 F10800
G1 X98.265 Y128.593 E-.11239
G1 X97.855 Y128.317 E-.10983
;WIPE_END
;_SET_FAN_SPEED_CHANGING_LAYER
; printing object Генератор.stl id:18446744073679698525 copy 0
G17
G3 Z3.6 I.662 J1.021 P1  F9000
G1 X132.013 Y106.15 Z3.6
G1 Z3.2
G1 E1 F2700
M204 P2000
;TYPE:Inner wall
;WIDTH:0.449999
G1 F7200
G1 X132.026 Y106.214 E.00197
G1 X132.188 Y107.378 E.035
G1 X132.289 Y108.378 E.02994
G1 X132.331 Y109.121 E.02217
G1 X132.348 Y110.313 E.03551
G1 X132.295 Y111.571 E.0375
G1 X132.221 Y112.4 E.02477
G1 X132.05 Y113.647 E.0375
G1 X131.809 Y114.883 E.0375
G1 X131.612 Y115.691 E.02477
G1 X131.256 Y116.901 E.03759
G1 X130.984 Y117.687 E.02477
G1 X130.516 Y118.856 E.0375
G1 X129.984 Y119.997 E.03751
G1 X129.598 Y120.734 E.02478
G1 X128.959 Y121.823 E.0376
G1 X128.505 Y122.52 E.02478
G1 X127.769 Y123.542 E.03752
G1 X126.977 Y124.521 E.03752
G1 X126.424 Y125.142 E.02478
G1 X125.541 Y126.045 E.03761
G1 X124.932 Y126.612 E.02479
G1 X123.971 Y127.426 E.03753
G1 X122.967 Y128.183 E.03745
G1 X121.966 Y128.855 E.03591
G1 X121.208 Y129.315 E.02642
G1 X120.1 Y129.915 E.03752
G1 X118.961 Y130.452 E.03754
G1 X118.192 Y130.771 E.0248
G1 X117.006 Y131.2 E.03754
G1 X115.799 Y131.56 E.03754
G1 X114.991 Y131.761 E.0248
G1 X113.755 Y132.008 E.03754
G1 X112.507 Y132.184 E.03754
G1 X111.678 Y132.262 E.0248
G1 X110.47 Y132.32 E.03601
G1 X109.58 Y132.321 E.02651
G1 X108.746 Y132.29 E.02487
G1 X107.49 Y132.184 E.03755
G1 X106.245 Y132.008 E.03745
G1 X105.009 Y131.761 E.03754
G1 X104.201 Y131.56 E.0248
G1 X102.991 Y131.199 E.03763
G1 X102.205 Y130.923 E.02479
G1 X101.037 Y130.451 E.03753
G1 X99.9 Y129.915 E.03745
G1 X98.792 Y129.315 E.03753
G1 X98.079 Y128.885 E.02479
G1 X97.033 Y128.183 E.03753
G1 X96.027 Y127.424 E.03753
G1 X95.387 Y126.892 E.02479
G1 X94.494 Y126.078 E.03599
G1 X93.867 Y125.451 E.02642
G1 X93.055 Y124.557 E.03597
G1 X92.49 Y123.874 E.02641
G1 X91.735 Y122.866 E.03751
G1 X91.067 Y121.863 E.0359
G1 X90.61 Y121.104 E.0264
G1 X90.013 Y119.992 E.03758
G1 X89.655 Y119.242 E.02478
G1 X89.165 Y118.081 E.03751
G1 X88.76 Y116.947 E.03589
G1 X88.5 Y116.099 E.0264
G1 X88.189 Y114.877 E.03757
G1 X88.023 Y114.062 E.02477
G1 X87.828 Y112.818 E.03751
G1 X87.709 Y111.619 E.03588
G1 X87.662 Y110.735 E.02639
G1 X87.656 Y109.476 E.03749
G1 X87.717 Y108.273 E.03588
G1 X87.803 Y107.391 E.0264
G1 X87.985 Y106.143 E.03757
G1 X88.145 Y105.327 E.02477
G1 X88.443 Y104.103 E.0375
G1 X88.809 Y102.902 E.03741
G1 X89.243 Y101.72 E.03751
G1 X89.567 Y100.951 E.02486
G1 X89.92 Y100.195 E.02486
G1 X90.506 Y99.079 E.03752
G1 X91.124 Y98.045 E.03589
G1 X91.614 Y97.306 E.02641
G1 X92.359 Y96.292 E.03749
G1 X93.158 Y95.322 E.03743
G1 X94.013 Y94.397 E.03752
G1 X94.606 Y93.813 E.02479
G1 X95.505 Y93.006 E.03599
G1 X96.194 Y92.442 E.0265
G1 X96.86 Y91.94 E.02486
G1 X97.9 Y91.229 E.03753
G1 X98.979 Y90.577 E.03753
G1 X99.71 Y90.181 E.02479
G1 X100.845 Y89.633 E.03754
G1 X102.009 Y89.15 E.03753
G1 X102.792 Y88.867 E.0248
G1 X103.996 Y88.495 E.03755
G1 X105.166 Y88.203 E.03592
G1 X106.039 Y88.027 E.02651
G1 X106.863 Y87.895 E.02487
G1 X108.116 Y87.754 E.03754
G1 X109.371 Y87.683 E.03746
G1 X110.578 Y87.682 E.03593
G1 X111.464 Y87.722 E.02643
G1 X112.721 Y87.84 E.03761
G1 X113.545 Y87.957 E.0248
G1 X114.784 Y88.191 E.03754
G1 X116.007 Y88.495 E.03754
G1 X116.805 Y88.734 E.02481
G1 X117.946 Y89.133 E.036
G1 X118.771 Y89.465 E.02651
G1 X119.533 Y89.807 E.02487
G1 X120.66 Y90.377 E.03762
G1 X121.384 Y90.787 E.02479
G1 X122.45 Y91.459 E.03753
G1 X123.474 Y92.187 E.03744
G1 X124.458 Y92.974 E.03753
G1 X125.083 Y93.524 E.02479
G1 X125.988 Y94.399 E.03752
G1 X126.843 Y95.324 E.03752
G1 X127.379 Y95.961 E.02478
G1 X128.143 Y96.962 E.03752
G1 X128.849 Y98.002 E.03743
G1 X129.496 Y99.082 E.03751
G1 X129.891 Y99.818 E.02486
G1 X130.258 Y100.567 E.02486
G1 X130.758 Y101.723 E.03751
G1 X131.191 Y102.902 E.03743
G1 X131.543 Y104.054 E.03588
G1 X131.763 Y104.913 E.0264
G1 X132.005 Y106.11 E.03639
G1 X132.418 Y106.068 F9000
M204 P1000
;TYPE:Outer wall
;WIDTH:0.419999
G1 F5400
G1 X132.434 Y106.151 E.00233
G1 X132.599 Y107.334 E.03296
G1 X132.702 Y108.353 E.02827
G1 X132.745 Y109.116 E.02107
G1 X132.762 Y110.319 E.03322
G1 X132.708 Y111.599 E.03533
G1 X132.632 Y112.446 E.02348
G1 X132.458 Y113.714 E.03532
G1 X132.213 Y114.971 E.03533
G1 X132.012 Y115.798 E.02348
G1 X131.65 Y117.027 E.03535
G1 X131.371 Y117.831 E.02348
G1 X130.896 Y119.02 E.03533
G1 X130.355 Y120.181 E.03533
G1 X129.959 Y120.935 E.02349
G1 X129.311 Y122.04 E.03536
G1 X128.846 Y122.753 E.02349
G1 X128.098 Y123.793 E.03534
G1 X127.292 Y124.788 E.03534
G1 X126.726 Y125.424 E.02349
G1 X125.83 Y126.341 E.03537
G1 X125.207 Y126.921 E.02349
G1 X124.229 Y127.749 E.03535
G1 X123.207 Y128.52 E.03532
G1 X122.189 Y129.204 E.03384
G1 X121.414 Y129.674 E.02501
G1 X120.287 Y130.284 E.03535
G1 X119.128 Y130.83 E.03536
G1 X118.341 Y131.157 E.0235
G1 X117.136 Y131.592 E.03536
G1 X115.908 Y131.959 E.03536
G1 X115.081 Y132.165 E.0235
G1 X113.824 Y132.415 E.03536
G1 X112.555 Y132.595 E.03536
G1 X111.707 Y132.675 E.02351
G1 X110.481 Y132.733 E.03388
G1 X109.573 Y132.735 E.02505
G1 X108.721 Y132.703 E.02353
G1 X107.444 Y132.595 E.03537
G1 X106.176 Y132.415 E.03534
G1 X104.919 Y132.165 E.03536
G1 X104.092 Y131.959 E.0235
G1 X102.863 Y131.592 E.03539
G1 X102.059 Y131.31 E.0235
G1 X100.871 Y130.83 E.03535
G1 X99.713 Y130.284 E.03534
G1 X98.586 Y129.674 E.03535
G1 X97.857 Y129.233 E.0235
G1 X96.793 Y128.52 E.03535
G1 X95.77 Y127.748 E.03535
G1 X95.115 Y127.204 E.0235
G1 X94.208 Y126.377 E.03386
G1 X93.568 Y125.736 E.02501
G1 X92.743 Y124.828 E.03385
G1 X92.165 Y124.13 E.025
G1 X91.397 Y123.105 E.03534
G1 X90.717 Y122.085 E.03383
G1 X90.251 Y121.308 E.025
G1 X89.644 Y120.179 E.03535
G1 X89.277 Y119.411 E.02349
G1 X88.78 Y118.231 E.03533
G1 X88.367 Y117.077 E.03382
G1 X88.102 Y116.211 E.02499
G1 X87.786 Y114.969 E.03535
G1 X87.616 Y114.136 E.02348
G1 X87.418 Y112.871 E.03533
G1 X87.296 Y111.651 E.03382
G1 X87.248 Y110.747 E.02499
G1 X87.242 Y109.466 E.03532
G1 X87.304 Y108.242 E.03382
G1 X87.392 Y107.341 E.02499
G1 X87.578 Y106.073 E.03535
G1 X87.74 Y105.238 E.02348
G1 X88.044 Y103.994 E.03533
G1 X88.417 Y102.77 E.0353
G1 X88.858 Y101.568 E.03533
G1 X89.189 Y100.783 E.02351
G1 X89.55 Y100.011 E.02351
G1 X90.145 Y98.877 E.03534
G1 X90.774 Y97.825 E.03383
G1 X91.274 Y97.069 E.025
G1 X92.032 Y96.037 E.03533
G1 X92.847 Y95.05 E.03532
G1 X93.716 Y94.109 E.03534
G1 X94.323 Y93.512 E.0235
G1 X95.236 Y92.692 E.03386
G1 X95.938 Y92.117 E.02503
G1 X96.619 Y91.604 E.02352
G1 X97.676 Y90.881 E.03535
G1 X98.773 Y90.218 E.03535
G1 X99.522 Y89.812 E.0235
G1 X100.676 Y89.255 E.03536
G1 X101.859 Y88.764 E.03535
G1 X102.661 Y88.475 E.02351
G1 X103.885 Y88.096 E.03536
G1 X105.076 Y87.799 E.03385
G1 X105.965 Y87.62 E.02505
G1 X106.807 Y87.485 E.02353
G1 X108.081 Y87.341 E.03536
G1 X109.36 Y87.269 E.03534
G1 X110.587 Y87.268 E.03386
G1 X111.493 Y87.309 E.02502
G1 X112.769 Y87.429 E.03539
G1 X113.613 Y87.549 E.02351
G1 X114.872 Y87.787 E.03536
G1 X116.116 Y88.096 E.03536
G1 X116.932 Y88.34 E.02351
G1 X118.091 Y88.746 E.03387
G1 X118.933 Y89.084 E.02504
G1 X119.711 Y89.433 E.02353
G1 X120.855 Y90.012 E.03538
G1 X121.596 Y90.432 E.0235
G1 X122.68 Y91.115 E.03535
G1 X123.723 Y91.857 E.03532
G1 X124.724 Y92.657 E.03535
G1 X125.363 Y93.22 E.02349
G1 X126.284 Y94.11 E.03534
G1 X127.154 Y95.051 E.03535
G1 X127.702 Y95.702 E.02349
G1 X128.479 Y96.72 E.03534
G1 X129.198 Y97.779 E.03531
G1 X129.856 Y98.878 E.03533
G1 X130.259 Y99.629 E.02351
G1 X130.633 Y100.394 E.02351
G1 X131.142 Y101.569 E.03533
G1 X131.583 Y102.77 E.03531
G1 X131.941 Y103.943 E.03382
G1 X132.166 Y104.82 E.02499
G1 X132.41 Y106.029 E.03402
G1 E-.7 F2400
;WIPE_START
G1 F5400
G1 X132.434 Y106.151 E-.03738
G1 X132.555 Y107.018 E-.26262
;WIPE_END
G17
G3 Z3.6 I.768 J-.944 P1  F9000
G1 X119.008 Y95.991 Z3.6
G1 Z3.2
G1 E1 F2700
M204 P2000
;TYPE:Inner wall
;WIDTH:0.449999
G1 F7200
G1 X119.329 Y96.193 E.01131
G1 X119.986 Y96.658 E.02398
G1 X120.574 Y97.118 E.02221
G1 X121.286 Y97.742 E.02823
G1 X121.946 Y98.376 E.02725
G1 X122.454 Y98.921 E.0222
G1 X122.948 Y99.501 E.02268
G1 X123.581 Y100.335 E.03117
G1 X124.039 Y101.009 E.02428
G1 X124.591 Y101.934 E.03209
G1 X124.85 Y102.427 E.01657
G1 X125.107 Y102.955 E.01751
G1 X125.5 Y103.859 E.02936
G1 X125.803 Y104.68 E.02607
G1 X126.025 Y105.391 E.02219
G1 X126.216 Y106.111 E.02219
G1 X126.373 Y106.84 E.0222
G1 X126.524 Y107.785 E.02852
G1 X126.624 Y108.684 E.02693
G1 X126.66 Y109.32 E.01897
G1 X126.675 Y110.173 E.0254
G1 X126.651 Y110.917 E.02219
G1 X126.6 Y111.588 E.02003
G1 X126.502 Y112.398 E.02429
G1 X126.378 Y113.134 E.02224
G1 X126.262 Y113.675 E.01649
G1 X125.928 Y114.933 E.03877
G1 X125.684 Y115.661 E.02287
G1 X125.278 Y116.676 E.03254
G1 X124.96 Y117.359 E.02246
G1 X124.616 Y118.02 E.02219
G1 X124.242 Y118.665 E.0222
G1 X123.84 Y119.292 E.0222
G1 X123.411 Y119.901 E.0222
G1 X122.72 Y120.772 E.03309
G1 X122.232 Y121.322 E.02192
G1 X121.702 Y121.868 E.02267
G1 X121.159 Y122.379 E.02221
G1 X120.375 Y123.038 E.03049
G1 X119.706 Y123.545 E.02501
G1 X119.091 Y123.965 E.0222
G1 X118.456 Y124.357 E.02221
G1 X117.805 Y124.721 E.02221
G1 X117.139 Y125.055 E.02221
G1 X116.13 Y125.488 E.03272
G1 X114.709 Y125.98 E.04479
G1 X113.982 Y126.176 E.02241
G1 X113.254 Y126.338 E.02222
G1 X112.23 Y126.508 E.03094
G1 X111.411 Y126.598 E.02452
G1 X110.665 Y126.645 E.02227
G1 X109.92 Y126.658 E.02221
G1 X109.158 Y126.637 E.02269
G1 X108.067 Y126.546 E.03263
G1 X107.321 Y126.442 E.02241
G1 X106.588 Y126.306 E.02221
G1 X105.862 Y126.137 E.02221
G1 X105.144 Y125.936 E.02221
G1 X104.436 Y125.703 E.02221
G1 X103.806 Y125.466 E.02005
G1 X103.29 Y125.245 E.01671
G1 X102.419 Y124.836 E.02867
G1 X101.582 Y124.374 E.02846
G1 X101.119 Y124.095 E.01611
G1 X99.87 Y123.232 E.0452
G1 X99.283 Y122.763 E.0224
G1 X98.723 Y122.271 E.0222
G1 X98.184 Y121.755 E.02221
G1 X97.427 Y120.943 E.03309
G1 X96.945 Y120.365 E.0224
G1 X96.495 Y119.772 E.0222
G1 X96.071 Y119.159 E.0222
G1 X95.675 Y118.527 E.0222
G1 X95.138 Y117.555 E.03308
G1 X94.812 Y116.878 E.0224
G1 X94.432 Y115.964 E.02947
G1 X94.139 Y115.144 E.02594
G1 X93.951 Y114.52 E.01941
G1 X93.742 Y113.706 E.02503
G1 X93.595 Y112.991 E.02175
G1 X93.475 Y112.241 E.02263
G1 X93.392 Y111.5 E.0222
G1 X93.334 Y110.493 E.03004
G1 X93.328 Y109.64 E.02543
G1 X93.381 Y108.636 E.02993
G1 X93.444 Y108.043 E.01778
G1 X93.585 Y107.063 E.02949
G1 X93.698 Y106.503 E.01702
G1 X93.917 Y105.595 E.0278
G1 X94.13 Y104.881 E.0222
G1 X94.481 Y103.905 E.03091
G1 X94.775 Y103.207 E.02256
G1 X95.022 Y102.683 E.01725
G1 X95.475 Y101.816 E.02913
G1 X95.856 Y101.175 E.0222
G1 X96.297 Y100.518 E.02358
G1 X96.857 Y99.749 E.02833
G1 X97.405 Y99.081 E.02575
G1 X97.907 Y98.529 E.0222
G1 X98.432 Y98.001 E.0222
G1 X98.981 Y97.496 E.0222
G1 X99.551 Y97.016 E.0222
G1 X100.155 Y96.553 E.02269
G1 X101.03 Y95.958 E.0315
G1 X101.705 Y95.548 E.02352
G1 X102.354 Y95.195 E.022
G1 X103.03 Y94.866 E.02241
G1 X103.714 Y94.569 E.02221
G1 X104.67 Y94.218 E.03033
G1 X105.477 Y93.965 E.02518
G1 X106.199 Y93.779 E.02221
G1 X106.929 Y93.626 E.02222
G1 X107.674 Y93.512 E.02245
G1 X108.623 Y93.4 E.02847
G1 X109.521 Y93.348 E.0268
G1 X110.499 Y93.352 E.02912
G1 X111.093 Y93.38 E.01772
G1 X112.09 Y93.473 E.02982
G1 X112.657 Y93.557 E.01707
G1 X113.594 Y93.732 E.0284
G1 X114.318 Y93.909 E.02221
G1 X115.034 Y94.118 E.02221
G1 X115.74 Y94.359 E.02221
G1 X116.434 Y94.631 E.02221
G1 X117.116 Y94.934 E.02221
G1 X118.024 Y95.399 E.03041
G1 X118.494 Y95.668 E.01612
G1 X118.974 Y95.97 E.0169
G1 X118.788 Y96.341 F9000
M204 P1000
;TYPE:Outer wall
;WIDTH:0.419999
G1 F5400
G1 X119.104 Y96.54 E.01031
G1 X119.746 Y96.995 E.0217
G1 X120.319 Y97.443 E.02006
G1 X121.014 Y98.053 E.02552
G1 X121.656 Y98.671 E.02461
G1 X122.152 Y99.203 E.02005
G1 X122.626 Y99.76 E.02019
G1 X123.251 Y100.585 E.02855
G1 X123.691 Y101.231 E.02156
G1 X124.235 Y102.146 E.02938
G1 X124.483 Y102.618 E.01471
G1 X124.733 Y103.13 E.01571
G1 X125.117 Y104.017 E.02668
G1 X125.414 Y104.821 E.02364
G1 X125.631 Y105.514 E.02005
G1 X125.816 Y106.217 E.02004
G1 X125.969 Y106.927 E.02005
G1 X126.115 Y107.85 E.02578
G1 X126.213 Y108.726 E.02431
G1 X126.247 Y109.343 E.01706
G1 X126.262 Y110.177 E.02302
G1 X126.238 Y110.903 E.02004
G1 X126.187 Y111.556 E.01806
G1 X126.092 Y112.348 E.02201
G1 X125.971 Y113.065 E.02006
G1 X125.858 Y113.588 E.01477
G1 X125.528 Y114.826 E.03536
G1 X125.295 Y115.519 E.02016
G1 X124.894 Y116.522 E.02981
G1 X124.586 Y117.185 E.02016
G1 X124.249 Y117.829 E.02005
G1 X123.885 Y118.457 E.02005
G1 X123.492 Y119.069 E.02005
G1 X123.073 Y119.663 E.02006
G1 X122.397 Y120.514 E.03001
G1 X121.923 Y121.047 E.01967
G1 X121.405 Y121.58 E.02049
G1 X120.875 Y122.078 E.02006
G1 X120.109 Y122.721 E.0276
G1 X119.459 Y123.214 E.02253
G1 X118.858 Y123.624 E.02006
G1 X118.239 Y124.005 E.02006
G1 X117.604 Y124.359 E.02006
G1 X116.954 Y124.685 E.02006
G1 X115.978 Y125.103 E.02929
G1 X114.579 Y125.587 E.04085
G1 X113.875 Y125.777 E.02012
G1 X113.165 Y125.934 E.02007
G1 X112.162 Y126.1 E.02804
G1 X111.366 Y126.187 E.0221
G1 X110.64 Y126.232 E.02008
G1 X109.913 Y126.244 E.02006
G1 X109.181 Y126.224 E.0202
G1 X108.101 Y126.134 E.0299
G1 X107.379 Y126.032 E.02012
G1 X106.664 Y125.899 E.02006
G1 X105.956 Y125.734 E.02006
G1 X105.256 Y125.538 E.02006
G1 X104.565 Y125.311 E.02006
G1 X103.952 Y125.079 E.01808
G1 X103.453 Y124.865 E.01499
G1 X102.599 Y124.464 E.02602
G1 X101.784 Y124.013 E.02573
G1 X101.34 Y123.745 E.01429
G1 X100.111 Y122.896 E.04123
G1 X99.542 Y122.44 E.02012
G1 X98.995 Y121.961 E.02006
G1 X98.471 Y121.457 E.02006
G1 X97.728 Y120.66 E.03007
G1 X97.263 Y120.101 E.02006
G1 X96.824 Y119.522 E.02005
G1 X96.411 Y118.924 E.02005
G1 X96.025 Y118.308 E.02006
G1 X95.5 Y117.356 E.03001
G1 X95.184 Y116.699 E.02011
G1 X94.814 Y115.806 E.02668
G1 X94.529 Y115.006 E.02341
G1 X94.348 Y114.401 E.01743
G1 X94.143 Y113.605 E.02267
G1 X94 Y112.908 E.01963
G1 X93.884 Y112.176 E.02045
G1 X93.803 Y111.454 E.02005
G1 X93.747 Y110.47 E.02719
G1 X93.741 Y109.64 E.02292
G1 X93.794 Y108.659 E.0271
G1 X93.855 Y108.088 E.01585
G1 X93.994 Y107.127 E.02677
G1 X94.104 Y106.586 E.01525
G1 X94.318 Y105.696 E.02524
G1 X94.527 Y105 E.02005
G1 X94.87 Y104.045 E.02801
G1 X95.156 Y103.368 E.02027
G1 X95.395 Y102.862 E.01544
G1 X95.839 Y102.011 E.02647
G1 X96.211 Y101.387 E.02006
G1 X96.64 Y100.749 E.02121
G1 X97.187 Y99.999 E.02561
G1 X97.723 Y99.345 E.02334
G1 X98.212 Y98.808 E.02005
G1 X98.725 Y98.292 E.02005
G1 X99.26 Y97.801 E.02006
G1 X99.817 Y97.333 E.02006
G1 X100.398 Y96.888 E.02019
G1 X101.262 Y96.3 E.02886
G1 X101.918 Y95.902 E.02115
G1 X102.551 Y95.559 E.01987
G1 X103.211 Y95.238 E.02025
G1 X103.878 Y94.949 E.02007
G1 X104.812 Y94.606 E.02745
G1 X105.597 Y94.361 E.02269
G1 X106.302 Y94.18 E.02006
G1 X107.014 Y94.031 E.02007
G1 X107.736 Y93.921 E.02016
G1 X108.662 Y93.812 E.02574
G1 X109.542 Y93.761 E.02431
G1 X110.497 Y93.766 E.02634
G1 X111.068 Y93.793 E.01578
G1 X112.046 Y93.884 E.02711
G1 X112.595 Y93.966 E.01531
G1 X113.514 Y94.138 E.0258
G1 X114.22 Y94.311 E.02006
G1 X114.918 Y94.515 E.02006
G1 X115.606 Y94.75 E.02006
G1 X116.283 Y95.016 E.02006
G1 X116.947 Y95.311 E.02007
G1 X117.835 Y95.767 E.02753
G1 X118.284 Y96.025 E.01429
G1 X118.754 Y96.32 E.0153
G1 E-.7 F2400
;WIPE_START
G1 F5400
G1 X119.104 Y96.54 E-.12414
G1 X119.583 Y96.879 E-.17586
;WIPE_END
G1 Z3.6 F9000
G1 X121.128 Y91.04
G1 Z3.6
G1 Z3.2
G1 E1 F2700
M204 P2500
;TYPE:Sparse infill
;WIDTH:0.45
G1 F10800
G1 X122.257 Y91.746 E.03968
G1 X122.499 Y91.918 E.00882
G1 X122.609 Y92.902 E.02949
G1 X123.989 Y94.283 E.05816
G1 X125.55 Y94.457 E.04678
G1 X125.741 Y94.641 E.00791
G1 X126.584 Y95.553 E.03699
G1 X127.109 Y96.178 E.0243
G1 X127.863 Y97.164 E.03699
G1 X128.557 Y98.188 E.03684
G1 X128.76 Y98.527 E.01178
G1 X128.826 Y99.119 E.01775
G1 X129.467 Y99.76 E.02701
G1 X129.943 Y100.712 E.03169
G1 X130.167 Y101.23 E.0168
G1 E-.77778 F2400
;WIPE_START
G1 F10800
G1 X129.943 Y100.712 E-.12537
G1 X129.748 Y100.322 E-.09685
;WIPE_END
G17
G3 Z3.6 I-1.024 J-.658 P1  F9000
G1 X109.413 Y131.969 Z3.6
G1 Z3.2
G1 E1 F2700
G1 F10800
G1 X108.767 Y131.944 E.01926
G1 X107.291 Y131.806 E.04417
G1 X106.303 Y131.666 E.02971
G1 X105.195 Y131.445 E.03367
G1 X103.956 Y130.207 E.05217
G1 X103.609 Y127.098 E.09318
G1 X102.228 Y125.717 E.05816
G1 X99.119 Y125.37 E.09318
G1 X97.739 Y123.989 E.05816
G1 X97.459 Y121.484 E.07508
G1 X97.165 Y121.169 E.01285
G1 X96.666 Y120.57 E.02319
G1 X96.214 Y119.975 E.02228
G1 X95.876 Y119.485 E.01773
G1 X92.902 Y119.153 E.08913
G1 X91.521 Y117.772 E.05816
G1 X91.174 Y114.663 E.09318
G1 X89.793 Y113.282 E.05816
G1 X88.224 Y113.107 E.04704
G1 X88.172 Y112.774 E.01004
G1 X88.054 Y111.593 E.03536
G1 X88.008 Y110.725 E.02591
G1 X88.002 Y109.484 E.03696
G1 X88.062 Y108.298 E.03536
G1 X88.146 Y107.433 E.02591
G1 X88.226 Y106.89 E.01634
G1 X89.793 Y107.065 E.04698
G1 X91.174 Y108.446 E.05816
G1 X91.521 Y111.554 E.09318
G1 X92.902 Y112.935 E.05816
G1 X93.242 Y112.973 E.01018
G1 X93.128 Y112.257 E.0216
G1 X93.046 Y111.525 E.02193
G1 X92.983 Y110.407 E.03335
G1 X92.982 Y109.613 E.02365
G1 X93.04 Y108.548 E.03179
G1 X93.132 Y107.716 E.02491
G1 X93.293 Y106.761 E.02885
G1 X92.902 Y106.718 E.01171
G1 X91.521 Y105.337 E.05816
G1 X91.174 Y102.228 E.09318
G1 X89.933 Y100.987 E.05229
G1 X90.23 Y100.348 E.02099
G1 X90.808 Y99.249 E.03699
G1 X91.421 Y98.224 E.03559
G1 X91.521 Y99.119 E.02685
G1 X92.902 Y100.5 E.05816
G1 X95.683 Y100.811 E.08336
G1 X96.209 Y100.031 E.02802
G1 X96.656 Y99.443 E.022
G1 X97.157 Y98.839 E.02338
G1 X97.647 Y98.3 E.02169
G1 X97.391 Y96.011 E.06863
G1 X96.011 Y94.63 E.05816
G1 X94.448 Y94.455 E.04684
G1 X94.844 Y94.065 E.01655
G1 X95.731 Y93.269 E.03551
G1 X96.408 Y92.715 E.02606
G1 X97.062 Y92.221 E.02441
G1 X97.62 Y91.839 E.02013
G1 X97.739 Y92.902 E.03184
G1 X99.119 Y94.283 E.05816
G1 X102.228 Y94.63 E.09318
G1 X102.391 Y94.793 E.00685
G1 X102.914 Y94.538 E.01731
G1 X103.591 Y94.246 E.02198
G1 X104.85 Y93.796 E.03983
G1 X103.956 Y92.902 E.03766
G1 X103.609 Y89.793 E.09318
G1 X102.985 Y89.169 E.02627
G1 X104.089 Y88.828 E.03443
G1 X105.242 Y88.54 E.0354
G1 X106.101 Y88.368 E.02608
G1 X106.9 Y88.24 E.02411
G1 X108.446 Y88.412 E.04633
G1 X109.826 Y89.793 E.05816
G1 X110.174 Y92.902 E.09318
G1 X110.277 Y93.006 E.00437
G1 X110.67 Y93.008 E.01168
G1 X111.408 Y93.053 E.02204
G1 X111.902 Y93.106 E.01478
G1 X110.666 Y88.032 F9000
G1 F10800
G1 X111.44 Y88.067 E.02309
G1 X112.915 Y88.217 E.04415
G1 X113.489 Y88.298 E.01728
G1 X114.804 Y88.553 E.0399
G1 X116.044 Y89.793 E.05223
G1 X116.391 Y92.902 E.09318
G1 X117.772 Y94.283 E.05816
G1 X120.881 Y94.63 E.09318
G1 X122.261 Y96.011 E.05816
G1 X122.54 Y98.507 E.07482
G1 X123.22 Y99.287 E.03082
G1 X123.912 Y100.201 E.03416
G1 X124.123 Y100.515 E.01127
G1 X127.098 Y100.847 E.08916
G1 X128.479 Y102.228 E.05816
G1 X128.826 Y105.337 E.09318
G1 X130.207 Y106.718 E.05816
G1 X131.782 Y106.894 E.0472
G1 X131.935 Y108.254 E.04078
G1 X131.985 Y109.068 E.02429
G1 X132.002 Y110.309 E.03697
G1 X131.95 Y111.549 E.03697
G1 X131.877 Y112.361 E.02428
G1 X131.774 Y113.11 E.02254
G1 X130.207 Y112.935 E.04698
G1 X128.826 Y111.554 E.05816
G1 X128.479 Y108.446 E.09318
G1 X127.098 Y107.065 E.05816
G1 X126.754 Y107.026 E.01031
G1 X126.89 Y107.886 E.02593
G1 X126.97 Y108.667 E.02339
G1 X127.013 Y109.445 E.02319
G1 X127.021 Y110.203 E.02258
G1 X126.996 Y110.939 E.02194
G1 X126.944 Y111.627 E.02056
G1 X126.84 Y112.48 E.02558
G1 X126.71 Y113.239 E.02295
G1 X127.098 Y113.282 E.01163
G1 X128.479 Y114.663 E.05816
G1 X128.826 Y117.772 E.09318
G1 X130.063 Y119.009 E.05211
G1 X129.674 Y119.844 E.02743
G1 X129.295 Y120.566 E.02429
G1 X128.579 Y121.773 E.04181
G1 X128.479 Y120.881 E.02674
G1 X127.098 Y119.5 E.05816
G1 X124.317 Y119.189 E.08336
G1 X123.664 Y120.14 E.03434
G1 X122.984 Y120.996 E.03257
G1 X122.352 Y121.696 E.0281
G1 X122.609 Y123.989 E.06874
G1 X123.989 Y125.37 E.05816
G1 X125.546 Y125.544 E.04667
G1 X124.702 Y126.353 E.03483
G1 X123.754 Y127.156 E.03699
G1 X122.766 Y127.901 E.03687
G1 X122.38 Y128.161 E.01386
G1 X122.261 Y127.098 E.03184
G1 X120.881 Y125.717 E.05816
G1 X117.772 Y125.37 E.09318
G1 X117.608 Y125.206 E.0069
G1 X116.578 Y125.684 E.03383
G1 X115.867 Y125.963 E.02275
G1 X115.146 Y126.2 E.02261
G1 X116.044 Y127.098 E.03783
G1 X116.391 Y130.207 E.09318
G1 X117.013 Y130.829 E.02621
G1 X115.708 Y131.227 E.04066
G1 X114.915 Y131.423 E.02431
G1 X113.697 Y131.666 E.03701
G1 X113.062 Y131.756 E.0191
G1 X111.554 Y131.588 E.04518
G1 X110.174 Y130.207 E.05816
G1 X109.826 Y127.098 E.09318
G1 X109.727 Y126.999 E.00419
G1 X109.12 Y126.981 E.01809
G1 X108.102 Y126.896 E.03041
G1 X98.872 Y128.959 F9000
G1 F10800
G1 X98.265 Y128.593 E.0211
G1 X97.501 Y128.081 E.0274
G1 X97.391 Y127.098 E.02944
G1 X96.011 Y125.717 E.05816
G1 X94.449 Y125.543 E.04681
G1 X94.118 Y125.212 E.01394
G1 X93.317 Y124.33 E.03549
G1 X92.762 Y123.66 E.02592
G1 X92.017 Y122.666 E.03697
G1 X91.359 Y121.678 E.03537
G1 X91.241 Y121.481 E.00685
G1 X91.174 Y120.881 E.01799
G1 X90.546 Y120.253 E.02644
G1 X90.322 Y119.836 E.01411
G1 X89.839 Y118.788 E.03438
; stop printing object Генератор.stl id:18446744073679698525 copy 0
;LAYER_CHANGE
;Z:3.4
;HEIGHT:0.2
;BEFORE_LAYER_CHANGE
;3.4
G92 E0

G1 E-.77778 F2400
;WIPE_START
G1 F10800
G1 X90.257 Y119.696 E-.22222
;WIPE_END
;_SET_FAN_SPEED_CHANGING_LAYER
; printing object Генератор.stl id:18446744073679698525 copy 0
G17
G3 Z3.8 I.375 J1.158 P1  F9000
G1 X132.013 Y106.153 Z3.8
G1 Z3.4
G1 E1 F2700
M204 P2000
;TYPE:Inner wall
;WIDTH:0.449999
G1 F7200
G1 X132.026 Y106.214 E.00187
G1 X132.188 Y107.378 E.035
G1 X132.289 Y108.378 E.02994
G1 X132.331 Y109.121 E.02217
G1 X132.348 Y110.314 E.03552
G1 X132.297 Y111.543 E.03664
G1 X132.221 Y112.4 E.02563
G1 X132.05 Y113.647 E.03749
G1 X131.809 Y114.883 E.0375
G1 X131.612 Y115.69 E.02477
G1 X131.256 Y116.901 E.03759
G1 X130.984 Y117.687 E.02478
G1 X130.515 Y118.859 E.03759
G1 X130.171 Y119.616 E.02477
G1 X129.596 Y120.736 E.03751
G1 X128.959 Y121.823 E.03751
G1 X128.505 Y122.52 E.02478
G1 X127.769 Y123.542 E.03751
G1 X126.977 Y124.521 E.03752
G1 X126.424 Y125.142 E.02478
G1 X125.541 Y126.045 E.03761
G1 X124.932 Y126.612 E.02478
G1 X123.971 Y127.426 E.03752
G1 X122.967 Y128.183 E.03744
G1 X121.945 Y128.869 E.03667
G1 X121.208 Y129.315 E.02565
G1 X120.1 Y129.915 E.03752
G1 X118.96 Y130.452 E.03754
G1 X118.192 Y130.771 E.02479
G1 X117.006 Y131.2 E.03754
G1 X115.827 Y131.553 E.03668
G1 X114.991 Y131.761 E.02566
G1 X113.755 Y132.008 E.03753
G1 X112.507 Y132.184 E.03754
G1 X111.678 Y132.262 E.0248
G1 X110.416 Y132.321 E.03763
G1 X109.581 Y132.321 E.02489
G1 X108.746 Y132.29 E.02488
G1 X107.49 Y132.184 E.03754
G1 X106.245 Y132.008 E.03745
G1 X105.009 Y131.761 E.03754
G1 X104.201 Y131.56 E.0248
G1 X102.993 Y131.2 E.03755
G1 X101.835 Y130.782 E.03668
G1 X101.039 Y130.452 E.02566
G1 X99.923 Y129.927 E.03676
G1 X99.161 Y129.524 E.02565
G1 X98.077 Y128.883 E.03753
G1 X97.054 Y128.198 E.03667
G1 X96.361 Y127.686 E.02565
G1 X95.385 Y126.89 E.03752
G1 X94.476 Y126.06 E.03667
G1 X93.865 Y125.449 E.02573
G1 X93.299 Y124.836 E.02486
G1 X92.488 Y123.872 E.03752
G1 X91.735 Y122.866 E.03743
G1 X91.053 Y121.842 E.03665
G1 X90.61 Y121.104 E.02564
G1 X90.013 Y119.992 E.03759
G1 X89.655 Y119.242 E.02478
G1 X89.165 Y118.081 E.0375
G1 X88.742 Y116.896 E.0375
G1 X88.5 Y116.1 E.02477
G1 X88.189 Y114.877 E.03759
G1 X88.023 Y114.062 E.02477
G1 X87.828 Y112.818 E.0375
G1 X87.707 Y111.594 E.03665
G1 X87.662 Y110.735 E.02563
G1 X87.656 Y109.476 E.03749
G1 X87.719 Y108.247 E.03665
G1 X87.803 Y107.391 E.02563
G1 X87.985 Y106.143 E.03758
G1 X88.145 Y105.327 E.02477
G1 X88.443 Y104.104 E.0375
G1 X88.81 Y102.899 E.0375
G1 X89.089 Y102.116 E.02477
G1 X89.569 Y100.948 E.03759
G1 X89.92 Y100.195 E.02477
G1 X90.506 Y99.08 E.03751
G1 X91.153 Y97.999 E.03751
G1 X91.613 Y97.307 E.02478
G1 X92.359 Y96.291 E.03751
G1 X93.142 Y95.342 E.03666
G1 X93.72 Y94.704 E.02564
G1 X94.609 Y93.811 E.03752
G1 X95.525 Y92.989 E.03667
G1 X96.194 Y92.443 E.02573
G1 X96.86 Y91.94 E.02487
G1 X97.9 Y91.229 E.03753
G1 X98.979 Y90.577 E.03753
G1 X99.71 Y90.181 E.02479
G1 X100.845 Y89.633 E.03754
G1 X102.009 Y89.15 E.03753
G1 X102.792 Y88.867 E.0248
G1 X103.996 Y88.495 E.03754
G1 X105.191 Y88.197 E.03668
G1 X106.039 Y88.027 E.02575
G1 X106.863 Y87.895 E.02488
G1 X108.116 Y87.754 E.03754
G1 X109.371 Y87.683 E.03746
G1 X110.603 Y87.682 E.03669
G1 X111.464 Y87.722 E.02566
G1 X112.718 Y87.84 E.03753
G1 X113.964 Y88.028 E.03754
G1 X114.781 Y88.191 E.0248
G1 X116.007 Y88.495 E.03763
G1 X116.804 Y88.734 E.0248
G1 X117.996 Y89.152 E.03762
G1 X118.768 Y89.464 E.02479
G1 X119.916 Y89.991 E.03762
G1 X120.657 Y90.375 E.02488
G1 X121.384 Y90.787 E.02488
G1 X122.45 Y91.459 E.03753
G1 X123.474 Y92.187 E.03744
G1 X124.436 Y92.956 E.03667
G1 X125.083 Y93.524 E.02565
G1 X125.988 Y94.399 E.03751
G1 X126.842 Y95.322 E.03743
G1 X127.641 Y96.292 E.03743
G1 X128.387 Y97.307 E.03751
G1 X128.849 Y98.002 E.02487
G1 X129.285 Y98.714 E.02487
G1 X129.892 Y99.82 E.0376
G1 X130.258 Y100.567 E.02478
G1 X130.758 Y101.723 E.0375
G1 X131.191 Y102.902 E.03742
G1 X131.558 Y104.106 E.0375
G1 X131.763 Y104.912 E.02477
G1 X132.005 Y106.114 E.03651
G1 X132.418 Y106.071 F9000
M204 P1000
;TYPE:Outer wall
;WIDTH:0.419999
G1 F5400
G1 X132.434 Y106.151 E.00224
G1 X132.599 Y107.334 E.03296
G1 X132.702 Y108.353 E.02827
G1 X132.745 Y109.116 E.02107
G1 X132.762 Y110.319 E.03322
G1 X132.71 Y111.57 E.03453
G1 X132.632 Y112.446 E.02428
G1 X132.458 Y113.714 E.03532
G1 X132.213 Y114.971 E.03533
G1 X132.012 Y115.798 E.02348
G1 X131.65 Y117.027 E.03535
G1 X131.371 Y117.831 E.02349
G1 X130.896 Y119.021 E.03536
G1 X130.543 Y119.796 E.02348
G1 X129.959 Y120.935 E.03533
G1 X129.311 Y122.04 E.03534
G1 X128.846 Y122.753 E.02349
G1 X128.098 Y123.793 E.03534
G1 X127.292 Y124.788 E.03534
G1 X126.726 Y125.424 E.02349
G1 X125.83 Y126.341 E.03537
G1 X125.207 Y126.921 E.02349
G1 X124.229 Y127.749 E.03535
G1 X123.207 Y128.52 E.03532
G1 X122.167 Y129.218 E.03455
G1 X121.414 Y129.674 E.0243
G1 X120.287 Y130.284 E.03535
G1 X119.128 Y130.83 E.03536
G1 X118.341 Y131.157 E.0235
G1 X117.136 Y131.592 E.03536
G1 X115.936 Y131.952 E.03456
G1 X115.081 Y132.165 E.0243
G1 X113.824 Y132.415 E.03536
G1 X112.555 Y132.595 E.03536
G1 X111.707 Y132.675 E.0235
G1 X110.426 Y132.735 E.03539
G1 X109.573 Y132.735 E.02353
G1 X108.721 Y132.703 E.02353
G1 X107.444 Y132.595 E.03536
G1 X106.176 Y132.415 E.03534
G1 X104.919 Y132.165 E.03537
G1 X104.092 Y131.959 E.0235
G1 X102.864 Y131.592 E.03536
G1 X101.686 Y131.167 E.03456
G1 X100.872 Y130.83 E.0243
G1 X99.738 Y130.297 E.03458
G1 X98.959 Y129.885 E.0243
G1 X97.856 Y129.233 E.03535
G1 X96.816 Y128.536 E.03455
G1 X96.107 Y128.013 E.0243
G1 X95.115 Y127.203 E.03535
G1 X94.19 Y126.359 E.03455
G1 X93.567 Y125.736 E.02432
G1 X92.989 Y125.11 E.02352
G1 X92.164 Y124.129 E.03534
G1 X91.397 Y123.105 E.03531
G1 X90.704 Y122.063 E.03454
G1 X90.251 Y121.308 E.02429
G1 X89.644 Y120.179 E.03536
G1 X89.277 Y119.411 E.02349
G1 X88.78 Y118.231 E.03533
G1 X88.35 Y117.025 E.03533
G1 X88.102 Y116.211 E.02348
G1 X87.786 Y114.969 E.03536
G1 X87.616 Y114.136 E.02348
G1 X87.418 Y112.871 E.03533
G1 X87.294 Y111.625 E.03453
G1 X87.248 Y110.747 E.02428
G1 X87.242 Y109.466 E.03532
G1 X87.306 Y108.217 E.03453
G1 X87.392 Y107.341 E.02428
G1 X87.578 Y106.073 E.03535
G1 X87.74 Y105.238 E.02348
G1 X88.044 Y103.994 E.03533
G1 X88.417 Y102.769 E.03533
G1 X88.703 Y101.968 E.02348
G1 X89.19 Y100.782 E.03536
G1 X89.55 Y100.011 E.02348
G1 X90.145 Y98.877 E.03534
G1 X90.803 Y97.778 E.03534
G1 X91.274 Y97.07 E.02349
G1 X92.032 Y96.037 E.03534
G1 X92.829 Y95.071 E.03454
G1 X93.42 Y94.419 E.02429
G1 X94.324 Y93.511 E.03534
G1 X95.256 Y92.675 E.03455
G1 X95.938 Y92.117 E.02432
G1 X96.619 Y91.604 E.02352
G1 X97.676 Y90.881 E.03535
G1 X98.773 Y90.218 E.03535
G1 X99.522 Y89.812 E.0235
G1 X100.676 Y89.255 E.03536
G1 X101.859 Y88.764 E.03536
G1 X102.661 Y88.475 E.0235
G1 X103.885 Y88.096 E.03536
G1 X105.101 Y87.794 E.03456
G1 X105.965 Y87.62 E.02433
G1 X106.807 Y87.485 E.02353
G1 X108.081 Y87.341 E.03536
G1 X109.36 Y87.269 E.03534
G1 X110.612 Y87.269 E.03457
G1 X111.492 Y87.309 E.02431
G1 X112.768 Y87.429 E.03536
G1 X114.036 Y87.621 E.03536
G1 X114.871 Y87.787 E.02351
G1 X116.116 Y88.096 E.03539
G1 X116.932 Y88.34 E.02351
G1 X118.142 Y88.765 E.03539
G1 X118.932 Y89.084 E.0235
G1 X120.097 Y89.62 E.03538
G1 X120.854 Y90.012 E.02353
G1 X121.596 Y90.432 E.02353
G1 X122.68 Y91.115 E.03535
G1 X123.723 Y91.857 E.03532
G1 X124.702 Y92.639 E.03455
G1 X125.363 Y93.22 E.0243
G1 X126.284 Y94.11 E.03534
G1 X127.153 Y95.05 E.03532
G1 X127.968 Y96.037 E.03531
G1 X128.726 Y97.07 E.03534
G1 X129.198 Y97.779 E.02351
G1 X129.642 Y98.506 E.02352
G1 X130.259 Y99.63 E.03536
G1 X130.633 Y100.394 E.02349
G1 X131.142 Y101.569 E.03533
G1 X131.583 Y102.77 E.0353
G1 X131.956 Y103.995 E.03533
G1 X132.166 Y104.82 E.02348
G1 X132.41 Y106.032 E.03411
G1 E-.7 F2400
;WIPE_START
G1 F5400
G1 X132.434 Y106.151 E-.03636
G1 X132.556 Y107.021 E-.26364
;WIPE_END
G17
G3 Z3.8 I.767 J-.945 P1  F9000
G1 X118.862 Y95.899 Z3.8
G1 Z3.4
G1 E1 F2700
M204 P2000
;TYPE:Inner wall
;WIDTH:0.449999
G1 F7200
G1 X119.329 Y96.193 E.01644
G1 X120.094 Y96.745 E.02808
G1 X120.821 Y97.326 E.02772
G1 X121.265 Y97.721 E.01771
G1 X121.946 Y98.376 E.02815
G1 X122.454 Y98.921 E.0222
G1 X122.938 Y99.489 E.0222
G1 X123.61 Y100.373 E.03309
G1 X124.031 Y100.996 E.0224
G1 X124.387 Y101.592 E.02068
G1 X124.857 Y102.441 E.0289
G1 X125.107 Y102.955 E.01703
G1 X125.5 Y103.859 E.02936
G1 X125.803 Y104.68 E.02607
G1 X126.025 Y105.391 E.02219
G1 X126.216 Y106.111 E.02219
G1 X126.373 Y106.84 E.0222
G1 X126.524 Y107.785 E.02852
G1 X126.624 Y108.684 E.02693
G1 X126.66 Y109.32 E.01897
G1 X126.675 Y110.173 E.0254
G1 X126.651 Y110.917 E.02219
G1 X126.598 Y111.61 E.0207
G1 X126.502 Y112.398 E.02364
G1 X126.378 Y113.134 E.02223
G1 X126.262 Y113.675 E.01649
G1 X125.928 Y114.933 E.03877
G1 X125.684 Y115.661 E.02287
G1 X125.277 Y116.678 E.0326
G1 X125.044 Y117.18 E.0165
G1 X124.616 Y118.02 E.02808
G1 X124.242 Y118.665 E.0222
G1 X123.84 Y119.292 E.0222
G1 X123.411 Y119.901 E.0222
G1 X122.72 Y120.772 E.03309
G1 X122.232 Y121.322 E.02192
G1 X121.702 Y121.868 E.02267
G1 X121.159 Y122.379 E.02221
G1 X120.375 Y123.038 E.03049
G1 X119.706 Y123.545 E.02501
G1 X119.091 Y123.965 E.0222
G1 X118.456 Y124.357 E.02221
G1 X117.805 Y124.721 E.02221
G1 X117.139 Y125.055 E.02221
G1 X116.13 Y125.488 E.03272
G1 X114.709 Y125.98 E.04479
G1 X113.982 Y126.176 E.02242
G1 X112.895 Y126.405 E.0331
G1 X112.151 Y126.519 E.02241
G1 X111.41 Y126.598 E.02221
G1 X110.665 Y126.645 E.02221
G1 X109.92 Y126.658 E.02221
G1 X109.158 Y126.637 E.02269
G1 X108.067 Y126.546 E.03263
G1 X107.321 Y126.442 E.02241
G1 X106.588 Y126.306 E.02221
G1 X105.862 Y126.137 E.02221
G1 X105.144 Y125.936 E.02221
G1 X104.436 Y125.703 E.02221
G1 X103.863 Y125.487 E.01823
G1 X103.305 Y125.252 E.01804
G1 X102.428 Y124.841 E.02884
G1 X101.412 Y124.279 E.0346
G1 X100.775 Y123.877 E.02241
G1 X99.87 Y123.232 E.03309
G1 X99.283 Y122.763 E.0224
G1 X98.723 Y122.271 E.0222
G1 X98.184 Y121.755 E.02221
G1 X97.427 Y120.943 E.03309
G1 X96.945 Y120.365 E.0224
G1 X96.495 Y119.772 E.0222
G1 X96.071 Y119.159 E.0222
G1 X95.675 Y118.528 E.0222
G1 X95.161 Y117.6 E.03158
G1 X94.812 Y116.879 E.02386
G1 X94.433 Y115.967 E.02943
G1 X94.139 Y115.143 E.02604
G1 X93.952 Y114.523 E.0193
G1 X93.742 Y113.706 E.02512
G1 X93.595 Y112.991 E.02175
G1 X93.475 Y112.241 E.02263
G1 X93.392 Y111.5 E.0222
G1 X93.334 Y110.495 E.03
G1 X93.328 Y109.64 E.02547
G1 X93.383 Y108.614 E.03059
G1 X93.443 Y108.046 E.017
G1 X93.585 Y107.063 E.0296
G1 X93.698 Y106.503 E.01702
G1 X93.93 Y105.575 E.0285
G1 X94.207 Y104.659 E.0285
G1 X94.398 Y104.127 E.01684
G1 X94.778 Y103.2 E.02984
G1 X95.022 Y102.683 E.01703
G1 X95.475 Y101.816 E.02913
G1 X95.855 Y101.175 E.0222
G1 X96.273 Y100.539 E.02267
G1 X96.878 Y99.721 E.03032
G1 X97.404 Y99.082 E.02465
G1 X97.873 Y98.566 E.02076
G1 X98.443 Y97.99 E.02414
G1 X99.258 Y97.258 E.03264
G1 X99.72 Y96.886 E.01765
G1 X100.189 Y96.533 E.01749
G1 X101.003 Y95.975 E.0294
G1 X101.705 Y95.548 E.02447
G1 X102.354 Y95.195 E.022
G1 X103.03 Y94.866 E.02241
G1 X103.715 Y94.569 E.02221
G1 X104.67 Y94.218 E.03032
G1 X105.477 Y93.965 E.02518
G1 X106.199 Y93.779 E.02221
G1 X106.929 Y93.626 E.02222
G1 X107.674 Y93.512 E.02245
G1 X108.623 Y93.4 E.02847
G1 X109.521 Y93.348 E.0268
G1 X110.523 Y93.352 E.02983
G1 X111.092 Y93.38 E.01697
G1 X112.074 Y93.471 E.02937
G1 X112.863 Y93.588 E.02375
G1 X113.594 Y93.732 E.02221
G1 X114.318 Y93.909 E.02221
G1 X115.034 Y94.118 E.02221
G1 X115.74 Y94.359 E.02221
G1 X116.449 Y94.637 E.02269
G1 X117.445 Y95.093 E.03262
G1 X117.982 Y95.376 E.01809
G1 X118.494 Y95.668 E.01754
G1 X118.828 Y95.878 E.01177
G1 X118.642 Y96.25 F9000
M204 P1000
;TYPE:Outer wall
;WIDTH:0.419999
G1 F5400
G1 X119.104 Y96.54 E.01507
G1 X119.85 Y97.079 E.02539
G1 X120.559 Y97.646 E.02506
G1 X120.989 Y98.029 E.01587
G1 X121.656 Y98.671 E.02557
G1 X122.152 Y99.203 E.02005
G1 X122.623 Y99.757 E.02006
G1 X123.28 Y100.623 E.03001
G1 X123.688 Y101.228 E.02012
G1 X124.032 Y101.804 E.01852
G1 X124.491 Y102.632 E.02613
G1 X124.733 Y103.13 E.01526
G1 X125.117 Y104.017 E.02668
G1 X125.414 Y104.821 E.02364
G1 X125.631 Y105.514 E.02005
G1 X125.816 Y106.217 E.02004
G1 X125.969 Y106.927 E.02005
G1 X126.115 Y107.85 E.02578
G1 X126.213 Y108.726 E.02431
G1 X126.247 Y109.343 E.01706
G1 X126.262 Y110.177 E.02302
G1 X126.238 Y110.903 E.02004
G1 X126.185 Y111.578 E.01867
G1 X126.092 Y112.348 E.02141
G1 X125.971 Y113.065 E.02006
G1 X125.858 Y113.588 E.01477
G1 X125.528 Y114.826 E.03536
G1 X125.295 Y115.519 E.02016
G1 X124.893 Y116.524 E.02987
G1 X124.249 Y117.829 E.04014
G1 X123.885 Y118.457 E.02005
G1 X123.492 Y119.069 E.02005
G1 X123.073 Y119.663 E.02006
G1 X122.397 Y120.514 E.03001
G1 X121.923 Y121.047 E.01967
G1 X121.405 Y121.58 E.02049
G1 X120.875 Y122.078 E.02006
G1 X120.109 Y122.721 E.0276
G1 X119.459 Y123.214 E.02253
G1 X118.858 Y123.624 E.02006
G1 X118.239 Y124.005 E.02006
G1 X117.604 Y124.359 E.02006
G1 X116.954 Y124.685 E.02006
G1 X115.978 Y125.103 E.02929
G1 X114.579 Y125.587 E.04085
G1 X113.875 Y125.777 E.02013
G1 X112.81 Y126 E.03003
G1 X112.089 Y126.11 E.02012
G1 X111.366 Y126.187 E.02006
G1 X110.64 Y126.232 E.02007
G1 X109.913 Y126.244 E.02006
G1 X109.181 Y126.224 E.0202
G1 X108.101 Y126.134 E.0299
G1 X107.379 Y126.032 E.02012
G1 X106.664 Y125.899 E.02006
G1 X105.956 Y125.734 E.02006
G1 X105.256 Y125.538 E.02006
G1 X104.565 Y125.311 E.02006
G1 X104.009 Y125.1 E.01639
G1 X103.468 Y124.872 E.01622
G1 X102.609 Y124.469 E.02618
G1 X101.613 Y123.917 E.03141
G1 X100.996 Y123.528 E.02012
G1 X100.108 Y122.894 E.03009
G1 X99.542 Y122.44 E.02004
G1 X98.995 Y121.961 E.02006
G1 X98.471 Y121.457 E.02006
G1 X97.73 Y120.661 E.03001
G1 X97.263 Y120.101 E.02011
G1 X96.824 Y119.522 E.02005
G1 X96.411 Y118.924 E.02005
G1 X96.025 Y118.308 E.02005
G1 X95.523 Y117.4 E.02863
G1 X95.185 Y116.699 E.02148
G1 X94.815 Y115.808 E.02661
G1 X94.529 Y115.006 E.0235
G1 X94.348 Y114.404 E.01735
G1 X94.143 Y113.605 E.02275
G1 X94 Y112.908 E.01963
G1 X93.884 Y112.176 E.02045
G1 X93.803 Y111.454 E.02005
G1 X93.747 Y110.472 E.02715
G1 X93.741 Y109.64 E.02295
G1 X93.796 Y108.637 E.02771
G1 X93.854 Y108.092 E.01513
G1 X93.994 Y107.127 E.02689
G1 X94.104 Y106.586 E.01525
G1 X94.33 Y105.679 E.02577
G1 X94.601 Y104.785 E.02577
G1 X94.786 Y104.272 E.01506
G1 X95.158 Y103.362 E.02713
G1 X95.395 Y102.862 E.01526
G1 X95.839 Y102.011 E.02647
G1 X96.211 Y101.387 E.02005
G1 X96.613 Y100.776 E.02018
G1 X97.211 Y99.967 E.02777
G1 X97.723 Y99.346 E.02221
G1 X98.179 Y98.844 E.0187
G1 X98.728 Y98.289 E.02155
G1 X99.534 Y97.565 E.02989
G1 X99.979 Y97.209 E.01572
G1 X100.433 Y96.867 E.01569
G1 X101.232 Y96.319 E.02672
G1 X101.918 Y95.902 E.02215
G1 X102.551 Y95.559 E.01987
G1 X103.211 Y95.238 E.02025
G1 X103.878 Y94.949 E.02007
G1 X104.812 Y94.606 E.02745
G1 X105.597 Y94.361 E.02269
G1 X106.302 Y94.18 E.02006
G1 X107.014 Y94.031 E.02007
G1 X107.736 Y93.921 E.02016
G1 X108.662 Y93.812 E.02574
G1 X109.542 Y93.761 E.02431
G1 X110.52 Y93.766 E.02699
G1 X111.066 Y93.793 E.01509
G1 X112.03 Y93.882 E.0267
G1 X112.8 Y93.997 E.02149
G1 X113.514 Y94.138 E.02006
G1 X114.22 Y94.311 E.02006
G1 X114.918 Y94.515 E.02006
G1 X115.606 Y94.75 E.02006
G1 X116.287 Y95.017 E.0202
G1 X117.272 Y95.469 E.02989
G1 X117.789 Y95.742 E.01612
G1 X118.284 Y96.025 E.01574
G1 X118.608 Y96.228 E.01056
G1 E-.7 F2400
;WIPE_START
G1 F5400
G1 X119.104 Y96.54 E-.1758
G1 X119.44 Y96.783 E-.1242
;WIPE_END
G1 Z3.8 F9000
G1 X121 Y90.967
G1 Z3.8
G1 Z3.4
G1 E1 F2700
M204 P2500
;TYPE:Sparse infill
;WIDTH:0.45
G1 F10800
G1 X122.379 Y91.833 E.04849
G1 X122.255 Y92.902 E.03206
G1 X123.989 Y94.636 E.07306
G1 X125.549 Y94.456 E.04676
G1 X125.741 Y94.641 E.00796
G1 X126.581 Y95.55 E.03685
G1 X127.368 Y96.504 E.03685
G1 X128.103 Y97.505 E.03698
G1 X128.577 Y98.22 E.02555
G1 X128.473 Y99.119 E.02697
G1 X129.826 Y100.473 E.05703
G1 X130.478 Y101.965 E.04849
G1 E-.77778 F2400
;WIPE_START
G1 F10800
G1 X130.078 Y101.048 E-.22222
;WIPE_END
G17
G3 Z3.8 I.481 J-1.118 P1  F9000
G1 X111.548 Y93.068 Z3.8
G1 Z3.4
G1 E1 F2700
G1 F10800
G1 X110.67 Y93.008 E.02621
G1 X109.922 Y93.004 E.02229
G1 X109.82 Y92.902 E.00429
G1 X110.18 Y89.793 E.09322
G1 X108.467 Y88.08 E.07215
G1 X109.381 Y88.029 E.02726
G1 X110.656 Y88.031 E.03797
G1 X111.192 Y88.056 E.01598
G1 X111.554 Y88.419 E.01528
G1 X113.071 Y88.243 E.04547
G1 X113.905 Y88.369 E.02512
G1 X114.705 Y88.529 E.02432
G1 X115.274 Y88.67 E.01747
G1 X116.397 Y89.793 E.04731
G1 X116.038 Y92.902 E.09322
G1 X117.772 Y94.636 E.07306
G1 X120.881 Y94.276 E.09322
G1 X122.615 Y96.011 E.07306
G1 X122.35 Y98.302 E.06871
G1 X122.733 Y98.714 E.01677
G1 X123.212 Y99.277 E.022
G1 X123.895 Y100.177 E.03367
G1 X124.325 Y100.815 E.02291
G1 X127.098 Y100.494 E.08315
G1 X128.832 Y102.228 E.07306
G1 X128.473 Y105.337 E.09322
G1 X130.207 Y107.071 E.07306
G1 X131.781 Y106.889 E.0472
G1 X131.935 Y108.254 E.04091
G1 X131.985 Y109.068 E.02429
G1 X132.002 Y110.309 E.03697
G1 X131.951 Y111.52 E.03612
G1 X131.877 Y112.361 E.02514
G1 X131.775 Y113.107 E.02243
G1 X130.207 Y113.289 E.04701
G1 X128.473 Y111.554 E.07306
G1 X128.832 Y108.446 E.09322
G1 X127.098 Y106.711 E.07306
G1 X126.708 Y106.756 E.01169
G1 X126.89 Y107.886 E.03408
G1 X126.97 Y108.667 E.02339
G1 X127.013 Y109.445 E.02319
G1 X127.021 Y110.203 E.02258
G1 X126.996 Y110.938 E.02193
G1 X126.942 Y111.648 E.02121
G1 X126.84 Y112.48 E.02495
G1 X126.757 Y112.968 E.01477
G1 X127.098 Y112.929 E.01023
G1 X128.832 Y114.663 E.07306
G1 X128.473 Y117.772 E.09322
G1 X129.955 Y119.254 E.06245
G1 X129.293 Y120.57 E.04387
G1 X128.764 Y121.471 E.03112
G1 X128.832 Y120.881 E.0177
G1 X127.098 Y119.146 E.07306
G1 X124.124 Y119.491 E.08919
G1 X123.664 Y120.139 E.02368
G1 X122.984 Y120.996 E.03257
G1 X122.544 Y121.49 E.01971
G1 X122.255 Y123.989 E.07495
G1 X123.989 Y125.724 E.07306
G1 X125.547 Y125.543 E.04671
G1 X124.702 Y126.353 E.03486
G1 X123.754 Y127.156 E.03699
G1 X122.767 Y127.901 E.03687
G1 X122.501 Y128.079 E.00951
G1 X122.615 Y127.098 E.02941
G1 X120.881 Y125.364 E.07306
G1 X117.772 Y125.724 E.09322
G1 X117.372 Y125.324 E.01683
G1 X116.578 Y125.684 E.02599
G1 X115.867 Y125.963 E.02275
G1 X115.412 Y126.112 E.01427
G1 X116.397 Y127.098 E.04153
G1 X116.038 Y130.207 E.09322
G1 X116.747 Y130.916 E.02987
G1 X115.735 Y131.219 E.03146
G1 X114.915 Y131.424 E.02517
G1 X113.697 Y131.666 E.037
G1 X112.647 Y131.815 E.03158
G1 X111.535 Y131.922 E.03327
G1 X109.82 Y130.207 E.07226
G1 X110.18 Y127.098 E.09322
G1 X110.083 Y127.001 E.00409
G1 X109.12 Y126.981 E.02869
G1 X108.457 Y126.926 E.01981
G1 X110.438 Y131.974 F9000
G1 F10800
G1 X109.587 Y131.975 E.02533
G1 X108.81 Y131.946 E.02317
G1 X108.446 Y131.581 E.01535
G1 X106.937 Y131.756 E.04523
G1 X106.303 Y131.666 E.01908
G1 X105.085 Y131.423 E.03701
G1 X104.731 Y131.336 E.01084
G1 X103.603 Y130.207 E.04755
G1 X103.962 Y127.098 E.09322
G1 X102.228 Y125.364 E.07306
G1 X99.119 Y125.724 E.09322
G1 X97.385 Y123.989 E.07306
G1 X97.651 Y121.691 E.06892
G1 X97.171 Y121.176 E.02098
G1 X96.665 Y120.568 E.02356
G1 X96.214 Y119.975 E.02219
G1 X95.678 Y119.185 E.02843
G1 X92.902 Y119.506 E.08326
G1 X91.168 Y117.772 E.07306
G1 X91.527 Y114.663 E.09322
G1 X89.793 Y112.929 E.07306
G1 X88.224 Y113.11 E.04704
G1 X88.172 Y112.774 E.01013
G1 X88.052 Y111.568 E.03612
G1 X88.008 Y110.725 E.02514
G1 X88.002 Y109.484 E.03696
G1 X88.064 Y108.273 E.03612
G1 X88.146 Y107.433 E.02514
G1 X88.225 Y106.893 E.01627
G1 X89.793 Y106.711 E.04701
G1 X91.527 Y108.446 E.07306
G1 X91.168 Y111.554 E.09322
G1 X92.902 Y113.289 E.07306
G1 X93.294 Y113.243 E.01175
G1 X93.128 Y112.257 E.0298
G1 X93.046 Y111.525 E.02194
G1 X92.983 Y110.407 E.03335
G1 X92.982 Y109.613 E.02364
G1 X93.042 Y108.525 E.03247
G1 X93.132 Y107.716 E.02424
G1 X93.24 Y107.032 E.02064
G1 X92.902 Y107.071 E.01015
G1 X91.168 Y105.337 E.07306
G1 X91.527 Y102.228 E.09322
G1 X90.045 Y100.746 E.06244
G1 X90.23 Y100.348 E.01307
G1 X90.807 Y99.249 E.03698
G1 X91.235 Y98.535 E.02479
G1 X91.168 Y99.119 E.01752
G1 X92.902 Y100.854 E.07306
G1 X95.879 Y100.509 E.08928
G1 X96.618 Y99.491 E.03749
G1 X97.155 Y98.841 E.02511
G1 X97.455 Y98.511 E.01328
G1 X97.745 Y96.011 E.07497
G1 X96.011 Y94.276 E.07306
G1 X94.454 Y94.456 E.04667
G1 X94.847 Y94.062 E.01657
G1 X95.75 Y93.252 E.03614
G1 X96.408 Y92.715 E.0253
G1 X97.062 Y92.221 E.02443
G1 X97.498 Y91.922 E.01574
G1 X97.385 Y92.902 E.02937
G1 X99.119 Y94.636 E.07306
G1 X102.228 Y94.276 E.09322
G1 X102.628 Y94.677 E.01687
G1 X103.591 Y94.246 E.03142
G1 X104.582 Y93.881 E.03145
G1 X103.603 Y92.902 E.04127
G1 X103.962 Y89.793 E.09322
G1 X103.255 Y89.086 E.02979
G1 X102.134 Y89.472 E.03532
G1 X101.726 Y89.642 E.01318
G1 E-.77778 F2400
;WIPE_START
G1 F10800
G1 X102.134 Y89.472 E-.09829
G1 X102.661 Y89.291 E-.12393
;WIPE_END
G17
G3 Z3.8 I-1.107 J-.506 P1  F9000
G1 X89.522 Y118.037 Z3.8
G1 Z3.4
G1 E1 F2700
G1 F10800
G1 X89.97 Y119.1 E.03434
G1 X90.175 Y119.529 E.01416
G1 X91.527 Y120.881 E.05696
G1 X91.424 Y121.774 E.02679
G1 X92.018 Y122.667 E.03193
G1 X92.759 Y123.657 E.03685
G1 X93.558 Y124.607 E.03698
G1 X94.45 Y125.545 E.03853
G1 X96.011 Y125.364 E.0468
G1 X97.745 Y127.098 E.07306
G1 X97.622 Y128.162 E.03189
G1 X98.261 Y128.59 E.02293
G1 X99 Y129.027 E.02558
; stop printing object Генератор.stl id:18446744073679698525 copy 0
;LAYER_CHANGE
;Z:3.6
;HEIGHT:0.2
;BEFORE_LAYER_CHANGE
;3.6
G92 E0

G1 E-.77778 F2400
;WIPE_START
G1 F10800
G1 X98.261 Y128.59 E-.19082
G1 X98.144 Y128.511 E-.03141
;WIPE_END
;_SET_FAN_SPEED_CHANGING_LAYER
; printing object Генератор.stl id:18446744073679698525 copy 0
G17
G3 Z4 I.67 J1.016 P1  F9000
G1 X132.014 Y106.156 Z4
G1 Z3.6
G1 E1 F2700
M204 P2000
;TYPE:Inner wall
;WIDTH:0.449999
G1 F7200
G1 X132.026 Y106.214 E.00177
G1 X132.151 Y107.036 E.02477
G1 X132.281 Y108.237 E.03598
G1 X132.331 Y109.121 E.02637
G1 X132.348 Y110.313 E.03552
G1 X132.295 Y111.568 E.03741
G1 X132.221 Y112.4 E.02486
G1 X132.05 Y113.647 E.0375
G1 X131.81 Y114.879 E.03741
G1 X131.612 Y115.69 E.02487
G1 X131.256 Y116.901 E.03759
G1 X130.984 Y117.687 E.02477
G1 X130.515 Y118.859 E.03759
G1 X130.171 Y119.616 E.02477
G1 X129.596 Y120.736 E.03751
G1 X128.959 Y121.823 E.03751
G1 X128.504 Y122.522 E.02486
G1 X128.022 Y123.204 E.02487
G1 X127.248 Y124.198 E.03752
G1 X126.422 Y125.144 E.03743
G1 X125.541 Y126.045 E.03752
G1 X124.932 Y126.612 E.02479
G1 X123.971 Y127.426 E.03752
G1 X122.967 Y128.183 E.03744
G1 X121.921 Y128.885 E.03753
G1 X121.208 Y129.315 E.02479
G1 X120.1 Y129.915 E.03753
G1 X118.963 Y130.451 E.03744
G1 X118.192 Y130.771 E.02489
G1 X117.006 Y131.2 E.03754
G1 X115.799 Y131.56 E.03754
G1 X114.991 Y131.761 E.0248
G1 X113.755 Y132.008 E.03754
G1 X112.507 Y132.184 E.03754
G1 X111.678 Y132.262 E.0248
G1 X110.419 Y132.321 E.03753
G1 X109.581 Y132.321 E.02498
G1 X108.746 Y132.29 E.02488
G1 X107.49 Y132.184 E.03754
G1 X106.245 Y132.008 E.03746
G1 X105.012 Y131.762 E.03745
G1 X104.201 Y131.56 E.02489
G1 X102.994 Y131.2 E.03754
G1 X101.808 Y130.771 E.03754
G1 X101.04 Y130.452 E.0248
G1 X99.897 Y129.914 E.03762
G1 X99.159 Y129.523 E.02488
G1 X98.436 Y129.105 E.02488
G1 X97.374 Y128.421 E.03762
G1 X96.696 Y127.939 E.02479
G1 X95.705 Y127.161 E.03753
G1 X94.761 Y126.331 E.03744
G1 X93.864 Y125.447 E.03752
G1 X93.299 Y124.836 E.02478
G1 X92.488 Y123.872 E.03752
G1 X91.735 Y122.866 E.03743
G1 X91.038 Y121.818 E.03751
G1 X90.61 Y121.104 E.02478
G1 X90.013 Y119.992 E.0376
G1 X89.655 Y119.242 E.02477
G1 X89.165 Y118.081 E.03751
G1 X88.742 Y116.895 E.0375
G1 X88.499 Y116.097 E.02486
G1 X88.286 Y115.29 E.02486
G1 X88.022 Y114.056 E.03759
G1 X87.886 Y113.236 E.02477
G1 X87.738 Y111.986 E.0375
G1 X87.662 Y110.732 E.03741
G1 X87.656 Y109.476 E.03741
G1 X87.72 Y108.222 E.0374
G1 X87.802 Y107.391 E.02486
G1 X87.985 Y106.146 E.03749
G1 X88.145 Y105.327 E.02486
G1 X88.443 Y104.104 E.0375
G1 X88.809 Y102.902 E.03741
G1 X89.089 Y102.116 E.02487
G1 X89.569 Y100.948 E.03759
G1 X89.92 Y100.195 E.02478
G1 X90.506 Y99.08 E.03751
G1 X91.151 Y98.002 E.03742
G1 X91.613 Y97.307 E.02487
G1 X92.359 Y96.292 E.03751
G1 X93.158 Y95.322 E.03743
G1 X94.013 Y94.397 E.03752
G1 X94.606 Y93.813 E.02478
G1 X95.546 Y92.97 E.03761
G1 X96.194 Y92.443 E.02487
G1 X96.86 Y91.94 E.02487
G1 X97.903 Y91.227 E.03762
G1 X98.611 Y90.79 E.02479
G1 X99.713 Y90.179 E.03753
G1 X100.845 Y89.633 E.03745
G1 X102.009 Y89.15 E.03754
G1 X102.792 Y88.867 E.0248
G1 X103.996 Y88.495 E.03754
G1 X105.216 Y88.191 E.03745
G1 X106.039 Y88.027 E.02498
G1 X106.863 Y87.895 E.02489
G1 X108.116 Y87.754 E.03754
G1 X109.371 Y87.683 E.03746
G1 X110.629 Y87.683 E.03745
G1 X111.463 Y87.722 E.02489
G1 X112.721 Y87.84 E.03763
G1 X113.545 Y87.957 E.0248
G1 X114.784 Y88.191 E.03754
G1 X116.004 Y88.495 E.03745
G1 X116.804 Y88.734 E.02489
G1 X117.996 Y89.152 E.03763
G1 X118.768 Y89.464 E.02479
G1 X119.916 Y89.991 E.03762
G1 X120.657 Y90.375 E.02488
G1 X121.384 Y90.787 E.02488
G1 X122.45 Y91.459 E.03753
G1 X123.474 Y92.187 E.03744
G1 X124.458 Y92.974 E.03753
G1 X125.083 Y93.524 E.02479
G1 X125.989 Y94.399 E.03752
G1 X126.841 Y95.322 E.03742
G1 X127.379 Y95.961 E.02488
G1 X128.143 Y96.962 E.03752
G1 X128.849 Y98.002 E.03742
G1 X129.285 Y98.714 E.02487
G1 X129.891 Y99.818 E.03751
G1 X130.432 Y100.951 E.03741
G1 X130.758 Y101.723 E.02496
G1 X131.053 Y102.503 E.02486
G1 X131.442 Y103.701 E.0375
G1 X131.763 Y104.915 E.03742
G1 X132.006 Y106.117 E.03652
G1 X132.419 Y106.074 F9000
M204 P1000
;TYPE:Outer wall
;WIDTH:0.419999
G1 F5400
G1 X132.434 Y106.151 E.00215
G1 X132.562 Y106.992 E.02348
G1 X132.694 Y108.205 E.03366
G1 X132.745 Y109.115 E.02517
G1 X132.762 Y110.319 E.03322
G1 X132.708 Y111.595 E.03524
G1 X132.632 Y112.446 E.02357
G1 X132.458 Y113.715 E.03533
G1 X132.214 Y114.968 E.03524
G1 X132.012 Y115.798 E.02357
G1 X131.65 Y117.027 E.03536
G1 X131.371 Y117.831 E.02348
G1 X130.896 Y119.021 E.03536
G1 X130.543 Y119.796 E.02348
G1 X129.959 Y120.935 E.03533
G1 X129.311 Y122.04 E.03533
G1 X128.846 Y122.754 E.02351
G1 X128.354 Y123.451 E.02352
G1 X127.567 Y124.461 E.03534
G1 X126.725 Y125.425 E.03531
G1 X125.83 Y126.341 E.03534
G1 X125.207 Y126.921 E.02349
G1 X124.229 Y127.749 E.03535
G1 X123.207 Y128.52 E.03532
G1 X122.143 Y129.233 E.03535
G1 X121.414 Y129.674 E.0235
G1 X120.287 Y130.284 E.03535
G1 X119.131 Y130.829 E.03527
G1 X118.341 Y131.157 E.02359
G1 X117.136 Y131.592 E.03536
G1 X115.908 Y131.959 E.03536
G1 X115.081 Y132.165 E.0235
G1 X113.824 Y132.415 E.03536
G1 X112.555 Y132.595 E.03537
G1 X111.707 Y132.675 E.0235
G1 X110.429 Y132.735 E.0353
G1 X109.573 Y132.735 E.02362
G1 X108.721 Y132.703 E.02353
G1 X107.444 Y132.595 E.03537
G1 X106.176 Y132.415 E.03534
G1 X104.922 Y132.166 E.03527
G1 X104.092 Y131.959 E.02359
G1 X102.864 Y131.592 E.03536
G1 X101.659 Y131.157 E.03536
G1 X100.872 Y130.831 E.0235
G1 X99.712 Y130.284 E.03539
G1 X98.958 Y129.885 E.02353
G1 X98.221 Y129.458 E.02353
G1 X97.142 Y128.764 E.03538
G1 X96.448 Y128.27 E.0235
G1 X95.44 Y127.479 E.03535
G1 X94.479 Y126.634 E.03532
G1 X93.567 Y125.735 E.03534
G1 X92.989 Y125.11 E.02349
G1 X92.164 Y124.129 E.03534
G1 X91.397 Y123.105 E.03531
G1 X90.688 Y122.038 E.03534
G1 X90.251 Y121.308 E.02349
G1 X89.644 Y120.179 E.03536
G1 X89.277 Y119.411 E.02348
G1 X88.78 Y118.231 E.03533
G1 X88.35 Y117.025 E.03533
G1 X88.101 Y116.21 E.02351
G1 X87.884 Y115.386 E.02351
G1 X87.615 Y114.134 E.03535
G1 X87.476 Y113.294 E.02348
G1 X87.326 Y112.023 E.03533
G1 X87.248 Y110.746 E.0353
G1 X87.242 Y109.466 E.0353
G1 X87.308 Y108.191 E.03524
G1 X87.392 Y107.341 E.02357
G1 X87.577 Y106.076 E.03527
G1 X87.74 Y105.238 E.02357
G1 X88.044 Y103.994 E.03533
G1 X88.416 Y102.772 E.03524
G1 X88.703 Y101.968 E.02357
G1 X89.19 Y100.782 E.03536
G1 X89.55 Y100.011 E.02348
G1 X90.145 Y98.877 E.03533
G1 X90.801 Y97.781 E.03525
G1 X91.274 Y97.07 E.02358
G1 X92.032 Y96.037 E.03534
G1 X92.847 Y95.05 E.03531
G1 X93.716 Y94.109 E.03535
G1 X94.323 Y93.512 E.02349
G1 X95.278 Y92.656 E.03537
G1 X95.938 Y92.117 E.02352
G1 X96.619 Y91.604 E.02352
G1 X97.677 Y90.88 E.03538
G1 X98.402 Y90.433 E.0235
G1 X99.523 Y89.812 E.03536
G1 X100.676 Y89.255 E.03533
G1 X101.86 Y88.764 E.03536
G1 X102.661 Y88.475 E.0235
G1 X103.885 Y88.096 E.03536
G1 X105.126 Y87.788 E.03527
G1 X105.965 Y87.62 E.02362
G1 X106.807 Y87.485 E.02353
G1 X108.081 Y87.341 E.03536
G1 X109.36 Y87.269 E.03534
G1 X110.638 Y87.269 E.03528
G1 X111.492 Y87.309 E.02359
G1 X112.769 Y87.429 E.03539
G1 X113.613 Y87.549 E.02351
G1 X114.872 Y87.787 E.03536
G1 X116.113 Y88.096 E.03527
G1 X116.932 Y88.34 E.02359
G1 X118.142 Y88.765 E.03539
G1 X118.932 Y89.084 E.0235
G1 X120.097 Y89.62 E.03538
G1 X120.854 Y90.012 E.02353
G1 X121.596 Y90.432 E.02353
G1 X122.68 Y91.115 E.03535
G1 X123.724 Y91.857 E.03532
G1 X124.724 Y92.657 E.03535
G1 X125.363 Y93.22 E.02349
G1 X126.284 Y94.11 E.03535
G1 X127.152 Y95.048 E.03525
G1 X127.702 Y95.702 E.02358
G1 X128.479 Y96.72 E.03534
G1 X129.196 Y97.777 E.03525
G1 X129.642 Y98.506 E.02358
G1 X130.259 Y99.629 E.03533
G1 X130.81 Y100.781 E.03524
G1 X131.142 Y101.569 E.0236
G1 X131.443 Y102.366 E.02351
G1 X131.839 Y103.584 E.03533
G1 X132.166 Y104.821 E.0353
G1 X132.411 Y106.035 E.03418
G1 E-.7 F2400
;WIPE_START
G1 F5400
G1 X132.434 Y106.151 E-.03534
G1 X132.562 Y106.992 E-.25526
G1 X132.566 Y107.023 E-.0094
;WIPE_END
G17
G3 Z4 I.766 J-.946 P1  F9000
G1 X118.716 Y95.808 Z4
G1 Z3.6
G1 E1 F2700
M204 P2000
;TYPE:Inner wall
;WIDTH:0.449999
G1 F7200
G1 X119.329 Y96.193 E.02159
G1 X120.092 Y96.744 E.02802
G1 X120.84 Y97.341 E.0285
G1 X121.264 Y97.72 E.01694
G1 X121.946 Y98.376 E.0282
G1 X122.455 Y98.922 E.02221
G1 X122.981 Y99.553 E.02447
G1 X123.562 Y100.309 E.02843
G1 X124.09 Y101.101 E.02834
G1 X124.375 Y101.563 E.01618
G1 X124.851 Y102.428 E.0294
G1 X125.264 Y103.291 E.0285
G1 X125.705 Y104.41 E.03584
G1 X126.012 Y105.347 E.02935
G1 X126.216 Y106.111 E.02358
G1 X126.368 Y106.812 E.02136
G1 X126.501 Y107.59 E.02349
G1 X126.623 Y108.677 E.03261
G1 X126.66 Y109.32 E.01917
G1 X126.675 Y110.173 E.0254
G1 X126.651 Y110.917 E.02219
G1 X126.596 Y111.632 E.02136
G1 X126.502 Y112.399 E.023
G1 X126.378 Y113.134 E.02221
G1 X126.263 Y113.672 E.01641
G1 X125.928 Y114.933 E.03886
G1 X125.689 Y115.646 E.02239
G1 X125.42 Y116.341 E.0222
G1 X125.029 Y117.21 E.02838
G1 X124.616 Y118.02 E.02706
G1 X124.242 Y118.665 E.02223
G1 X123.463 Y119.824 E.04159
G1 X122.858 Y120.602 E.02938
G1 X122.221 Y121.334 E.02889
G1 X121.702 Y121.868 E.0222
G1 X121.159 Y122.379 E.02221
G1 X120.375 Y123.038 E.03049
G1 X119.706 Y123.545 E.02501
G1 X119.091 Y123.965 E.0222
G1 X118.456 Y124.357 E.02221
G1 X117.805 Y124.721 E.02221
G1 X117.139 Y125.055 E.02221
G1 X116.129 Y125.488 E.03272
G1 X115.229 Y125.808 E.02846
G1 X114.709 Y125.98 E.01633
G1 X113.982 Y126.176 E.02241
G1 X113.254 Y126.338 E.02222
G1 X112.185 Y126.514 E.03227
G1 X111.41 Y126.598 E.02322
G1 X110.665 Y126.645 E.02223
G1 X109.92 Y126.658 E.02221
G1 X109.158 Y126.637 E.02269
G1 X108.067 Y126.546 E.03263
G1 X107.321 Y126.442 E.02241
G1 X106.588 Y126.306 E.02221
G1 X105.862 Y126.137 E.02221
G1 X105.144 Y125.936 E.02221
G1 X104.436 Y125.703 E.02221
G1 X103.309 Y125.254 E.03612
G1 X102.404 Y124.829 E.02979
G1 X101.412 Y124.279 E.0338
G1 X100.775 Y123.877 E.02241
G1 X100.15 Y123.442 E.02269
G1 X99.288 Y122.767 E.03262
G1 X98.723 Y122.271 E.0224
G1 X98.185 Y121.755 E.0222
G1 X97.67 Y121.216 E.0222
G1 X97.181 Y120.654 E.02221
G1 X96.499 Y119.777 E.03309
G1 X96.071 Y119.159 E.0224
G1 X95.675 Y118.527 E.0222
G1 X95.138 Y117.555 E.03308
G1 X94.812 Y116.878 E.02239
G1 X94.519 Y116.192 E.0222
G1 X94.141 Y115.148 E.03308
G1 X93.948 Y114.507 E.01995
G1 X93.8 Y113.938 E.01751
G1 X93.592 Y112.976 E.02931
G1 X93.5 Y112.395 E.01755
G1 X93.392 Y111.5 E.02684
G1 X93.334 Y110.48 E.03044
G1 X93.328 Y109.625 E.02546
G1 X93.385 Y108.592 E.03083
G1 X93.442 Y108.05 E.01622
G1 X93.585 Y107.066 E.02964
G1 X93.698 Y106.503 E.01711
G1 X93.93 Y105.576 E.02845
G1 X94.205 Y104.664 E.02837
G1 X94.399 Y104.127 E.01701
G1 X94.778 Y103.2 E.02984
G1 X95.022 Y102.683 E.01703
G1 X95.475 Y101.816 E.02914
G1 X95.974 Y100.997 E.02857
G1 X96.275 Y100.545 E.01618
G1 X96.857 Y99.749 E.02937
G1 X97.405 Y99.081 E.02575
G1 X97.907 Y98.529 E.0222
G1 X98.443 Y97.989 E.02268
G1 X99.258 Y97.258 E.03262
G1 X100.189 Y96.533 E.03514
G1 X101.017 Y95.966 E.02988
G1 X101.506 Y95.668 E.01706
G1 X102.36 Y95.192 E.02913
G1 X103.03 Y94.866 E.02221
G1 X103.715 Y94.569 E.02221
G1 X104.67 Y94.218 E.03032
G1 X105.477 Y93.965 E.02518
G1 X106.199 Y93.779 E.02221
G1 X106.929 Y93.626 E.02222
G1 X107.674 Y93.512 E.02245
G1 X108.623 Y93.4 E.02847
G1 X109.521 Y93.348 E.0268
G1 X110.546 Y93.353 E.03054
G1 X111.09 Y93.38 E.01622
G1 X112.09 Y93.473 E.0299
G1 X112.657 Y93.557 E.01707
G1 X113.594 Y93.732 E.0284
G1 X114.318 Y93.909 E.02221
G1 X115.007 Y94.11 E.02138
G1 X115.739 Y94.359 E.02302
G1 X116.434 Y94.631 E.02223
G1 X117.116 Y94.934 E.02221
G1 X118.01 Y95.392 E.02993
G1 X118.494 Y95.668 E.0166
G1 X118.682 Y95.786 E.00662
G1 X118.496 Y96.158 F9000
M204 P1000
;TYPE:Outer wall
;WIDTH:0.419999
G1 F5400
G1 X119.104 Y96.54 E.01983
G1 X119.848 Y97.078 E.02532
G1 X120.578 Y97.661 E.02577
G1 X120.988 Y98.027 E.01517
G1 X121.656 Y98.671 E.02561
G1 X122.152 Y99.203 E.02006
G1 X122.663 Y99.817 E.02203
G1 X123.23 Y100.555 E.02569
G1 X124.018 Y101.77 E.03995
G1 X124.484 Y102.619 E.02673
G1 X124.889 Y103.466 E.0259
G1 X125.317 Y104.55 E.03216
G1 X125.617 Y105.47 E.02668
G1 X125.816 Y106.217 E.02133
G1 X125.964 Y106.9 E.01928
G1 X126.092 Y107.648 E.02094
G1 X126.212 Y108.724 E.02987
G1 X126.247 Y109.343 E.01712
G1 X126.262 Y110.177 E.02302
G1 X126.238 Y110.903 E.02004
G1 X126.183 Y111.6 E.01928
G1 X126.092 Y112.348 E.0208
G1 X125.971 Y113.065 E.02005
G1 X125.858 Y113.585 E.01469
G1 X125.528 Y114.826 E.03544
G1 X125.297 Y115.514 E.02002
G1 X125.035 Y116.192 E.02005
G1 X124.652 Y117.04 E.02566
G1 X124.25 Y117.829 E.02444
G1 X123.885 Y118.458 E.02006
G1 X123.131 Y119.578 E.03725
G1 X122.537 Y120.342 E.0267
G1 X121.912 Y121.059 E.02625
G1 X121.405 Y121.58 E.02005
G1 X120.875 Y122.078 E.02006
G1 X120.109 Y122.721 E.0276
G1 X119.459 Y123.214 E.02253
G1 X118.858 Y123.624 E.02006
G1 X118.239 Y124.005 E.02006
G1 X117.604 Y124.359 E.02006
G1 X116.954 Y124.685 E.02006
G1 X115.978 Y125.103 E.02929
G1 X115.1 Y125.416 E.02572
G1 X114.579 Y125.587 E.01512
G1 X113.875 Y125.777 E.02012
G1 X113.165 Y125.934 E.02007
G1 X112.118 Y126.106 E.02926
G1 X111.366 Y126.187 E.02088
G1 X110.64 Y126.232 E.02007
G1 X109.913 Y126.244 E.02006
G1 X109.181 Y126.224 E.0202
G1 X108.101 Y126.134 E.0299
G1 X107.379 Y126.032 E.02012
G1 X106.664 Y125.899 E.02006
G1 X105.956 Y125.734 E.02006
G1 X105.256 Y125.538 E.02006
G1 X104.565 Y125.311 E.02006
G1 X103.473 Y124.874 E.03246
G1 X102.585 Y124.457 E.02707
G1 X101.61 Y123.916 E.03075
G1 X100.996 Y123.528 E.02004
G1 X100.396 Y123.109 E.02019
G1 X99.543 Y122.441 E.02989
G1 X98.995 Y121.961 E.02011
G1 X98.471 Y121.457 E.02005
G1 X97.97 Y120.931 E.02005
G1 X97.493 Y120.383 E.02006
G1 X96.825 Y119.524 E.03001
G1 X96.411 Y118.924 E.02011
G1 X96.025 Y118.308 E.02006
G1 X95.5 Y117.356 E.03001
G1 X95.185 Y116.699 E.02011
G1 X94.899 Y116.03 E.02005
G1 X94.529 Y115.008 E.03
G1 X94.201 Y113.837 E.03354
G1 X93.997 Y112.894 E.02664
G1 X93.908 Y112.33 E.01574
G1 X93.803 Y111.454 E.02435
G1 X93.746 Y110.457 E.02755
G1 X93.741 Y109.636 E.02266
G1 X93.798 Y108.615 E.02821
G1 X93.853 Y108.096 E.01439
G1 X93.993 Y107.13 E.02693
G1 X94.104 Y106.585 E.01534
G1 X94.33 Y105.681 E.02572
G1 X94.599 Y104.791 E.02565
G1 X94.786 Y104.272 E.01523
G1 X95.158 Y103.362 E.02713
G1 X95.395 Y102.862 E.01526
G1 X95.839 Y102.011 E.02648
G1 X96.327 Y101.212 E.02582
G1 X96.615 Y100.78 E.01435
G1 X97.187 Y99.999 E.02669
G1 X97.723 Y99.345 E.02334
G1 X98.212 Y98.808 E.02005
G1 X98.728 Y98.289 E.02019
G1 X99.534 Y97.565 E.02989
G1 X100.433 Y96.867 E.0314
G1 X101.245 Y96.31 E.02717
G1 X101.719 Y96.022 E.01529
G1 X102.557 Y95.556 E.02647
G1 X103.211 Y95.238 E.02006
G1 X103.881 Y94.948 E.02013
G1 X104.812 Y94.606 E.02739
G1 X105.597 Y94.361 E.02269
G1 X106.302 Y94.18 E.02006
G1 X107.014 Y94.031 E.02007
G1 X107.736 Y93.921 E.02016
G1 X108.662 Y93.812 E.02574
G1 X109.542 Y93.761 E.02431
G1 X110.544 Y93.766 E.02765
G1 X111.065 Y93.793 E.01439
G1 X112.046 Y93.884 E.02719
G1 X112.595 Y93.966 E.01531
G1 X113.514 Y94.138 E.0258
G1 X114.22 Y94.311 E.02006
G1 X114.891 Y94.507 E.0193
G1 X115.606 Y94.75 E.02082
G1 X116.283 Y95.016 E.02007
G1 X116.947 Y95.311 E.02007
G1 X117.821 Y95.76 E.02708
G1 X118.284 Y96.025 E.01474
G1 X118.462 Y96.136 E.00579
G1 E-.7 F2400
;WIPE_START
G1 F5400
G1 X119.104 Y96.54 E-.22762
G1 X119.3 Y96.682 E-.07238
;WIPE_END
G1 Z4 F9000
G1 X127.793 Y97.073
G1 Z4
G1 Z3.6
G1 E1 F2700
M204 P2500
;TYPE:Sparse infill
;WIDTH:0.45
G1 F10800
G1 X128.701 Y98.424 E.04849
G1 X128.741 Y99.119 E.02075
G1 X127.098 Y100.762 E.0692
G1 X124.172 Y100.596 E.08731
G1 X123.913 Y100.203 E.01401
G1 X123.454 Y99.582 E.02299
G1 X122.74 Y98.722 E.03332
G1 X122.485 Y98.448 E.01113
G1 X122.347 Y96.011 E.07272
G1 X123.989 Y94.368 E.0692
G1 X125.55 Y94.457 E.04655
G1 X124.848 Y93.778 E.02906
G1 X124.236 Y93.239 E.0243
G1 X123.266 Y92.464 E.037
G1 X122.466 Y91.895 E.02923
G1 X122.523 Y92.902 E.03005
G1 X120.881 Y94.544 E.0692
G1 X117.772 Y94.368 E.09275
G1 X117.433 Y94.707 E.01427
G1 X116.571 Y94.313 E.02824
G1 X115.888 Y94.044 E.02186
G1 X115.348 Y93.86 E.017
G1 X116.306 Y92.902 E.04036
G1 X116.129 Y89.793 E.09275
G1 X116.817 Y89.105 E.02898
G1 X115.912 Y88.828 E.02819
G1 X114.71 Y88.53 E.03691
G1 X113.489 Y88.298 E.03701
G1 X113.041 Y88.235 E.01349
G1 X111.554 Y88.15 E.04434
G1 X109.912 Y89.793 E.0692
G1 X110.088 Y92.902 E.09275
G1 X109.986 Y93.004 E.0043
G1 X109.524 Y93.001 E.01375
G1 X108.361 Y93.078 E.03474
G1 X110.333 Y88.031 F9000
G1 F10800
G1 X109.381 Y88.029 E.02836
G1 X108.706 Y88.067 E.02015
G1 X108.446 Y88.327 E.01095
G1 X106.902 Y88.239 E.04606
G1 X106.1 Y88.368 E.0242
G1 X105.292 Y88.529 E.02455
G1 X104.848 Y88.64 E.01363
G1 X103.694 Y89.793 E.04859
G1 X103.871 Y92.902 E.09275
G1 X102.228 Y94.544 E.0692
G1 X99.119 Y94.368 E.09275
G1 X97.477 Y96.011 E.0692
G1 X97.609 Y98.342 E.06956
G1 X97.157 Y98.839 E.02
G1 X96.675 Y99.417 E.02243
G1 X96.21 Y100.03 E.02293
G1 X95.723 Y100.746 E.02578
G1 X92.902 Y100.585 E.08416
G1 X91.259 Y102.228 E.0692
G1 X91.436 Y105.337 E.09275
G1 X89.793 Y106.98 E.0692
G1 X88.226 Y106.89 E.04676
G1 X88.146 Y107.434 E.01635
G1 X88.066 Y108.248 E.02438
G1 X88.002 Y109.484 E.03687
G1 X88.008 Y110.721 E.03683
G1 X88.083 Y111.955 E.03683
G1 X88.219 Y113.108 E.03457
G1 X89.793 Y113.197 E.04697
G1 X91.436 Y111.554 E.0692
G1 X91.259 Y108.446 E.09275
G1 X92.902 Y106.803 E.0692
G1 X93.28 Y106.824 E.01127
G1 X93.132 Y107.716 E.02693
G1 X93.044 Y108.502 E.02356
G1 X92.982 Y109.614 E.03316
G1 X92.983 Y110.407 E.02364
G1 X93.045 Y111.516 E.03307
G1 X93.129 Y112.261 E.02234
G1 X93.253 Y113.04 E.02351
G1 X92.902 Y113.02 E.01047
G1 X91.259 Y114.663 E.0692
G1 X91.436 Y117.772 E.09275
G1 X90.015 Y119.193 E.05986
G1 X89.488 Y117.956 E.04005
G1 X89.393 Y117.689 E.00845
G1 X92.213 Y122.927 F9000
G1 F10800
G1 X92.018 Y122.667 E.00969
G1 X91.299 Y121.58 E.03881
G1 X91.259 Y120.881 E.02086
G1 X92.902 Y119.238 E.0692
G1 X95.82 Y119.404 E.08705
G1 X96.215 Y119.976 E.0207
G1 X96.908 Y120.868 E.03367
G1 X97.515 Y121.553 E.02726
G1 X97.653 Y123.989 E.07268
G1 X96.011 Y125.632 E.0692
G1 X94.455 Y125.544 E.04641
G1 X94.997 Y126.078 E.02266
G1 X95.926 Y126.895 E.03686
G1 X96.903 Y127.662 E.03699
G1 X97.534 Y128.111 E.02307
G1 X97.477 Y127.098 E.03021
G1 X99.119 Y125.456 E.0692
G1 X102.228 Y125.632 E.09275
G1 X102.567 Y125.293 E.01429
G1 X103.616 Y125.763 E.03423
G1 X104.653 Y126.139 E.03287
G1 X103.694 Y127.098 E.0404
G1 X103.871 Y130.207 E.09275
G1 X103.183 Y130.895 E.02898
G1 X104.292 Y131.227 E.0345
G1 X105.088 Y131.424 E.02441
G1 X106.303 Y131.666 E.03692
G1 X107.032 Y131.769 E.02191
G1 X108.446 Y131.85 E.04219
G1 X110.088 Y130.207 E.0692
G1 X109.912 Y127.098 E.09275
G1 X110.008 Y127.002 E.00404
G1 X110.672 Y126.991 E.0198
G1 X111.633 Y126.922 E.0287
G1 X109.667 Y131.975 F9000
G1 F10800
G1 X110.411 Y131.975 E.02219
G1 X111.294 Y131.934 E.02632
G1 X111.554 Y131.673 E.01097
G1 X113.049 Y131.758 E.04459
G1 X113.697 Y131.666 E.0195
G1 X115.147 Y131.366 E.04411
G1 X116.306 Y130.207 E.04882
G1 X116.129 Y127.098 E.09275
G1 X117.772 Y125.456 E.0692
G1 X120.881 Y125.632 E.09275
G1 X122.523 Y123.989 E.0692
G1 X122.391 Y121.656 E.0696
G1 X122.965 Y121.019 E.02555
G1 X123.462 Y120.407 E.02349
G1 X123.905 Y119.808 E.02218
G1 X124.269 Y119.254 E.01976
G1 X127.098 Y119.415 E.0844
G1 X128.741 Y117.772 E.0692
G1 X128.564 Y114.663 E.09275
G1 X130.207 Y113.02 E.0692
G1 X131.775 Y113.11 E.04677
G1 X131.877 Y112.361 E.02251
G1 X131.95 Y111.545 E.02438
G1 X132.002 Y110.309 E.03688
G1 X131.985 Y109.068 E.03697
G1 X131.935 Y108.254 E.02428
G1 X131.781 Y106.892 E.04081
G1 X130.207 Y106.803 E.04697
G1 X128.564 Y108.446 E.0692
G1 X128.741 Y111.554 E.09275
G1 X127.098 Y113.197 E.0692
G1 X126.722 Y113.176 E.01122
G1 X126.84 Y112.48 E.02103
G1 X126.94 Y111.671 E.02427
G1 X126.996 Y110.939 E.02188
G1 X127.021 Y110.203 E.02194
G1 X127.013 Y109.445 E.02258
G1 X126.97 Y108.667 E.02321
G1 X126.846 Y107.564 E.03306
G1 X126.744 Y106.959 E.01826
G1 X127.098 Y106.98 E.01057
G1 X128.741 Y105.337 E.0692
G1 X128.564 Y102.228 E.09275
G1 X129.982 Y100.811 E.05971
G1 X130.437 Y101.851 E.03383
G1 X130.611 Y102.312 E.01467
G1 X130.396 Y118.226 F9000
G1 F10800
G1 X130.197 Y118.723 E.01593
G1 X129.732 Y119.713 E.03257
G1 X128.564 Y120.881 E.0492
G1 X128.612 Y121.721 E.02508
G1 X128.217 Y122.328 E.02155
G1 X127.744 Y122.998 E.02443
G1 X126.981 Y123.977 E.03698
G1 X126.167 Y124.909 E.03685
G1 X125.547 Y125.544 E.02645
G1 X123.989 Y125.456 E.04646
G1 X122.347 Y127.098 E.0692
G1 X122.406 Y128.143 E.03116
G1 X121.735 Y128.593 E.02407
G1 X121.033 Y129.016 E.02443
G1 E-.77778 F2400
;WIPE_START
G1 F10800
G1 X121.735 Y128.593 E-.18227
G1 X121.884 Y128.492 E-.03995
;WIPE_END
G17
G3 Z4 I.776 J-.938 P1  F9000
G1 X89.598 Y101.787 Z4
G1 Z3.6
G1 E1 F2700
G1 F10800
G1 X89.886 Y101.087 E.02254
G1 X90.257 Y100.298 E.02596
G1 X91.436 Y99.119 E.04967
G1 X91.388 Y98.28 E.02505
G1 X91.444 Y98.187 E.00323
G1 X91.897 Y97.505 E.02439
G1 X92.632 Y96.504 E.03698
G1 X93.419 Y95.55 E.03685
G1 X94.447 Y94.456 E.04473
G1 X96.011 Y94.544 E.04664
G1 X97.653 Y92.902 E.0692
G1 X97.594 Y91.857 E.03117
G1 X98.091 Y91.517 E.01794
G1 X98.969 Y90.987 E.03055
; stop printing object Генератор.stl id:18446744073679698525 copy 0
;LAYER_CHANGE
;Z:3.8
;HEIGHT:0.2
;BEFORE_LAYER_CHANGE
;3.8
G92 E0

G1 E-.77778 F2400
;WIPE_START
G1 F10800
G1 X98.113 Y91.504 E-.22222
;WIPE_END
;_SET_FAN_SPEED_CHANGING_LAYER
; printing object Генератор.stl id:18446744073679698525 copy 0
G17
G3 Z4.2 I-.483 J1.117 P1  F9000
G1 X132.015 Y106.16 Z4.2
G1 Z3.8
G1 E1 F2700
M204 P2000
;TYPE:Inner wall
;WIDTH:0.449999
G1 F7200
G1 X132.026 Y106.214 E.00165
G1 X132.188 Y107.378 E.03502
G1 X132.289 Y108.38 E.03
G1 X132.332 Y109.142 E.02272
G1 X132.348 Y110.313 E.0349
G1 X132.295 Y111.571 E.0375
G1 X132.219 Y112.42 E.0254
G1 X132.05 Y113.647 E.03687
G1 X131.809 Y114.882 E.0375
G1 X131.607 Y115.711 E.0254
G1 X131.256 Y116.901 E.03696
G1 X130.984 Y117.687 E.02478
G1 X130.515 Y118.859 E.03759
G1 X130.171 Y119.616 E.02477
G1 X129.596 Y120.736 E.03751
G1 X128.959 Y121.822 E.0375
G1 X128.493 Y122.537 E.02541
G1 X127.769 Y123.542 E.03689
G1 X126.977 Y124.52 E.03751
G1 X126.409 Y125.157 E.02542
G1 X125.543 Y126.043 E.03689
G1 X124.615 Y126.89 E.03744
G1 X123.641 Y127.685 E.03744
G1 X122.621 Y128.425 E.03753
G1 X121.923 Y128.883 E.02487
G1 X121.19 Y129.325 E.02551
G1 X120.1 Y129.915 E.0369
G1 X118.96 Y130.452 E.03754
G1 X118.192 Y130.771 E.02479
G1 X117.006 Y131.2 E.03754
G1 X115.799 Y131.56 E.03754
G1 X114.991 Y131.761 E.0248
G1 X113.755 Y132.008 E.03754
G1 X112.507 Y132.184 E.03754
G1 X111.678 Y132.262 E.0248
G1 X110.416 Y132.321 E.03763
G1 X109.584 Y132.321 E.0248
G1 X108.322 Y132.262 E.03762
G1 X107.472 Y132.182 E.02543
G1 X106.245 Y132.008 E.03691
G1 X105.009 Y131.761 E.03754
G1 X104.201 Y131.56 E.0248
G1 X102.991 Y131.199 E.03762
G1 X102.186 Y130.916 E.02543
G1 X101.034 Y130.45 E.03699
G1 X100.278 Y130.102 E.0248
G1 X99.157 Y129.522 E.03762
G1 X98.418 Y129.093 E.02542
G1 X97.376 Y128.423 E.0369
G1 X96.357 Y127.683 E.03752
G1 X95.691 Y127.15 E.02542
G1 X94.761 Y126.331 E.0369
G1 X93.864 Y125.447 E.03752
G1 X93.299 Y124.836 E.02479
G1 X92.488 Y123.872 E.03751
G1 X91.735 Y122.866 E.03743
G1 X91.038 Y121.818 E.03751
G1 X90.61 Y121.104 E.02478
G1 X90.013 Y119.992 E.03759
G1 X89.646 Y119.222 E.02541
G1 X89.164 Y118.079 E.03696
G1 X88.871 Y117.278 E.02541
G1 X88.499 Y116.097 E.03688
G1 X88.189 Y114.877 E.0375
G1 X88.019 Y114.041 E.0254
G1 X87.828 Y112.818 E.03687
G1 X87.705 Y111.565 E.0375
G1 X87.662 Y110.735 E.02477
G1 X87.656 Y109.473 E.03758
G1 X87.692 Y108.621 E.0254
G1 X87.803 Y107.389 E.03687
G1 X87.985 Y106.143 E.0375
G1 X88.145 Y105.327 E.02477
G1 X88.443 Y104.103 E.0375
G1 X88.809 Y102.902 E.03741
G1 X89.243 Y101.72 E.03751
G1 X89.567 Y100.951 E.02485
G1 X89.93 Y100.176 E.0255
G1 X90.506 Y99.08 E.03688
G1 X91.153 Y97.999 E.03751
G1 X91.613 Y97.307 E.02478
G1 X92.359 Y96.292 E.03751
G1 X93.158 Y95.322 E.03743
G1 X94.013 Y94.397 E.03752
G1 X94.606 Y93.813 E.02478
G1 X95.546 Y92.971 E.03761
G1 X96.194 Y92.443 E.02488
G1 X96.86 Y91.94 E.02487
G1 X97.9 Y91.229 E.03753
G1 X98.976 Y90.579 E.03745
G1 X100.09 Y89.989 E.03753
G1 X100.843 Y89.634 E.0248
G1 X102.009 Y89.15 E.03762
G1 X102.812 Y88.86 E.02543
G1 X103.999 Y88.494 E.03699
G1 X104.825 Y88.281 E.02543
G1 X106.041 Y88.027 E.037
G1 X106.863 Y87.895 E.0248
G1 X108.116 Y87.754 E.03754
G1 X109.374 Y87.683 E.03754
G1 X110.228 Y87.675 E.02543
G1 X111.466 Y87.722 E.03691
G1 X112.718 Y87.84 E.03746
G1 X113.964 Y88.028 E.03754
G1 X114.783 Y88.191 E.02488
G1 X115.617 Y88.391 E.02552
G1 X116.807 Y88.735 E.03691
G1 X117.996 Y89.152 E.03754
G1 X118.768 Y89.464 E.0248
G1 X119.916 Y89.991 E.03762
G1 X120.655 Y90.374 E.02479
G1 X121.748 Y91.007 E.03761
G1 X122.465 Y91.469 E.02542
G1 X123.474 Y92.187 E.0369
G1 X124.458 Y92.974 E.03753
G1 X125.083 Y93.524 E.02479
G1 X125.989 Y94.399 E.03752
G1 X126.842 Y95.322 E.03743
G1 X127.643 Y96.294 E.03752
G1 X128.142 Y96.96 E.02478
G1 X128.849 Y98.002 E.03751
G1 X129.496 Y99.082 E.03751
G1 X129.891 Y99.818 E.02486
G1 X130.258 Y100.567 E.02486
G1 X130.758 Y101.723 E.03751
G1 X131.191 Y102.902 E.03742
G1 X131.558 Y104.106 E.03749
G1 X131.767 Y104.933 E.0254
G1 X132.007 Y106.12 E.03609
G1 X132.42 Y106.078 F9000
M204 P1000
;TYPE:Outer wall
;WIDTH:0.419999
G1 F5400
G1 X132.434 Y106.15 E.00204
G1 X132.599 Y107.334 E.03297
G1 X132.702 Y108.355 E.02833
G1 X132.746 Y109.136 E.02158
G1 X132.762 Y110.319 E.03265
G1 X132.708 Y111.598 E.03532
G1 X132.63 Y112.467 E.02407
G1 X132.458 Y113.715 E.03474
G1 X132.213 Y114.971 E.03532
G1 X132.006 Y115.818 E.02407
G1 X131.65 Y117.027 E.03477
G1 X131.371 Y117.831 E.02348
G1 X130.896 Y119.021 E.03536
G1 X130.543 Y119.796 E.02348
G1 X129.959 Y120.935 E.03533
G1 X129.311 Y122.04 E.03533
G1 X128.834 Y122.771 E.02407
G1 X128.098 Y123.793 E.03475
G1 X127.292 Y124.788 E.03534
G1 X126.711 Y125.44 E.02408
G1 X125.83 Y126.34 E.03476
G1 X124.885 Y127.204 E.03532
G1 X123.893 Y128.013 E.03532
G1 X122.856 Y128.765 E.03535
G1 X122.144 Y129.233 E.02352
G1 X121.395 Y129.684 E.02411
G1 X120.287 Y130.284 E.03477
G1 X119.128 Y130.831 E.03536
G1 X118.341 Y131.157 E.0235
G1 X117.136 Y131.592 E.03536
G1 X115.908 Y131.959 E.03536
G1 X115.081 Y132.165 E.0235
G1 X113.824 Y132.415 E.03536
G1 X112.555 Y132.595 E.03536
G1 X111.707 Y132.675 E.02351
G1 X110.426 Y132.735 E.03539
G1 X109.574 Y132.735 E.02351
G1 X108.293 Y132.675 E.03539
G1 X107.424 Y132.592 E.02409
G1 X106.176 Y132.415 E.03478
G1 X104.919 Y132.165 E.03536
G1 X104.092 Y131.959 E.0235
G1 X102.863 Y131.592 E.03539
G1 X102.039 Y131.303 E.02409
G1 X100.87 Y130.83 E.0348
G1 X100.096 Y130.474 E.0235
G1 X98.958 Y129.884 E.03538
G1 X98.202 Y129.446 E.02409
G1 X97.143 Y128.764 E.03477
G1 X96.106 Y128.012 E.03535
G1 X95.425 Y127.466 E.02408
G1 X94.479 Y126.634 E.03476
G1 X93.567 Y125.735 E.03534
G1 X92.989 Y125.11 E.02349
G1 X92.164 Y124.129 E.03534
G1 X91.397 Y123.105 E.03532
G1 X90.688 Y122.038 E.03533
G1 X90.251 Y121.308 E.02349
G1 X89.644 Y120.179 E.03536
G1 X89.269 Y119.392 E.02407
G1 X88.779 Y118.23 E.03477
G1 X88.479 Y117.411 E.02407
G1 X88.101 Y116.21 E.03474
G1 X87.786 Y114.969 E.03532
G1 X87.612 Y114.115 E.02407
G1 X87.418 Y112.871 E.03474
G1 X87.292 Y111.597 E.03533
G1 X87.248 Y110.747 E.02348
G1 X87.242 Y109.466 E.03535
G1 X87.28 Y108.594 E.02407
G1 X87.392 Y107.34 E.03474
G1 X87.578 Y106.073 E.03533
G1 X87.74 Y105.238 E.02348
G1 X88.044 Y103.994 E.03533
G1 X88.417 Y102.77 E.0353
G1 X88.858 Y101.568 E.03533
G1 X89.189 Y100.783 E.02351
G1 X89.559 Y99.992 E.0241
G1 X90.145 Y98.877 E.03475
G1 X90.803 Y97.779 E.03534
G1 X91.274 Y97.07 E.02349
G1 X92.032 Y96.037 E.03534
G1 X92.847 Y95.05 E.03531
G1 X93.716 Y94.109 E.03534
G1 X94.323 Y93.512 E.02349
G1 X95.277 Y92.656 E.03537
G1 X95.938 Y92.117 E.02352
G1 X96.619 Y91.604 E.02352
G1 X97.676 Y90.881 E.03535
G1 X98.772 Y90.219 E.03533
G1 X99.905 Y89.619 E.03535
G1 X100.675 Y89.256 E.0235
G1 X101.859 Y88.764 E.03538
G1 X102.681 Y88.468 E.02409
G1 X103.886 Y88.096 E.0348
G1 X104.731 Y87.878 E.02409
G1 X105.966 Y87.62 E.0348
G1 X106.807 Y87.485 E.02351
G1 X108.081 Y87.341 E.03536
G1 X109.361 Y87.269 E.03536
G1 X110.234 Y87.262 E.02409
G1 X111.493 Y87.309 E.03478
G1 X112.768 Y87.429 E.03534
G1 X114.036 Y87.621 E.03536
G1 X114.872 Y87.787 E.02353
G1 X115.722 Y87.991 E.02412
G1 X116.933 Y88.341 E.03477
G1 X118.142 Y88.765 E.03536
G1 X118.932 Y89.084 E.0235
G1 X120.097 Y89.62 E.03538
G1 X120.854 Y90.011 E.0235
G1 X121.963 Y90.654 E.03538
G1 X122.697 Y91.126 E.02408
G1 X123.723 Y91.857 E.03476
G1 X124.724 Y92.657 E.03535
G1 X125.363 Y93.22 E.02349
G1 X126.284 Y94.11 E.03534
G1 X127.153 Y95.05 E.03532
G1 X127.968 Y96.038 E.03534
G1 X128.479 Y96.719 E.02349
G1 X129.198 Y97.779 E.03534
G1 X129.856 Y98.878 E.03533
G1 X130.259 Y99.629 E.02351
G1 X130.633 Y100.394 E.02351
G1 X131.142 Y101.569 E.03533
G1 X131.583 Y102.77 E.0353
G1 X131.956 Y103.995 E.03532
G1 X132.17 Y104.841 E.02407
G1 X132.412 Y106.039 E.03372
G1 E-.7 F2400
;WIPE_START
G1 F5400
G1 X132.434 Y106.15 E-.03414
G1 X132.557 Y107.028 E-.26586
;WIPE_END
G17
G3 Z4.2 I.765 J-.946 P1  F9000
G1 X118.549 Y95.703 Z4.2
G1 Z3.8
G1 E1 F2700
M204 P2000
;TYPE:Inner wall
;WIDTH:0.449999
G1 F7200
G1 X118.754 Y95.821 E.00704
G1 X120.066 Y96.722 E.04742
G1 X120.837 Y97.339 E.02941
G1 X121.264 Y97.72 E.01705
G1 X121.946 Y98.376 E.02821
G1 X122.606 Y99.099 E.02914
G1 X123.17 Y99.78 E.02634
G1 X123.553 Y100.296 E.01913
G1 X124.031 Y100.996 E.02526
G1 X124.42 Y101.632 E.0222
G1 X124.863 Y102.456 E.02786
G1 X125.107 Y102.955 E.01656
G1 X125.5 Y103.859 E.02936
G1 X125.803 Y104.68 E.02607
G1 X126.025 Y105.391 E.02219
G1 X126.216 Y106.111 E.02219
G1 X126.373 Y106.84 E.0222
G1 X126.524 Y107.786 E.02853
G1 X126.624 Y108.684 E.02693
G1 X126.661 Y109.34 E.01956
G1 X126.675 Y110.173 E.02482
G1 X126.651 Y110.917 E.02219
G1 X126.594 Y111.654 E.02202
G1 X126.502 Y112.399 E.02235
G1 X126.378 Y113.134 E.02219
G1 X126.262 Y113.674 E.01646
G1 X125.928 Y114.933 E.03881
G1 X125.689 Y115.646 E.02239
G1 X125.423 Y116.336 E.02203
G1 X125.115 Y117.038 E.02284
G1 X124.619 Y118.014 E.03261
G1 X124.242 Y118.665 E.0224
G1 X123.84 Y119.292 E.0222
G1 X123.411 Y119.901 E.0222
G1 X122.72 Y120.772 E.03309
G1 X122.221 Y121.334 E.0224
G1 X121.69 Y121.88 E.02268
G1 X120.888 Y122.617 E.03245
G1 X120.303 Y123.098 E.02256
G1 X119.706 Y123.545 E.02221
G1 X119.091 Y123.965 E.0222
G1 X118.456 Y124.357 E.02221
G1 X117.81 Y124.718 E.02204
G1 X117.139 Y125.054 E.02237
G1 X116.13 Y125.488 E.03272
G1 X115.229 Y125.808 E.02846
G1 X114.709 Y125.98 E.01633
G1 X113.982 Y126.176 E.02242
G1 X112.895 Y126.405 E.0331
G1 X112.151 Y126.519 E.02241
G1 X111.41 Y126.598 E.02221
G1 X110.665 Y126.645 E.02221
G1 X109.92 Y126.658 E.02221
G1 X109.174 Y126.638 E.02221
G1 X108.43 Y126.584 E.02222
G1 X107.328 Y126.443 E.0331
G1 X106.588 Y126.306 E.02241
G1 X105.862 Y126.137 E.02221
G1 X105.144 Y125.936 E.02221
G1 X104.435 Y125.703 E.02222
G1 X103.401 Y125.298 E.0331
G1 X102.716 Y124.985 E.02241
G1 X102.053 Y124.645 E.02221
G1 X101.406 Y124.275 E.0222
G1 X100.775 Y123.877 E.02221
G1 X100.163 Y123.451 E.02221
G1 X99.288 Y122.767 E.03309
G1 X98.723 Y122.271 E.0224
G1 X98.185 Y121.755 E.0222
G1 X97.67 Y121.216 E.0222
G1 X97.181 Y120.654 E.02221
G1 X96.499 Y119.777 E.03309
G1 X96.071 Y119.159 E.0224
G1 X95.675 Y118.527 E.0222
G1 X95.138 Y117.555 E.03308
G1 X94.812 Y116.878 E.0224
G1 X94.43 Y115.956 E.02973
G1 X94.238 Y115.428 E.01671
G1 X93.948 Y114.508 E.02876
G1 X93.742 Y113.706 E.02465
G1 X93.592 Y112.976 E.02219
G1 X93.475 Y112.241 E.02219
G1 X93.392 Y111.5 E.0222
G1 X93.334 Y110.496 E.02995
G1 X93.328 Y109.64 E.02552
G1 X93.364 Y108.968 E.02004
G1 X93.443 Y108.038 E.02781
G1 X93.585 Y107.063 E.02934
G1 X93.698 Y106.503 E.01702
G1 X93.93 Y105.577 E.02842
G1 X94.2 Y104.679 E.02793
G1 X94.509 Y103.83 E.02691
G1 X94.771 Y103.216 E.0199
G1 X95.031 Y102.665 E.01813
G1 X95.475 Y101.816 E.02855
G1 X95.855 Y101.175 E.0222
G1 X96.264 Y100.553 E.0222
G1 X96.701 Y99.949 E.0222
G1 X97.401 Y99.086 E.03309
G1 X97.907 Y98.529 E.0224
G1 X98.443 Y97.989 E.02269
G1 X99.258 Y97.258 E.03261
G1 X100.189 Y96.533 E.03514
G1 X101.003 Y95.975 E.0294
G1 X101.811 Y95.495 E.02799
G1 X102.654 Y95.045 E.02847
G1 X103.173 Y94.804 E.01704
G1 X104.061 Y94.433 E.02867
G1 X104.658 Y94.221 E.01887
G1 X105.477 Y93.965 E.02555
G1 X106.145 Y93.801 E.02048
G1 X107.075 Y93.602 E.02835
G1 X107.642 Y93.512 E.01709
G1 X108.623 Y93.4 E.02942
G1 X109.521 Y93.348 E.02679
G1 X110.202 Y93.343 E.02029
G1 X111.012 Y93.372 E.02413
G1 X111.755 Y93.433 E.02221
G1 X112.495 Y93.528 E.02222
G1 X113.582 Y93.73 E.03294
G1 X114.22 Y93.885 E.01954
G1 X115.034 Y94.118 E.02524
G1 X115.74 Y94.359 E.02221
G1 X116.449 Y94.637 E.02269
G1 X117.445 Y95.093 E.03262
G1 X117.968 Y95.368 E.01761
G1 X118.514 Y95.683 E.01878
G1 X118.343 Y96.061 F9000
M204 P1000
;TYPE:Outer wall
;WIDTH:0.419999
G1 F5400
G1 X118.545 Y96.177 E.00642
G1 X119.818 Y97.053 E.04265
G1 X120.575 Y97.658 E.02673
G1 X120.988 Y98.027 E.01528
G1 X121.657 Y98.672 E.02562
G1 X122.3 Y99.378 E.02635
G1 X122.849 Y100.041 E.02376
G1 X123.22 Y100.542 E.01721
G1 X123.688 Y101.227 E.02289
G1 X124.067 Y101.848 E.02006
G1 X124.498 Y102.651 E.02516
G1 X124.733 Y103.13 E.0147
G1 X125.117 Y104.017 E.02668
G1 X125.414 Y104.821 E.02364
G1 X125.631 Y105.514 E.02005
G1 X125.816 Y106.217 E.02004
G1 X125.969 Y106.927 E.02005
G1 X126.115 Y107.85 E.02578
G1 X126.213 Y108.726 E.02431
G1 X126.249 Y109.363 E.01761
G1 X126.262 Y110.177 E.02248
G1 X126.238 Y110.903 E.02004
G1 X126.181 Y111.622 E.01989
G1 X126.092 Y112.349 E.0202
G1 X125.971 Y113.065 E.02005
G1 X125.858 Y113.587 E.01473
G1 X125.528 Y114.827 E.03539
G1 X125.297 Y115.514 E.02002
G1 X125.037 Y116.187 E.01989
G1 X124.741 Y116.862 E.02033
G1 X124.25 Y117.827 E.02988
G1 X123.885 Y118.457 E.02011
G1 X123.492 Y119.069 E.02005
G1 X123.073 Y119.663 E.02006
G1 X122.397 Y120.514 E.03001
G1 X121.912 Y121.059 E.02011
G1 X121.402 Y121.583 E.02019
G1 X120.608 Y122.313 E.02973
G1 X120.041 Y122.779 E.02027
G1 X119.459 Y123.214 E.02006
G1 X118.858 Y123.624 E.02006
G1 X118.239 Y124.005 E.02006
G1 X117.609 Y124.357 E.01991
G1 X116.954 Y124.685 E.02021
G1 X115.978 Y125.103 E.02929
G1 X115.1 Y125.416 E.02573
G1 X114.579 Y125.587 E.01512
G1 X113.875 Y125.777 E.02013
G1 X112.81 Y126 E.03003
G1 X112.089 Y126.11 E.02012
G1 X111.366 Y126.187 E.02006
G1 X110.64 Y126.232 E.02007
G1 X109.913 Y126.244 E.02006
G1 X109.186 Y126.224 E.02006
G1 X108.46 Y126.172 E.02007
G1 X107.381 Y126.033 E.03003
G1 X106.664 Y125.899 E.02012
G1 X105.956 Y125.734 E.02006
G1 X105.256 Y125.538 E.02006
G1 X104.565 Y125.311 E.02007
G1 X103.552 Y124.913 E.03003
G1 X102.889 Y124.609 E.02012
G1 X102.242 Y124.277 E.02006
G1 X101.611 Y123.916 E.02006
G1 X100.996 Y123.528 E.02006
G1 X100.4 Y123.112 E.02007
G1 X99.543 Y122.441 E.03002
G1 X98.995 Y121.961 E.02011
G1 X98.471 Y121.457 E.02006
G1 X97.97 Y120.931 E.02005
G1 X97.493 Y120.383 E.02006
G1 X96.825 Y119.524 E.03001
G1 X96.411 Y118.924 E.02011
G1 X96.025 Y118.308 E.02006
G1 X95.5 Y117.356 E.03001
G1 X95.184 Y116.699 E.02011
G1 X94.812 Y115.798 E.0269
G1 X94.629 Y115.292 E.01484
G1 X94.344 Y114.389 E.02613
G1 X94.143 Y113.605 E.02232
G1 X93.997 Y112.894 E.02004
G1 X93.884 Y112.176 E.02005
G1 X93.803 Y111.454 E.02005
G1 X93.747 Y110.473 E.02711
G1 X93.741 Y109.64 E.023
G1 X93.777 Y108.991 E.01792
G1 X93.854 Y108.084 E.02513
G1 X93.994 Y107.127 E.02667
G1 X94.104 Y106.586 E.01526
G1 X94.33 Y105.683 E.02569
G1 X94.593 Y104.807 E.02523
G1 X94.897 Y103.975 E.02442
G1 X95.151 Y103.378 E.01792
G1 X95.403 Y102.844 E.01628
G1 X95.839 Y102.011 E.02593
G1 X96.211 Y101.387 E.02005
G1 X96.61 Y100.78 E.02005
G1 X97.036 Y100.191 E.02006
G1 X97.722 Y99.347 E.03001
G1 X98.212 Y98.808 E.02011
G1 X98.729 Y98.289 E.02019
G1 X99.534 Y97.565 E.02989
G1 X100.433 Y96.867 E.0314
G1 X101.232 Y96.319 E.02672
G1 X102.02 Y95.852 E.02529
G1 X102.843 Y95.413 E.02573
G1 X103.345 Y95.18 E.01528
G1 X104.217 Y94.816 E.02605
G1 X104.796 Y94.611 E.01697
G1 X105.598 Y94.361 E.02316
G1 X106.243 Y94.203 E.01833
G1 X107.151 Y94.009 E.02562
G1 X107.699 Y93.922 E.01532
G1 X108.662 Y93.812 E.02674
G1 X109.542 Y93.761 E.0243
G1 X110.205 Y93.757 E.01829
G1 X110.996 Y93.785 E.02184
G1 X111.72 Y93.845 E.02006
G1 X112.442 Y93.938 E.02007
G1 X113.506 Y94.136 E.02988
G1 X114.121 Y94.287 E.01747
G1 X114.918 Y94.515 E.02287
G1 X115.606 Y94.75 E.02006
G1 X116.287 Y95.017 E.0202
G1 X117.272 Y95.469 E.02989
G1 X117.775 Y95.734 E.01567
G1 X118.308 Y96.041 E.01699
G1 E-.7 F2400
;WIPE_START
G1 F5400
G1 X118.545 Y96.177 E-.08179
G1 X119.144 Y96.59 E-.21821
;WIPE_END
G1 Z4.2 F9000
G1 X108.012 Y93.111
G1 Z4.2
G1 Z3.8
G1 E1 F2700
M204 P2500
;TYPE:Sparse infill
;WIDTH:0.45
G1 F10800
G1 X108.777 Y93.039 E.02289
G1 X109.636 Y93.001 E.02561
G1 X109.735 Y92.902 E.00416
G1 X110.265 Y89.793 E.09394
G1 X111.554 Y88.504 E.05431
G1 X113.077 Y88.244 E.04602
G1 X113.905 Y88.369 E.02492
G1 X114.709 Y88.529 E.02444
G1 X115.528 Y88.725 E.02508
G1 X116.702 Y89.064 E.03638
G1 X117.079 Y89.197 E.01191
G1 X116.483 Y89.793 E.02512
G1 X115.952 Y92.902 E.09394
G1 X115.082 Y93.772 E.03666
G1 X115.861 Y94.034 E.02447
G1 X116.572 Y94.313 E.02275
G1 X117.672 Y94.822 E.0361
G1 X117.772 Y94.721 E.00422
G1 X120.881 Y94.191 E.09394
G1 X122.17 Y92.902 E.05431
G1 X122.355 Y91.815 E.03283
G1 X123.266 Y92.464 E.03329
G1 X124.236 Y93.239 E.037
G1 X124.848 Y93.778 E.0243
G1 X125.549 Y94.455 E.02902
G1 X123.989 Y94.721 E.04711
G1 X122.7 Y96.011 E.05431
G1 X122.315 Y98.267 E.06819
G1 X122.953 Y98.967 E.02821
G1 X123.45 Y99.577 E.02343
G1 X123.913 Y100.202 E.02316
G1 X124.363 Y100.875 E.02412
G1 X127.098 Y100.408 E.08265
G1 X128.387 Y99.119 E.05431
G1 X128.548 Y98.175 E.02852
G1 X129.195 Y99.253 E.03743
G1 X129.583 Y99.976 E.02443
G1 X129.943 Y100.712 E.02443
G1 X130.092 Y101.054 E.01111
G1 X128.918 Y102.228 E.04944
G1 X128.387 Y105.337 E.09394
G1 X127.098 Y106.626 E.05431
G1 X126.696 Y106.695 E.01215
G1 X126.89 Y107.886 E.03596
G1 X126.97 Y108.667 E.02339
G1 X127.013 Y109.445 E.0232
G1 X127.021 Y110.202 E.02257
G1 X126.996 Y110.939 E.02195
G1 X126.938 Y111.694 E.02255
G1 X126.844 Y112.455 E.02286
G1 X126.769 Y112.9 E.01343
G1 X127.098 Y112.844 E.00996
G1 X128.387 Y111.554 E.05431
G1 X128.918 Y108.446 E.09394
G1 X130.207 Y107.156 E.05431
G1 X131.781 Y106.888 E.04756
G1 X131.935 Y108.254 E.04094
G1 X131.985 Y109.089 E.02492
G1 X132.002 Y110.309 E.03634
G1 X131.95 Y111.548 E.03696
G1 X131.875 Y112.381 E.02492
G1 X131.775 Y113.106 E.0218
G1 X130.207 Y113.374 E.04738
G1 X128.918 Y114.663 E.05431
G1 X128.387 Y117.772 E.09394
G1 X127.098 Y119.061 E.05431
G1 X124.061 Y119.579 E.09177
G1 X123.664 Y120.139 E.02045
G1 X122.984 Y120.995 E.03257
G1 X122.608 Y121.419 E.01686
G1 X122.17 Y123.989 E.07768
G1 X120.881 Y125.279 E.05431
G1 X117.772 Y125.809 E.09394
G1 X116.483 Y127.098 E.05431
G1 X115.952 Y130.207 E.09394
G1 X114.691 Y131.468 E.05313
G1 X113.515 Y131.692 E.03565
G1 X112.467 Y131.84 E.03155
G1 X111.9 Y131.894 E.01695
G1 X111.991 Y126.884 F9000
G1 F10800
G1 X111.433 Y126.944 E.0167
G1 X110.367 Y126.996 E.0318
G1 X110.265 Y127.098 E.0043
G1 X109.735 Y130.207 E.09394
G1 X108.446 Y131.496 E.05431
G1 X106.929 Y131.755 E.04584
G1 X106.303 Y131.666 E.01882
G1 X105.085 Y131.423 E.03702
G1 X104.292 Y131.227 E.02431
G1 X102.918 Y130.806 E.04281
G1 X103.517 Y130.207 E.02525
G1 X104.048 Y127.098 E.09394
G1 X104.919 Y126.227 E.0367
G1 X104.309 Y126.026 E.01914
G1 X103.263 Y125.616 E.03346
G1 X102.331 Y125.176 E.03071
G1 X102.228 Y125.279 E.00432
G1 X99.119 Y125.809 E.09394
G1 X97.83 Y127.098 E.05431
G1 X97.645 Y128.184 E.03282
G1 X96.567 Y127.408 E.03957
G1 X95.913 Y126.885 E.02493
G1 X94.997 Y126.078 E.03637
G1 X94.455 Y125.544 E.02266
G1 X96.011 Y125.279 E.047
G1 X97.3 Y123.989 E.05431
G1 X97.685 Y121.733 E.06819
G1 X96.908 Y120.868 E.03462
G1 X96.215 Y119.975 E.03367
G1 X95.64 Y119.124 E.03059
G1 X92.902 Y119.592 E.08275
G1 X91.613 Y120.881 E.05431
G1 X91.453 Y121.817 E.02829
G1 X90.911 Y120.933 E.03087
G1 X90.322 Y119.836 E.0371
G1 X89.906 Y118.948 E.0292
G1 X91.082 Y117.772 E.04955
G1 X91.613 Y114.663 E.09394
G1 X92.902 Y113.374 E.05431
G1 X93.307 Y113.305 E.01223
G1 X93.133 Y112.29 E.03067
G1 X93.046 Y111.525 E.02294
G1 X92.983 Y110.407 E.03334
G1 X92.982 Y109.636 E.02297
G1 X93.045 Y108.487 E.03427
G1 X93.128 Y107.742 E.02232
G1 X93.23 Y107.101 E.01936
G1 X92.902 Y107.156 E.0099
G1 X91.613 Y108.446 E.05431
G1 X91.082 Y111.554 E.09394
G1 X89.793 Y112.844 E.05431
G1 X88.224 Y113.111 E.0474
G1 X88.172 Y112.775 E.01015
G1 X88.05 Y111.54 E.03697
G1 X88.008 Y110.725 E.02429
G1 X88.002 Y109.48 E.03709
G1 X88.038 Y108.644 E.02491
G1 X88.147 Y107.429 E.03634
G1 X88.225 Y106.894 E.01612
G1 X89.793 Y106.626 E.04738
G1 X91.082 Y105.337 E.05431
G1 X91.613 Y102.228 E.09394
G1 X92.902 Y100.939 E.05431
G1 X95.937 Y100.421 E.09172
G1 X96.45 Y99.708 E.02617
G1 X97.139 Y98.86 E.03252
G1 X97.391 Y98.582 E.0112
G1 X97.83 Y96.011 E.0777
G1 X99.119 Y94.721 E.05431
G1 X102.228 Y94.191 E.09394
G1 X103.517 Y92.902 E.05431
G1 X104.048 Y89.793 E.09394
G1 X105.307 Y88.534 E.05305
G1 X105.958 Y88.398 E.0198
G1 X106.91 Y88.238 E.02877
G1 X108.277 Y88.091 E.04095
G1 X98.833 Y91.069 F9000
G1 F10800
G1 X98.087 Y91.52 E.02596
G1 X97.463 Y91.947 E.02254
G1 X97.3 Y92.902 E.02885
G1 X96.011 Y94.191 E.05431
G1 X94.445 Y94.458 E.04731
G1 X93.419 Y95.55 E.04462
G1 X92.632 Y96.504 E.03685
G1 X91.897 Y97.505 E.03698
G1 X91.445 Y98.184 E.0243
G1 X91.161 Y98.66 E.01651
G1 X91.082 Y99.119 E.01389
G1 X90.647 Y99.554 E.01833
G1 X90.24 Y100.33 E.02608
G1 X89.921 Y101.012 E.02242
G1 E-.77778 F2400
;WIPE_START
G1 F10800
G1 X90.24 Y100.33 E-.16728
G1 X90.355 Y100.111 E-.05494
;WIPE_END
G17
G3 Z4.2 I-.831 J.889 P1  F9000
G1 X121.165 Y128.936 Z4.2
G1 Z3.8
G1 E1 F2700
G1 F10800
G1 X121.739 Y128.59 E.01996
G1 X122.536 Y128.059 E.02854
G1 X122.7 Y127.098 E.02902
G1 X123.989 Y125.809 E.05431
G1 X125.548 Y125.543 E.04708
G1 X126.156 Y124.921 E.02593
G1 X126.713 Y124.296 E.02493
G1 X127.494 Y123.331 E.03698
G1 X128.208 Y122.341 E.03636
G1 X128.839 Y121.344 E.03516
G1 X128.918 Y120.881 E.01399
G1 X129.36 Y120.439 E.01862
G1 X129.859 Y119.465 E.03259
G1 X130.081 Y118.979 E.01591
; stop printing object Генератор.stl id:18446744073679698525 copy 0
;LAYER_CHANGE
;Z:4
;HEIGHT:0.2
;BEFORE_LAYER_CHANGE
;4
G92 E0

G1 E-.77778 F2400
;WIPE_START
G1 F10800
G1 X129.859 Y119.465 E-.1187
G1 X129.647 Y119.88 E-.10352
;WIPE_END
;_SET_FAN_SPEED_CHANGING_LAYER
; printing object Генератор.stl id:18446744073679698525 copy 0
G17
G3 Z4.4 I1.199 J.206 P1  F9000
G1 X132.008 Y106.149 Z4.4
G1 Z4
G1 E1 F2700
M204 P2000
;TYPE:Inner wall
;WIDTH:0.449999
G1 F7200
G1 X132.144 Y106.973 E.02486
G1 X132.272 Y108.156 E.03544
G1 X132.333 Y109.165 E.03012
G1 X132.348 Y110.313 E.0342
G1 X132.295 Y111.571 E.03751
G1 X132.221 Y112.4 E.02477
G1 X132.05 Y113.647 E.0375
G1 X131.809 Y114.882 E.03749
G1 X131.6 Y115.734 E.02613
G1 X131.256 Y116.901 E.03624
G1 X130.984 Y117.687 E.02478
G1 X130.516 Y118.858 E.03758
G1 X130.151 Y119.656 E.02613
G1 X129.596 Y120.736 E.03616
G1 X128.959 Y121.823 E.03752
G1 X128.505 Y122.52 E.02478
G1 X127.767 Y123.544 E.0376
G1 X127.25 Y124.196 E.02478
G1 X126.422 Y125.144 E.03752
G1 X125.541 Y126.045 E.03752
G1 X124.932 Y126.612 E.02479
G1 X123.968 Y127.428 E.03761
G1 X123.309 Y127.935 E.02479
G1 X122.273 Y128.658 E.03762
G1 X121.569 Y129.101 E.02479
G1 X120.472 Y129.722 E.03754
G1 X119.345 Y130.28 E.03745
G1 X118.189 Y130.772 E.03744
G1 X117.006 Y131.2 E.03745
G1 X115.799 Y131.56 E.03754
G1 X114.991 Y131.761 E.0248
G1 X113.755 Y132.008 E.03754
G1 X112.507 Y132.184 E.03754
G1 X111.678 Y132.262 E.0248
G1 X110.416 Y132.321 E.03763
G1 X109.581 Y132.321 E.02489
G1 X108.746 Y132.29 E.02488
G1 X107.49 Y132.184 E.03754
G1 X106.245 Y132.008 E.03746
G1 X105.009 Y131.761 E.03754
G1 X104.201 Y131.56 E.0248
G1 X102.991 Y131.199 E.03761
G1 X102.163 Y130.907 E.02615
G1 X101.034 Y130.45 E.03627
G1 X100.278 Y130.102 E.0248
G1 X99.159 Y129.523 E.03754
G1 X98.075 Y128.882 E.03752
G1 X97.342 Y128.399 E.02614
G1 X96.359 Y127.685 E.03618
G1 X95.385 Y126.89 E.03745
G1 X94.455 Y126.041 E.03752
G1 X93.868 Y125.451 E.02478
G1 X93.02 Y124.517 E.03759
G1 X92.462 Y123.839 E.02614
G1 X91.735 Y122.867 E.03617
G1 X91.038 Y121.818 E.03752
G1 X90.61 Y121.104 E.02478
G1 X90.013 Y119.992 E.03758
G1 X89.636 Y119.2 E.02613
G1 X89.165 Y118.079 E.03623
G1 X88.863 Y117.255 E.02613
G1 X88.499 Y116.097 E.03616
G1 X88.189 Y114.877 E.03751
G1 X88.023 Y114.062 E.02477
G1 X87.828 Y112.818 E.0375
G1 X87.705 Y111.565 E.0375
G1 X87.662 Y110.735 E.02477
G1 X87.656 Y109.476 E.0375
G1 X87.721 Y108.222 E.03741
G1 X87.856 Y106.97 E.0375
G1 X87.984 Y106.149 E.02477
G1 X88.237 Y104.912 E.03759
G1 X88.442 Y104.106 E.02477
G1 X88.81 Y102.899 E.03759
G1 X89.089 Y102.116 E.02477
G1 X89.569 Y100.948 E.03759
G1 X89.92 Y100.195 E.02477
G1 X90.506 Y99.08 E.03751
G1 X91.151 Y98.002 E.03742
G1 X91.858 Y96.96 E.03751
G1 X92.357 Y96.294 E.02478
G1 X93.16 Y95.32 E.03759
G1 X93.751 Y94.671 E.02614
G1 X94.608 Y93.812 E.03617
G1 X95.546 Y92.971 E.03753
G1 X96.194 Y92.443 E.02488
G1 X96.86 Y91.94 E.02488
G1 X97.903 Y91.227 E.03761
G1 X98.611 Y90.79 E.02479
G1 X99.713 Y90.179 E.03754
G1 X100.845 Y89.633 E.03744
G1 X102.009 Y89.15 E.03752
G1 X102.835 Y88.853 E.02615
G1 X103.998 Y88.494 E.03626
G1 X104.849 Y88.275 E.02616
G1 X106.041 Y88.027 E.03628
G1 X106.863 Y87.895 E.02481
G1 X108.116 Y87.754 E.03754
G1 X109.374 Y87.683 E.03753
G1 X110.252 Y87.676 E.02615
G1 X111.466 Y87.722 E.0362
G1 X112.721 Y87.84 E.03755
G1 X113.545 Y87.957 E.0248
G1 X114.784 Y88.191 E.03754
G1 X116.007 Y88.495 E.03754
G1 X116.804 Y88.734 E.0248
G1 X117.996 Y89.152 E.03763
G1 X118.768 Y89.464 E.0248
G1 X119.916 Y89.991 E.03762
G1 X120.657 Y90.375 E.02488
G1 X121.384 Y90.787 E.02488
G1 X122.45 Y91.459 E.03753
G1 X123.474 Y92.187 E.03744
G1 X124.456 Y92.972 E.03744
G1 X125.394 Y93.813 E.03752
G1 X125.987 Y94.397 E.02478
G1 X126.842 Y95.322 E.03752
G1 X127.643 Y96.293 E.0375
G1 X128.168 Y96.996 E.02613
G1 X128.849 Y98.002 E.03617
G1 X129.496 Y99.082 E.03751
G1 X129.891 Y99.818 E.02486
G1 X130.258 Y100.567 E.02486
G1 X130.759 Y101.725 E.03759
G1 X131.053 Y102.503 E.02477
G1 X131.442 Y103.701 E.0375
G1 X131.764 Y104.918 E.03749
G1 X131.946 Y105.775 E.02612
G1 X132.002 Y106.11 E.0101
G1 X132.416 Y106.082 F9000
M204 P1000
;TYPE:Outer wall
;WIDTH:0.419999
G1 F5400
G1 X132.554 Y106.917 E.02335
G1 X132.683 Y108.111 E.03315
G1 X132.746 Y109.16 E.02898
G1 X132.762 Y110.319 E.03199
G1 X132.708 Y111.599 E.03533
G1 X132.632 Y112.446 E.02348
G1 X132.458 Y113.715 E.03533
G1 X132.213 Y114.971 E.03532
G1 X132 Y115.842 E.02474
G1 X131.65 Y117.027 E.0341
G1 X131.371 Y117.831 E.02348
G1 X130.896 Y119.021 E.03535
G1 X130.523 Y119.837 E.02474
G1 X129.959 Y120.935 E.03408
G1 X129.311 Y122.04 E.03534
G1 X128.846 Y122.753 E.02349
G1 X128.097 Y123.794 E.03537
G1 X127.568 Y124.46 E.02349
G1 X126.725 Y125.425 E.03534
G1 X125.83 Y126.341 E.03534
G1 X125.207 Y126.921 E.02349
G1 X124.228 Y127.75 E.03538
G1 X123.553 Y128.269 E.0235
G1 X122.502 Y129.003 E.03538
G1 X121.781 Y129.457 E.0235
G1 X120.666 Y130.088 E.03536
G1 X119.518 Y130.655 E.03533
G1 X118.34 Y131.157 E.03532
G1 X117.136 Y131.592 E.03533
G1 X115.908 Y131.959 E.03536
G1 X115.081 Y132.165 E.0235
G1 X113.824 Y132.415 E.03536
G1 X112.555 Y132.595 E.03536
G1 X111.707 Y132.675 E.0235
G1 X110.426 Y132.735 E.03539
G1 X109.573 Y132.735 E.02353
G1 X108.721 Y132.703 E.02353
G1 X107.444 Y132.595 E.03537
G1 X106.175 Y132.415 E.03534
G1 X104.919 Y132.165 E.03536
G1 X104.092 Y131.959 E.0235
G1 X102.863 Y131.592 E.03539
G1 X102.017 Y131.294 E.02476
G1 X100.87 Y130.83 E.03413
G1 X100.096 Y130.474 E.0235
G1 X98.958 Y129.885 E.03536
G1 X97.856 Y129.232 E.03535
G1 X97.106 Y128.739 E.02476
G1 X96.107 Y128.013 E.03409
G1 X95.115 Y127.203 E.03533
G1 X94.169 Y126.339 E.03534
G1 X93.568 Y125.736 E.02349
G1 X92.707 Y124.787 E.03537
G1 X92.137 Y124.094 E.02475
G1 X91.397 Y123.105 E.03408
G1 X90.688 Y122.038 E.03534
G1 X90.251 Y121.308 E.02349
G1 X89.644 Y120.179 E.03536
G1 X89.259 Y119.37 E.02474
G1 X88.78 Y118.231 E.0341
G1 X88.472 Y117.388 E.02474
G1 X88.101 Y116.21 E.03407
G1 X87.786 Y114.969 E.03533
G1 X87.616 Y114.136 E.02348
G1 X87.418 Y112.871 E.03533
G1 X87.292 Y111.597 E.03532
G1 X87.248 Y110.747 E.02348
G1 X87.242 Y109.466 E.03533
G1 X87.308 Y108.189 E.0353
G1 X87.446 Y106.916 E.03533
G1 X87.577 Y106.075 E.02348
G1 X87.834 Y104.82 E.03535
G1 X88.044 Y103.995 E.02348
G1 X88.417 Y102.769 E.03535
G1 X88.703 Y101.968 E.02348
G1 X89.19 Y100.782 E.03536
G1 X89.55 Y100.011 E.02348
G1 X90.145 Y98.877 E.03533
G1 X90.802 Y97.779 E.03531
G1 X91.521 Y96.719 E.03534
G1 X92.032 Y96.038 E.02349
G1 X92.847 Y95.049 E.03536
G1 X93.451 Y94.386 E.02475
G1 X94.324 Y93.511 E.03409
G1 X95.277 Y92.656 E.03535
G1 X95.938 Y92.117 E.02352
G1 X96.619 Y91.604 E.02353
G1 X97.677 Y90.88 E.03538
G1 X98.402 Y90.433 E.0235
G1 X99.523 Y89.812 E.03536
G1 X100.676 Y89.255 E.03533
G1 X101.859 Y88.764 E.03535
G1 X102.704 Y88.46 E.02476
G1 X103.886 Y88.096 E.03412
G1 X104.755 Y87.873 E.02477
G1 X105.966 Y87.62 E.03413
G1 X106.807 Y87.485 E.02351
G1 X108.081 Y87.341 E.03537
G1 X109.36 Y87.269 E.03536
G1 X110.258 Y87.262 E.02477
G1 X111.493 Y87.309 E.03411
G1 X112.769 Y87.429 E.03536
G1 X113.613 Y87.549 E.02351
G1 X114.872 Y87.787 E.03536
G1 X116.116 Y88.096 E.03536
G1 X116.932 Y88.34 E.0235
G1 X118.142 Y88.765 E.03539
G1 X118.932 Y89.084 E.0235
G1 X120.097 Y89.62 E.03538
G1 X120.854 Y90.012 E.02353
G1 X121.596 Y90.432 E.02353
G1 X122.68 Y91.115 E.03535
G1 X123.724 Y91.857 E.03532
G1 X124.723 Y92.657 E.03532
G1 X125.677 Y93.512 E.03535
G1 X126.284 Y94.109 E.02349
G1 X127.153 Y95.05 E.03535
G1 X127.968 Y96.038 E.03534
G1 X128.505 Y96.757 E.02475
G1 X129.198 Y97.779 E.03408
G1 X129.856 Y98.878 E.03533
G1 X130.259 Y99.629 E.02351
G1 X130.634 Y100.394 E.02351
G1 X131.142 Y101.57 E.03536
G1 X131.443 Y102.366 E.02348
G1 X131.839 Y103.584 E.03533
G1 X132.166 Y104.822 E.03532
G1 X132.353 Y105.699 E.02474
G1 X132.41 Y106.043 E.00962
G1 E-.7 F2400
;WIPE_START
G1 F5400
G1 X132.554 Y106.917 E-.26585
G1 X132.566 Y107.03 E-.03415
;WIPE_END
G17
G3 Z4.4 I.764 J-.948 P1  F9000
G1 X118.389 Y95.604 Z4.4
G1 Z4
G1 E1 F2700
M204 P2000
;TYPE:Inner wall
;WIDTH:0.449999
G1 F7200
G1 X118.428 Y95.625 E.00132
G1 X119.069 Y96.02 E.02241
G1 X119.698 Y96.448 E.02268
G1 X120.568 Y97.113 E.03263
G1 X121.139 Y97.603 E.0224
G1 X121.916 Y98.351 E.03211
G1 X122.584 Y99.073 E.02932
G1 X123.185 Y99.813 E.02839
G1 X123.833 Y100.695 E.03258
G1 X124.229 Y101.312 E.02185
G1 X124.823 Y102.369 E.03611
G1 X125.111 Y102.954 E.01942
G1 X125.411 Y103.634 E.02213
G1 X125.68 Y104.328 E.02219
G1 X125.918 Y105.035 E.0222
G1 X126.214 Y106.105 E.03308
G1 X126.373 Y106.839 E.02239
G1 X126.498 Y107.574 E.02219
G1 X126.591 Y108.313 E.02219
G1 X126.649 Y109.056 E.02219
G1 X126.675 Y109.8 E.02219
G1 X126.667 Y110.545 E.02219
G1 X126.63 Y111.226 E.02032
G1 X126.575 Y111.793 E.01695
G1 X126.441 Y112.738 E.02843
G1 X126.263 Y113.673 E.02835
G1 X126.115 Y114.269 E.01828
G1 X125.848 Y115.157 E.02763
G1 X125.691 Y115.64 E.01512
G1 X125.421 Y116.341 E.02239
G1 X125.121 Y117.024 E.02219
G1 X124.792 Y117.692 E.02219
G1 X124.433 Y118.345 E.0222
G1 X123.811 Y119.329 E.0347
G1 X123.226 Y120.144 E.02986
G1 X122.869 Y120.588 E.01698
G1 X122.237 Y121.305 E.02846
G1 X121.572 Y121.991 E.02846
G1 X121.154 Y122.378 E.01699
G1 X120.012 Y123.321 E.0441
G1 X119.401 Y123.759 E.0224
G1 X118.776 Y124.165 E.02221
G1 X118.133 Y124.543 E.0222
G1 X117.474 Y124.891 E.02221
G1 X116.952 Y125.138 E.01721
G1 X116.085 Y125.502 E.02801
G1 X115.201 Y125.824 E.02801
G1 X114.344 Y126.083 E.02669
G1 X113.698 Y126.242 E.0198
G1 X112.888 Y126.406 E.02462
G1 X112.151 Y126.519 E.02222
G1 X111.21 Y126.609 E.02814
G1 X110.293 Y126.656 E.02737
G1 X109.65 Y126.653 E.01915
G1 X109.061 Y126.628 E.01755
G1 X108.079 Y126.546 E.02936
G1 X107.148 Y126.407 E.02803
G1 X106.224 Y126.225 E.02805
G1 X105.15 Y125.938 E.0331
G1 X104.436 Y125.703 E.02241
G1 X103.738 Y125.439 E.02222
G1 X102.723 Y124.988 E.0331
G1 X102.053 Y124.645 E.02241
G1 X101.406 Y124.275 E.02221
G1 X100.775 Y123.877 E.02221
G1 X100.163 Y123.451 E.02221
G1 X99.571 Y122.999 E.0222
G1 X99.061 Y122.571 E.01982
G1 X98.451 Y122.016 E.02458
G1 X97.933 Y121.497 E.02186
G1 X97.422 Y120.938 E.02254
G1 X96.936 Y120.352 E.02268
G1 X96.334 Y119.542 E.03007
G1 X95.869 Y118.846 E.02494
G1 X95.515 Y118.252 E.02059
G1 X95.064 Y117.396 E.02883
G1 X94.812 Y116.869 E.0174
G1 X94.441 Y115.987 E.02848
G1 X94.231 Y115.407 E.01838
G1 X93.948 Y114.508 E.02807
G1 X93.738 Y113.691 E.02514
G1 X93.609 Y113.022 E.02029
G1 X93.458 Y112.079 E.02843
G1 X93.362 Y111.129 E.02845
G1 X93.335 Y110.528 E.01792
G1 X93.328 Y109.64 E.02645
G1 X93.362 Y108.88 E.02267
G1 X93.471 Y107.791 E.03261
G1 X93.58 Y107.095 E.02097
G1 X93.736 Y106.318 E.0236
G1 X93.919 Y105.589 E.02237
G1 X94.13 Y104.882 E.02201
G1 X94.386 Y104.148 E.02314
G1 X94.79 Y103.171 E.03148
G1 X95.022 Y102.683 E.01611
G1 X95.475 Y101.816 E.02913
G1 X95.855 Y101.176 E.02219
G1 X96.264 Y100.553 E.0222
G1 X96.701 Y99.949 E.0222
G1 X97.164 Y99.365 E.02221
G1 X97.902 Y98.534 E.03309
G1 X98.443 Y97.989 E.02288
G1 X99.258 Y97.258 E.03262
G1 X99.719 Y96.887 E.01761
G1 X100.189 Y96.533 E.01754
G1 X101.017 Y95.966 E.02988
G1 X101.506 Y95.668 E.01706
G1 X102.367 Y95.189 E.02935
G1 X103.217 Y94.786 E.02801
G1 X104.061 Y94.433 E.02727
G1 X104.679 Y94.213 E.01954
G1 X105.477 Y93.965 E.02488
G1 X106.166 Y93.796 E.02115
G1 X107.075 Y93.603 E.02766
G1 X107.642 Y93.512 E.01711
G1 X108.623 Y93.4 E.02942
G1 X109.537 Y93.347 E.02726
G1 X110.192 Y93.35 E.01951
G1 X111.105 Y93.381 E.02721
G1 X112.09 Y93.473 E.02946
G1 X112.657 Y93.557 E.01708
G1 X113.594 Y93.732 E.0284
G1 X114.318 Y93.909 E.02221
G1 X115.05 Y94.123 E.02269
G1 X116.049 Y94.477 E.03156
G1 X116.549 Y94.683 E.01612
G1 X117.451 Y95.096 E.02955
G1 X118.354 Y95.585 E.03059
G1 X118.192 Y95.968 F9000
M204 P1000
;TYPE:Outer wall
;WIDTH:0.419999
G1 F5400
G1 X118.234 Y95.99 E.00129
G1 X118.852 Y96.371 E.02003
G1 X119.465 Y96.79 E.02049
G1 X120.317 Y97.442 E.02959
G1 X120.87 Y97.916 E.02011
G1 X121.4 Y98.414 E.02006
G1 X121.907 Y98.934 E.02005
G1 X122.275 Y99.348 E.01527
G1 X122.862 Y100.07 E.02566
G1 X123.49 Y100.927 E.02932
G1 X123.881 Y101.535 E.01996
G1 X124.452 Y102.552 E.03218
G1 X124.741 Y103.138 E.01802
G1 X125.032 Y103.8 E.01996
G1 X125.294 Y104.478 E.02005
G1 X125.526 Y105.166 E.02005
G1 X125.815 Y106.215 E.03
G1 X125.969 Y106.927 E.0201
G1 X126.091 Y107.643 E.02004
G1 X126.18 Y108.364 E.02004
G1 X126.237 Y109.088 E.02004
G1 X126.262 Y109.814 E.02004
G1 X126.254 Y110.541 E.02004
G1 X126.217 Y111.203 E.01831
G1 X126.164 Y111.751 E.01519
G1 X126.033 Y112.673 E.02571
G1 X125.858 Y113.586 E.02563
G1 X125.715 Y114.163 E.01642
G1 X125.454 Y115.029 E.02496
G1 X125.298 Y115.512 E.01401
G1 X125.035 Y116.192 E.0201
G1 X124.743 Y116.857 E.02005
G1 X124.421 Y117.509 E.02005
G1 X124.071 Y118.145 E.02005
G1 X123.468 Y119.098 E.03112
G1 X122.894 Y119.897 E.02715
G1 X122.548 Y120.327 E.01521
G1 X121.931 Y121.026 E.02573
G1 X121.282 Y121.696 E.02573
G1 X120.877 Y122.07 E.01522
G1 X119.754 Y122.999 E.04022
G1 X119.161 Y123.422 E.02011
G1 X118.551 Y123.818 E.02006
G1 X117.924 Y124.186 E.02006
G1 X117.281 Y124.526 E.02006
G1 X116.775 Y124.764 E.01542
G1 X115.929 Y125.118 E.02531
G1 X115.067 Y125.433 E.02531
G1 X114.227 Y125.686 E.02421
G1 X113.6 Y125.84 E.01783
G1 X112.808 Y126.001 E.02229
G1 X112.089 Y126.11 E.02007
G1 X111.171 Y126.198 E.02543
G1 X110.276 Y126.242 E.02472
G1 X109.652 Y126.239 E.01723
G1 X109.082 Y126.215 E.01575
G1 X108.118 Y126.135 E.02668
G1 X107.21 Y125.999 E.02533
G1 X106.309 Y125.821 E.02535
G1 X105.258 Y125.539 E.03003
G1 X104.565 Y125.311 E.02012
G1 X103.885 Y125.053 E.02007
G1 X102.891 Y124.61 E.03003
G1 X102.242 Y124.277 E.02012
G1 X101.611 Y123.916 E.02006
G1 X100.996 Y123.528 E.02006
G1 X100.4 Y123.112 E.02006
G1 X99.823 Y122.67 E.02006
G1 X99.327 Y122.255 E.01785
G1 X98.73 Y121.712 E.02226
G1 X98.226 Y121.205 E.01974
G1 X97.728 Y120.659 E.02037
G1 X97.254 Y120.088 E.02049
G1 X96.666 Y119.296 E.02722
G1 X96.215 Y118.618 E.02247
G1 X95.87 Y118.04 E.01856
G1 X95.43 Y117.204 E.02607
G1 X95.189 Y116.698 E.01548
G1 X94.825 Y115.834 E.02587
G1 X94.621 Y115.271 E.01652
G1 X94.344 Y114.39 E.02549
G1 X94.14 Y113.59 E.02277
G1 X94.015 Y112.944 E.01816
G1 X93.867 Y112.024 E.0257
G1 X93.774 Y111.092 E.02584
G1 X93.748 Y110.51 E.01609
G1 X93.741 Y109.64 E.02399
G1 X93.775 Y108.899 E.02048
G1 X93.883 Y107.832 E.02957
G1 X93.989 Y107.16 E.01879
G1 X94.141 Y106.401 E.02135
G1 X94.319 Y105.695 E.02009
G1 X94.526 Y105 E.02
G1 X94.773 Y104.295 E.02061
G1 X95.172 Y103.329 E.02884
G1 X95.395 Y102.862 E.01429
G1 X95.839 Y102.011 E.02647
G1 X96.211 Y101.387 E.02005
G1 X96.61 Y100.78 E.02005
G1 X97.036 Y100.191 E.02005
G1 X97.488 Y99.622 E.02006
G1 X98.211 Y98.809 E.03001
G1 X98.728 Y98.289 E.02025
G1 X99.534 Y97.565 E.02989
G1 X99.977 Y97.21 E.01567
G1 X100.433 Y96.867 E.01573
G1 X101.245 Y96.31 E.02717
G1 X101.719 Y96.022 E.01529
G1 X102.564 Y95.553 E.02667
G1 X103.393 Y95.16 E.02532
G1 X104.217 Y94.816 E.02463
G1 X104.818 Y94.603 E.01759
G1 X105.598 Y94.361 E.02254
G1 X106.265 Y94.197 E.01895
G1 X107.151 Y94.009 E.02499
G1 X107.699 Y93.922 E.01534
G1 X108.662 Y93.812 E.02674
G1 X109.558 Y93.761 E.02474
G1 X110.19 Y93.764 E.01744
G1 X111.08 Y93.794 E.02457
G1 X112.046 Y93.884 E.02678
G1 X112.595 Y93.966 E.01531
G1 X113.514 Y94.138 E.0258
G1 X114.22 Y94.311 E.02006
G1 X114.923 Y94.516 E.0202
G1 X115.91 Y94.866 E.02891
G1 X116.389 Y95.064 E.0143
G1 X117.274 Y95.47 E.02686
G1 X118.157 Y95.949 E.02771
G1 E-.7 F2400
;WIPE_START
G1 F5400
G1 X118.234 Y95.99 E-.02605
G1 X118.852 Y96.371 E-.21782
G1 X119.006 Y96.477 E-.05613
;WIPE_END
G1 Z4.4 F9000
G1 X107.647 Y93.162
G1 Z4.4
G1 Z4
G1 E1 F2700
M204 P2500
;TYPE:Sparse infill
;WIDTH:0.45
G1 F10800
G1 X108.777 Y93.039 E.03385
G1 X109.268 Y93.015 E.01465
G1 X109.381 Y92.902 E.00476
G1 X110.619 Y89.793 E.09967
G1 X111.554 Y88.857 E.03941
G1 X113.098 Y88.243 E.04949
G1 X113.489 Y88.298 E.01176
G1 X114.71 Y88.53 E.03701
G1 X115.915 Y88.829 E.03701
G1 X116.698 Y89.063 E.02432
G1 X117.341 Y89.289 E.02031
G1 X116.836 Y89.793 E.02125
G1 X115.599 Y92.902 E.09967
G1 X114.809 Y93.692 E.03328
G1 X115.158 Y93.794 E.01085
G1 X116.233 Y94.176 E.03398
G1 X116.938 Y94.471 E.02275
G1 X117.628 Y94.798 E.02275
G1 X117.984 Y94.991 E.01205
G1 X120.881 Y93.837 E.09288
G1 X121.816 Y92.902 E.03941
G1 X122.272 Y91.757 E.03671
G1 X123.266 Y92.464 E.03632
G1 X124.232 Y93.237 E.03686
G1 X125.157 Y94.066 E.03699
G1 X125.551 Y94.453 E.01647
G1 X123.989 Y95.075 E.05005
G1 X123.054 Y96.011 E.03941
G1 X122.202 Y98.149 E.06857
G1 X122.99 Y99.01 E.03474
G1 X123.679 Y99.878 E.03302
G1 X124.119 Y100.501 E.02272
G1 X124.497 Y101.09 E.02086
G1 X127.098 Y100.055 E.08338
G1 X128.034 Y99.119 E.03941
G1 X128.461 Y98.046 E.0344
G1 X129.195 Y99.253 E.04207
G1 X129.583 Y99.976 E.02443
G1 X129.943 Y100.712 E.02443
G1 X130.198 Y101.301 E.01912
G1 X129.271 Y102.228 E.03905
G1 X128.034 Y105.337 E.09967
G1 X127.098 Y106.272 E.03941
G1 X126.644 Y106.453 E.01457
G1 X126.841 Y107.522 E.03238
G1 X126.936 Y108.286 E.02291
G1 X126.996 Y109.046 E.02274
G1 X127.021 Y109.808 E.02269
G1 X127.013 Y110.577 E.02291
G1 X126.97 Y111.338 E.0227
G1 X126.89 Y112.112 E.02319
G1 X126.812 Y112.604 E.01483
G1 X127.098 Y112.49 E.00917
G1 X128.034 Y111.554 E.03941
G1 X129.271 Y108.446 E.09967
G1 X130.207 Y107.51 E.03941
G1 X131.779 Y106.884 E.05039
G1 X131.935 Y108.253 E.04104
G1 X131.986 Y109.112 E.02564
G1 X132.002 Y110.308 E.03562
G1 X131.95 Y111.549 E.03698
G1 X131.877 Y112.361 E.02428
G1 X131.775 Y113.103 E.02232
G1 X130.207 Y113.728 E.05028
G1 X129.271 Y114.663 E.03941
G1 X128.034 Y117.772 E.09967
G1 X127.098 Y118.708 E.03941
G1 X123.989 Y119.945 E.09967
G1 X123.177 Y120.758 E.03423
G1 X123.032 Y120.935 E.00682
G1 X121.816 Y123.989 E.09792
G1 X120.881 Y124.925 E.03941
G1 X117.772 Y126.163 E.09967
G1 X116.836 Y127.098 E.03941
G1 X115.599 Y130.207 E.09967
G1 X114.663 Y131.143 E.03941
G1 X113.155 Y131.743 E.04835
G1 X112.467 Y131.84 E.02071
G1 X111.537 Y131.922 E.02779
G1 X112.354 Y126.837 F9000
G1 F10800
G1 X111.073 Y126.97 E.03835
G1 X110.733 Y126.984 E.01014
G1 X110.619 Y127.098 E.00482
G1 X109.381 Y130.207 E.09967
G1 X108.446 Y131.143 E.03941
G1 X106.913 Y131.753 E.04913
G1 X106.303 Y131.666 E.01836
G1 X105.085 Y131.423 E.03701
G1 X104.292 Y131.227 E.02431
G1 X103.098 Y130.87 E.03713
G1 X102.657 Y130.714 E.01395
G1 X103.164 Y130.207 E.02136
G1 X104.401 Y127.098 E.09967
G1 X105.192 Y126.307 E.03332
G1 X104.309 Y126.026 E.02761
G1 X103.596 Y125.755 E.02273
G1 X102.567 Y125.297 E.03353
G1 X102.01 Y125.012 E.01865
G1 X99.119 Y126.163 E.09268
G1 X98.184 Y127.098 E.03941
G1 X97.729 Y128.24 E.0366
G1 X96.57 Y127.411 E.04245
G1 X95.611 Y126.628 E.03687
G1 X94.694 Y125.791 E.03699
G1 X94.451 Y125.546 E.01029
G1 X96.011 Y124.925 E.05001
G1 X96.946 Y123.989 E.03941
G1 X97.798 Y121.851 E.06857
G1 X97.141 Y121.141 E.02879
G1 X96.653 Y120.553 E.02277
G1 X95.98 Y119.643 E.03372
G1 X95.504 Y118.909 E.02605
G1 X92.902 Y119.945 E.08343
G1 X91.966 Y120.881 E.03941
G1 X91.541 Y121.949 E.03426
G1 X91.33 Y121.633 E.01132
G1 X90.911 Y120.933 E.02429
G1 X90.322 Y119.836 E.03709
G1 X89.952 Y119.059 E.02564
G1 X89.801 Y118.7 E.01161
G1 X90.729 Y117.772 E.03908
G1 X91.966 Y114.663 E.09967
G1 X92.902 Y113.728 E.03941
G1 X93.358 Y113.546 E.01461
G1 X93.186 Y112.65 E.02718
G1 X93.086 Y111.914 E.02211
G1 X93.017 Y111.15 E.02286
G1 X92.982 Y110.366 E.02338
G1 X92.982 Y109.614 E.02239
G1 X93.019 Y108.817 E.02379
G1 X93.128 Y107.746 E.03204
G1 X93.182 Y107.398 E.0105
G1 X92.902 Y107.51 E.009
G1 X91.966 Y108.446 E.03941
G1 X90.729 Y111.554 E.09967
G1 X89.793 Y112.49 E.03941
G1 X88.225 Y113.114 E.05028
G1 X88.172 Y112.775 E.01024
G1 X88.05 Y111.54 E.03697
G1 X88.008 Y110.725 E.02429
G1 X88.002 Y109.484 E.03697
G1 X88.066 Y108.249 E.03683
G1 X88.217 Y106.9 E.04046
G1 X89.793 Y106.272 E.05052
G1 X90.729 Y105.337 E.03941
G1 X91.966 Y102.228 E.09967
G1 X92.902 Y101.292 E.03941
G1 X96.011 Y100.055 E.09967
G1 X96.806 Y99.259 E.03351
G1 X96.968 Y99.064 E.00756
G1 X98.184 Y96.011 E.0979
G1 X99.119 Y95.075 E.03941
G1 X102.228 Y93.837 E.09967
G1 X103.164 Y92.902 E.03941
G1 X104.401 Y89.793 E.09967
G1 X105.337 Y88.857 E.03941
G1 X106.881 Y88.243 E.04952
G1 X108.145 Y88.099 E.03788
G1 X108.501 Y88.078 E.01062
G1 X98.636 Y91.181 F9000
G1 F10800
G1 X98.091 Y91.517 E.01906
G1 X97.275 Y92.075 E.02944
G1 X96.946 Y92.902 E.02651
G1 X96.011 Y93.837 E.03941
G1 X94.452 Y94.458 E.04995
G1 X94.001 Y94.91 E.01903
G1 X93.34 Y95.646 E.02947
G1 E-.77778 F2400
;WIPE_START
G1 F10800
G1 X94.001 Y94.91 E-.21983
G1 X94.009 Y94.902 E-.0024
;WIPE_END
G17
G3 Z4.4 I-.947 J.764 P1  F9000
G1 X121.369 Y128.817 Z4.4
G1 Z4
G1 E1 F2700
G1 F10800
G1 X122.082 Y128.369 E.02507
G1 X122.727 Y127.919 E.02343
G1 X123.054 Y127.098 E.02633
G1 X123.989 Y126.163 E.03941
G1 X125.549 Y125.542 E.04999
G1 X126.167 Y124.909 E.02636
G1 X126.656 Y124.349 E.02214
; stop printing object Генератор.stl id:18446744073679698525 copy 0
;LAYER_CHANGE
;Z:4.2
;HEIGHT:0.2
;BEFORE_LAYER_CHANGE
;4.2
G92 E0

G1 E-.77778 F2400
;WIPE_START
G1 F10800
G1 X126.167 Y124.909 E-.16518
G1 X125.988 Y125.093 E-.05704
;WIPE_END
;_SET_FAN_SPEED_CHANGING_LAYER
; printing object Генератор.stl id:18446744073679698525 copy 0
G17
G3 Z4.6 I1.16 J.369 P1  F9000
G1 X132.015 Y106.148 Z4.6
G1 Z4.2
G1 E1 F2700
M204 P2000
;TYPE:Inner wall
;WIDTH:0.449999
G1 F7200
G1 X132.144 Y106.97 E.02479
G1 X132.272 Y108.155 E.03549
G1 X132.334 Y109.189 E.03086
G1 X132.348 Y110.313 E.03349
G1 X132.295 Y111.571 E.03751
G1 X132.221 Y112.4 E.02477
G1 X132.05 Y113.647 E.0375
G1 X131.809 Y114.882 E.03748
G1 X131.594 Y115.757 E.02685
G1 X131.256 Y116.901 E.03552
G1 X130.984 Y117.687 E.02478
G1 X130.515 Y118.859 E.03759
G1 X130.171 Y119.616 E.02477
G1 X129.596 Y120.736 E.03751
G1 X128.959 Y121.823 E.03751
G1 X128.505 Y122.52 E.02478
G1 X127.767 Y123.544 E.0376
G1 X127.251 Y124.195 E.02476
G1 X126.374 Y125.195 E.0396
G1 X125.543 Y126.042 E.03536
G1 X124.615 Y126.89 E.03744
G1 X123.641 Y127.685 E.03744
G1 X122.621 Y128.425 E.03753
G1 X121.924 Y128.883 E.02486
G1 X121.148 Y129.349 E.02695
G1 X120.101 Y129.915 E.03546
G1 X118.96 Y130.452 E.03755
G1 X118.192 Y130.771 E.0248
G1 X117.006 Y131.2 E.03754
G1 X115.799 Y131.56 E.03754
G1 X114.991 Y131.761 E.0248
G1 X113.755 Y132.008 E.03754
G1 X112.507 Y132.184 E.03754
G1 X111.678 Y132.262 E.0248
G1 X110.416 Y132.321 E.03763
G1 X109.581 Y132.321 E.02489
G1 X108.746 Y132.29 E.02488
G1 X107.49 Y132.184 E.03754
G1 X106.245 Y132.008 E.03746
G1 X105.009 Y131.761 E.03754
G1 X104.201 Y131.56 E.0248
G1 X102.991 Y131.199 E.03761
G1 X102.141 Y130.899 E.02687
G1 X101.037 Y130.451 E.03547
G1 X99.9 Y129.915 E.03746
G1 X98.792 Y129.315 E.03751
G1 X98.021 Y128.847 E.02687
G1 X97.03 Y128.182 E.03555
G1 X96.361 Y127.687 E.0248
G1 X95.383 Y126.889 E.03761
G1 X94.763 Y126.333 E.02479
G1 X93.864 Y125.448 E.03758
G1 X93.253 Y124.784 E.02686
G1 X92.488 Y123.872 E.03545
G1 X91.735 Y122.866 E.03744
G1 X91.038 Y121.818 E.03749
G1 X90.577 Y121.044 E.02685
G1 X90.014 Y119.993 E.03551
G1 X89.627 Y119.179 E.02686
G1 X89.165 Y118.08 E.03551
G1 X88.856 Y117.233 E.02686
G1 X88.499 Y116.097 E.03544
G1 X88.19 Y114.878 E.03749
G1 X88.011 Y113.994 E.02685
G1 X87.828 Y112.819 E.03543
G1 X87.705 Y111.566 E.03749
G1 X87.66 Y110.666 E.02685
G1 X87.656 Y109.476 E.03543
G1 X87.721 Y108.219 E.03751
G1 X87.802 Y107.391 E.02477
G1 X87.985 Y106.143 E.03759
G1 X88.145 Y105.327 E.02477
G1 X88.443 Y104.103 E.03751
G1 X88.81 Y102.899 E.0375
G1 X89.089 Y102.116 E.02477
G1 X89.568 Y100.951 E.03751
G1 X90.109 Y99.818 E.03742
G1 X90.715 Y98.714 E.03751
G1 X91.15 Y98.004 E.02478
G1 X91.857 Y96.962 E.03752
G1 X92.621 Y95.961 E.03751
G1 X93.157 Y95.324 E.02478
G1 X94.013 Y94.397 E.0376
G1 X94.606 Y93.813 E.02479
G1 X95.546 Y92.971 E.0376
G1 X96.191 Y92.445 E.02479
G1 X97.206 Y91.694 E.03759
G1 X97.956 Y91.193 E.02687
G1 X98.976 Y90.579 E.03546
G1 X100.089 Y89.989 E.03753
G1 X100.906 Y89.606 E.02687
G1 X102.008 Y89.15 E.03554
G1 X102.858 Y88.845 E.02688
G1 X103.996 Y88.495 E.03547
G1 X105.219 Y88.191 E.03755
G1 X106.038 Y88.028 E.02486
G1 X106.932 Y87.886 E.02696
G1 X108.116 Y87.754 E.03548
G1 X109.374 Y87.683 E.03753
G1 X110.276 Y87.676 E.02688
G1 X111.466 Y87.722 E.03548
G1 X112.718 Y87.84 E.03747
G1 X113.964 Y88.028 E.03754
G1 X114.781 Y88.191 E.0248
G1 X116.007 Y88.495 E.03763
G1 X116.804 Y88.734 E.0248
G1 X117.996 Y89.152 E.03762
G1 X118.768 Y89.464 E.0248
G1 X119.916 Y89.991 E.03762
G1 X120.655 Y90.374 E.02479
G1 X121.747 Y91.006 E.0376
G1 X122.505 Y91.496 E.02687
G1 X123.474 Y92.187 E.03546
G1 X124.458 Y92.974 E.03754
G1 X125.083 Y93.524 E.02479
G1 X125.989 Y94.399 E.03752
G1 X126.842 Y95.322 E.03743
G1 X127.641 Y96.292 E.03743
G1 X128.387 Y97.307 E.03751
G1 X128.847 Y97.999 E.02478
G1 X129.496 Y99.082 E.03759
G1 X129.89 Y99.817 E.02484
G1 X130.286 Y100.63 E.02694
G1 X130.758 Y101.722 E.03544
G1 X131.191 Y102.902 E.03743
G1 X131.557 Y104.103 E.03741
G1 X131.855 Y105.327 E.0375
G1 X132.008 Y106.109 E.02374
G1 X132.424 Y106.084 F9000
M204 P1000
;TYPE:Outer wall
;WIDTH:0.419999
G1 F5400
G1 X132.554 Y106.916 E.02323
G1 X132.683 Y108.11 E.03314
G1 X132.747 Y109.184 E.02967
G1 X132.762 Y110.319 E.03134
G1 X132.708 Y111.599 E.03533
G1 X132.632 Y112.446 E.02348
G1 X132.458 Y113.715 E.03533
G1 X132.213 Y114.971 E.03532
G1 X131.993 Y115.865 E.02541
G1 X131.65 Y117.027 E.03343
G1 X131.371 Y117.831 E.02349
G1 X130.896 Y119.021 E.03536
G1 X130.543 Y119.796 E.02348
G1 X129.959 Y120.935 E.03533
G1 X129.311 Y122.04 E.03533
G1 X128.846 Y122.753 E.02349
G1 X128.097 Y123.794 E.03536
G1 X127.568 Y124.46 E.02348
G1 X126.677 Y125.476 E.03727
G1 X125.83 Y126.34 E.03339
G1 X124.885 Y127.204 E.03532
G1 X123.893 Y128.013 E.03532
G1 X122.856 Y128.765 E.03535
G1 X122.144 Y129.233 E.02352
G1 X121.353 Y129.708 E.02546
G1 X120.287 Y130.284 E.03343
G1 X119.128 Y130.83 E.03536
G1 X118.341 Y131.157 E.0235
G1 X117.136 Y131.592 E.03536
G1 X115.908 Y131.959 E.03536
G1 X115.081 Y132.165 E.0235
G1 X113.824 Y132.415 E.03536
G1 X112.555 Y132.595 E.03536
G1 X111.707 Y132.675 E.0235
G1 X110.426 Y132.735 E.03539
G1 X109.573 Y132.735 E.02353
G1 X108.721 Y132.703 E.02353
G1 X107.444 Y132.595 E.03537
G1 X106.175 Y132.415 E.03534
G1 X104.919 Y132.165 E.03536
G1 X104.092 Y131.959 E.0235
G1 X102.863 Y131.592 E.03538
G1 X101.994 Y131.285 E.02543
G1 X100.871 Y130.83 E.03343
G1 X99.713 Y130.284 E.03534
G1 X98.586 Y129.674 E.03535
G1 X97.799 Y129.196 E.02543
G1 X96.792 Y128.52 E.03345
G1 X96.108 Y128.013 E.0235
G1 X95.114 Y127.203 E.03538
G1 X94.48 Y126.634 E.0235
G1 X93.567 Y125.735 E.03536
G1 X92.943 Y125.057 E.02542
G1 X92.164 Y124.129 E.03341
G1 X91.397 Y123.105 E.03532
G1 X90.688 Y122.039 E.03533
G1 X90.216 Y121.247 E.02542
G1 X89.644 Y120.179 E.03343
G1 X89.249 Y119.348 E.02541
G1 X88.78 Y118.231 E.03343
G1 X88.464 Y117.365 E.02541
G1 X88.101 Y116.21 E.03341
G1 X87.786 Y114.97 E.03532
G1 X87.603 Y114.067 E.02541
G1 X87.418 Y112.871 E.0334
G1 X87.292 Y111.597 E.03532
G1 X87.246 Y110.677 E.02541
G1 X87.242 Y109.467 E.0334
G1 X87.308 Y108.188 E.03533
G1 X87.392 Y107.341 E.02348
G1 X87.578 Y106.073 E.03535
G1 X87.74 Y105.238 E.02348
G1 X88.044 Y103.994 E.03533
G1 X88.417 Y102.769 E.03532
G1 X88.703 Y101.968 E.02348
G1 X89.189 Y100.783 E.03533
G1 X89.741 Y99.629 E.03531
G1 X90.358 Y98.506 E.03533
G1 X90.802 Y97.78 E.02349
G1 X91.521 Y96.72 E.03534
G1 X92.298 Y95.702 E.03534
G1 X92.846 Y95.051 E.02349
G1 X93.716 Y94.109 E.03537
G1 X94.323 Y93.512 E.0235
G1 X95.277 Y92.656 E.03537
G1 X95.938 Y92.118 E.0235
G1 X96.968 Y91.355 E.03537
G1 X97.735 Y90.844 E.02543
G1 X98.772 Y90.219 E.03342
G1 X99.904 Y89.619 E.03535
G1 X100.739 Y89.228 E.02543
G1 X101.859 Y88.764 E.03345
G1 X102.727 Y88.453 E.02544
G1 X103.885 Y88.096 E.03343
G1 X105.129 Y87.787 E.03537
G1 X105.965 Y87.62 E.02352
G1 X106.877 Y87.476 E.02546
G1 X108.081 Y87.341 E.03344
G1 X109.36 Y87.269 E.03536
G1 X110.282 Y87.263 E.02544
G1 X111.493 Y87.309 E.03344
G1 X112.769 Y87.429 E.03534
G1 X114.036 Y87.621 E.03536
G1 X114.871 Y87.787 E.0235
G1 X116.116 Y88.096 E.03539
G1 X116.932 Y88.34 E.02351
G1 X118.142 Y88.765 E.03539
G1 X118.932 Y89.084 E.0235
G1 X120.097 Y89.62 E.03538
G1 X120.854 Y90.011 E.0235
G1 X121.963 Y90.654 E.03538
G1 X122.737 Y91.154 E.02543
G1 X123.723 Y91.857 E.03342
G1 X124.724 Y92.657 E.03535
G1 X125.363 Y93.22 E.0235
G1 X126.284 Y94.11 E.03534
G1 X127.153 Y95.05 E.03532
G1 X127.968 Y96.037 E.03532
G1 X128.726 Y97.07 E.03533
G1 X129.197 Y97.779 E.02349
G1 X129.856 Y98.878 E.03536
G1 X130.259 Y99.629 E.02351
G1 X130.662 Y100.458 E.02544
G1 X131.142 Y101.569 E.0334
G1 X131.583 Y102.77 E.03531
G1 X131.956 Y103.994 E.0353
G1 X132.26 Y105.238 E.03533
G1 X132.417 Y106.045 E.02269
G1 E-.7 F2400
;WIPE_START
G1 F5400
G1 X132.554 Y106.916 E-.26454
G1 X132.567 Y107.034 E-.03546
;WIPE_END
G17
G3 Z4.6 I.762 J-.949 P1  F9000
G1 X118.246 Y95.524 Z4.6
G1 Z4.2
G1 E1 F2700
M204 P2000
;TYPE:Inner wall
;WIDTH:0.449999
G1 F7200
G1 X118.434 Y95.628 E.00641
G1 X119.069 Y96.019 E.02221
G1 X119.685 Y96.438 E.02221
G1 X120.311 Y96.908 E.02331
G1 X121.218 Y97.676 E.0354
G1 X121.683 Y98.112 E.01899
G1 X122.203 Y98.646 E.0222
G1 X122.586 Y99.075 E.01711
G1 X123.192 Y99.81 E.02839
G1 X123.761 Y100.595 E.02887
G1 X124.059 Y101.048 E.01616
G1 X124.572 Y101.903 E.02971
G1 X125.108 Y102.946 E.03492
G1 X125.411 Y103.634 E.02238
G1 X125.68 Y104.328 E.02219
G1 X125.918 Y105.035 E.0222
G1 X126.214 Y106.105 E.03307
G1 X126.373 Y106.84 E.02239
G1 X126.498 Y107.574 E.02219
G1 X126.591 Y108.313 E.02219
G1 X126.649 Y109.056 E.02219
G1 X126.675 Y109.8 E.02219
G1 X126.667 Y110.545 E.02219
G1 X126.63 Y111.226 E.02032
G1 X126.575 Y111.79 E.01688
G1 X126.441 Y112.737 E.02847
G1 X126.263 Y113.667 E.02822
G1 X125.928 Y114.934 E.03903
G1 X125.689 Y115.646 E.02238
G1 X125.421 Y116.341 E.02219
G1 X125.121 Y117.024 E.02219
G1 X124.792 Y117.692 E.02219
G1 X124.433 Y118.345 E.02219
G1 X124.126 Y118.847 E.01753
G1 X123.414 Y119.896 E.03776
G1 X122.954 Y120.49 E.02238
G1 X122.472 Y121.058 E.0222
G1 X121.964 Y121.604 E.02221
G1 X121.164 Y122.375 E.03309
G1 X120.594 Y122.865 E.0224
G1 X120.162 Y123.204 E.01636
G1 X119.401 Y123.759 E.02804
G1 X118.308 Y124.44 E.03835
G1 X117.498 Y124.878 E.02743
G1 X116.8 Y125.21 E.02303
G1 X116.113 Y125.499 E.02221
G1 X115.378 Y125.768 E.02331
G1 X114.349 Y126.081 E.03202
G1 X113.698 Y126.242 E.01999
G1 X112.873 Y126.409 E.02507
G1 X111.787 Y126.562 E.03267
G1 X111.242 Y126.609 E.0163
G1 X110.293 Y126.656 E.02831
G1 X109.061 Y126.628 E.0367
G1 X108.109 Y126.542 E.02848
G1 X107.178 Y126.414 E.02799
G1 X106.214 Y126.222 E.02928
G1 X105.15 Y125.938 E.0328
G1 X104.436 Y125.703 E.02239
G1 X103.738 Y125.439 E.02221
G1 X103.054 Y125.144 E.02221
G1 X102.419 Y124.836 E.02103
G1 X101.695 Y124.445 E.02449
G1 X101.041 Y124.042 E.02289
G1 X100.287 Y123.538 E.02702
G1 X99.827 Y123.194 E.01711
G1 X99.049 Y122.561 E.02988
G1 X98.625 Y122.176 E.01705
G1 X97.924 Y121.489 E.02924
G1 X97.481 Y121.002 E.01959
G1 X96.923 Y120.336 E.02591
G1 X96.334 Y119.542 E.02944
G1 X95.869 Y118.846 E.02494
G1 X95.487 Y118.206 E.0222
G1 X95.135 Y117.549 E.0222
G1 X94.793 Y116.818 E.02404
G1 X94.442 Y115.989 E.02681
G1 X94.223 Y115.386 E.01911
G1 X93.95 Y114.513 E.02725
G1 X93.721 Y113.587 E.02842
G1 X93.598 Y112.989 E.01817
G1 X93.458 Y112.081 E.02737
G1 X93.362 Y111.129 E.0285
G1 X93.332 Y110.464 E.01984
G1 X93.328 Y109.625 E.02499
G1 X93.386 Y108.591 E.03085
G1 X93.442 Y108.054 E.01607
G1 X93.585 Y107.063 E.02983
G1 X93.698 Y106.503 E.01702
G1 X93.927 Y105.56 E.0289
G1 X94.215 Y104.637 E.0288
G1 X94.398 Y104.127 E.01614
G1 X94.771 Y103.215 E.02936
G1 X95.123 Y102.473 E.02445
G1 X95.475 Y101.816 E.0222
G1 X95.855 Y101.175 E.0222
G1 X96.264 Y100.553 E.0222
G1 X96.701 Y99.949 E.0222
G1 X97.056 Y99.501 E.01703
G1 X97.902 Y98.534 E.03825
G1 X98.432 Y98.001 E.0224
G1 X99.009 Y97.472 E.0233
G1 X99.73 Y96.88 E.0278
G1 X100.446 Y96.346 E.0266
G1 X101.043 Y95.948 E.02138
G1 X101.75 Y95.522 E.02459
G1 X102.676 Y95.034 E.03119
G1 X103.232 Y94.777 E.01822
G1 X104.061 Y94.433 E.02675
G1 X104.697 Y94.208 E.02008
G1 X105.551 Y93.952 E.02656
G1 X106.482 Y93.718 E.02859
G1 X107.706 Y93.503 E.03702
G1 X108.621 Y93.401 E.02744
G1 X109.558 Y93.347 E.02795
G1 X111.105 Y93.381 E.04607
G1 X112.074 Y93.471 E.029
G1 X112.863 Y93.588 E.02375
G1 X113.594 Y93.732 E.02221
G1 X114.319 Y93.909 E.02222
G1 X115.101 Y94.147 E.02435
G1 X116.019 Y94.465 E.02895
G1 X116.549 Y94.683 E.01707
G1 X117.912 Y95.338 E.04505
G1 X118.211 Y95.504 E.01019
G1 X118.045 Y95.885 F9000
M204 P1000
;TYPE:Outer wall
;WIDTH:0.419999
G1 F5400
G1 X118.235 Y95.991 E.00601
G1 X118.852 Y96.371 E.01998
G1 X119.453 Y96.78 E.02006
G1 X120.063 Y97.238 E.02106
G1 X120.935 Y97.977 E.03154
G1 X121.402 Y98.415 E.01766
G1 X121.907 Y98.934 E.01999
G1 X122.277 Y99.35 E.01533
G1 X122.871 Y100.07 E.02577
G1 X123.426 Y100.837 E.02612
G1 X123.711 Y101.271 E.01434
G1 X124.214 Y102.11 E.02699
G1 X124.74 Y103.136 E.0318
G1 X125.032 Y103.8 E.02003
G1 X125.294 Y104.478 E.02005
G1 X125.526 Y105.166 E.02005
G1 X125.815 Y106.215 E.03
G1 X125.969 Y106.927 E.0201
G1 X126.091 Y107.643 E.02004
G1 X126.18 Y108.364 E.02004
G1 X126.237 Y109.088 E.02004
G1 X126.262 Y109.814 E.02004
G1 X126.254 Y110.541 E.02004
G1 X126.217 Y111.203 E.01831
G1 X126.164 Y111.748 E.01511
G1 X126.033 Y112.672 E.02575
G1 X125.859 Y113.579 E.02549
G1 X125.528 Y114.827 E.03561
G1 X125.297 Y115.514 E.02002
G1 X125.035 Y116.192 E.02005
G1 X124.743 Y116.857 E.02005
G1 X124.421 Y117.509 E.02005
G1 X124.071 Y118.145 E.02005
G1 X123.773 Y118.631 E.01571
G1 X123.072 Y119.663 E.03444
G1 X122.627 Y120.237 E.02002
G1 X122.157 Y120.79 E.02005
G1 X121.661 Y121.323 E.02006
G1 X120.877 Y122.076 E.03001
G1 X120.324 Y122.551 E.02011
G1 X119.161 Y123.422 E.0401
G1 X118.099 Y124.083 E.03451
G1 X117.305 Y124.513 E.0249
G1 X116.624 Y124.836 E.02082
G1 X115.953 Y125.117 E.02006
G1 X115.236 Y125.379 E.02107
G1 X114.229 Y125.686 E.02903
G1 X113.6 Y125.84 E.01789
G1 X112.803 Y126.002 E.02242
G1 X111.73 Y126.152 E.02991
G1 X110.276 Y126.242 E.04018
G1 X109.082 Y126.215 E.03297
G1 X108.153 Y126.131 E.02574
G1 X107.244 Y126.006 E.02529
G1 X106.299 Y125.818 E.02659
G1 X105.258 Y125.539 E.02976
G1 X104.565 Y125.311 E.02012
G1 X103.885 Y125.053 E.02006
G1 X103.218 Y124.764 E.02006
G1 X102.599 Y124.464 E.01897
G1 X101.893 Y124.082 E.02216
G1 X101.259 Y123.69 E.02058
G1 X100.524 Y123.198 E.0244
G1 X100.078 Y122.866 E.01534
G1 X99.315 Y122.244 E.02716
G1 X98.905 Y121.872 E.01529
G1 X98.218 Y121.197 E.02658
G1 X97.787 Y120.724 E.01764
G1 X97.241 Y120.072 E.02347
G1 X96.667 Y119.296 E.02664
G1 X96.215 Y118.618 E.02247
G1 X95.843 Y117.994 E.02005
G1 X95.499 Y117.354 E.02006
G1 X95.167 Y116.643 E.02163
G1 X94.826 Y115.835 E.0242
G1 X94.614 Y115.25 E.01719
G1 X94.347 Y114.395 E.02471
G1 X94.124 Y113.491 E.0257
G1 X94.005 Y112.916 E.0162
G1 X93.868 Y112.026 E.02484
G1 X93.774 Y111.092 E.02589
G1 X93.745 Y110.445 E.01787
G1 X93.741 Y109.635 E.02234
G1 X93.798 Y108.614 E.02823
G1 X93.853 Y108.1 E.01425
G1 X93.994 Y107.127 E.02712
G1 X94.104 Y106.586 E.01525
G1 X94.328 Y105.661 E.02625
G1 X94.61 Y104.76 E.02605
G1 X94.786 Y104.272 E.01432
G1 X95.152 Y103.377 E.02668
G1 X95.496 Y102.652 E.02214
G1 X95.839 Y102.011 E.02005
G1 X96.211 Y101.387 E.02005
G1 X96.61 Y100.78 E.02005
G1 X97.036 Y100.191 E.02005
G1 X97.38 Y99.758 E.01527
G1 X98.213 Y98.807 E.03488
G1 X98.725 Y98.292 E.02003
G1 X99.288 Y97.777 E.02106
G1 X99.992 Y97.2 E.02512
G1 X100.69 Y96.68 E.02401
G1 X101.272 Y96.293 E.0193
G1 X101.954 Y95.882 E.02195
G1 X102.869 Y95.4 E.02856
G1 X103.404 Y95.153 E.01625
G1 X104.217 Y94.816 E.02427
G1 X104.834 Y94.598 E.01807
G1 X105.667 Y94.349 E.02398
G1 X106.575 Y94.12 E.02586
G1 X107.763 Y93.913 E.03328
G1 X108.661 Y93.812 E.02491
G1 X109.578 Y93.76 E.02536
G1 X111.079 Y93.794 E.04142
G1 X112.03 Y93.882 E.02635
G1 X112.8 Y93.997 E.02149
G1 X113.514 Y94.138 E.02006
G1 X114.22 Y94.311 E.02007
G1 X114.98 Y94.542 E.02192
G1 X115.876 Y94.854 E.02618
G1 X116.389 Y95.065 E.0153
G1 X117.711 Y95.699 E.04046
G1 X118.01 Y95.866 E.00944
G1 E-.7 F2400
;WIPE_START
G1 F5400
G1 X118.235 Y95.991 E-.07738
G1 X118.852 Y96.371 E-.21728
G1 X118.866 Y96.381 E-.00534
;WIPE_END
G1 Z4.6 F9000
G1 X107.279 Y93.214
G1 Z4.6
G1 Z4.2
G1 E1 F2700
M204 P2500
;TYPE:Sparse infill
;WIDTH:0.45
G1 F10800
G1 X108.011 Y93.111 E.02203
G1 X108.896 Y93.033 E.02647
G1 X109.028 Y92.902 E.00553
G1 X110.972 Y89.793 E.10923
G1 X111.554 Y89.211 E.02452
G1 X113.096 Y88.247 E.05416
G1 X113.905 Y88.369 E.02437
G1 X114.705 Y88.529 E.02432
G1 X115.915 Y88.829 E.03714
G1 X116.698 Y89.063 E.02432
G1 X117.603 Y89.38 E.02857
G1 X117.19 Y89.793 E.01738
G1 X115.245 Y92.902 E.10923
G1 X114.663 Y93.484 E.02452
G1 X114.483 Y93.597 E.00633
G1 X115.518 Y93.913 E.03223
G1 X116.234 Y94.176 E.02275
G1 X116.939 Y94.472 E.02275
G1 X117.949 Y94.963 E.03346
G1 X118.249 Y95.13 E.01024
G1 X120.881 Y93.484 E.09245
G1 X121.463 Y92.902 E.02452
G1 X122.205 Y91.714 E.04172
G1 X123.265 Y92.463 E.03865
G1 X124.236 Y93.239 E.03701
G1 X124.848 Y93.778 E.02431
G1 X125.547 Y94.454 E.02896
G1 X123.989 Y95.429 E.05473
G1 X123.407 Y96.011 E.02452
G1 X122.121 Y98.066 E.07223
G1 X122.468 Y98.422 E.01478
G1 X122.979 Y98.997 E.02294
G1 X123.486 Y99.625 E.02403
G1 X124.123 Y100.506 E.03238
G1 X124.601 Y101.263 E.02669
G1 X127.098 Y99.701 E.08773
G1 X127.68 Y99.119 E.02452
G1 X128.406 Y97.96 E.04074
G1 X129.195 Y99.253 E.04513
G1 X129.582 Y99.975 E.0244
G1 X129.972 Y100.774 E.0265
G1 X130.318 Y101.577 E.02603
G1 X130.207 Y101.646 E.0039
G1 X129.625 Y102.228 E.02452
G1 X127.68 Y105.337 E.10923
G1 X127.098 Y105.919 E.02452
G1 X126.596 Y106.233 E.01764
G1 X126.716 Y106.785 E.01683
G1 X126.842 Y107.529 E.02248
G1 X126.936 Y108.286 E.0227
G1 X126.996 Y109.047 E.02275
G1 X127.021 Y109.808 E.02268
G1 X127.013 Y110.577 E.0229
G1 X126.97 Y111.338 E.02271
G1 X126.864 Y112.283 E.02834
G1 X127.098 Y112.136 E.00824
G1 X127.68 Y111.554 E.02452
G1 X129.625 Y108.446 E.10923
G1 X130.207 Y107.864 E.02452
G1 X131.78 Y106.88 E.05525
G1 X131.801 Y107.016 E.00409
G1 X131.935 Y108.253 E.03707
G1 X131.987 Y109.136 E.02636
G1 X132.002 Y110.308 E.03491
G1 X131.95 Y111.549 E.03699
G1 X131.877 Y112.361 E.02428
G1 X131.776 Y113.1 E.02222
G1 X130.207 Y114.081 E.05512
G1 X129.625 Y114.663 E.02452
G1 X127.68 Y117.772 E.10923
G1 X127.098 Y118.354 E.02452
G1 X123.989 Y120.299 E.10923
G1 X123.407 Y120.881 E.02452
G1 X121.463 Y123.989 E.10923
G1 X120.881 Y124.571 E.02452
G1 X117.772 Y126.516 E.10923
G1 X117.19 Y127.098 E.02452
G1 X115.245 Y130.207 E.10923
G1 X114.663 Y130.789 E.02452
G1 X113.133 Y131.746 E.05375
G1 X112.467 Y131.84 E.02006
G1 X111.515 Y131.923 E.02844
G1 X112.721 Y126.78 F9000
G1 F10800
G1 X111.83 Y126.905 E.02678
G1 X111.104 Y126.967 E.02172
G1 X110.972 Y127.098 E.00553
G1 X109.028 Y130.207 E.10923
G1 X108.446 Y130.789 E.02452
G1 X106.907 Y131.752 E.05407
G1 X106.303 Y131.666 E.01816
G1 X105.085 Y131.423 E.03701
G1 X104.292 Y131.227 E.02431
G1 X103.099 Y130.87 E.03712
G1 X102.396 Y130.622 E.02221
G1 X102.81 Y130.207 E.01747
G1 X104.755 Y127.098 E.10923
G1 X105.337 Y126.516 E.02452
G1 X105.527 Y126.397 E.00667
G1 X105.036 Y126.265 E.01515
G1 X104.309 Y126.026 E.0228
G1 X103.596 Y125.755 E.0227
G1 X102.89 Y125.45 E.02291
G1 X102.198 Y125.113 E.02294
G1 X101.752 Y124.869 E.01512
G1 X99.119 Y126.516 E.0925
G1 X98.537 Y127.098 E.02452
G1 X97.798 Y128.28 E.04153
G1 X97.23 Y127.899 E.02037
G1 X96.574 Y127.413 E.02432
G1 X95.608 Y126.625 E.03713
G1 X95 Y126.081 E.02431
G1 X94.455 Y125.544 E.02277
G1 X96.011 Y124.571 E.05464
G1 X96.593 Y123.989 E.02452
G1 X97.879 Y121.933 E.07226
G1 X97.143 Y121.144 E.03213
G1 X96.63 Y120.523 E.024
G1 X95.98 Y119.643 E.0326
G1 X95.401 Y118.735 E.03207
G1 X92.902 Y120.299 E.0878
G1 X92.32 Y120.881 E.02452
G1 X91.598 Y122.035 E.04055
G1 X91.331 Y121.634 E.01435
G1 X90.878 Y120.873 E.02636
G1 X90.323 Y119.837 E.03503
G1 X89.942 Y119.037 E.02637
G1 X89.684 Y118.422 E.01987
G1 X89.793 Y118.354 E.00383
G1 X90.375 Y117.772 E.02452
G1 X92.32 Y114.663 E.10923
G1 X92.902 Y114.081 E.02452
G1 X93.408 Y113.764 E.01779
G1 X93.321 Y113.398 E.01121
G1 X93.185 Y112.648 E.02271
G1 X93.083 Y111.886 E.0229
G1 X93.017 Y111.151 E.022
G1 X92.982 Y110.365 E.02343
G1 X92.982 Y109.614 E.02237
G1 X93.046 Y108.474 E.03399
G1 X93.131 Y107.72 E.02262
G1 X92.902 Y107.864 E.00807
G1 X92.32 Y108.446 E.02452
G1 X90.375 Y111.554 E.10923
G1 X89.793 Y112.136 E.02452
G1 X88.225 Y113.117 E.0551
G1 X88.172 Y112.775 E.01032
G1 X88.05 Y111.541 E.03695
G1 X88.006 Y110.657 E.02636
G1 X88.002 Y109.485 E.03491
G1 X88.066 Y108.245 E.03699
G1 X88.146 Y107.434 E.02428
G1 X88.224 Y106.9 E.01605
G1 X89.793 Y105.919 E.05512
G1 X90.375 Y105.337 E.02452
G1 X92.32 Y102.228 E.10923
G1 X92.902 Y101.646 E.02452
G1 X96.011 Y99.701 E.10923
G1 X96.593 Y99.119 E.02452
G1 X98.537 Y96.011 E.10923
G1 X99.119 Y95.429 E.02452
G1 X102.228 Y93.484 E.10923
G1 X102.81 Y92.902 E.02452
G1 X104.755 Y89.793 E.10923
G1 X105.337 Y89.211 E.02452
G1 X106.883 Y88.244 E.05431
G1 X108.145 Y88.099 E.03784
G1 X108.502 Y88.078 E.01066
G1 X98.314 Y91.382 F9000
G1 F10800
G1 X97.405 Y91.977 E.03237
G1 X96.97 Y92.299 E.01612
G1 X96.593 Y92.902 E.02118
G1 X96.011 Y93.484 E.02452
G1 X94.43 Y94.472 E.05552
G1 X93.322 Y95.665 E.04849
G1 E-.77778 F2400
;WIPE_START
G1 F10800
G1 X94.003 Y94.932 E-.22222
;WIPE_END
G17
G3 Z4.6 I-.94 J.773 P1  F9000
G1 X121.689 Y128.62 Z4.6
G1 Z4.2
G1 E1 F2700
G1 F10800
G1 X122.425 Y128.14 E.02618
G1 X123.031 Y127.7 E.02233
G1 X123.407 Y127.098 E.02113
G1 X123.989 Y126.516 E.02452
G1 X125.553 Y125.538 E.05493
G1 X126.12 Y124.959 E.02415
G1 X126.659 Y124.344 E.02435
; stop printing object Генератор.stl id:18446744073679698525 copy 0
;LAYER_CHANGE
;Z:4.4
;HEIGHT:0.2
;BEFORE_LAYER_CHANGE
;4.4
G92 E0

G1 E-.77778 F2400
;WIPE_START
G1 F10800
G1 X126.12 Y124.959 E-.18168
G1 X125.993 Y125.089 E-.04054
;WIPE_END
;_SET_FAN_SPEED_CHANGING_LAYER
; printing object Генератор.stl id:18446744073679698525 copy 0
G17
G3 Z4.8 I1.16 J.369 P1  F9000
G1 X132.016 Y106.151 Z4.8
G1 Z4.4
G1 E1 F2700
M204 P2000
;TYPE:Inner wall
;WIDTH:0.449999
G1 F7200
G1 X132.144 Y106.97 E.02469
G1 X132.284 Y108.291 E.03956
G1 X132.331 Y109.121 E.02477
G1 X132.348 Y110.313 E.03551
G1 X132.295 Y111.571 E.0375
G1 X132.221 Y112.4 E.02477
G1 X132.05 Y113.647 E.0375
G1 X131.81 Y114.882 E.03748
G1 X131.588 Y115.78 E.02757
G1 X131.256 Y116.901 E.0348
G1 X130.984 Y117.687 E.02479
G1 X130.515 Y118.859 E.03759
G1 X130.171 Y119.616 E.02477
G1 X129.596 Y120.736 E.03751
G1 X128.959 Y121.823 E.03751
G1 X128.505 Y122.52 E.02478
G1 X127.767 Y123.544 E.0376
G1 X127.25 Y124.196 E.02478
G1 X126.422 Y125.144 E.03752
G1 X125.541 Y126.045 E.03752
G1 X124.932 Y126.612 E.02479
G1 X123.968 Y127.428 E.03761
G1 X123.309 Y127.935 E.02478
G1 X122.275 Y128.656 E.03753
G1 X121.204 Y129.317 E.0375
G1 X120.392 Y129.764 E.02759
G1 X119.346 Y130.279 E.03475
G1 X118.189 Y130.772 E.03746
G1 X117.006 Y131.2 E.03745
G1 X115.799 Y131.56 E.03754
G1 X114.991 Y131.761 E.0248
G1 X113.755 Y132.008 E.03754
G1 X112.507 Y132.184 E.03754
G1 X111.678 Y132.262 E.0248
G1 X110.416 Y132.321 E.03763
G1 X109.581 Y132.321 E.02489
G1 X108.746 Y132.29 E.02488
G1 X107.49 Y132.184 E.03755
G1 X106.245 Y132.008 E.03745
G1 X105.009 Y131.761 E.03754
G1 X104.201 Y131.56 E.0248
G1 X102.994 Y131.2 E.03754
G1 X101.808 Y130.771 E.03754
G1 X101.04 Y130.452 E.02479
G1 X99.9 Y129.915 E.03754
G1 X98.793 Y129.315 E.03751
G1 X98.001 Y128.834 E.02759
G1 X97.033 Y128.183 E.03474
G1 X96.027 Y127.424 E.03754
G1 X95.386 Y126.891 E.02485
G1 X94.696 Y126.269 E.02767
G1 X93.864 Y125.447 E.03482
G1 X93.299 Y124.836 E.0248
G1 X92.488 Y123.872 E.03752
G1 X91.735 Y122.866 E.03743
G1 X91.038 Y121.818 E.03751
G1 X90.61 Y121.104 E.02478
G1 X90.013 Y119.992 E.0376
G1 X89.655 Y119.242 E.02478
G1 X89.165 Y118.08 E.03757
G1 X88.848 Y117.21 E.02757
G1 X88.499 Y116.098 E.03472
G1 X88.19 Y114.878 E.03749
G1 X88.007 Y113.971 E.02757
G1 X87.828 Y112.819 E.03472
G1 X87.705 Y111.565 E.03751
G1 X87.662 Y110.735 E.02477
G1 X87.656 Y109.474 E.03756
G1 X87.697 Y108.55 E.02756
G1 X87.803 Y107.389 E.03472
G1 X87.985 Y106.144 E.03749
G1 X88.165 Y105.236 E.02757
G1 X88.443 Y104.104 E.03472
G1 X88.81 Y102.899 E.03751
G1 X89.089 Y102.116 E.02478
G1 X89.569 Y100.948 E.03759
G1 X89.92 Y100.195 E.02477
G1 X90.506 Y99.08 E.03751
G1 X91.151 Y98.002 E.03742
G1 X91.858 Y96.96 E.03751
G1 X92.357 Y96.294 E.02478
G1 X93.159 Y95.322 E.03752
G1 X94.013 Y94.397 E.03752
G1 X94.606 Y93.813 E.02479
G1 X95.546 Y92.97 E.03761
G1 X96.193 Y92.443 E.02485
G1 X96.936 Y91.886 E.02767
G1 X97.9 Y91.229 E.03474
G1 X98.976 Y90.579 E.03746
G1 X100.089 Y89.989 E.03751
G1 X100.928 Y89.597 E.02759
G1 X102.008 Y89.15 E.03481
G1 X102.881 Y88.838 E.02761
G1 X103.996 Y88.495 E.03475
G1 X105.219 Y88.191 E.03756
G1 X106.038 Y88.027 E.02488
G1 X106.863 Y87.895 E.02489
G1 X108.116 Y87.754 E.03755
G1 X109.373 Y87.683 E.03751
G1 X110.3 Y87.677 E.0276
G1 X111.466 Y87.722 E.03476
G1 X112.718 Y87.84 E.03747
G1 X113.964 Y88.028 E.03754
G1 X114.781 Y88.191 E.0248
G1 X116.007 Y88.495 E.03763
G1 X116.804 Y88.734 E.0248
G1 X117.996 Y89.152 E.03762
G1 X118.768 Y89.464 E.0248
G1 X119.916 Y89.991 E.03762
G1 X120.655 Y90.374 E.02479
G1 X121.748 Y91.007 E.03762
G1 X122.448 Y91.457 E.02479
G1 X123.474 Y92.187 E.03752
G1 X124.458 Y92.974 E.03753
G1 X125.083 Y93.524 E.02479
G1 X125.989 Y94.399 E.03752
G1 X126.842 Y95.322 E.03743
G1 X127.641 Y96.292 E.03743
G1 X128.387 Y97.307 E.03751
G1 X128.847 Y98 E.02479
G1 X129.496 Y99.082 E.03759
G1 X129.891 Y99.817 E.02486
G1 X130.258 Y100.567 E.02486
G1 X130.758 Y101.723 E.0375
G1 X131.192 Y102.904 E.03748
G1 X131.467 Y103.787 E.02757
G1 X131.763 Y104.915 E.03472
G1 X132.008 Y106.112 E.03641
G1 X132.425 Y106.088 F9000
M204 P1000
;TYPE:Outer wall
;WIDTH:0.419999
G1 F5400
G1 X132.554 Y106.916 E.02314
G1 X132.697 Y108.266 E.03745
G1 X132.745 Y109.116 E.02348
G1 X132.762 Y110.319 E.03322
G1 X132.708 Y111.599 E.03533
G1 X132.632 Y112.446 E.02348
G1 X132.458 Y113.714 E.03533
G1 X132.213 Y114.971 E.03532
G1 X131.987 Y115.889 E.02608
G1 X131.65 Y117.027 E.03276
G1 X131.371 Y117.831 E.02349
G1 X130.896 Y119.021 E.03536
G1 X130.543 Y119.796 E.02348
G1 X129.959 Y120.935 E.03533
G1 X129.311 Y122.04 E.03534
G1 X128.846 Y122.753 E.02349
G1 X128.097 Y123.794 E.03537
G1 X127.568 Y124.46 E.02349
G1 X126.725 Y125.425 E.03534
G1 X125.83 Y126.341 E.03534
G1 X125.207 Y126.921 E.02349
G1 X124.228 Y127.75 E.03538
G1 X123.553 Y128.269 E.02349
G1 X122.503 Y129.002 E.03536
G1 X121.412 Y129.675 E.03534
G1 X120.584 Y130.131 E.0261
G1 X119.518 Y130.655 E.03276
G1 X118.34 Y131.157 E.03533
G1 X117.136 Y131.592 E.03533
G1 X115.908 Y131.959 E.03536
G1 X115.081 Y132.165 E.0235
G1 X113.824 Y132.415 E.03536
G1 X112.555 Y132.595 E.03536
G1 X111.707 Y132.675 E.0235
G1 X110.426 Y132.735 E.03539
G1 X109.573 Y132.735 E.02353
G1 X108.721 Y132.703 E.02353
G1 X107.444 Y132.595 E.03537
G1 X106.176 Y132.415 E.03534
G1 X104.919 Y132.165 E.03536
G1 X104.092 Y131.959 E.0235
G1 X102.864 Y131.592 E.03536
G1 X101.659 Y131.157 E.03536
G1 X100.872 Y130.831 E.0235
G1 X99.713 Y130.284 E.03536
G1 X98.587 Y129.674 E.03535
G1 X97.778 Y129.183 E.0261
G1 X96.793 Y128.52 E.03275
G1 X95.77 Y127.748 E.03535
G1 X95.115 Y127.204 E.02351
G1 X94.412 Y126.57 E.02612
G1 X93.567 Y125.735 E.03277
G1 X92.989 Y125.11 E.0235
G1 X92.164 Y124.129 E.03534
G1 X91.397 Y123.105 E.03531
G1 X90.688 Y122.038 E.03534
G1 X90.251 Y121.308 E.02349
G1 X89.644 Y120.179 E.03536
G1 X89.277 Y119.411 E.02349
G1 X88.78 Y118.231 E.03535
G1 X88.456 Y117.342 E.02608
G1 X88.101 Y116.21 E.03273
G1 X87.786 Y114.97 E.03533
G1 X87.599 Y114.043 E.02608
G1 X87.418 Y112.871 E.03273
G1 X87.292 Y111.597 E.03533
G1 X87.248 Y110.747 E.02348
G1 X87.242 Y109.466 E.03535
G1 X87.285 Y108.522 E.02608
G1 X87.392 Y107.34 E.03273
G1 X87.578 Y106.074 E.03532
G1 X87.761 Y105.146 E.02608
G1 X88.044 Y103.994 E.03274
G1 X88.417 Y102.769 E.03533
G1 X88.703 Y101.968 E.02349
G1 X89.19 Y100.782 E.03535
G1 X89.55 Y100.011 E.02348
G1 X90.145 Y98.877 E.03534
G1 X90.802 Y97.779 E.03531
G1 X91.521 Y96.719 E.03534
G1 X92.032 Y96.038 E.02349
G1 X92.847 Y95.05 E.03534
G1 X93.716 Y94.109 E.03534
G1 X94.323 Y93.512 E.02349
G1 X95.278 Y92.656 E.03537
G1 X95.938 Y92.118 E.02351
G1 X96.695 Y91.549 E.02612
G1 X97.676 Y90.881 E.03276
G1 X98.772 Y90.219 E.03533
G1 X99.904 Y89.619 E.03535
G1 X100.761 Y89.218 E.0261
G1 X101.859 Y88.764 E.03278
G1 X102.75 Y88.445 E.02611
G1 X103.885 Y88.096 E.03276
G1 X105.129 Y87.787 E.03537
G1 X105.965 Y87.62 E.02353
G1 X106.807 Y87.485 E.02353
G1 X108.081 Y87.341 E.03537
G1 X109.36 Y87.269 E.03535
G1 X110.307 Y87.263 E.02611
G1 X111.493 Y87.309 E.03277
G1 X112.769 Y87.429 E.03534
G1 X114.036 Y87.621 E.03536
G1 X114.871 Y87.787 E.02351
G1 X116.116 Y88.096 E.03539
G1 X116.932 Y88.34 E.0235
G1 X118.142 Y88.765 E.03539
G1 X118.932 Y89.084 E.02351
G1 X120.097 Y89.62 E.03538
G1 X120.854 Y90.011 E.0235
G1 X121.963 Y90.654 E.03538
G1 X122.68 Y91.114 E.0235
G1 X123.723 Y91.857 E.03535
G1 X124.724 Y92.657 E.03535
G1 X125.363 Y93.22 E.0235
G1 X126.284 Y94.11 E.03534
G1 X127.153 Y95.05 E.03532
G1 X127.968 Y96.037 E.03531
G1 X128.726 Y97.07 E.03534
G1 X129.197 Y97.779 E.02349
G1 X129.856 Y98.878 E.03536
G1 X130.259 Y99.629 E.02351
G1 X130.633 Y100.394 E.02351
G1 X131.142 Y101.569 E.03533
G1 X131.583 Y102.771 E.03532
G1 X131.865 Y103.673 E.02608
G1 X132.166 Y104.821 E.03273
G1 X132.417 Y106.048 E.03457
G1 E-.7 F2400
;WIPE_START
G1 F5400
G1 X132.554 Y106.916 E-.26355
G1 X132.567 Y107.037 E-.03645
;WIPE_END
G17
G3 Z4.8 I.761 J-.95 P1  F9000
G1 X118.097 Y95.441 Z4.8
G1 Z4.4
G1 E1 F2700
M204 P2000
;TYPE:Inner wall
;WIDTH:0.449999
G1 F7200
G1 X118.434 Y95.628 E.0115
G1 X119.069 Y96.019 E.0222
G1 X119.685 Y96.438 E.02221
G1 X120.328 Y96.921 E.02393
G1 X121.218 Y97.676 E.03478
G1 X121.683 Y98.112 E.01899
G1 X122.203 Y98.646 E.0222
G1 X122.586 Y99.075 E.01711
G1 X123.177 Y99.803 E.02795
G1 X123.745 Y100.57 E.02842
G1 X124.059 Y101.048 E.01704
G1 X124.57 Y101.902 E.02964
G1 X125.108 Y102.947 E.035
G1 X125.411 Y103.634 E.02237
G1 X125.68 Y104.328 E.02219
G1 X125.918 Y105.035 E.0222
G1 X126.214 Y106.105 E.03307
G1 X126.373 Y106.84 E.02239
G1 X126.498 Y107.574 E.02219
G1 X126.591 Y108.313 E.02219
G1 X126.649 Y109.056 E.02219
G1 X126.675 Y109.8 E.02219
G1 X126.667 Y110.545 E.02219
G1 X126.628 Y111.219 E.02011
G1 X126.503 Y112.393 E.03517
G1 X126.378 Y113.134 E.02237
G1 X126.263 Y113.671 E.01635
G1 X126.103 Y114.314 E.01975
G1 X125.844 Y115.189 E.02717
G1 X125.656 Y115.724 E.01689
G1 X125.073 Y117.124 E.04517
G1 X124.792 Y117.692 E.01888
G1 X124.433 Y118.345 E.02219
G1 X123.811 Y119.329 E.0347
G1 X122.91 Y120.542 E.045
G1 X122.472 Y121.058 E.02017
G1 X121.964 Y121.604 E.0222
G1 X121.572 Y121.991 E.01641
G1 X120.599 Y122.861 E.03888
G1 X120.007 Y123.325 E.0224
G1 X119.401 Y123.759 E.02221
G1 X118.726 Y124.195 E.02394
G1 X117.811 Y124.718 E.0314
G1 X117.139 Y125.055 E.02239
G1 X116.458 Y125.358 E.02221
G1 X115.764 Y125.631 E.02221
G1 X115.201 Y125.824 E.01773
G1 X114.343 Y126.083 E.02669
G1 X113.704 Y126.239 E.01959
G1 X112.763 Y126.422 E.02858
G1 X111.813 Y126.559 E.02858
G1 X111.242 Y126.609 E.01707
G1 X110.293 Y126.656 E.02831
G1 X109.65 Y126.653 E.01915
G1 X109.061 Y126.628 E.01755
G1 X108.077 Y126.547 E.02942
G1 X107.147 Y126.407 E.028
G1 X106.224 Y126.225 E.02803
G1 X105.15 Y125.938 E.0331
G1 X104.436 Y125.703 E.02241
G1 X103.312 Y125.256 E.03602
G1 X102.419 Y124.836 E.02941
G1 X101.727 Y124.464 E.02339
G1 X101.039 Y124.048 E.02393
G1 X100.279 Y123.53 E.02742
G1 X99.571 Y122.999 E.02635
G1 X99.065 Y122.575 E.01968
G1 X98.561 Y122.118 E.02027
G1 X97.924 Y121.489 E.02665
G1 X97.525 Y121.05 E.01767
G1 X96.945 Y120.365 E.02672
G1 X96.495 Y119.772 E.0222
G1 X96.071 Y119.159 E.0222
G1 X95.675 Y118.527 E.0222
G1 X95.138 Y117.555 E.03308
G1 X94.812 Y116.878 E.0224
G1 X94.431 Y115.958 E.02964
G1 X94.216 Y115.365 E.01881
G1 X93.948 Y114.51 E.02669
G1 X93.742 Y113.706 E.02471
G1 X93.592 Y112.935 E.02338
G1 X93.458 Y112.082 E.02573
G1 X93.362 Y111.129 E.02852
G1 X93.335 Y110.528 E.01792
G1 X93.328 Y109.64 E.02646
G1 X93.368 Y108.901 E.02203
G1 X93.443 Y108.04 E.02573
G1 X93.585 Y107.068 E.02928
G1 X93.716 Y106.417 E.01976
G1 X93.917 Y105.595 E.02521
G1 X94.13 Y104.882 E.02219
G1 X94.396 Y104.124 E.02392
G1 X94.789 Y103.174 E.03062
G1 X95.022 Y102.683 E.01619
G1 X95.475 Y101.816 E.02913
G1 X95.864 Y101.162 E.02268
G1 X96.476 Y100.254 E.03261
G1 X96.847 Y99.762 E.01836
G1 X97.405 Y99.081 E.02623
G1 X97.907 Y98.529 E.0222
G1 X98.485 Y97.95 E.0244
G1 X99.259 Y97.257 E.03092
G1 X99.715 Y96.89 E.01744
G1 X100.26 Y96.482 E.02027
G1 X101.001 Y95.976 E.02673
G1 X101.768 Y95.512 E.02671
G1 X102.674 Y95.035 E.03051
G1 X103.252 Y94.768 E.01896
G1 X104.061 Y94.433 E.02608
G1 X104.722 Y94.198 E.02088
G1 X105.552 Y93.952 E.0258
G1 X106.482 Y93.718 E.02855
G1 X107.06 Y93.605 E.01755
G1 X107.642 Y93.512 E.01755
G1 X108.623 Y93.4 E.02942
G1 X109.579 Y93.347 E.02851
G1 X110.235 Y93.35 E.01952
G1 X111.104 Y93.381 E.02591
G1 X112.074 Y93.471 E.02902
G1 X112.863 Y93.588 E.02375
G1 X113.594 Y93.732 E.02221
G1 X114.318 Y93.909 E.02221
G1 X115.089 Y94.136 E.02394
G1 X116.045 Y94.475 E.03021
G1 X117.109 Y94.931 E.03447
G1 X117.783 Y95.266 E.02241
G1 X118.062 Y95.421 E.00951
G1 X117.896 Y95.802 F9000
M204 P1000
;TYPE:Outer wall
;WIDTH:0.419999
G1 F5400
G1 X118.233 Y95.99 E.01064
G1 X118.852 Y96.371 E.02006
G1 X119.453 Y96.78 E.02006
G1 X120.079 Y97.251 E.02163
G1 X120.935 Y97.977 E.03097
G1 X121.402 Y98.415 E.01765
G1 X121.907 Y98.934 E.01999
G1 X122.277 Y99.35 E.01534
G1 X122.854 Y100.06 E.02525
G1 X123.407 Y100.809 E.02569
G1 X123.711 Y101.271 E.01527
G1 X124.212 Y102.108 E.02691
G1 X124.74 Y103.135 E.03186
G1 X125.032 Y103.8 E.02004
G1 X125.294 Y104.478 E.02005
G1 X125.526 Y105.166 E.02005
G1 X125.815 Y106.215 E.03
G1 X125.969 Y106.927 E.0201
G1 X126.091 Y107.643 E.02004
G1 X126.18 Y108.364 E.02004
G1 X126.237 Y109.088 E.02004
G1 X126.262 Y109.814 E.02004
G1 X126.254 Y110.541 E.02004
G1 X126.216 Y111.195 E.01809
G1 X126.092 Y112.347 E.03196
G1 X125.971 Y113.065 E.0201
G1 X125.859 Y113.583 E.01463
G1 X125.703 Y114.209 E.01779
G1 X125.45 Y115.066 E.02466
G1 X125.267 Y115.582 E.01511
G1 X124.702 Y116.94 E.04059
G1 X124.42 Y117.511 E.01756
G1 X124.071 Y118.145 E.01998
G1 X123.468 Y119.098 E.03112
G1 X122.595 Y120.275 E.04041
G1 X122.155 Y120.792 E.01874
G1 X121.662 Y121.322 E.01999
G1 X121.282 Y121.696 E.01469
G1 X120.324 Y122.552 E.03546
G1 X119.752 Y123 E.02003
G1 X119.161 Y123.422 E.02006
G1 X118.502 Y123.847 E.02163
G1 X117.606 Y124.358 E.02846
G1 X116.954 Y124.685 E.02011
G1 X116.29 Y124.98 E.02006
G1 X115.613 Y125.246 E.02006
G1 X115.068 Y125.433 E.01591
G1 X114.227 Y125.686 E.02421
G1 X113.607 Y125.837 E.01761
G1 X112.687 Y126.015 E.02585
G1 X111.76 Y126.149 E.02585
G1 X111.207 Y126.197 E.01531
G1 X110.276 Y126.242 E.02572
G1 X109.652 Y126.239 E.01723
G1 X109.082 Y126.215 E.01575
G1 X108.116 Y126.135 E.02675
G1 X107.209 Y125.998 E.0253
G1 X106.309 Y125.821 E.02532
G1 X105.258 Y125.539 E.03003
G1 X104.565 Y125.311 E.02012
G1 X103.476 Y124.876 E.03234
G1 X102.599 Y124.464 E.02673
G1 X101.924 Y124.1 E.02116
G1 X101.254 Y123.695 E.02163
G1 X100.512 Y123.189 E.02478
G1 X99.823 Y122.67 E.02378
G1 X99.331 Y122.258 E.01772
G1 X98.841 Y121.813 E.01826
G1 X98.218 Y121.197 E.02418
G1 X97.831 Y120.772 E.01586
G1 X97.263 Y120.101 E.02424
G1 X96.824 Y119.522 E.02005
G1 X96.411 Y118.924 E.02005
G1 X96.025 Y118.308 E.02006
G1 X95.5 Y117.356 E.03001
G1 X95.184 Y116.699 E.02011
G1 X94.813 Y115.801 E.02681
G1 X94.606 Y115.228 E.01679
G1 X94.344 Y114.391 E.02421
G1 X94.143 Y113.605 E.02238
G1 X93.999 Y112.857 E.02102
G1 X93.868 Y112.027 E.0232
G1 X93.774 Y111.092 E.02591
G1 X93.748 Y110.51 E.01609
G1 X93.741 Y109.64 E.024
G1 X93.781 Y108.924 E.01977
G1 X93.854 Y108.087 E.0232
G1 X93.993 Y107.132 E.02661
G1 X94.121 Y106.5 E.01779
G1 X94.318 Y105.696 E.02284
G1 X94.526 Y105 E.02005
G1 X94.786 Y104.261 E.02162
G1 X95.171 Y103.332 E.02774
G1 X95.395 Y102.862 E.01437
G1 X95.839 Y102.011 E.02647
G1 X96.213 Y101.383 E.02018
G1 X96.818 Y100.485 E.02988
G1 X97.177 Y100.012 E.01637
G1 X97.723 Y99.345 E.02379
G1 X98.212 Y98.808 E.02005
G1 X98.77 Y98.25 E.02175
G1 X99.535 Y97.565 E.02833
G1 X99.974 Y97.213 E.01553
G1 X100.504 Y96.816 E.01827
G1 X101.23 Y96.321 E.02425
G1 X101.971 Y95.872 E.02391
G1 X102.867 Y95.401 E.02792
G1 X103.425 Y95.144 E.01694
G1 X104.217 Y94.816 E.02365
G1 X104.86 Y94.588 E.01884
G1 X105.668 Y94.349 E.02326
G1 X106.575 Y94.12 E.02581
G1 X107.136 Y94.012 E.01575
G1 X107.699 Y93.922 E.01575
G1 X108.663 Y93.812 E.02675
G1 X109.599 Y93.76 E.02588
G1 X110.232 Y93.764 E.01746
G1 X111.078 Y93.794 E.02338
G1 X112.03 Y93.882 E.02637
G1 X112.8 Y93.997 E.02149
G1 X113.514 Y94.138 E.02006
G1 X114.22 Y94.311 E.02006
G1 X114.972 Y94.533 E.02164
G1 X115.907 Y94.865 E.02736
G1 X116.945 Y95.31 E.03118
G1 X117.598 Y95.636 E.02012
G1 X117.861 Y95.783 E.00831
G1 E-.7 F2400
;WIPE_START
G1 F5400
G1 X118.233 Y95.99 E-.12772
G1 X118.722 Y96.291 E-.17228
;WIPE_END
G1 Z4.8 F9000
G1 X126.689 Y113.336
G1 Z4.8
G1 Z4.4
G1 E1 F2700
M204 P2500
;TYPE:Sparse infill
;WIDTH:0.45
G1 F10800
G1 X126.844 Y112.454 E.02666
G1 X126.927 Y111.726 E.02184
G1 X131.779 Y106.874 E.20438
G1 X131.675 Y106.21 E.02002
G1 X131.426 Y104.993 E.03699
G1 X131.134 Y103.883 E.0342
G1 X130.864 Y103.015 E.02708
G1 X130.476 Y101.959 E.03351
G1 X126.52 Y105.915 E.16663
G1 X126.253 Y104.945 E.02998
G1 X126.009 Y104.219 E.0228
G1 X125.73 Y103.502 E.02293
G1 X125.428 Y102.814 E.02237
G1 X124.944 Y101.859 E.0319
G1 X124.73 Y101.487 E.01277
G1 X128.346 Y97.871 E.15234
G1 X128.103 Y97.505 E.0131
G1 X127.368 Y96.504 E.03698
G1 X126.581 Y95.55 E.03685
G1 X125.741 Y94.641 E.03685
G1 X125.547 Y94.453 E.00806
G1 X122.029 Y97.971 E.14819
G1 X121.374 Y97.348 E.02694
G1 X120.558 Y96.661 E.03177
G1 X119.896 Y96.164 E.02465
G1 X119.265 Y95.734 E.02272
G1 X118.508 Y95.274 E.02639
G1 X122.123 Y91.659 E.15226
G1 X121.567 Y91.302 E.01968
G1 X120.488 Y90.678 E.03714
G1 X119.764 Y90.302 E.02431
G1 X118.631 Y89.782 E.03713
G1 X118.027 Y89.538 E.01939
G1 X114.072 Y93.493 E.16664
G1 X112.952 Y93.253 E.03411
G1 X112.199 Y93.137 E.02269
G1 X111.408 Y93.053 E.0237
G1 X110.665 Y93.008 E.02218
G1 X109.571 Y93.001 E.03259
G1 X108.777 Y93.039 E.02366
G1 X108.26 Y93.088 E.01548
G1 X113.1 Y88.247 E.2039
G1 X112.676 Y88.183 E.01277
G1 X111.443 Y88.068 E.0369
G1 X110.354 Y88.025 E.03246
G1 X109.384 Y88.029 E.02889
G1 X108.145 Y88.098 E.03696
G1 X106.888 Y88.241 E.03767
G1 X88.223 Y106.907 E.78627
G1 X88.326 Y106.202 E.0212
G1 X88.503 Y105.311 E.02708
G1 X88.777 Y104.196 E.0342
G1 X89.139 Y103.008 E.03699
G1 X89.413 Y102.24 E.02429
G1 X89.886 Y101.087 E.0371
G1 X90.23 Y100.348 E.02429
G1 X90.807 Y99.249 E.03698
G1 X91.443 Y98.188 E.03684
G1 X92.14 Y97.161 E.03698
G1 X92.629 Y96.508 E.0243
G1 X93.419 Y95.55 E.03699
G1 X94.113 Y94.799 E.03044
G1 X94.877 Y94.036 E.03218
G1 X95.771 Y93.234 E.03579
G1 X96.102 Y92.964 E.01272
G1 X93.312 Y106.67 F9000
G1 F10800
G1 X93.132 Y107.716 E.03162
G1 X93.068 Y108.279 E.01688
G1 X88.225 Y113.122 E.20401
G1 X88.347 Y113.91 E.02375
G1 X88.527 Y114.801 E.02707
G1 X88.832 Y116.003 E.03695
G1 X89.176 Y117.099 E.0342
G1 X89.524 Y118.041 E.02992
G1 X93.481 Y114.084 E.16667
G1 X93.583 Y114.493 E.01254
G1 X93.811 Y115.253 E.02364
G1 X94.053 Y115.949 E.02195
G1 X94.482 Y116.989 E.03351
G1 X94.829 Y117.711 E.02387
G1 X95.27 Y118.512 E.02724
G1 X91.658 Y122.125 E.1522
G1 X92.018 Y122.667 E.01938
G1 X92.759 Y123.657 E.03685
G1 X93.558 Y124.607 E.03698
G1 X94.113 Y125.207 E.02432
G1 X94.455 Y125.545 E.01433
G1 X97.973 Y122.027 E.14819
G1 X98.754 Y122.765 E.032
G1 X99.345 Y123.261 E.02297
G1 X99.97 Y123.739 E.02345
G1 X100.847 Y124.336 E.0316
G1 X101.491 Y124.726 E.02244
G1 X97.881 Y128.337 E.15209
G1 X98.965 Y129.015 E.03809
G1 X100.056 Y129.606 E.03696
G1 X101.18 Y130.136 E.03701
G1 X101.972 Y130.463 E.02554
G1 X105.93 Y126.505 E.1667
G1 X106.869 Y126.714 E.02867
G1 X107.987 Y126.885 E.03369
G1 X108.755 Y126.959 E.02297
G1 X109.517 Y126.997 E.02273
G1 X110.291 Y127.002 E.02305
G1 X111.035 Y126.973 E.02218
G1 X111.739 Y126.913 E.02106
G1 X106.902 Y131.751 E.20378
G1 X107.529 Y131.84 E.01887
G1 X108.767 Y131.944 E.03701
G1 X109.587 Y131.975 E.02445
G1 X110.408 Y131.975 E.02445
G1 X111.654 Y131.917 E.03715
G1 X112.467 Y131.84 E.02431
G1 X113.123 Y131.748 E.01973
G1 X131.777 Y113.093 E.78581
G1 X131.709 Y113.59 E.01494
G1 X131.472 Y114.807 E.03693
G1 X131.254 Y115.69 E.02708
G1 X130.926 Y116.795 E.03434
G1 X130.659 Y117.566 E.02431
G1 X130.197 Y118.723 E.03711
G1 X129.859 Y119.465 E.02429
G1 X129.293 Y120.57 E.03697
G1 X128.665 Y121.641 E.03698
G1 X128.22 Y122.324 E.0243
G1 X127.491 Y123.335 E.03712
G1 X126.984 Y123.974 E.0243
G1 X126.167 Y124.909 E.03699
G1 X125.176 Y125.912 E.04199
G1 X124.702 Y126.353 E.01929
G1 X123.954 Y126.987 E.02921
; stop printing object Генератор.stl id:18446744073679698525 copy 0
;LAYER_CHANGE
;Z:4.6
;HEIGHT:0.2
;BEFORE_LAYER_CHANGE
;4.6
G92 E0

G1 E-.77778 F2400
;WIPE_START
G1 F10800
G1 X124.702 Y126.353 E-.21792
G1 X124.716 Y126.34 E-.0043
;WIPE_END
;_SET_FAN_SPEED_CHANGING_LAYER
; printing object Генератор.stl id:18446744073679698525 copy 0
G17
G3 Z5 I1.144 J.414 P1  F9000
G1 X132.016 Y106.155 Z5
G1 Z4.6
G1 E1 F2700
M204 P2000
;TYPE:Inner wall
;WIDTH:0.449999
G1 F7200
G1 X132.144 Y106.97 E.02459
G1 X132.284 Y108.291 E.03956
G1 X132.331 Y109.121 E.02477
G1 X132.348 Y110.313 E.03551
G1 X132.295 Y111.571 E.0375
G1 X132.221 Y112.4 E.02477
G1 X132.05 Y113.647 E.0375
G1 X131.809 Y114.883 E.0375
G1 X131.612 Y115.69 E.02477
G1 X131.256 Y116.901 E.03759
G1 X130.984 Y117.687 E.02477
G1 X130.516 Y118.858 E.03756
G1 X130.119 Y119.721 E.02829
G1 X129.596 Y120.736 E.034
G1 X128.959 Y121.823 E.03753
G1 X128.505 Y122.52 E.02478
G1 X127.769 Y123.542 E.03751
G1 X126.977 Y124.52 E.03749
G1 X126.343 Y125.227 E.0283
G1 X125.541 Y126.044 E.0341
G1 X124.932 Y126.612 E.0248
G1 X123.971 Y127.426 E.03753
G1 X122.966 Y128.184 E.03749
G1 X122.179 Y128.718 E.02831
G1 X121.206 Y129.316 E.03402
G1 X120.1 Y129.915 E.03746
G1 X118.96 Y130.452 E.03754
G1 X118.192 Y130.771 E.02479
G1 X117.006 Y131.2 E.03754
G1 X115.799 Y131.56 E.03754
G1 X114.991 Y131.761 E.0248
G1 X113.755 Y132.008 E.03754
G1 X112.507 Y132.184 E.03754
G1 X111.678 Y132.262 E.0248
G1 X110.416 Y132.321 E.03763
G1 X109.581 Y132.321 E.02489
G1 X108.746 Y132.29 E.02489
G1 X107.49 Y132.184 E.03754
G1 X106.245 Y132.008 E.03746
G1 X105.009 Y131.761 E.03754
G1 X104.201 Y131.56 E.0248
G1 X102.991 Y131.199 E.03763
G1 X102.205 Y130.923 E.0248
G1 X101.037 Y130.451 E.03754
G1 X99.9 Y129.915 E.03744
G1 X98.792 Y129.315 E.03753
G1 X98.079 Y128.885 E.02479
G1 X97.033 Y128.183 E.03753
G1 X96.027 Y127.424 E.03753
G1 X95.385 Y126.89 E.02487
G1 X94.763 Y126.333 E.02488
G1 X93.864 Y125.447 E.0376
G1 X93.299 Y124.836 E.02478
G1 X92.488 Y123.872 E.03752
G1 X91.735 Y122.866 E.03743
G1 X91.038 Y121.818 E.03751
G1 X90.61 Y121.104 E.02478
G1 X90.014 Y119.993 E.03756
G1 X89.607 Y119.135 E.02829
G1 X89.165 Y118.08 E.03406
G1 X88.84 Y117.187 E.02831
G1 X88.499 Y116.098 E.034
G1 X88.189 Y114.877 E.03752
G1 X88.023 Y114.062 E.02477
G1 X87.828 Y112.818 E.0375
G1 X87.705 Y111.565 E.0375
G1 X87.662 Y110.735 E.02477
G1 X87.656 Y109.476 E.0375
G1 X87.721 Y108.219 E.0375
G1 X87.802 Y107.391 E.02477
G1 X87.985 Y106.143 E.03759
G1 X88.145 Y105.327 E.02477
G1 X88.443 Y104.103 E.0375
G1 X88.81 Y102.899 E.0375
G1 X89.089 Y102.116 E.02478
G1 X89.569 Y100.948 E.03759
G1 X89.92 Y100.195 E.02477
G1 X90.506 Y99.08 E.03751
G1 X91.152 Y98 E.03748
G1 X91.681 Y97.211 E.0283
G1 X92.358 Y96.292 E.03401
G1 X93.16 Y95.32 E.03753
G1 X93.719 Y94.704 E.02478
G1 X94.61 Y93.809 E.03761
G1 X95.225 Y93.248 E.02479
G1 X96.196 Y92.441 E.03761
G1 X96.86 Y91.94 E.02479
G1 X97.9 Y91.229 E.03753
G1 X98.979 Y90.577 E.03753
G1 X99.71 Y90.181 E.02479
G1 X100.845 Y89.633 E.03754
G1 X102.009 Y89.15 E.03753
G1 X102.792 Y88.867 E.0248
G1 X103.996 Y88.495 E.03753
G1 X105.219 Y88.191 E.03754
G1 X106.039 Y88.027 E.02488
G1 X106.863 Y87.895 E.02489
G1 X108.116 Y87.754 E.03755
G1 X109.373 Y87.683 E.03751
G1 X110.324 Y87.677 E.02832
G1 X111.466 Y87.722 E.03404
G1 X112.718 Y87.84 E.03748
G1 X113.964 Y88.028 E.03754
G1 X114.781 Y88.191 E.0248
G1 X116.007 Y88.495 E.03763
G1 X116.804 Y88.734 E.0248
G1 X117.996 Y89.152 E.03763
G1 X118.768 Y89.464 E.0248
G1 X119.913 Y89.99 E.03753
G1 X121.024 Y90.579 E.03745
G1 X122.102 Y91.23 E.03753
G1 X122.794 Y91.693 E.02479
G1 X123.809 Y92.445 E.03761
G1 X124.455 Y92.972 E.02484
G1 X125.169 Y93.604 E.02839
G1 X125.988 Y94.399 E.03401
G1 X126.842 Y95.322 E.03746
G1 X127.641 Y96.292 E.03742
G1 X128.387 Y97.307 E.03751
G1 X128.847 Y97.999 E.02478
G1 X129.496 Y99.082 E.0376
G1 X129.891 Y99.818 E.02486
G1 X130.258 Y100.567 E.02486
G1 X130.758 Y101.723 E.0375
G1 X131.191 Y102.902 E.03742
G1 X131.557 Y104.103 E.03741
G1 X131.856 Y105.327 E.03751
G1 X132.009 Y106.115 E.02393
G1 X132.425 Y106.091 F9000
M204 P1000
;TYPE:Outer wall
;WIDTH:0.419999
G1 F5400
G1 X132.554 Y106.916 E.02305
G1 X132.697 Y108.266 E.03745
G1 X132.745 Y109.116 E.02348
G1 X132.762 Y110.319 E.03322
G1 X132.708 Y111.599 E.03533
G1 X132.632 Y112.446 E.02348
G1 X132.458 Y113.714 E.03533
G1 X132.213 Y114.971 E.03533
G1 X132.012 Y115.798 E.02348
G1 X131.65 Y117.027 E.03535
G1 X131.371 Y117.831 E.02348
G1 X130.896 Y119.021 E.03535
G1 X130.491 Y119.902 E.02675
G1 X129.959 Y120.935 E.03207
G1 X129.311 Y122.04 E.03534
G1 X128.846 Y122.754 E.02349
G1 X128.098 Y123.793 E.03533
G1 X127.292 Y124.788 E.03533
G1 X126.645 Y125.51 E.02676
G1 X125.83 Y126.341 E.03211
G1 X125.207 Y126.921 E.0235
G1 X124.229 Y127.749 E.03535
G1 X123.207 Y128.521 E.03534
G1 X122.404 Y129.065 E.02677
G1 X121.413 Y129.674 E.03209
G1 X120.287 Y130.284 E.03533
G1 X119.128 Y130.831 E.03536
G1 X118.341 Y131.157 E.0235
G1 X117.136 Y131.592 E.03536
G1 X115.908 Y131.959 E.03536
G1 X115.081 Y132.165 E.0235
G1 X113.824 Y132.415 E.03536
G1 X112.555 Y132.595 E.03536
G1 X111.707 Y132.675 E.0235
G1 X110.426 Y132.735 E.03539
G1 X109.573 Y132.735 E.02353
G1 X108.721 Y132.703 E.02354
G1 X107.444 Y132.595 E.03536
G1 X106.175 Y132.415 E.03534
G1 X104.919 Y132.165 E.03536
G1 X104.092 Y131.959 E.0235
G1 X102.863 Y131.592 E.03539
G1 X102.059 Y131.31 E.02351
G1 X100.871 Y130.83 E.03536
G1 X99.713 Y130.284 E.03533
G1 X98.586 Y129.674 E.03535
G1 X97.857 Y129.233 E.0235
G1 X96.793 Y128.52 E.03535
G1 X95.77 Y127.748 E.03535
G1 X95.115 Y127.204 E.02352
G1 X94.48 Y126.634 E.02353
G1 X93.567 Y125.735 E.03537
G1 X92.989 Y125.11 E.02349
G1 X92.164 Y124.129 E.03534
G1 X91.397 Y123.105 E.03531
G1 X90.688 Y122.038 E.03534
G1 X90.251 Y121.308 E.02349
G1 X89.644 Y120.179 E.03535
G1 X89.229 Y119.303 E.02675
G1 X88.78 Y118.231 E.03208
G1 X88.448 Y117.319 E.02676
G1 X88.101 Y116.21 E.03206
G1 X87.786 Y114.969 E.03533
G1 X87.616 Y114.136 E.02348
G1 X87.418 Y112.871 E.03533
G1 X87.292 Y111.597 E.03532
G1 X87.248 Y110.747 E.02348
G1 X87.242 Y109.466 E.03533
G1 X87.308 Y108.188 E.03533
G1 X87.392 Y107.341 E.02348
G1 X87.578 Y106.073 E.03535
G1 X87.74 Y105.238 E.02348
G1 X88.044 Y103.994 E.03533
G1 X88.417 Y102.769 E.03533
G1 X88.703 Y101.968 E.02349
G1 X89.19 Y100.782 E.03535
G1 X89.55 Y100.011 E.02348
G1 X90.145 Y98.877 E.03533
G1 X90.803 Y97.779 E.03533
G1 X91.342 Y96.973 E.02676
G1 X92.032 Y96.037 E.03207
G1 X92.848 Y95.049 E.03535
G1 X93.42 Y94.419 E.02349
G1 X94.324 Y93.511 E.03537
G1 X94.953 Y92.936 E.02349
G1 X95.939 Y92.117 E.03538
G1 X96.619 Y91.604 E.0235
G1 X97.676 Y90.881 E.03535
G1 X98.773 Y90.218 E.03535
G1 X99.522 Y89.812 E.0235
G1 X100.676 Y89.255 E.03536
G1 X101.86 Y88.764 E.03535
G1 X102.661 Y88.475 E.02351
G1 X103.885 Y88.096 E.03536
G1 X105.129 Y87.787 E.03536
G1 X105.965 Y87.62 E.02353
G1 X106.807 Y87.485 E.02353
G1 X108.081 Y87.341 E.03537
G1 X109.36 Y87.269 E.03535
G1 X110.331 Y87.264 E.02678
G1 X111.493 Y87.309 E.0321
G1 X112.769 Y87.429 E.03535
G1 X114.036 Y87.621 E.03536
G1 X114.871 Y87.787 E.0235
G1 X116.116 Y88.096 E.03539
G1 X116.932 Y88.34 E.0235
G1 X118.142 Y88.765 E.03539
G1 X118.932 Y89.084 E.02351
G1 X120.096 Y89.619 E.03535
G1 X121.228 Y90.219 E.03533
G1 X122.324 Y90.881 E.03535
G1 X123.032 Y91.355 E.0235
G1 X124.063 Y92.118 E.03538
G1 X124.723 Y92.657 E.02351
G1 X125.45 Y93.3 E.02679
G1 X126.284 Y94.11 E.03208
G1 X127.153 Y95.05 E.03533
G1 X127.968 Y96.037 E.03531
G1 X128.726 Y97.07 E.03534
G1 X129.197 Y97.779 E.02349
G1 X129.856 Y98.878 E.03536
G1 X130.259 Y99.629 E.02351
G1 X130.633 Y100.394 E.02351
G1 X131.142 Y101.569 E.03533
G1 X131.583 Y102.77 E.0353
G1 X131.956 Y103.994 E.0353
G1 X132.26 Y105.238 E.03533
G1 X132.418 Y106.052 E.02286
G1 E-.7 F2400
;WIPE_START
G1 F5400
G1 X132.554 Y106.916 E-.26258
G1 X132.567 Y107.04 E-.03742
;WIPE_END
G17
G3 Z5 I.76 J-.951 P1  F9000
G1 X117.938 Y95.353 Z5
G1 Z4.6
G1 E1 F2700
M204 P2000
;TYPE:Inner wall
;WIDTH:0.449999
G1 F7200
G1 X118.125 Y95.451 E.00628
G1 X119.063 Y96.016 E.03262
G1 X119.565 Y96.356 E.01806
G1 X120.344 Y96.934 E.0289
G1 X120.788 Y97.306 E.01724
G1 X121.683 Y98.112 E.03589
G1 X122.203 Y98.646 E.0222
G1 X122.578 Y99.069 E.01683
G1 X123.175 Y99.798 E.02807
G1 X123.745 Y100.57 E.02857
G1 X124.059 Y101.048 E.01703
G1 X124.823 Y102.369 E.04546
G1 X125.111 Y102.954 E.01942
G1 X125.411 Y103.634 E.02213
G1 X125.68 Y104.328 E.02219
G1 X125.918 Y105.034 E.02219
G1 X126.092 Y105.638 E.0187
G1 X126.311 Y106.566 E.02841
G1 X126.42 Y107.111 E.01655
G1 X126.591 Y108.313 E.03618
G1 X126.649 Y109.056 E.02219
G1 X126.675 Y109.8 E.02219
G1 X126.667 Y110.545 E.02219
G1 X126.628 Y111.217 E.02004
G1 X126.503 Y112.394 E.03525
G1 X126.378 Y113.134 E.02236
G1 X126.133 Y114.194 E.03241
G1 X125.928 Y114.934 E.02288
G1 X125.689 Y115.646 E.02236
G1 X125.421 Y116.341 E.02219
G1 X125.121 Y117.024 E.02219
G1 X124.792 Y117.692 E.02219
G1 X124.433 Y118.345 E.02219
G1 X124.124 Y118.851 E.01767
G1 X123.415 Y119.896 E.03761
G1 X122.954 Y120.49 E.0224
G1 X122.472 Y121.058 E.0222
G1 X121.964 Y121.604 E.0222
G1 X121.574 Y121.988 E.01631
G1 X121.152 Y122.38 E.01714
G1 X120.4 Y123.019 E.02939
G1 X119.642 Y123.591 E.0283
G1 X119.073 Y123.968 E.02032
G1 X118.353 Y124.414 E.02524
G1 X117.497 Y124.879 E.02902
G1 X116.8 Y125.21 E.02297
G1 X116.113 Y125.499 E.02221
G1 X115.338 Y125.781 E.02456
G1 X114.349 Y126.082 E.03078
G1 X113.698 Y126.242 E.01997
G1 X112.873 Y126.409 E.02507
G1 X111.787 Y126.562 E.03267
G1 X111.242 Y126.609 E.0163
G1 X110.293 Y126.656 E.02831
G1 X109.65 Y126.653 E.01915
G1 X109.061 Y126.628 E.01756
G1 X108.077 Y126.547 E.02942
G1 X107.147 Y126.407 E.028
G1 X106.224 Y126.225 E.02801
G1 X105.654 Y126.08 E.01753
G1 X104.788 Y125.824 E.02689
G1 X104.162 Y125.6 E.01981
G1 X103.274 Y125.237 E.02859
G1 X102.419 Y124.836 E.02812
G1 X101.727 Y124.464 E.02339
G1 X101.088 Y124.08 E.0222
G1 X100.467 Y123.668 E.02221
G1 X99.803 Y123.18 E.02456
G1 X99.041 Y122.554 E.02936
G1 X98.625 Y122.176 E.01674
G1 X97.924 Y121.489 E.02924
G1 X97.525 Y121.05 E.01767
G1 X96.945 Y120.365 E.02673
G1 X96.449 Y119.707 E.02455
G1 X95.872 Y118.85 E.03077
G1 X95.515 Y118.252 E.02076
G1 X95.135 Y117.549 E.0238
G1 X94.812 Y116.878 E.0222
G1 X94.49 Y116.119 E.02454
G1 X94.201 Y115.317 E.02538
G1 X93.948 Y114.51 E.02519
G1 X93.742 Y113.706 E.02473
G1 X93.595 Y112.991 E.02175
G1 X93.475 Y112.241 E.02263
G1 X93.385 Y111.422 E.02454
G1 X93.335 Y110.501 E.02746
G1 X93.328 Y109.64 E.02566
G1 X93.36 Y108.896 E.0222
G1 X93.448 Y108.023 E.02613
G1 X93.585 Y107.063 E.02889
G1 X93.698 Y106.503 E.01702
G1 X93.917 Y105.595 E.0278
G1 X94.13 Y104.881 E.0222
G1 X94.413 Y104.098 E.0248
G1 X94.778 Y103.2 E.02889
G1 X95.022 Y102.683 E.01703
G1 X95.475 Y101.816 E.02913
G1 X95.898 Y101.109 E.02455
G1 X96.354 Y100.434 E.02427
G1 X96.855 Y99.752 E.02521
G1 X97.405 Y99.081 E.02585
G1 X97.872 Y98.567 E.02068
G1 X98.432 Y98 E.02373
G1 X98.987 Y97.501 E.02225
G1 X99.731 Y96.877 E.02893
G1 X100.189 Y96.533 E.01705
G1 X101.003 Y95.975 E.0294
G1 X101.774 Y95.51 E.02682
G1 X102.325 Y95.219 E.01855
G1 X103.188 Y94.798 E.02861
G1 X104.061 Y94.433 E.02819
G1 X104.64 Y94.227 E.0183
G1 X105.555 Y93.951 E.02846
G1 X106.482 Y93.718 E.02847
G1 X107.06 Y93.605 E.01755
G1 X107.642 Y93.512 E.01755
G1 X108.623 Y93.4 E.02942
G1 X109.594 Y93.347 E.02897
G1 X110.256 Y93.35 E.0197
G1 X111.103 Y93.381 E.02526
G1 X112.074 Y93.471 E.02904
G1 X112.863 Y93.588 E.02375
G1 X113.594 Y93.732 E.02221
G1 X114.318 Y93.909 E.02221
G1 X115.05 Y94.123 E.02269
G1 X116.049 Y94.477 E.03157
G1 X116.549 Y94.683 E.01613
G1 X117.447 Y95.094 E.0294
G1 X117.903 Y95.334 E.01536
G1 X117.746 Y95.719 F9000
M204 P1000
;TYPE:Outer wall
;WIDTH:0.419999
G1 F5400
G1 X117.921 Y95.812 E.00549
G1 X118.85 Y96.37 E.02989
G1 X119.332 Y96.698 E.01609
G1 X120.095 Y97.264 E.02623
G1 X120.521 Y97.623 E.01535
G1 X121.402 Y98.416 E.0327
G1 X121.907 Y98.935 E.01998
G1 X122.268 Y99.343 E.01505
G1 X122.851 Y100.055 E.02538
G1 X123.407 Y100.809 E.02585
G1 X123.711 Y101.271 E.01527
G1 X124.452 Y102.552 E.04084
G1 X124.741 Y103.138 E.01802
G1 X125.032 Y103.8 E.01996
G1 X125.294 Y104.478 E.02005
G1 X125.526 Y105.166 E.02005
G1 X125.695 Y105.752 E.01681
G1 X126.012 Y107.18 E.04036
G1 X126.18 Y108.366 E.03307
G1 X126.237 Y109.088 E.01997
G1 X126.262 Y109.814 E.02004
G1 X126.254 Y110.541 E.02005
G1 X126.215 Y111.192 E.01802
G1 X126.092 Y112.347 E.03203
G1 X125.971 Y113.065 E.0201
G1 X125.734 Y114.084 E.02886
G1 X125.528 Y114.826 E.02127
G1 X125.297 Y115.514 E.02002
G1 X125.035 Y116.192 E.02005
G1 X124.743 Y116.857 E.02005
G1 X124.421 Y117.509 E.02005
G1 X124.071 Y118.145 E.02005
G1 X123.771 Y118.636 E.01586
G1 X123.074 Y119.661 E.0342
G1 X122.627 Y120.237 E.02011
G1 X122.157 Y120.79 E.02005
G1 X121.662 Y121.322 E.02005
G1 X121.284 Y121.693 E.0146
G1 X120.876 Y122.072 E.01537
G1 X120.138 Y122.699 E.02672
G1 X119.395 Y123.259 E.02567
G1 X118.845 Y123.623 E.0182
G1 X118.143 Y124.057 E.02276
G1 X117.304 Y124.514 E.02637
G1 X116.624 Y124.836 E.02077
G1 X115.953 Y125.117 E.02006
G1 X115.197 Y125.392 E.02221
G1 X114.229 Y125.686 E.0279
G1 X113.6 Y125.84 E.01788
G1 X112.803 Y126.002 E.02242
G1 X111.73 Y126.152 E.02991
G1 X111.207 Y126.197 E.01446
G1 X110.276 Y126.242 E.02572
G1 X109.652 Y126.239 E.01723
G1 X109.082 Y126.215 E.01575
G1 X108.116 Y126.135 E.02674
G1 X107.209 Y125.998 E.0253
G1 X106.309 Y125.821 E.02531
G1 X105.757 Y125.679 E.01573
G1 X104.909 Y125.428 E.0244
G1 X104.301 Y125.211 E.0178
G1 X103.434 Y124.855 E.02587
G1 X102.599 Y124.464 E.02543
G1 X101.924 Y124.1 E.02116
G1 X101.301 Y123.726 E.02006
G1 X100.696 Y123.323 E.02006
G1 X100.048 Y122.847 E.0222
G1 X99.304 Y122.235 E.02658
G1 X98.905 Y121.872 E.01489
G1 X98.218 Y121.197 E.02657
G1 X97.831 Y120.772 E.01586
G1 X97.263 Y120.101 E.02425
G1 X96.779 Y119.458 E.02219
G1 X96.216 Y118.62 E.02788
G1 X95.87 Y118.04 E.01861
G1 X95.499 Y117.354 E.02154
G1 X95.184 Y116.699 E.02005
G1 X94.871 Y115.958 E.02219
G1 X94.59 Y115.177 E.02289
G1 X94.345 Y114.392 E.02272
G1 X94.143 Y113.605 E.0224
G1 X94 Y112.908 E.01963
G1 X93.884 Y112.176 E.02046
G1 X93.796 Y111.377 E.02219
G1 X93.747 Y110.479 E.02481
G1 X93.741 Y109.64 E.02315
G1 X93.774 Y108.914 E.02005
G1 X93.859 Y108.064 E.02356
G1 X93.996 Y107.113 E.02653
G1 X94.104 Y106.586 E.01484
G1 X94.318 Y105.696 E.02524
G1 X94.527 Y105 E.02005
G1 X94.801 Y104.239 E.02233
G1 X95.158 Y103.362 E.02612
G1 X95.395 Y102.862 E.01526
G1 X95.839 Y102.011 E.02648
G1 X96.253 Y101.322 E.02219
G1 X96.696 Y100.665 E.02186
G1 X97.185 Y100.002 E.02273
G1 X97.723 Y99.345 E.02343
G1 X98.178 Y98.845 E.01864
G1 X98.725 Y98.292 E.02147
G1 X99.263 Y97.808 E.01997
G1 X99.99 Y97.2 E.02616
G1 X100.433 Y96.867 E.01528
G1 X101.232 Y96.319 E.02672
G1 X101.986 Y95.865 E.0243
G1 X102.517 Y95.585 E.01657
G1 X103.36 Y95.173 E.02588
G1 X104.217 Y94.816 E.0256
G1 X104.778 Y94.617 E.01644
G1 X105.671 Y94.348 E.02573
G1 X106.575 Y94.12 E.02574
G1 X107.136 Y94.012 E.01575
G1 X107.699 Y93.922 E.01575
G1 X108.663 Y93.812 E.02675
G1 X109.614 Y93.76 E.02629
G1 X110.253 Y93.764 E.01763
G1 X111.078 Y93.794 E.02278
G1 X112.03 Y93.882 E.02639
G1 X112.8 Y93.997 E.02149
G1 X113.514 Y94.138 E.02006
G1 X114.22 Y94.311 E.02006
G1 X114.923 Y94.516 E.0202
G1 X115.91 Y94.866 E.02892
G1 X116.389 Y95.065 E.0143
G1 X117.27 Y95.468 E.02673
G1 X117.71 Y95.7 E.01373
G1 E-.7 F2400
;WIPE_START
G1 F5400
G1 X117.921 Y95.812 E-.07167
G1 X118.574 Y96.204 E-.22833
;WIPE_END
G1 Z5 F9000
G1 X126.689 Y113.335
G1 Z5
G1 Z4.6
G1 E1 F2700
M204 P2500
;TYPE:Sparse infill
;WIDTH:0.45
G1 F10800
G1 X126.844 Y112.454 E.02665
G1 X126.927 Y111.725 E.02185
G1 X131.779 Y106.874 E.20436
G1 X131.674 Y106.206 E.02015
G1 X131.517 Y105.401 E.02441
G1 X131.223 Y104.195 E.03698
G1 X130.863 Y103.012 E.03683
G1 X130.476 Y101.959 E.03342
G1 X126.518 Y105.917 E.16672
G1 X126.254 Y104.949 E.02989
G1 X126.009 Y104.219 E.02293
G1 X125.73 Y103.502 E.02292
G1 X125.428 Y102.815 E.02234
G1 X125.088 Y102.126 E.02288
G1 X124.728 Y101.49 E.02179
G1 X128.346 Y97.871 E.15244
G1 X128.103 Y97.505 E.0131
G1 X127.368 Y96.504 E.03698
G1 X126.581 Y95.55 E.03684
G1 X125.74 Y94.641 E.03689
G1 X125.547 Y94.453 E.00803
G1 X122.029 Y97.971 E.1482
G1 X121.376 Y97.349 E.02686
G1 X120.579 Y96.679 E.03102
G1 X119.908 Y96.172 E.02504
G1 X119.258 Y95.729 E.02345
G1 X118.506 Y95.277 E.02614
G1 X122.122 Y91.66 E.15235
G1 X120.853 Y90.88 E.04438
G1 X119.76 Y90.3 E.03687
G1 X118.631 Y89.782 E.037
G1 X118.027 Y89.538 E.01939
G1 X114.072 Y93.493 E.16663
G1 X112.952 Y93.253 E.03411
G1 X112.199 Y93.137 E.02269
G1 X111.408 Y93.053 E.0237
G1 X110.665 Y93.008 E.02217
G1 X109.588 Y93.001 E.03209
G1 X108.777 Y93.039 E.02417
G1 X108.26 Y93.088 E.01548
G1 X113.1 Y88.247 E.2039
G1 X112.676 Y88.183 E.01276
G1 X111.443 Y88.068 E.03691
G1 X110.378 Y88.026 E.03175
G1 X109.384 Y88.029 E.0296
G1 X108.145 Y88.098 E.03695
G1 X106.888 Y88.241 E.03767
G1 X88.223 Y106.907 E.78627
G1 X88.327 Y106.201 E.02124
G1 X88.483 Y105.401 E.02429
G1 X88.777 Y104.195 E.03697
G1 X89.139 Y103.008 E.03697
G1 X89.413 Y102.24 E.02429
G1 X89.886 Y101.087 E.0371
G1 X90.23 Y100.348 E.02429
G1 X90.807 Y99.249 E.03698
G1 X91.445 Y98.186 E.03693
G1 X91.964 Y97.41 E.0278
G1 X92.631 Y96.505 E.03349
G1 X93.422 Y95.546 E.03701
G1 X93.97 Y94.942 E.0243
G1 X94.886 Y94.026 E.03858
G1 X95.452 Y93.509 E.02284
G1 X96.115 Y92.958 E.02566
G1 X93.313 Y106.662 F9000
G1 F10800
G1 X93.132 Y107.717 E.03187
G1 X93.075 Y108.272 E.01662
G1 X88.226 Y113.121 E.20427
G1 X88.363 Y114.001 E.02651
G1 X88.527 Y114.8 E.02428
G1 X88.833 Y116.003 E.037
G1 X89.168 Y117.076 E.03348
G1 X89.524 Y118.041 E.03063
G1 X93.481 Y114.084 E.16668
G1 X93.583 Y114.493 E.01254
G1 X93.803 Y115.23 E.0229
G1 X94.155 Y116.21 E.03103
G1 X94.485 Y116.995 E.02537
G1 X94.828 Y117.71 E.02362
G1 X95.269 Y118.514 E.0273
G1 X91.658 Y122.125 E.15211
G1 X92.018 Y122.667 E.01938
G1 X92.759 Y123.657 E.03685
G1 X93.558 Y124.607 E.03698
G1 X94.112 Y125.206 E.0243
G1 X94.456 Y125.544 E.01435
G1 X97.973 Y122.027 E.14816
G1 X98.756 Y122.767 E.0321
G1 X99.587 Y123.45 E.03204
G1 X100.27 Y123.953 E.02526
G1 X100.901 Y124.371 E.02256
G1 X101.492 Y124.726 E.02051
G1 X97.882 Y128.336 E.15207
G1 X98.265 Y128.593 E.01375
G1 X98.964 Y129.015 E.02431
G1 X100.056 Y129.606 E.037
G1 X101.175 Y130.134 E.03686
G1 X101.977 Y130.458 E.02576
G1 X105.928 Y126.507 E.16643
G1 X106.869 Y126.714 E.02871
G1 X107.987 Y126.885 E.03369
G1 X108.755 Y126.959 E.02297
G1 X109.517 Y126.997 E.02273
G1 X110.291 Y127.002 E.02305
G1 X111.035 Y126.973 E.02218
G1 X111.74 Y126.913 E.02107
G1 X106.902 Y131.751 E.2038
G1 X107.529 Y131.84 E.01887
G1 X108.767 Y131.944 E.03701
G1 X109.587 Y131.975 E.02445
G1 X110.408 Y131.975 E.02445
G1 X111.654 Y131.917 E.03715
G1 X112.467 Y131.84 E.02431
G1 X113.123 Y131.748 E.01973
G1 X131.777 Y113.093 E.78581
G1 X131.709 Y113.59 E.01494
G1 X131.471 Y114.808 E.03697
G1 X131.278 Y115.601 E.02429
G1 X130.926 Y116.796 E.0371
G1 X130.659 Y117.566 E.02429
G1 X130.198 Y118.721 E.03706
G1 X129.808 Y119.57 E.0278
G1 X129.293 Y120.569 E.03349
G1 X128.665 Y121.641 E.03701
G1 X128.22 Y122.324 E.0243
G1 X127.494 Y123.331 E.03698
G1 X126.714 Y124.295 E.03694
G1 X126.091 Y124.991 E.02781
G1 X125.176 Y125.912 E.03867
G1 X124.702 Y126.353 E.01929
G1 X123.954 Y126.987 E.02921
; stop printing object Генератор.stl id:18446744073679698525 copy 0
;LAYER_CHANGE
;Z:4.8
;HEIGHT:0.2
;BEFORE_LAYER_CHANGE
;4.8
G92 E0

G1 E-.77778 F2400
;WIPE_START
G1 F10800
G1 X124.702 Y126.353 E-.21793
G1 X124.716 Y126.34 E-.00429
;WIPE_END
;_SET_FAN_SPEED_CHANGING_LAYER
; printing object Генератор.stl id:18446744073679698525 copy 0
G17
G3 Z5.2 I1.144 J.414 P1  F9000
G1 X132.017 Y106.158 Z5.2
G1 Z4.8
G1 E1 F2700
M204 P2000
;TYPE:Inner wall
;WIDTH:0.449999
G1 F7200
G1 X132.144 Y106.97 E.02449
G1 X132.28 Y108.223 E.03754
G1 X132.336 Y109.26 E.03092
G1 X132.348 Y110.313 E.03136
G1 X132.295 Y111.571 E.03752
G1 X132.221 Y112.4 E.02477
G1 X132.05 Y113.647 E.0375
G1 X131.81 Y114.881 E.03746
G1 X131.575 Y115.827 E.02901
G1 X131.256 Y116.9 E.03336
G1 X130.984 Y117.687 E.02479
G1 X130.515 Y118.859 E.03759
G1 X130.171 Y119.616 E.02477
G1 X129.596 Y120.736 E.03751
G1 X128.959 Y121.823 E.03751
G1 X128.505 Y122.52 E.02478
G1 X127.767 Y123.544 E.03759
G1 X127.25 Y124.196 E.02479
G1 X126.422 Y125.144 E.03751
G1 X125.542 Y126.044 E.03748
G1 X124.826 Y126.705 E.02903
G1 X123.971 Y127.426 E.0333
G1 X122.967 Y128.183 E.03746
G1 X121.921 Y128.885 E.03753
G1 X121.208 Y129.315 E.02479
G1 X120.1 Y129.915 E.03754
G1 X118.96 Y130.452 E.03753
G1 X118.191 Y130.772 E.0248
G1 X117.006 Y131.2 E.03753
G1 X115.799 Y131.56 E.03754
G1 X114.991 Y131.761 E.0248
G1 X113.755 Y132.008 E.03754
G1 X112.507 Y132.184 E.03754
G1 X111.678 Y132.262 E.0248
G1 X110.416 Y132.321 E.03763
G1 X109.581 Y132.321 E.02489
G1 X108.746 Y132.29 E.02488
G1 X107.49 Y132.184 E.03755
G1 X106.245 Y132.008 E.03745
G1 X105.009 Y131.761 E.03754
G1 X104.201 Y131.56 E.0248
G1 X102.994 Y131.2 E.03754
G1 X101.808 Y130.771 E.03754
G1 X101.039 Y130.452 E.0248
G1 X99.9 Y129.915 E.03753
G1 X98.793 Y129.315 E.03749
G1 X97.961 Y128.808 E.02903
G1 X97.033 Y128.184 E.0333
G1 X96.027 Y127.424 E.03755
G1 X95.386 Y126.891 E.02484
G1 X94.661 Y126.236 E.02911
G1 X93.864 Y125.448 E.03338
G1 X93.299 Y124.836 E.0248
G1 X92.488 Y123.872 E.03752
G1 X91.735 Y122.866 E.03743
G1 X91.038 Y121.818 E.03751
G1 X90.61 Y121.104 E.02478
G1 X90.013 Y119.992 E.0376
G1 X89.655 Y119.242 E.02478
G1 X89.165 Y118.081 E.0375
G1 X88.742 Y116.896 E.0375
G1 X88.5 Y116.1 E.02478
G1 X88.19 Y114.878 E.03755
G1 X87.998 Y113.923 E.02901
G1 X87.828 Y112.819 E.03328
G1 X87.705 Y111.567 E.03748
G1 X87.658 Y110.594 E.02901
G1 X87.656 Y109.475 E.03332
G1 X87.701 Y108.502 E.02903
G1 X87.803 Y107.389 E.03328
G1 X87.985 Y106.143 E.03752
G1 X88.145 Y105.327 E.02477
G1 X88.443 Y104.103 E.03751
G1 X88.81 Y102.899 E.0375
G1 X89.089 Y102.116 E.02478
G1 X89.569 Y100.948 E.03759
G1 X89.92 Y100.195 E.02477
G1 X90.506 Y99.08 E.03751
G1 X91.153 Y97.999 E.03751
G1 X91.613 Y97.307 E.02478
G1 X92.36 Y96.289 E.0376
G1 X92.884 Y95.642 E.02479
G1 X93.721 Y94.702 E.03751
G1 X94.61 Y93.81 E.03748
G1 X95.332 Y93.156 E.02903
G1 X96.195 Y92.441 E.03338
G1 X96.86 Y91.94 E.02481
G1 X97.903 Y91.227 E.03762
G1 X98.611 Y90.79 E.02479
G1 X99.713 Y90.179 E.03753
G1 X100.845 Y89.633 E.03745
G1 X102.009 Y89.15 E.03754
G1 X102.792 Y88.867 E.0248
G1 X103.996 Y88.495 E.03754
G1 X105.219 Y88.191 E.03754
G1 X106.039 Y88.027 E.02488
G1 X106.863 Y87.895 E.02489
G1 X108.116 Y87.754 E.03755
G1 X109.373 Y87.683 E.0375
G1 X110.348 Y87.678 E.02904
G1 X111.465 Y87.722 E.03332
G1 X112.718 Y87.84 E.03748
G1 X113.964 Y88.028 E.03754
G1 X114.781 Y88.191 E.0248
G1 X116.007 Y88.495 E.03763
G1 X116.804 Y88.734 E.0248
G1 X117.996 Y89.152 E.03762
G1 X118.768 Y89.464 E.0248
G1 X119.913 Y89.99 E.03753
G1 X121.024 Y90.579 E.03745
G1 X122.102 Y91.23 E.03753
G1 X122.796 Y91.695 E.02488
G1 X123.472 Y92.185 E.02487
G1 X124.458 Y92.974 E.03761
G1 X125.083 Y93.524 E.02479
G1 X125.989 Y94.399 E.03752
G1 X126.842 Y95.322 E.03743
G1 X127.641 Y96.292 E.03743
G1 X128.387 Y97.307 E.03751
G1 X128.847 Y97.999 E.02478
G1 X129.496 Y99.082 E.0376
G1 X129.89 Y99.816 E.02483
G1 X130.316 Y100.696 E.0291
G1 X130.758 Y101.722 E.03328
G1 X131.191 Y102.902 E.03744
G1 X131.557 Y104.103 E.03741
G1 X131.855 Y105.327 E.0375
G1 X132.01 Y106.119 E.02403
G1 X132.426 Y106.094 F9000
M204 P1000
;TYPE:Outer wall
;WIDTH:0.419999
G1 F5400
G1 X132.554 Y106.916 E.02296
G1 X132.692 Y108.189 E.03533
G1 X132.749 Y109.255 E.02945
G1 X132.762 Y110.319 E.02936
G1 X132.708 Y111.599 E.03534
G1 X132.632 Y112.446 E.02348
G1 X132.458 Y113.714 E.03533
G1 X132.214 Y114.971 E.03531
G1 X131.974 Y115.935 E.02742
G1 X131.65 Y117.027 E.03142
G1 X131.371 Y117.831 E.02349
G1 X130.896 Y119.021 E.03536
G1 X130.543 Y119.796 E.02348
G1 X129.959 Y120.935 E.03533
G1 X129.311 Y122.04 E.03533
G1 X128.846 Y122.754 E.02349
G1 X128.097 Y123.794 E.03536
G1 X127.568 Y124.46 E.0235
G1 X126.725 Y125.425 E.03534
G1 X125.83 Y126.341 E.03533
G1 X125.1 Y127.015 E.02744
G1 X124.229 Y127.749 E.03141
G1 X123.207 Y128.52 E.03533
G1 X122.143 Y129.233 E.03535
G1 X121.414 Y129.674 E.0235
G1 X120.287 Y130.284 E.03536
G1 X119.128 Y130.831 E.03535
G1 X118.341 Y131.157 E.02351
G1 X117.136 Y131.592 E.03535
G1 X115.908 Y131.959 E.03536
G1 X115.081 Y132.165 E.0235
G1 X113.824 Y132.415 E.03536
G1 X112.555 Y132.595 E.03536
G1 X111.707 Y132.675 E.0235
G1 X110.426 Y132.735 E.03539
G1 X109.573 Y132.735 E.02353
G1 X108.721 Y132.703 E.02353
G1 X107.444 Y132.595 E.03537
G1 X106.176 Y132.415 E.03534
G1 X104.919 Y132.165 E.03536
G1 X104.092 Y131.959 E.0235
G1 X102.864 Y131.592 E.03536
G1 X101.659 Y131.157 E.03536
G1 X100.872 Y130.83 E.02351
G1 X99.713 Y130.284 E.03535
G1 X98.587 Y129.674 E.03534
G1 X97.737 Y129.156 E.02744
G1 X96.793 Y128.52 E.03141
G1 X95.77 Y127.748 E.03536
G1 X95.115 Y127.204 E.02351
G1 X94.376 Y126.536 E.02746
G1 X93.567 Y125.735 E.03143
G1 X92.989 Y125.11 E.0235
G1 X92.164 Y124.129 E.03534
G1 X91.397 Y123.105 E.03531
G1 X90.688 Y122.038 E.03534
G1 X90.251 Y121.308 E.02349
G1 X89.644 Y120.179 E.03536
G1 X89.277 Y119.411 E.02349
G1 X88.78 Y118.231 E.03533
G1 X88.35 Y117.025 E.03533
G1 X88.102 Y116.211 E.02349
G1 X87.786 Y114.97 E.03534
G1 X87.591 Y113.995 E.02742
G1 X87.418 Y112.871 E.03139
G1 X87.292 Y111.597 E.03532
G1 X87.245 Y110.604 E.02742
G1 X87.242 Y109.466 E.0314
G1 X87.288 Y108.473 E.02743
G1 X87.392 Y107.34 E.03139
G1 X87.578 Y106.073 E.03533
G1 X87.74 Y105.238 E.02348
G1 X88.044 Y103.994 E.03533
G1 X88.417 Y102.769 E.03532
G1 X88.703 Y101.968 E.02349
G1 X89.19 Y100.782 E.03535
G1 X89.55 Y100.011 E.02348
G1 X90.145 Y98.877 E.03534
G1 X90.803 Y97.778 E.03533
G1 X91.274 Y97.07 E.02349
G1 X92.033 Y96.037 E.03536
G1 X92.569 Y95.375 E.0235
G1 X93.42 Y94.418 E.03534
G1 X94.324 Y93.511 E.03533
G1 X95.061 Y92.843 E.02744
G1 X95.939 Y92.117 E.03144
G1 X96.619 Y91.604 E.0235
G1 X97.677 Y90.88 E.03538
G1 X98.402 Y90.433 E.0235
G1 X99.523 Y89.812 E.03536
G1 X100.676 Y89.255 E.03533
G1 X101.86 Y88.764 E.03536
G1 X102.661 Y88.475 E.0235
G1 X103.885 Y88.096 E.03536
G1 X105.129 Y87.787 E.03536
G1 X105.965 Y87.62 E.02353
G1 X106.807 Y87.485 E.02353
G1 X108.081 Y87.341 E.03537
G1 X109.36 Y87.269 E.03535
G1 X110.355 Y87.264 E.02745
G1 X111.493 Y87.309 E.03143
G1 X112.769 Y87.429 E.03535
G1 X114.036 Y87.621 E.03536
G1 X114.871 Y87.787 E.0235
G1 X116.116 Y88.096 E.03539
G1 X116.932 Y88.34 E.0235
G1 X118.142 Y88.765 E.03539
G1 X118.932 Y89.084 E.02351
G1 X120.096 Y89.619 E.03535
G1 X121.228 Y90.219 E.03533
G1 X122.324 Y90.881 E.03535
G1 X123.033 Y91.356 E.02352
G1 X123.723 Y91.857 E.02352
G1 X124.724 Y92.657 E.03538
G1 X125.363 Y93.22 E.02349
G1 X126.284 Y94.11 E.03535
G1 X127.153 Y95.05 E.03532
G1 X127.968 Y96.037 E.03531
G1 X128.726 Y97.07 E.03534
G1 X129.197 Y97.778 E.02349
G1 X129.856 Y98.878 E.03536
G1 X130.259 Y99.628 E.0235
G1 X130.692 Y100.524 E.02745
G1 X131.142 Y101.569 E.03139
G1 X131.583 Y102.77 E.03531
G1 X131.956 Y103.994 E.0353
G1 X132.26 Y105.238 E.03533
G1 X132.419 Y106.055 E.02296
G1 E-.7 F2400
;WIPE_START
G1 F5400
G1 X132.554 Y106.916 E-.2616
G1 X132.568 Y107.043 E-.0384
;WIPE_END
G17
G3 Z5.2 I.758 J-.952 P1  F9000
G1 X117.802 Y95.277 Z5.2
G1 Z4.8
G1 E1 F2700
M204 P2000
;TYPE:Inner wall
;WIDTH:0.449999
G1 F7200
G1 X118.246 Y95.524 E.01514
G1 X119.069 Y96.02 E.02861
G1 X119.567 Y96.361 E.018
G1 X120.569 Y97.114 E.03734
G1 X121.139 Y97.603 E.02236
G1 X121.683 Y98.112 E.0222
G1 X122.203 Y98.646 E.0222
G1 X122.586 Y99.075 E.01711
G1 X123.194 Y99.815 E.02856
G1 X123.758 Y100.591 E.02858
G1 X124.059 Y101.048 E.01628
G1 X124.567 Y101.898 E.02951
G1 X125.108 Y102.947 E.03515
G1 X125.411 Y103.634 E.02236
G1 X125.801 Y104.674 E.03308
G1 X126.025 Y105.391 E.02239
G1 X126.216 Y106.111 E.02219
G1 X126.373 Y106.84 E.02219
G1 X126.498 Y107.574 E.02219
G1 X126.591 Y108.313 E.02219
G1 X126.649 Y109.056 E.02219
G1 X126.675 Y109.8 E.02219
G1 X126.667 Y110.545 E.02219
G1 X126.576 Y111.757 E.03619
G1 X126.503 Y112.394 E.01911
G1 X126.378 Y113.134 E.02235
G1 X126.264 Y113.669 E.01629
G1 X125.928 Y114.933 E.03898
G1 X125.689 Y115.646 E.02239
G1 X125.421 Y116.341 E.02219
G1 X125.121 Y117.024 E.02219
G1 X124.792 Y117.692 E.02219
G1 X124.433 Y118.345 E.02219
G1 X123.811 Y119.33 E.0347
G1 X122.91 Y120.543 E.045
G1 X122.472 Y121.058 E.02016
G1 X121.964 Y121.604 E.0222
G1 X121.054 Y122.468 E.03739
G1 X120.403 Y123.016 E.02534
G1 X119.634 Y123.596 E.02869
G1 X118.834 Y124.127 E.02861
G1 X118.364 Y124.407 E.0163
G1 X117.497 Y124.879 E.02941
G1 X116.8 Y125.21 E.02297
G1 X116.113 Y125.499 E.02221
G1 X115.318 Y125.788 E.02519
G1 X114.349 Y126.082 E.03017
G1 X113.698 Y126.242 E.01996
G1 X112.888 Y126.406 E.02462
G1 X112.052 Y126.531 E.02519
G1 X111.217 Y126.609 E.02498
G1 X110.293 Y126.656 E.02756
G1 X109.65 Y126.653 E.01915
G1 X109.061 Y126.628 E.01755
G1 X108.077 Y126.547 E.02942
G1 X107.147 Y126.407 E.028
G1 X106.224 Y126.225 E.02803
G1 X105.15 Y125.938 E.0331
G1 X104.436 Y125.703 E.02241
G1 X103.84 Y125.478 E.01896
G1 X103.312 Y125.256 E.01707
G1 X102.419 Y124.836 E.0294
G1 X101.727 Y124.464 E.02339
G1 X101.004 Y124.026 E.02518
G1 X100.282 Y123.533 E.02605
G1 X99.571 Y122.999 E.02648
G1 X99.067 Y122.576 E.01961
G1 X98.528 Y122.087 E.02168
G1 X97.924 Y121.489 E.02531
G1 X97.525 Y121.05 E.01767
G1 X96.915 Y120.316 E.02843
G1 X96.351 Y119.566 E.02794
G1 X95.869 Y118.846 E.02582
G1 X95.515 Y118.252 E.02058
G1 X95.135 Y117.549 E.02381
G1 X94.806 Y116.86 E.02274
G1 X94.437 Y115.975 E.02856
G1 X94.138 Y115.142 E.02636
G1 X93.952 Y114.522 E.01927
G1 X93.742 Y113.706 E.02511
G1 X93.592 Y112.976 E.02219
G1 X93.475 Y112.241 E.02219
G1 X93.392 Y111.5 E.0222
G1 X93.329 Y110.392 E.03307
G1 X93.328 Y109.64 E.0224
G1 X93.371 Y108.856 E.02338
G1 X93.443 Y108.042 E.02435
G1 X93.585 Y107.063 E.02947
G1 X93.698 Y106.503 E.01702
G1 X93.917 Y105.595 E.0278
G1 X94.131 Y104.879 E.02228
G1 X94.411 Y104.085 E.02509
G1 X94.788 Y103.176 E.02929
G1 X95.022 Y102.683 E.01627
G1 X95.475 Y101.816 E.02913
G1 X95.855 Y101.175 E.0222
G1 X96.264 Y100.553 E.0222
G1 X96.701 Y99.948 E.0222
G1 X97.251 Y99.27 E.02601
G1 X97.883 Y98.555 E.02843
G1 X98.432 Y98.001 E.02324
G1 X98.981 Y97.496 E.02221
G1 X99.63 Y96.955 E.02518
G1 X100.211 Y96.521 E.02161
G1 X101.017 Y95.966 E.02912
G1 X101.506 Y95.668 E.01706
G1 X102.359 Y95.196 E.02907
G1 X103.211 Y94.788 E.02813
G1 X104.061 Y94.433 E.02744
G1 X104.64 Y94.227 E.01829
G1 X105.555 Y93.951 E.02847
G1 X106.482 Y93.718 E.02847
G1 X107.642 Y93.512 E.0351
G1 X108.623 Y93.4 E.02943
G1 X109.591 Y93.347 E.02887
G1 X110.277 Y93.35 E.02043
G1 X111.102 Y93.381 E.0246
G1 X112.074 Y93.471 E.02906
G1 X112.863 Y93.588 E.02375
G1 X113.594 Y93.732 E.02221
G1 X114.319 Y93.909 E.02221
G1 X115.122 Y94.147 E.02496
G1 X116.043 Y94.474 E.02911
G1 X117.109 Y94.931 E.03455
G1 X117.767 Y95.258 E.02188
G1 X117.603 Y95.639 F9000
M204 P1000
;TYPE:Outer wall
;WIDTH:0.419999
G1 F5400
G1 X118.852 Y96.371 E.03994
G1 X119.333 Y96.702 E.01612
G1 X120.32 Y97.444 E.03406
G1 X120.87 Y97.916 E.02002
G1 X121.4 Y98.414 E.02006
G1 X121.907 Y98.934 E.02005
G1 X122.277 Y99.35 E.01534
G1 X122.872 Y100.075 E.0259
G1 X123.423 Y100.833 E.02586
G1 X123.711 Y101.271 E.01446
G1 X124.208 Y102.104 E.02678
G1 X124.74 Y103.136 E.03202
G1 X125.032 Y103.8 E.02002
G1 X125.414 Y104.819 E.03
G1 X125.631 Y105.514 E.0201
G1 X125.816 Y106.217 E.02004
G1 X125.969 Y106.927 E.02005
G1 X126.091 Y107.643 E.02004
G1 X126.18 Y108.364 E.02004
G1 X126.237 Y109.088 E.02004
G1 X126.262 Y109.814 E.02004
G1 X126.254 Y110.541 E.02005
G1 X126.165 Y111.71 E.03234
G1 X126.092 Y112.347 E.0177
G1 X125.971 Y113.065 E.02009
G1 X125.859 Y113.581 E.01458
G1 X125.529 Y114.824 E.03547
G1 X125.297 Y115.514 E.0201
G1 X125.035 Y116.192 E.02005
G1 X124.743 Y116.857 E.02005
G1 X124.421 Y117.509 E.02005
G1 X124.071 Y118.145 E.02005
G1 X123.468 Y119.099 E.03113
G1 X122.595 Y120.275 E.0404
G1 X122.155 Y120.792 E.01874
G1 X121.662 Y121.322 E.01999
G1 X120.778 Y122.16 E.03361
G1 X120.141 Y122.696 E.02296
G1 X119.388 Y123.264 E.02602
G1 X118.606 Y123.782 E.02588
G1 X118.155 Y124.051 E.01449
G1 X117.303 Y124.514 E.02673
G1 X116.624 Y124.836 E.02076
G1 X115.953 Y125.117 E.02006
G1 X115.177 Y125.399 E.02277
G1 X114.229 Y125.686 E.02733
G1 X113.6 Y125.84 E.01788
G1 X112.808 Y126.001 E.0223
G1 X111.991 Y126.122 E.02278
G1 X111.178 Y126.197 E.02252
G1 X110.276 Y126.242 E.02492
G1 X109.652 Y126.239 E.01723
G1 X109.082 Y126.215 E.01575
G1 X108.116 Y126.135 E.02675
G1 X107.209 Y125.998 E.0253
G1 X106.309 Y125.821 E.02532
G1 X105.258 Y125.539 E.03003
G1 X104.565 Y125.311 E.02012
G1 X103.987 Y125.091 E.01705
G1 X103.476 Y124.876 E.0153
G1 X102.599 Y124.464 E.02673
G1 X101.924 Y124.1 E.02116
G1 X101.219 Y123.672 E.02277
G1 X100.515 Y123.191 E.02351
G1 X99.823 Y122.67 E.02391
G1 X99.332 Y122.259 E.01766
G1 X98.807 Y121.782 E.01957
G1 X98.218 Y121.197 E.02293
G1 X97.831 Y120.772 E.01586
G1 X97.236 Y120.055 E.0257
G1 X96.686 Y119.324 E.02525
G1 X96.215 Y118.618 E.02341
G1 X95.87 Y118.04 E.01856
G1 X95.499 Y117.354 E.02154
G1 X95.18 Y116.683 E.0205
G1 X94.82 Y115.818 E.02584
G1 X94.529 Y115.006 E.0238
G1 X94.348 Y114.404 E.01734
G1 X94.143 Y113.605 E.02275
G1 X93.997 Y112.894 E.02004
G1 X93.884 Y112.176 E.02004
G1 X93.803 Y111.454 E.02005
G1 X93.741 Y110.369 E.03
G1 X93.741 Y109.64 E.02011
G1 X93.784 Y108.879 E.02102
G1 X93.854 Y108.088 E.02191
G1 X93.994 Y107.127 E.02679
G1 X94.104 Y106.586 E.01525
G1 X94.318 Y105.696 E.02524
G1 X94.527 Y104.999 E.02007
G1 X94.801 Y104.222 E.02274
G1 X95.17 Y103.335 E.02651
G1 X95.395 Y102.862 E.01446
G1 X95.839 Y102.011 E.02647
G1 X96.211 Y101.387 E.02005
G1 X96.61 Y100.78 E.02005
G1 X97.036 Y100.191 E.02006
G1 X97.572 Y99.531 E.02346
G1 X98.189 Y98.833 E.02569
G1 X98.725 Y98.292 E.02102
G1 X99.26 Y97.801 E.02006
G1 X99.894 Y97.272 E.02277
G1 X100.458 Y96.852 E.0194
G1 X101.245 Y96.31 E.02637
G1 X101.719 Y96.022 E.01529
G1 X102.555 Y95.56 E.02637
G1 X103.387 Y95.163 E.02544
G1 X104.217 Y94.816 E.0248
G1 X104.778 Y94.617 E.01643
G1 X105.671 Y94.348 E.02573
G1 X106.575 Y94.12 E.02574
G1 X107.699 Y93.922 E.0315
G1 X108.663 Y93.812 E.02675
G1 X109.61 Y93.76 E.02619
G1 X111.077 Y93.794 E.04048
G1 X112.03 Y93.882 E.02641
G1 X112.8 Y93.997 E.02149
G1 X113.514 Y94.138 E.02006
G1 X114.22 Y94.311 E.02007
G1 X115.004 Y94.544 E.02257
G1 X115.904 Y94.864 E.02634
G1 X116.945 Y95.31 E.03127
G1 X117.567 Y95.621 E.01919
G1 E-.7 F2400
;WIPE_START
G1 F5400
G1 X118.431 Y96.126 E-.3
;WIPE_END
G1 Z5.2 F9000
G1 X126.689 Y113.335
G1 Z5.2
G1 Z4.8
G1 E1 F2700
M204 P2500
;TYPE:Sparse infill
;WIDTH:0.45
G1 F10800
G1 X126.844 Y112.454 E.02663
G1 X126.928 Y111.725 E.02187
G1 X131.779 Y106.874 E.20435
G1 X131.674 Y106.206 E.02015
G1 X131.517 Y105.401 E.02442
G1 X131.223 Y104.195 E.03697
G1 X130.863 Y103.012 E.03683
G1 X130.476 Y101.959 E.03342
G1 X126.521 Y105.914 E.16659
G1 X126.358 Y105.296 E.01904
G1 X126.128 Y104.56 E.02295
G1 X125.732 Y103.504 E.03361
G1 X125.424 Y102.806 E.02272
G1 X124.964 Y101.895 E.03041
G1 X124.73 Y101.488 E.01399
G1 X128.346 Y97.871 E.15236
G1 X128.103 Y97.505 E.0131
G1 X127.368 Y96.504 E.03698
G1 X126.581 Y95.55 E.03685
G1 X125.741 Y94.641 E.03685
G1 X125.547 Y94.453 E.00806
G1 X122.029 Y97.971 E.14819
G1 X121.374 Y97.348 E.02691
G1 X120.795 Y96.851 E.02274
G1 X119.982 Y96.226 E.03055
G1 X119.259 Y95.73 E.02612
G1 X118.508 Y95.274 E.02616
G1 X122.122 Y91.66 E.15225
G1 X120.853 Y90.88 E.04438
G1 X119.76 Y90.3 E.03687
G1 X118.631 Y89.782 E.037
G1 X118.027 Y89.538 E.01939
G1 X114.072 Y93.493 E.16664
G1 X112.952 Y93.253 E.03411
G1 X112.199 Y93.137 E.02269
G1 X111.408 Y93.053 E.0237
G1 X110.666 Y93.008 E.02216
G1 X109.609 Y93 E.03147
G1 X108.777 Y93.039 E.0248
G1 X108.26 Y93.088 E.01549
G1 X113.1 Y88.247 E.2039
G1 X112.676 Y88.183 E.01276
G1 X111.442 Y88.068 E.03691
G1 X110.401 Y88.026 E.03104
G1 X109.383 Y88.029 E.03032
G1 X108.145 Y88.098 E.03694
G1 X106.888 Y88.241 E.03767
G1 X88.223 Y106.907 E.78627
G1 X88.327 Y106.201 E.02124
G1 X88.483 Y105.401 E.02429
G1 X88.777 Y104.195 E.03698
G1 X89.139 Y103.008 E.03696
G1 X89.413 Y102.24 E.02429
G1 X89.886 Y101.087 E.0371
G1 X90.23 Y100.348 E.02429
G1 X90.807 Y99.249 E.03698
G1 X91.445 Y98.184 E.03698
G1 X91.897 Y97.505 E.0243
G1 X92.635 Y96.501 E.03711
G1 X93.148 Y95.866 E.02431
G1 X93.973 Y94.939 E.03698
G1 X94.882 Y94.031 E.03827
G1 X95.558 Y93.417 E.02719
G1 X96.109 Y92.962 E.02131
G1 X93.312 Y106.67 F9000
G1 F10800
G1 X93.132 Y107.716 E.03162
G1 X93.068 Y108.279 E.01688
G1 X88.225 Y113.122 E.20402
G1 X88.339 Y113.863 E.02232
G1 X88.527 Y114.801 E.02851
G1 X88.833 Y116.007 E.03704
G1 X89.071 Y116.787 E.0243
G1 X89.524 Y118.041 E.03972
G1 X93.481 Y114.084 E.16667
G1 X93.583 Y114.493 E.01254
G1 X93.805 Y115.237 E.02313
G1 X94.065 Y115.978 E.0234
G1 X94.443 Y116.899 E.02966
G1 X94.811 Y117.675 E.02558
G1 X95.269 Y118.514 E.02845
G1 X91.658 Y122.125 E.15213
G1 X92.018 Y122.667 E.01938
G1 X92.759 Y123.657 E.03685
G1 X93.558 Y124.607 E.03698
G1 X94.113 Y125.207 E.02433
G1 X94.455 Y125.545 E.01432
G1 X97.973 Y122.027 E.1482
G1 X98.753 Y122.764 E.03198
G1 X99.345 Y123.261 E.023
G1 X99.97 Y123.738 E.02342
G1 X100.812 Y124.313 E.03037
G1 X101.491 Y124.726 E.02369
G1 X97.881 Y128.337 E.15211
G1 X98.965 Y129.015 E.03811
G1 X100.056 Y129.606 E.03694
G1 X101.18 Y130.136 E.037
G1 X101.972 Y130.463 E.02554
G1 X105.93 Y126.505 E.1667
G1 X106.869 Y126.714 E.02867
G1 X107.987 Y126.885 E.03369
G1 X108.755 Y126.959 E.02297
G1 X109.517 Y126.997 E.02273
G1 X110.291 Y127.002 E.02305
G1 X111.071 Y126.97 E.02327
G1 X111.746 Y126.907 E.02017
G1 X106.902 Y131.751 E.20405
G1 X107.529 Y131.84 E.01887
G1 X108.767 Y131.944 E.03701
G1 X109.587 Y131.975 E.02445
G1 X110.408 Y131.975 E.02445
G1 X111.654 Y131.917 E.03715
G1 X112.467 Y131.84 E.02431
G1 X113.123 Y131.748 E.01973
G1 X131.777 Y113.093 E.78581
G1 X131.709 Y113.59 E.01494
G1 X131.472 Y114.807 E.03691
G1 X131.241 Y115.736 E.02852
G1 X130.927 Y116.794 E.0329
G1 X130.659 Y117.566 E.02432
G1 X130.197 Y118.723 E.03711
G1 X129.859 Y119.465 E.02429
G1 X129.293 Y120.57 E.03698
G1 X128.665 Y121.641 E.03698
G1 X128.22 Y122.324 E.0243
G1 X127.491 Y123.335 E.03711
G1 X126.984 Y123.974 E.0243
G1 X126.167 Y124.909 E.03698
G1 X125.19 Y125.898 E.04141
G1 X124.597 Y126.446 E.02404
G1 X123.969 Y126.975 E.02446
; stop printing object Генератор.stl id:18446744073679698525 copy 0
;LAYER_CHANGE
;Z:5
;HEIGHT:0.2
;BEFORE_LAYER_CHANGE
;5
G92 E0

G1 E-.77778 F2400
;WIPE_START
G1 F10800
G1 X124.597 Y126.446 E-.18248
G1 X124.728 Y126.324 E-.03975
;WIPE_END
;_SET_FAN_SPEED_CHANGING_LAYER
; printing object Генератор.stl id:18446744073679698525 copy 0
G17
G3 Z5.4 I1.144 J.414 P1  F9000
G1 X132.017 Y106.159 Z5.4
G1 Z5
G1 E1 F2700
M204 P2000
;TYPE:Inner wall
;WIDTH:0.449999
G1 F7200
G1 X132.165 Y107.134 E.02936
G1 X132.28 Y108.222 E.0326
G1 X132.337 Y109.284 E.03166
G1 X132.348 Y110.313 E.03064
G1 X132.295 Y111.571 E.03753
G1 X132.221 Y112.4 E.02477
G1 X132.05 Y113.647 E.0375
G1 X131.81 Y114.881 E.03746
G1 X131.569 Y115.85 E.02973
G1 X131.256 Y116.9 E.03265
G1 X130.984 Y117.687 E.0248
G1 X130.515 Y118.859 E.03759
G1 X130.171 Y119.616 E.02477
G1 X129.596 Y120.736 E.03751
G1 X128.959 Y121.823 E.03751
G1 X128.505 Y122.52 E.02479
G1 X127.767 Y123.544 E.03759
G1 X127.25 Y124.196 E.02479
G1 X126.421 Y125.144 E.03752
G1 X125.541 Y126.045 E.03751
G1 X124.932 Y126.612 E.02479
G1 X123.968 Y127.428 E.03761
G1 X123.309 Y127.935 E.02478
G1 X122.274 Y128.657 E.03758
G1 X121.427 Y129.186 E.02975
G1 X120.473 Y129.722 E.03258
G1 X119.345 Y130.28 E.03748
G1 X118.189 Y130.772 E.03745
G1 X117.006 Y131.2 E.03745
G1 X115.799 Y131.56 E.03754
G1 X114.991 Y131.761 E.0248
G1 X113.755 Y132.008 E.03754
G1 X112.507 Y132.184 E.03754
G1 X111.678 Y132.262 E.0248
G1 X110.416 Y132.321 E.03763
G1 X109.581 Y132.321 E.02489
G1 X108.746 Y132.29 E.02488
G1 X107.49 Y132.184 E.03755
G1 X106.245 Y132.008 E.03745
G1 X105.009 Y131.761 E.03754
G1 X104.201 Y131.56 E.0248
G1 X102.991 Y131.199 E.03763
G1 X102.205 Y130.923 E.0248
G1 X101.037 Y130.451 E.03753
G1 X99.9 Y129.915 E.03745
G1 X98.794 Y129.316 E.03744
G1 X97.722 Y128.655 E.03753
G1 X97.033 Y128.183 E.02488
G1 X96.361 Y127.687 E.02487
G1 X95.383 Y126.889 E.03762
G1 X94.763 Y126.333 E.02479
G1 X93.865 Y125.448 E.03756
G1 X93.19 Y124.712 E.02974
G1 X92.489 Y123.873 E.03257
G1 X91.735 Y122.866 E.03745
G1 X91.038 Y121.818 E.03751
G1 X90.61 Y121.104 E.02478
G1 X90.013 Y119.992 E.0376
G1 X89.655 Y119.242 E.02478
G1 X89.165 Y118.081 E.0375
G1 X88.742 Y116.895 E.03751
G1 X88.5 Y116.1 E.02477
G1 X88.189 Y114.877 E.03759
G1 X88.023 Y114.062 E.02477
G1 X87.828 Y112.818 E.0375
G1 X87.705 Y111.565 E.0375
G1 X87.662 Y110.735 E.02477
G1 X87.656 Y109.475 E.03755
G1 X87.702 Y108.478 E.02973
G1 X87.803 Y107.389 E.03256
G1 X87.985 Y106.143 E.03753
G1 X88.145 Y105.327 E.02477
G1 X88.443 Y104.103 E.0375
G1 X88.81 Y102.899 E.0375
G1 X89.089 Y102.116 E.02478
G1 X89.568 Y100.95 E.03754
G1 X89.994 Y100.047 E.02974
G1 X90.505 Y99.08 E.03256
G1 X91.153 Y97.999 E.03754
G1 X91.613 Y97.307 E.02478
G1 X92.359 Y96.292 E.03751
G1 X93.158 Y95.322 E.03743
G1 X94.013 Y94.397 E.03752
G1 X94.607 Y93.812 E.02483
G1 X95.35 Y93.14 E.02983
G1 X96.195 Y92.442 E.03267
G1 X96.86 Y91.94 E.02481
G1 X97.9 Y91.229 E.03753
G1 X98.976 Y90.579 E.03744
G1 X100.09 Y89.989 E.03753
G1 X100.843 Y89.634 E.0248
G1 X102.009 Y89.15 E.03761
G1 X102.792 Y88.867 E.0248
G1 X103.996 Y88.495 E.03754
G1 X105.219 Y88.191 E.03754
G1 X106.036 Y88.028 E.0248
G1 X107.285 Y87.839 E.03763
G1 X108.113 Y87.754 E.02481
G1 X109.373 Y87.683 E.03758
G1 X110.372 Y87.678 E.02976
G1 X111.465 Y87.722 E.03259
G1 X112.718 Y87.84 E.03749
G1 X113.964 Y88.028 E.03753
G1 X114.781 Y88.191 E.0248
G1 X116.007 Y88.495 E.03763
G1 X116.804 Y88.734 E.0248
G1 X117.996 Y89.152 E.03763
G1 X118.768 Y89.464 E.0248
G1 X119.913 Y89.99 E.03753
G1 X121.024 Y90.579 E.03745
G1 X122.102 Y91.23 E.03753
G1 X122.796 Y91.695 E.02488
G1 X123.472 Y92.185 E.02488
G1 X124.457 Y92.973 E.03757
G1 X125.204 Y93.637 E.02975
G1 X125.988 Y94.399 E.03257
G1 X126.842 Y95.322 E.03746
G1 X127.641 Y96.292 E.03743
G1 X128.387 Y97.307 E.03751
G1 X128.847 Y97.999 E.02478
G1 X129.496 Y99.082 E.0376
G1 X129.891 Y99.818 E.02486
G1 X130.258 Y100.567 E.02486
G1 X130.758 Y101.723 E.0375
G1 X131.191 Y102.902 E.03743
G1 X131.557 Y104.104 E.03741
G1 X131.855 Y105.327 E.0375
G1 X132.01 Y106.12 E.02407
G1 X132.426 Y106.097 F9000
M204 P1000
;TYPE:Outer wall
;WIDTH:0.419999
G1 F5400
G1 X132.575 Y107.081 E.02746
G1 X132.692 Y108.189 E.03073
G1 X132.75 Y109.279 E.03012
G1 X132.762 Y110.319 E.02869
G1 X132.708 Y111.599 E.03534
G1 X132.632 Y112.446 E.02348
G1 X132.458 Y113.714 E.03533
G1 X132.214 Y114.971 E.03531
G1 X131.968 Y115.959 E.02809
G1 X131.65 Y117.027 E.03075
G1 X131.371 Y117.831 E.02349
G1 X130.896 Y119.021 E.03536
G1 X130.543 Y119.796 E.02348
G1 X129.959 Y120.935 E.03533
G1 X129.311 Y122.04 E.03533
G1 X128.846 Y122.754 E.0235
G1 X128.097 Y123.794 E.03536
G1 X127.568 Y124.46 E.0235
G1 X126.725 Y125.425 E.03534
G1 X125.83 Y126.341 E.03534
G1 X125.207 Y126.921 E.02349
G1 X124.228 Y127.75 E.03538
G1 X123.553 Y128.269 E.02349
G1 X122.502 Y129.002 E.03537
G1 X121.638 Y129.541 E.02811
G1 X120.666 Y130.088 E.03074
G1 X119.518 Y130.655 E.03534
G1 X118.34 Y131.157 E.03533
G1 X117.136 Y131.592 E.03534
G1 X115.908 Y131.959 E.03536
G1 X115.081 Y132.165 E.0235
G1 X113.824 Y132.415 E.03536
G1 X112.555 Y132.595 E.03536
G1 X111.707 Y132.675 E.0235
G1 X110.426 Y132.735 E.03539
G1 X109.573 Y132.735 E.02353
G1 X108.721 Y132.703 E.02353
G1 X107.444 Y132.595 E.03537
G1 X106.176 Y132.415 E.03534
G1 X104.919 Y132.165 E.03536
G1 X104.092 Y131.959 E.0235
G1 X102.863 Y131.592 E.03539
G1 X102.059 Y131.31 E.02351
G1 X100.871 Y130.83 E.03535
G1 X99.713 Y130.284 E.03533
G1 X98.587 Y129.674 E.03533
G1 X97.497 Y129.002 E.03535
G1 X96.793 Y128.52 E.02352
G1 X96.108 Y128.013 E.02352
G1 X95.114 Y127.203 E.03538
G1 X94.48 Y126.634 E.0235
G1 X93.567 Y125.735 E.03535
G1 X92.879 Y124.984 E.0281
G1 X92.164 Y124.13 E.03073
G1 X91.397 Y123.105 E.03532
G1 X90.688 Y122.038 E.03534
G1 X90.251 Y121.308 E.02349
G1 X89.644 Y120.179 E.03536
G1 X89.277 Y119.411 E.02349
G1 X88.78 Y118.231 E.03533
G1 X88.35 Y117.025 E.03533
G1 X88.102 Y116.211 E.02348
G1 X87.786 Y114.969 E.03536
G1 X87.616 Y114.136 E.02348
G1 X87.418 Y112.871 E.03533
G1 X87.292 Y111.597 E.03533
G1 X87.248 Y110.747 E.02348
G1 X87.242 Y109.466 E.03534
G1 X87.29 Y108.449 E.02809
G1 X87.392 Y107.34 E.03072
G1 X87.578 Y106.073 E.03533
G1 X87.74 Y105.238 E.02348
G1 X88.044 Y103.994 E.03533
G1 X88.417 Y102.769 E.03533
G1 X88.703 Y101.968 E.02349
G1 X89.19 Y100.783 E.03534
G1 X89.624 Y99.862 E.0281
G1 X90.145 Y98.877 E.03073
G1 X90.803 Y97.778 E.03534
G1 X91.274 Y97.07 E.02349
G1 X92.032 Y96.037 E.03534
G1 X92.847 Y95.05 E.03531
G1 X93.716 Y94.109 E.03534
G1 X94.323 Y93.512 E.02351
G1 X95.079 Y92.827 E.02813
G1 X95.939 Y92.117 E.03077
G1 X96.619 Y91.604 E.0235
G1 X97.676 Y90.881 E.03535
G1 X98.772 Y90.219 E.03533
G1 X99.905 Y89.619 E.03536
G1 X100.675 Y89.256 E.02351
G1 X101.86 Y88.764 E.03538
G1 X102.661 Y88.475 E.0235
G1 X103.885 Y88.096 E.03536
G1 X105.129 Y87.787 E.03536
G1 X105.964 Y87.621 E.02351
G1 X107.233 Y87.429 E.03539
G1 X108.08 Y87.341 E.02351
G1 X109.36 Y87.269 E.03537
G1 X110.379 Y87.265 E.02812
G1 X111.493 Y87.309 E.03075
G1 X112.769 Y87.429 E.03535
G1 X114.036 Y87.621 E.03536
G1 X114.871 Y87.787 E.02351
G1 X116.116 Y88.096 E.03539
G1 X116.932 Y88.34 E.0235
G1 X118.142 Y88.765 E.03539
G1 X118.932 Y89.084 E.02351
G1 X120.096 Y89.619 E.03535
G1 X121.228 Y90.219 E.03533
G1 X122.324 Y90.881 E.03535
G1 X123.033 Y91.356 E.02352
G1 X123.723 Y91.857 E.02352
G1 X124.724 Y92.657 E.03536
G1 X125.485 Y93.333 E.02811
G1 X126.284 Y94.11 E.03074
G1 X127.153 Y95.05 E.03533
G1 X127.968 Y96.037 E.03531
G1 X128.726 Y97.07 E.03534
G1 X129.197 Y97.779 E.02349
G1 X129.856 Y98.878 E.03536
G1 X130.259 Y99.629 E.02351
G1 X130.633 Y100.394 E.02351
G1 X131.142 Y101.569 E.03533
G1 X131.583 Y102.771 E.03531
G1 X131.956 Y103.994 E.03529
G1 X132.26 Y105.238 E.03533
G1 X132.419 Y106.058 E.02305
G1 E-.7 F2400
;WIPE_START
G1 F5400
G1 X132.57 Y107.047 E-.3
;WIPE_END
G17
G3 Z5.4 I.756 J-.953 P1  F9000
G1 X117.64 Y95.205 Z5.4
G1 Z5
G1 E1 F2700
M204 P2000
;TYPE:Inner wall
;WIDTH:0.449999
G1 F7200
G1 X118.246 Y95.524 E.02039
G1 X119.069 Y96.019 E.02861
G1 X120.041 Y96.706 E.03547
G1 X120.797 Y97.313 E.02886
G1 X121.704 Y98.133 E.03641
G1 X122.285 Y98.735 E.02494
G1 X122.934 Y99.485 E.02954
G1 X123.395 Y100.077 E.02235
G1 X123.745 Y100.57 E.018
G1 X124.059 Y101.048 E.01703
G1 X124.566 Y101.897 E.02945
G1 X125.108 Y102.947 E.03522
G1 X125.411 Y103.634 E.02234
G1 X125.68 Y104.329 E.0222
G1 X126.023 Y105.385 E.03308
G1 X126.216 Y106.111 E.02239
G1 X126.373 Y106.84 E.02219
G1 X126.498 Y107.574 E.02219
G1 X126.591 Y108.313 E.02219
G1 X126.649 Y109.056 E.02219
G1 X126.675 Y109.8 E.02219
G1 X126.667 Y110.545 E.02219
G1 X126.627 Y111.213 E.01992
G1 X126.503 Y112.394 E.03539
G1 X126.378 Y113.134 E.02234
G1 X126.264 Y113.668 E.01626
G1 X125.928 Y114.933 E.03901
G1 X125.689 Y115.646 E.02239
G1 X125.421 Y116.341 E.02219
G1 X125.121 Y117.024 E.02219
G1 X124.792 Y117.692 E.02219
G1 X124.433 Y118.345 E.0222
G1 X123.831 Y119.296 E.03352
G1 X123.414 Y119.897 E.0218
G1 X122.954 Y120.49 E.02235
G1 X122.472 Y121.058 E.0222
G1 X121.964 Y121.604 E.0222
G1 X121.572 Y121.991 E.01641
G1 X120.599 Y122.861 E.03888
G1 X120.007 Y123.325 E.0224
G1 X119.401 Y123.759 E.02221
G1 X118.776 Y124.165 E.0222
G1 X118.133 Y124.543 E.02221
G1 X117.474 Y124.891 E.02221
G1 X116.95 Y125.139 E.01726
G1 X116.113 Y125.499 E.02715
G1 X115.413 Y125.756 E.02221
G1 X114.702 Y125.982 E.02222
G1 X113.667 Y126.249 E.03184
G1 X112.873 Y126.409 E.02413
G1 X111.787 Y126.562 E.03266
G1 X111.242 Y126.609 E.0163
G1 X110.293 Y126.656 E.02831
G1 X109.061 Y126.628 E.0367
G1 X108.077 Y126.547 E.02942
G1 X107.147 Y126.407 E.028
G1 X106.224 Y126.225 E.02803
G1 X105.15 Y125.938 E.0331
G1 X104.436 Y125.703 E.02241
G1 X103.738 Y125.439 E.02221
G1 X103.054 Y125.144 E.02221
G1 X102.419 Y124.836 E.02103
G1 X101.623 Y124.403 E.02699
G1 X100.78 Y123.88 E.02955
G1 X99.827 Y123.194 E.03497
G1 X99.049 Y122.561 E.02988
G1 X98.625 Y122.176 E.01705
G1 X97.924 Y121.489 E.02924
G1 X97.422 Y120.938 E.0222
G1 X96.945 Y120.365 E.0222
G1 X96.495 Y119.772 E.0222
G1 X96.071 Y119.159 E.0222
G1 X95.675 Y118.527 E.0222
G1 X95.138 Y117.555 E.03308
G1 X94.812 Y116.878 E.0224
G1 X94.475 Y116.08 E.02579
G1 X94.14 Y115.147 E.02953
G1 X93.952 Y114.523 E.01942
G1 X93.742 Y113.706 E.02512
G1 X93.595 Y112.991 E.02175
G1 X93.475 Y112.241 E.02263
G1 X93.392 Y111.5 E.0222
G1 X93.334 Y110.496 E.02995
G1 X93.328 Y109.64 E.02551
G1 X93.368 Y108.815 E.0246
G1 X93.447 Y108.019 E.02382
G1 X93.585 Y107.063 E.02878
G1 X93.698 Y106.503 E.01702
G1 X93.93 Y105.559 E.02895
G1 X94.213 Y104.642 E.02858
G1 X94.399 Y104.127 E.01631
G1 X94.775 Y103.207 E.0296
G1 X95.089 Y102.543 E.02187
G1 X95.475 Y101.816 E.02453
G1 X95.921 Y101.074 E.02579
G1 X96.291 Y100.527 E.01967
G1 X96.857 Y99.749 E.02866
G1 X97.405 Y99.081 E.02575
G1 X97.907 Y98.529 E.0222
G1 X98.436 Y97.996 E.02238
G1 X99.102 Y97.397 E.02669
G1 X99.728 Y96.88 E.02418
G1 X100.189 Y96.533 E.01719
G1 X101.003 Y95.975 E.0294
G1 X101.81 Y95.489 E.02807
G1 X102.675 Y95.035 E.02908
G1 X103.173 Y94.804 E.01636
G1 X104.061 Y94.433 E.02867
G1 X104.64 Y94.227 E.01829
G1 X105.555 Y93.951 E.02847
G1 X106.482 Y93.718 E.02847
G1 X107.044 Y93.608 E.01707
G1 X108.034 Y93.457 E.02983
G1 X108.607 Y93.402 E.01716
G1 X109.588 Y93.348 E.02926
G1 X110.298 Y93.35 E.02114
G1 X111.102 Y93.381 E.02395
G1 X112.074 Y93.471 E.02909
G1 X112.863 Y93.588 E.02375
G1 X113.594 Y93.732 E.02221
G1 X114.319 Y93.909 E.02221
G1 X115.12 Y94.147 E.0249
G1 X116.041 Y94.474 E.02912
G1 X116.536 Y94.68 E.01596
G1 X117.408 Y95.083 E.02862
G1 X117.605 Y95.186 E.00662
G1 X117.448 Y95.571 F9000
M204 P1000
;TYPE:Outer wall
;WIDTH:0.419999
G1 F5400
G1 X118.045 Y95.885 E.01862
G1 X118.852 Y96.371 E.02599
G1 X119.792 Y97.036 E.03178
G1 X120.53 Y97.629 E.02612
G1 X121.048 Y98.083 E.01901
G1 X121.987 Y99.023 E.03665
G1 X122.622 Y99.755 E.02675
G1 X123.069 Y100.331 E.0201
G1 X123.711 Y101.271 E.03143
G1 X124.207 Y102.103 E.02671
G1 X124.74 Y103.135 E.03207
G1 X125.032 Y103.8 E.02004
G1 X125.295 Y104.478 E.02005
G1 X125.63 Y105.512 E.03
G1 X125.816 Y106.217 E.0201
G1 X125.969 Y106.927 E.02005
G1 X126.091 Y107.643 E.02004
G1 X126.18 Y108.364 E.02004
G1 X126.237 Y109.088 E.02004
G1 X126.262 Y109.814 E.02004
G1 X126.254 Y110.541 E.02005
G1 X126.215 Y111.188 E.01788
G1 X126.092 Y112.347 E.03217
G1 X125.971 Y113.065 E.02009
G1 X125.86 Y113.58 E.01455
G1 X125.529 Y114.824 E.0355
G1 X125.297 Y115.514 E.0201
G1 X125.035 Y116.192 E.02005
G1 X124.743 Y116.857 E.02005
G1 X124.421 Y117.509 E.02005
G1 X124.071 Y118.145 E.02005
G1 X123.491 Y119.06 E.02987
G1 X123.072 Y119.663 E.02027
G1 X122.627 Y120.237 E.02002
G1 X122.157 Y120.79 E.02005
G1 X121.662 Y121.322 E.02005
G1 X121.282 Y121.696 E.01469
G1 X120.324 Y122.552 E.03546
G1 X119.752 Y123 E.02003
G1 X119.161 Y123.422 E.02006
G1 X118.551 Y123.818 E.02006
G1 X117.924 Y124.186 E.02006
G1 X117.281 Y124.526 E.02006
G1 X116.774 Y124.765 E.01548
G1 X115.953 Y125.117 E.02464
G1 X115.27 Y125.368 E.02006
G1 X114.577 Y125.588 E.02007
G1 X113.564 Y125.848 E.02885
G1 X112.803 Y126.002 E.02142
G1 X111.73 Y126.152 E.02991
G1 X110.276 Y126.242 E.04018
G1 X109.082 Y126.215 E.03297
G1 X108.116 Y126.135 E.02675
G1 X107.209 Y125.998 E.0253
G1 X106.309 Y125.821 E.02532
G1 X105.258 Y125.539 E.03003
G1 X104.565 Y125.311 E.02012
G1 X103.885 Y125.053 E.02006
G1 X103.218 Y124.764 E.02006
G1 X102.599 Y124.464 E.01897
G1 X101.822 Y124.04 E.02444
G1 X100.998 Y123.529 E.02676
G1 X100.078 Y122.866 E.03128
G1 X99.315 Y122.244 E.02717
G1 X98.905 Y121.872 E.01529
G1 X98.218 Y121.197 E.02657
G1 X97.728 Y120.659 E.02005
G1 X97.263 Y120.101 E.02005
G1 X96.824 Y119.522 E.02005
G1 X96.411 Y118.924 E.02005
G1 X96.025 Y118.308 E.02006
G1 X95.5 Y117.356 E.03001
G1 X95.184 Y116.699 E.02011
G1 X94.856 Y115.92 E.02333
G1 X94.529 Y115.007 E.02674
G1 X94.348 Y114.404 E.01738
G1 X94.143 Y113.605 E.02275
G1 X94 Y112.908 E.01963
G1 X93.884 Y112.176 E.02045
G1 X93.803 Y111.454 E.02005
G1 X93.747 Y110.473 E.0271
G1 X93.741 Y109.64 E.02299
G1 X93.781 Y108.835 E.02222
G1 X93.859 Y108.062 E.02145
G1 X93.994 Y107.127 E.02605
G1 X94.104 Y106.586 E.01525
G1 X94.331 Y105.661 E.02626
G1 X94.607 Y104.766 E.02585
G1 X94.786 Y104.272 E.0145
G1 X95.155 Y103.369 E.02691
G1 X95.462 Y102.722 E.01975
G1 X95.839 Y102.011 E.02221
G1 X96.275 Y101.287 E.02333
G1 X96.633 Y100.759 E.0176
G1 X97.187 Y99.999 E.02594
G1 X97.723 Y99.345 E.02334
G1 X98.212 Y98.808 E.02005
G1 X98.726 Y98.291 E.02011
G1 X99.379 Y97.705 E.02419
G1 X99.986 Y97.203 E.02176
G1 X100.433 Y96.867 E.01542
G1 X101.232 Y96.319 E.02672
G1 X102.022 Y95.844 E.02544
G1 X102.867 Y95.401 E.02633
G1 X103.346 Y95.18 E.01455
G1 X104.217 Y94.816 E.02604
G1 X104.778 Y94.617 E.01643
G1 X105.671 Y94.348 E.02573
G1 X106.575 Y94.12 E.02574
G1 X107.12 Y94.015 E.0153
G1 X108.092 Y93.867 E.02712
G1 X108.647 Y93.814 E.01538
G1 X109.607 Y93.761 E.02654
G1 X110.295 Y93.764 E.01897
G1 X111.076 Y93.794 E.02158
G1 X112.03 Y93.882 E.02644
G1 X112.8 Y93.997 E.02149
G1 X113.514 Y94.138 E.02006
G1 X114.22 Y94.311 E.02007
G1 X115.002 Y94.543 E.0225
G1 X115.902 Y94.863 E.02636
G1 X116.374 Y95.061 E.01412
G1 X117.226 Y95.454 E.0259
G1 X117.412 Y95.552 E.0058
G1 E-.7 F2400
;WIPE_START
G1 F5400
G1 X118.045 Y95.885 E-.21441
G1 X118.289 Y96.032 E-.08559
;WIPE_END
G1 Z5.4 F9000
G1 X126.689 Y113.334
G1 Z5.4
G1 Z5
G1 E1 F2700
M204 P2500
;TYPE:Sparse infill
;WIDTH:0.45
G1 F10800
G1 X126.844 Y112.454 E.02662
G1 X126.928 Y111.725 E.02188
G1 X131.776 Y106.877 E.20421
G1 X131.674 Y106.203 E.02029
G1 X131.517 Y105.401 E.02435
G1 X131.223 Y104.195 E.03697
G1 X130.863 Y103.012 E.03683
G1 X130.476 Y101.959 E.03342
G1 X126.521 Y105.914 E.16659
G1 X126.358 Y105.295 E.01906
G1 X126.009 Y104.22 E.03366
G1 X125.73 Y103.502 E.02295
G1 X125.428 Y102.814 E.02236
G1 X124.974 Y101.913 E.03007
G1 X124.73 Y101.488 E.0146
G1 X128.346 Y97.871 E.15236
G1 X128.103 Y97.505 E.0131
G1 X127.368 Y96.504 E.03698
G1 X126.581 Y95.55 E.03685
G1 X125.547 Y94.453 E.0449
G1 X122.028 Y97.972 E.14823
G1 X121.377 Y97.35 E.02683
G1 X120.606 Y96.7 E.03004
G1 X119.902 Y96.168 E.02626
G1 X119.258 Y95.73 E.0232
G1 X118.508 Y95.274 E.02614
G1 X122.122 Y91.66 E.15225
G1 X120.853 Y90.88 E.04438
G1 X119.76 Y90.3 E.03687
G1 X118.631 Y89.782 E.037
G1 X118.027 Y89.538 E.0194
G1 X114.072 Y93.493 E.16664
G1 X112.952 Y93.253 E.03411
G1 X112.199 Y93.137 E.02269
G1 X111.408 Y93.053 E.0237
G1 X110.666 Y93.008 E.02215
G1 X109.63 Y93 E.03085
G1 X108.777 Y93.039 E.02543
G1 X108.26 Y93.088 E.01549
G1 X113.1 Y88.247 E.20389
G1 X112.676 Y88.183 E.01276
G1 X111.442 Y88.067 E.03692
G1 X110.425 Y88.027 E.03033
G1 X109.383 Y88.029 E.03103
G1 X108.141 Y88.099 E.03707
G1 X107.328 Y88.183 E.02432
G1 X106.879 Y88.251 E.01353
G1 X88.223 Y106.907 E.78589
G1 X88.146 Y107.43 E.01577
G1 X88.048 Y108.502 E.03205
G1 X88.002 Y109.482 E.02923
G1 X88.008 Y110.725 E.03704
G1 X88.05 Y111.54 E.02428
G1 X88.172 Y112.775 E.03697
G1 X88.226 Y113.121 E.01046
G1 X93.073 Y108.274 E.2042
G1 X93.027 Y108.721 E.01339
G1 X92.982 Y109.612 E.02658
G1 X92.982 Y110.367 E.02248
G1 X93.046 Y111.524 E.03454
G1 X93.128 Y112.257 E.02195
G1 X93.246 Y113.008 E.02265
G1 X93.481 Y114.084 E.03282
G1 X89.524 Y118.041 E.16667
G1 X89.97 Y119.1 E.03422
G1 X90.322 Y119.836 E.02429
G1 X90.911 Y120.933 E.03711
G1 X91.33 Y121.633 E.02429
G1 X91.658 Y122.125 E.0176
G1 X95.27 Y118.512 E.1522
G1 X95.776 Y119.341 E.02894
G1 X96.196 Y119.95 E.02202
G1 X96.665 Y120.569 E.02313
G1 X97.143 Y121.143 E.02226
G1 X97.654 Y121.707 E.02267
G1 X97.973 Y122.027 E.01346
G1 X94.456 Y125.544 E.14817
G1 X95 Y126.081 E.02276
G1 X95.608 Y126.625 E.02431
G1 X96.574 Y127.413 E.03713
G1 X97.233 Y127.901 E.02444
G1 X97.876 Y128.341 E.02321
G1 X101.492 Y124.725 E.15231
G1 X102.197 Y125.113 E.02397
G1 X102.89 Y125.45 E.02295
G1 X103.597 Y125.755 E.02294
G1 X104.31 Y126.026 E.02272
G1 X105.036 Y126.265 E.02275
G1 X105.93 Y126.505 E.02757
G1 X101.977 Y130.458 E.1665
G1 X102.327 Y130.599 E.01124
G1 X103.098 Y130.87 E.02432
G1 X104.292 Y131.227 E.03715
G1 X105.085 Y131.423 E.02431
G1 X106.303 Y131.666 E.03701
G1 X106.902 Y131.751 E.01801
G1 X111.74 Y126.913 E.2038
G1 X112.915 Y126.753 E.03532
G1 X113.349 Y126.668 E.01317
G1 X126.775 Y124.213 F9000
G1 F10800
G1 X126.167 Y124.909 E.02754
G1 X125.176 Y125.912 E.04199
G1 X124.702 Y126.353 E.01929
G1 X123.751 Y127.159 E.03713
G1 X123.104 Y127.656 E.0243
G1 X122.084 Y128.368 E.03707
G1 X121.25 Y128.888 E.02926
G1 X120.312 Y129.416 E.03208
G1 X119.201 Y129.965 E.03691
G1 X118.062 Y130.45 E.03687
G1 X116.898 Y130.871 E.03687
G1 X115.708 Y131.227 E.03701
G1 X114.915 Y131.423 E.02431
G1 X113.697 Y131.666 E.03701
G1 X113.123 Y131.748 E.01728
G1 X131.777 Y113.093 E.78581
G1 X131.709 Y113.59 E.01494
G1 X131.493 Y114.696 E.03357
G1 E-.77778 F2400
;WIPE_START
G1 F10800
G1 X131.684 Y113.715 E-.22222
;WIPE_END
G17
G3 Z5.4 I.613 J-1.051 P1  F9000
G1 X96.109 Y92.962 Z5.4
G1 Z5
G1 E1 F2700
G1 F10800
G1 X95.576 Y93.402 E.02058
G1 X94.881 Y94.031 E.02793
G1 X94.113 Y94.799 E.03236
G1 X93.419 Y95.55 E.03044
G1 X93.033 Y96.018 E.01806
; stop printing object Генератор.stl id:18446744073679698525 copy 0
;LAYER_CHANGE
;Z:5.2
;HEIGHT:0.2
;BEFORE_LAYER_CHANGE
;5.2
G92 E0

G1 E-.77778 F2400
;WIPE_START
G1 F10800
G1 X93.419 Y95.55 E-.13472
G1 X93.686 Y95.261 E-.0875
;WIPE_END
;_SET_FAN_SPEED_CHANGING_LAYER
; printing object Генератор.stl id:18446744073679698525 copy 0
G17
G3 Z5.6 I-.333 J1.171 P1  F9000
G1 X132.018 Y106.164 Z5.6
G1 Z5.2
G1 E1 F2700
M204 P2000
;TYPE:Inner wall
;WIDTH:0.449999
G1 F7200
G1 X132.144 Y106.97 E.0243
G1 X132.284 Y108.291 E.03956
G1 X132.331 Y109.121 E.02477
G1 X132.348 Y110.313 E.03551
G1 X132.295 Y111.571 E.0375
G1 X132.221 Y112.4 E.02477
G1 X132.05 Y113.647 E.0375
G1 X131.81 Y114.881 E.03745
G1 X131.562 Y115.873 E.03045
G1 X131.256 Y116.9 E.03193
G1 X130.984 Y117.687 E.0248
G1 X130.516 Y118.857 E.03754
G1 X130.088 Y119.786 E.03045
G1 X129.597 Y120.735 E.03184
G1 X128.96 Y121.821 E.03749
G1 X128.397 Y122.675 E.03046
G1 X127.77 Y123.541 E.03185
G1 X126.978 Y124.519 E.0375
G1 X126.294 Y125.28 E.03046
G1 X125.542 Y126.044 E.03194
G1 X124.932 Y126.612 E.02481
G1 X123.971 Y127.426 E.03753
G1 X122.965 Y128.185 E.03753
G1 X122.278 Y128.655 E.0248
G1 X121.206 Y129.316 E.03752
G1 X120.1 Y129.915 E.03744
G1 X118.96 Y130.452 E.03754
G1 X118.192 Y130.771 E.02479
G1 X117.006 Y131.2 E.03754
G1 X115.799 Y131.56 E.03754
G1 X114.991 Y131.761 E.0248
G1 X113.755 Y132.008 E.03754
G1 X112.507 Y132.184 E.03754
G1 X111.678 Y132.262 E.0248
G1 X110.416 Y132.321 E.03763
G1 X109.581 Y132.321 E.02489
G1 X108.746 Y132.29 E.02488
G1 X107.49 Y132.184 E.03754
G1 X106.245 Y132.008 E.03746
G1 X105.009 Y131.761 E.03753
G1 X104.201 Y131.56 E.0248
G1 X102.991 Y131.199 E.03763
G1 X102.205 Y130.923 E.0248
G1 X101.037 Y130.451 E.03754
G1 X99.9 Y129.915 E.03744
G1 X98.793 Y129.316 E.03748
G1 X97.92 Y128.782 E.03048
G1 X97.031 Y128.182 E.03195
G1 X96.361 Y127.687 E.02482
G1 X95.384 Y126.89 E.03757
G1 X94.626 Y126.203 E.03047
G1 X93.864 Y125.448 E.03194
G1 X93.299 Y124.836 E.02481
G1 X92.488 Y123.872 E.03752
G1 X91.735 Y122.866 E.03743
G1 X91.038 Y121.818 E.03751
G1 X90.61 Y121.104 E.02478
G1 X90.013 Y119.992 E.03759
G1 X89.655 Y119.242 E.02478
G1 X89.165 Y118.08 E.03754
G1 X88.817 Y117.119 E.03045
G1 X88.5 Y116.098 E.03184
G1 X88.189 Y114.877 E.03753
G1 X88.023 Y114.062 E.02477
G1 X87.828 Y112.818 E.0375
G1 X87.705 Y111.567 E.03745
G1 X87.657 Y110.546 E.03045
G1 X87.656 Y109.477 E.03184
G1 X87.721 Y108.219 E.03753
G1 X87.802 Y107.391 E.02477
G1 X87.985 Y106.143 E.03759
G1 X88.145 Y105.327 E.02477
G1 X88.443 Y104.103 E.0375
G1 X88.809 Y102.902 E.03741
G1 X89.243 Y101.72 E.03751
G1 X89.567 Y100.951 E.02486
G1 X89.92 Y100.195 E.02486
G1 X90.506 Y99.08 E.03751
G1 X91.153 Y97.999 E.03751
G1 X91.613 Y97.306 E.02479
G1 X92.359 Y96.292 E.0375
G1 X93.158 Y95.322 E.03743
G1 X94.013 Y94.397 E.03752
G1 X94.607 Y93.812 E.02482
G1 X95.368 Y93.124 E.03055
G1 X96.195 Y92.442 E.03195
G1 X96.86 Y91.94 E.02482
G1 X97.903 Y91.227 E.03762
G1 X98.611 Y90.79 E.02479
G1 X99.713 Y90.179 E.03753
G1 X100.845 Y89.633 E.03745
G1 X102.009 Y89.15 E.03754
G1 X102.792 Y88.867 E.0248
G1 X103.996 Y88.495 E.03754
G1 X105.219 Y88.191 E.03754
G1 X106.038 Y88.027 E.02488
G1 X106.863 Y87.895 E.02489
G1 X108.116 Y87.754 E.03755
G1 X109.373 Y87.683 E.03749
G1 X110.396 Y87.679 E.03048
G1 X111.465 Y87.722 E.03187
G1 X112.718 Y87.84 E.03749
G1 X113.964 Y88.028 E.03753
G1 X114.781 Y88.191 E.0248
G1 X116.007 Y88.495 E.03763
G1 X116.804 Y88.734 E.0248
G1 X117.996 Y89.152 E.03763
G1 X118.768 Y89.464 E.0248
G1 X119.913 Y89.99 E.03753
G1 X121.024 Y90.579 E.03745
G1 X122.102 Y91.23 E.03753
G1 X122.796 Y91.695 E.02488
G1 X123.472 Y92.185 E.02487
G1 X124.457 Y92.973 E.03757
G1 X125.221 Y93.653 E.03047
G1 X125.988 Y94.399 E.03185
G1 X126.842 Y95.322 E.03746
G1 X127.643 Y96.294 E.03751
G1 X128.142 Y96.96 E.02478
G1 X128.849 Y98.002 E.03751
G1 X129.496 Y99.082 E.03751
G1 X129.891 Y99.818 E.02486
G1 X130.258 Y100.567 E.02486
G1 X130.758 Y101.723 E.03751
G1 X131.191 Y102.902 E.03742
G1 X131.558 Y104.106 E.0375
G1 X131.763 Y104.912 E.02477
G1 X132.011 Y106.125 E.03687
G1 X132.427 Y106.1 F9000
M204 P1000
;TYPE:Outer wall
;WIDTH:0.419999
G1 F5400
G1 X132.554 Y106.916 E.02278
G1 X132.697 Y108.266 E.03745
G1 X132.745 Y109.116 E.02348
G1 X132.762 Y110.319 E.03322
G1 X132.708 Y111.599 E.03533
G1 X132.632 Y112.446 E.02348
G1 X132.458 Y113.714 E.03533
G1 X132.214 Y114.971 E.03531
G1 X131.961 Y115.982 E.02876
G1 X131.65 Y117.027 E.03008
G1 X131.371 Y117.831 E.02349
G1 X130.896 Y119.021 E.03534
G1 X130.459 Y119.968 E.02876
G1 X129.959 Y120.935 E.03006
G1 X129.311 Y122.04 E.03533
G1 X128.738 Y122.91 E.02877
G1 X128.098 Y123.792 E.03006
G1 X127.292 Y124.788 E.03534
G1 X126.595 Y125.563 E.02877
G1 X125.83 Y126.341 E.0301
G1 X125.207 Y126.921 E.0235
G1 X124.229 Y127.749 E.03535
G1 X123.206 Y128.521 E.03535
G1 X122.503 Y129.002 E.02351
G1 X121.413 Y129.674 E.03535
G1 X120.287 Y130.284 E.03533
G1 X119.128 Y130.831 E.03536
G1 X118.341 Y131.157 E.0235
G1 X117.136 Y131.592 E.03536
G1 X115.908 Y131.959 E.03536
G1 X115.081 Y132.165 E.0235
G1 X113.824 Y132.415 E.03536
G1 X112.555 Y132.595 E.03536
G1 X111.707 Y132.675 E.0235
G1 X110.426 Y132.735 E.03539
G1 X109.573 Y132.735 E.02353
G1 X108.721 Y132.703 E.02353
G1 X107.444 Y132.595 E.03537
G1 X106.175 Y132.415 E.03534
G1 X104.919 Y132.165 E.03536
G1 X104.092 Y131.959 E.0235
G1 X102.863 Y131.592 E.03539
G1 X102.059 Y131.31 E.02351
G1 X100.871 Y130.83 E.03536
G1 X99.713 Y130.284 E.03533
G1 X98.587 Y129.674 E.03534
G1 X97.697 Y129.13 E.02878
G1 X96.792 Y128.52 E.0301
G1 X96.108 Y128.013 E.0235
G1 X95.114 Y127.203 E.03536
G1 X94.341 Y126.503 E.02878
G1 X93.567 Y125.735 E.03009
G1 X92.989 Y125.11 E.0235
G1 X92.164 Y124.129 E.03534
G1 X91.397 Y123.105 E.03531
G1 X90.688 Y122.038 E.03534
G1 X90.25 Y121.308 E.02349
G1 X89.644 Y120.179 E.03535
G1 X89.277 Y119.411 E.02349
G1 X88.78 Y118.231 E.03534
G1 X88.425 Y117.251 E.02876
G1 X88.101 Y116.211 E.03005
G1 X87.786 Y114.969 E.03534
G1 X87.616 Y114.136 E.02348
G1 X87.418 Y112.871 E.03533
G1 X87.292 Y111.597 E.03531
G1 X87.244 Y110.556 E.02876
G1 X87.242 Y109.467 E.03005
G1 X87.308 Y108.188 E.03534
G1 X87.392 Y107.341 E.02348
G1 X87.578 Y106.073 E.03535
G1 X87.74 Y105.238 E.02348
G1 X88.044 Y103.994 E.03533
G1 X88.417 Y102.77 E.0353
G1 X88.858 Y101.568 E.03533
G1 X89.189 Y100.783 E.02351
G1 X89.55 Y100.011 E.02351
G1 X90.145 Y98.877 E.03534
G1 X90.803 Y97.778 E.03533
G1 X91.274 Y97.069 E.0235
G1 X92.032 Y96.037 E.03533
G1 X92.847 Y95.05 E.03531
G1 X93.716 Y94.109 E.03534
G1 X94.323 Y93.512 E.02351
G1 X95.098 Y92.811 E.0288
G1 X95.939 Y92.117 E.0301
G1 X96.619 Y91.604 E.0235
G1 X97.677 Y90.88 E.03538
G1 X98.402 Y90.433 E.0235
G1 X99.523 Y89.812 E.03536
G1 X100.676 Y89.255 E.03533
G1 X101.86 Y88.764 E.03536
G1 X102.661 Y88.475 E.0235
G1 X103.885 Y88.096 E.03536
G1 X105.129 Y87.787 E.03536
G1 X105.965 Y87.62 E.02353
G1 X106.807 Y87.485 E.02353
G1 X108.081 Y87.341 E.03537
G1 X109.36 Y87.269 E.03534
G1 X110.404 Y87.265 E.02879
G1 X111.493 Y87.309 E.03008
G1 X112.769 Y87.429 E.03535
G1 X114.036 Y87.621 E.03535
G1 X114.871 Y87.787 E.02351
G1 X116.116 Y88.096 E.03539
G1 X116.932 Y88.34 E.0235
G1 X118.142 Y88.765 E.03539
G1 X118.932 Y89.084 E.02351
G1 X120.096 Y89.619 E.03535
G1 X121.228 Y90.219 E.03533
G1 X122.324 Y90.881 E.03535
G1 X123.033 Y91.356 E.02353
G1 X123.723 Y91.857 E.02352
G1 X124.724 Y92.657 E.03536
G1 X125.503 Y93.35 E.02878
G1 X126.284 Y94.11 E.03007
G1 X127.153 Y95.05 E.03533
G1 X127.968 Y96.038 E.03534
G1 X128.479 Y96.719 E.02349
G1 X129.198 Y97.779 E.03534
G1 X129.856 Y98.878 E.03533
G1 X130.259 Y99.629 E.02351
G1 X130.633 Y100.394 E.02351
G1 X131.142 Y101.569 E.03533
G1 X131.583 Y102.77 E.0353
G1 X131.956 Y103.995 E.03533
G1 X132.166 Y104.82 E.02348
G1 X132.42 Y106.061 E.03495
G1 E-.7 F2400
;WIPE_START
G1 F5400
G1 X132.554 Y106.916 E-.2597
G1 X132.568 Y107.05 E-.0403
;WIPE_END
G17
G3 Z5.6 I.755 J-.955 P1  F9000
G1 X117.496 Y95.13 Z5.6
G1 Z5.2
G1 E1 F2700
M204 P2000
;TYPE:Inner wall
;WIDTH:0.449999
G1 F7200
G1 X118.246 Y95.524 E.02525
G1 X119.069 Y96.019 E.02861
G1 X119.578 Y96.365 E.01834
G1 X120.568 Y97.113 E.03696
G1 X121.139 Y97.603 E.0224
G1 X121.683 Y98.112 E.0222
G1 X122.203 Y98.646 E.0222
G1 X122.586 Y99.075 E.01711
G1 X123.201 Y99.825 E.02892
G1 X123.823 Y100.681 E.03151
G1 X124.229 Y101.312 E.02234
G1 X124.575 Y101.907 E.0205
G1 X125.107 Y102.946 E.03478
G1 X125.411 Y103.634 E.02239
G1 X125.68 Y104.329 E.0222
G1 X125.959 Y105.17 E.02641
G1 X126.214 Y106.107 E.02891
G1 X126.373 Y106.84 E.02233
G1 X126.498 Y107.574 E.02219
G1 X126.591 Y108.313 E.02219
G1 X126.649 Y109.056 E.02219
G1 X126.675 Y109.8 E.02219
G1 X126.667 Y110.545 E.02219
G1 X126.63 Y111.226 E.02032
G1 X126.575 Y111.779 E.01655
G1 X126.444 Y112.73 E.02858
G1 X126.264 Y113.667 E.02842
G1 X125.928 Y114.933 E.03904
G1 X125.689 Y115.646 E.02239
G1 X125.421 Y116.341 E.02219
G1 X125.121 Y117.024 E.02219
G1 X124.792 Y117.692 E.02219
G1 X124.433 Y118.345 E.0222
G1 X124.134 Y118.829 E.01694
G1 X123.413 Y119.897 E.03839
G1 X122.954 Y120.49 E.02234
G1 X122.472 Y121.058 E.0222
G1 X121.964 Y121.604 E.0222
G1 X121.576 Y121.987 E.01624
G1 X120.599 Y122.861 E.03905
G1 X120.007 Y123.325 E.0224
G1 X119.401 Y123.759 E.0222
G1 X118.776 Y124.165 E.0222
G1 X118.133 Y124.543 E.02221
G1 X117.497 Y124.879 E.02144
G1 X116.8 Y125.21 E.02297
G1 X116.113 Y125.499 E.02221
G1 X115.278 Y125.801 E.02643
G1 X114.348 Y126.082 E.02894
G1 X113.698 Y126.242 E.01994
G1 X112.888 Y126.406 E.02462
G1 X112.01 Y126.536 E.02644
G1 X111.22 Y126.609 E.02364
G1 X110.293 Y126.656 E.02765
G1 X109.061 Y126.628 E.0367
G1 X108.077 Y126.547 E.02942
G1 X107.147 Y126.407 E.028
G1 X106.224 Y126.225 E.02802
G1 X105.15 Y125.938 E.0331
G1 X104.436 Y125.703 E.02241
G1 X103.738 Y125.439 E.02221
G1 X103.054 Y125.144 E.02221
G1 X102.419 Y124.836 E.02103
G1 X101.727 Y124.464 E.02339
G1 X100.969 Y124.003 E.02643
G1 X100.272 Y123.526 E.02514
G1 X99.827 Y123.194 E.01655
G1 X99.056 Y122.567 E.02961
G1 X98.494 Y122.056 E.02259
G1 X97.924 Y121.489 E.02397
G1 X97.525 Y121.05 E.01767
G1 X96.945 Y120.365 E.02672
G1 X96.495 Y119.772 E.0222
G1 X96.071 Y119.159 E.0222
G1 X95.603 Y118.405 E.02642
G1 X95.137 Y117.553 E.02892
G1 X94.812 Y116.878 E.02233
G1 X94.519 Y116.192 E.0222
G1 X94.177 Y115.249 E.02989
G1 X93.949 Y114.513 E.02296
G1 X93.742 Y113.706 E.0248
G1 X93.595 Y112.991 E.02175
G1 X93.475 Y112.241 E.02263
G1 X93.392 Y111.5 E.0222
G1 X93.329 Y110.392 E.03307
G1 X93.328 Y109.624 E.02287
G1 X93.386 Y108.591 E.03082
G1 X93.442 Y108.054 E.01607
G1 X93.585 Y107.063 E.02983
G1 X93.698 Y106.503 E.01702
G1 X93.917 Y105.595 E.0278
G1 X94.13 Y104.881 E.02219
G1 X94.426 Y104.046 E.02641
G1 X94.78 Y103.194 E.02747
G1 X95.022 Y102.683 E.01684
G1 X95.475 Y101.816 E.02913
G1 X95.856 Y101.175 E.0222
G1 X96.296 Y100.52 E.0235
G1 X96.857 Y99.749 E.02842
G1 X97.405 Y99.081 E.02575
G1 X97.907 Y98.529 E.0222
G1 X98.432 Y98 E.02221
G1 X99.119 Y97.382 E.02753
G1 X99.727 Y96.88 E.02348
G1 X100.189 Y96.533 E.01722
G1 X101.017 Y95.966 E.02988
G1 X101.494 Y95.678 E.0166
G1 X102.335 Y95.213 E.02863
G1 X103.188 Y94.798 E.02826
G1 X104.061 Y94.433 E.02819
G1 X104.64 Y94.227 E.01829
G1 X105.555 Y93.951 E.02847
G1 X106.482 Y93.718 E.02847
G1 X107.642 Y93.512 E.0351
G1 X108.623 Y93.4 E.02943
G1 X109.585 Y93.349 E.02869
G1 X110.319 Y93.35 E.02186
G1 X111.101 Y93.381 E.0233
G1 X112.074 Y93.471 E.02911
G1 X112.863 Y93.588 E.02374
G1 X113.594 Y93.732 E.02221
G1 X114.319 Y93.909 E.02221
G1 X115.118 Y94.147 E.02484
G1 X116.04 Y94.473 E.02913
G1 X116.549 Y94.683 E.01641
G1 X117.415 Y95.087 E.02845
G1 X117.46 Y95.111 E.00153
G1 X117.303 Y95.496 F9000
M204 P1000
;TYPE:Outer wall
;WIDTH:0.419999
G1 F5400
G1 X118.045 Y95.885 E.02311
G1 X118.852 Y96.371 E.02599
G1 X119.345 Y96.707 E.01648
G1 X120.317 Y97.442 E.0336
G1 X120.87 Y97.916 E.02011
G1 X121.4 Y98.414 E.02006
G1 X121.907 Y98.934 E.02005
G1 X122.277 Y99.35 E.01534
G1 X122.879 Y100.085 E.02621
G1 X123.487 Y100.923 E.02858
G1 X123.881 Y101.535 E.02009
G1 X124.217 Y102.114 E.01848
G1 X124.74 Y103.135 E.03164
G1 X125.032 Y103.8 E.02004
G1 X125.295 Y104.478 E.02005
G1 X125.566 Y105.3 E.02389
G1 X125.815 Y106.215 E.02617
G1 X125.969 Y106.927 E.02009
G1 X126.091 Y107.643 E.02004
G1 X126.18 Y108.364 E.02004
G1 X126.237 Y109.088 E.02004
G1 X126.262 Y109.814 E.02004
G1 X126.254 Y110.541 E.02004
G1 X126.217 Y111.203 E.01831
G1 X126.163 Y111.735 E.01476
G1 X126.035 Y112.664 E.02586
G1 X125.86 Y113.579 E.02572
G1 X125.529 Y114.824 E.03552
G1 X125.297 Y115.514 E.0201
G1 X125.035 Y116.192 E.02005
G1 X124.743 Y116.857 E.02005
G1 X124.421 Y117.509 E.02005
G1 X124.071 Y118.145 E.02005
G1 X123.783 Y118.612 E.01512
G1 X123.074 Y119.661 E.03494
G1 X122.627 Y120.237 E.02009
G1 X122.157 Y120.79 E.02005
G1 X121.662 Y121.322 E.02005
G1 X121.286 Y121.692 E.01454
G1 X120.324 Y122.552 E.03562
G1 X119.752 Y123 E.02003
G1 X119.161 Y123.422 E.02006
G1 X118.551 Y123.818 E.02006
G1 X117.924 Y124.186 E.02006
G1 X117.304 Y124.514 E.01935
G1 X116.624 Y124.836 E.02077
G1 X115.953 Y125.117 E.02007
G1 X115.138 Y125.412 E.02391
G1 X114.229 Y125.686 E.02619
G1 X113.6 Y125.84 E.01787
G1 X112.808 Y126.001 E.0223
G1 X111.95 Y126.126 E.02392
G1 X111.182 Y126.197 E.02129
G1 X110.276 Y126.242 E.02501
G1 X109.082 Y126.215 E.03297
G1 X108.116 Y126.135 E.02675
G1 X107.209 Y125.998 E.0253
G1 X106.309 Y125.821 E.02532
G1 X105.258 Y125.539 E.03003
G1 X104.565 Y125.311 E.02012
G1 X103.885 Y125.053 E.02006
G1 X103.218 Y124.764 E.02006
G1 X102.599 Y124.464 E.01897
G1 X101.924 Y124.1 E.02116
G1 X101.184 Y123.65 E.02391
G1 X100.506 Y123.185 E.02268
G1 X100.078 Y122.866 E.01473
G1 X99.321 Y122.25 E.02692
G1 X98.774 Y121.752 E.02042
G1 X98.218 Y121.197 E.02169
G1 X97.831 Y120.772 E.01586
G1 X97.263 Y120.101 E.02424
G1 X96.824 Y119.522 E.02005
G1 X96.411 Y118.924 E.02005
G1 X95.955 Y118.187 E.0239
G1 X95.5 Y117.355 E.02618
G1 X95.185 Y116.699 E.02009
G1 X94.899 Y116.03 E.02005
G1 X94.566 Y115.108 E.02705
G1 X94.345 Y114.394 E.02063
G1 X94.143 Y113.605 E.02246
G1 X94 Y112.908 E.01963
G1 X93.884 Y112.176 E.02045
G1 X93.803 Y111.454 E.02005
G1 X93.741 Y110.369 E.03
G1 X93.741 Y109.635 E.02024
G1 X93.798 Y108.614 E.02822
G1 X93.853 Y108.1 E.01425
G1 X93.994 Y107.127 E.02712
G1 X94.104 Y106.586 E.01525
G1 X94.318 Y105.696 E.02524
G1 X94.526 Y105 E.02005
G1 X94.816 Y104.184 E.02389
G1 X95.162 Y103.353 E.02483
G1 X95.395 Y102.862 E.015
G1 X95.839 Y102.011 E.02647
G1 X96.211 Y101.387 E.02006
G1 X96.639 Y100.752 E.02113
G1 X97.187 Y99.999 E.02568
G1 X97.723 Y99.345 E.02334
G1 X98.212 Y98.808 E.02005
G1 X98.725 Y98.292 E.02006
G1 X99.395 Y97.69 E.02486
G1 X99.986 Y97.203 E.02111
G1 X100.433 Y96.867 E.01544
G1 X101.245 Y96.31 E.02717
G1 X101.705 Y96.034 E.0148
G1 X102.527 Y95.579 E.02591
G1 X103.36 Y95.174 E.02557
G1 X104.217 Y94.816 E.0256
G1 X104.778 Y94.617 E.01643
G1 X105.671 Y94.348 E.02573
G1 X106.575 Y94.12 E.02574
G1 X107.699 Y93.922 E.0315
G1 X108.663 Y93.812 E.02675
G1 X109.604 Y93.762 E.02601
G1 X110.315 Y93.764 E.01963
G1 X111.075 Y93.794 E.02098
G1 X112.03 Y93.882 E.02646
G1 X112.8 Y93.997 E.02149
G1 X113.514 Y94.138 E.02006
G1 X114.22 Y94.311 E.02007
G1 X114.999 Y94.543 E.02244
G1 X115.9 Y94.863 E.02637
G1 X116.389 Y95.065 E.0146
G1 X117.234 Y95.459 E.02572
G1 X117.268 Y95.477 E.00107
G1 E-.7 F2400
;WIPE_START
G1 F5400
G1 X118.045 Y95.885 E-.26322
G1 X118.15 Y95.948 E-.03678
;WIPE_END
G1 Z5.6 F9000
G1 X126.689 Y113.334
G1 Z5.6
G1 Z5.2
G1 E1 F2700
M204 P2500
;TYPE:Sparse infill
;WIDTH:0.45
G1 F10800
G1 X126.874 Y112.235 E.03321
G1 X126.928 Y111.724 E.01529
G1 X131.779 Y106.874 E.20432
G1 X131.675 Y106.21 E.02002
G1 X131.425 Y104.99 E.0371
G1 X131.224 Y104.199 E.02429
G1 X130.863 Y103.012 E.03697
G1 X130.476 Y101.959 E.03341
G1 X126.521 Y105.914 E.16662
G1 X126.294 Y105.083 E.02567
G1 X126.009 Y104.22 E.02708
G1 X125.73 Y103.502 E.02294
G1 X125.423 Y102.803 E.02274
G1 X124.918 Y101.809 E.03322
G1 X124.731 Y101.487 E.01109
G1 X128.344 Y97.874 E.1522
G1 X127.86 Y97.161 E.02567
G1 X127.371 Y96.508 E.0243
G1 X126.581 Y95.55 E.03698
G1 X125.547 Y94.453 E.0449
G1 X122.029 Y97.971 E.14821
G1 X121.377 Y97.351 E.02679
G1 X120.795 Y96.851 E.02286
G1 X119.903 Y96.168 E.03346
G1 X119.258 Y95.73 E.02322
G1 X118.508 Y95.274 E.02614
G1 X122.122 Y91.66 E.15225
G1 X120.853 Y90.88 E.04438
G1 X119.76 Y90.3 E.03687
G1 X118.631 Y89.782 E.037
G1 X118.027 Y89.538 E.0194
G1 X114.072 Y93.493 E.16664
G1 X112.952 Y93.253 E.03411
G1 X112.199 Y93.137 E.02269
G1 X111.408 Y93.053 E.0237
G1 X110.666 Y93.008 E.02213
G1 X109.651 Y92.999 E.03024
G1 X108.777 Y93.039 E.02605
G1 X108.26 Y93.088 E.01549
G1 X113.1 Y88.247 E.2039
G1 X112.676 Y88.183 E.01276
G1 X111.442 Y88.067 E.03693
G1 X110.449 Y88.027 E.02961
G1 X109.383 Y88.029 E.03175
G1 X108.145 Y88.098 E.03692
G1 X106.888 Y88.241 E.03768
G1 X88.223 Y106.907 E.78627
G1 X88.327 Y106.201 E.02124
G1 X88.483 Y105.401 E.02429
G1 X88.777 Y104.195 E.03697
G1 X89.137 Y103.012 E.03683
G1 X89.565 Y101.847 E.03698
G1 X89.884 Y101.091 E.02442
G1 X90.23 Y100.348 E.02443
G1 X90.807 Y99.249 E.03698
G1 X91.445 Y98.184 E.03698
G1 X91.897 Y97.505 E.0243
G1 X92.632 Y96.504 E.03697
G1 X93.419 Y95.55 E.03685
G1 X94.113 Y94.799 E.03045
G1 X94.881 Y94.032 E.03234
G1 X95.594 Y93.386 E.02866
G1 X96.108 Y92.962 E.01984
G1 X93.312 Y106.67 F9000
G1 F10800
G1 X93.132 Y107.716 E.03162
G1 X93.068 Y108.279 E.01688
G1 X88.226 Y113.121 E.20398
G1 X88.363 Y114.001 E.02651
G1 X88.527 Y114.8 E.02429
G1 X88.833 Y116.004 E.03702
G1 X89.145 Y117.008 E.03133
G1 X89.524 Y118.041 E.03276
G1 X93.481 Y114.084 E.16667
G1 X93.583 Y114.493 E.01254
G1 X93.802 Y115.229 E.02288
G1 X94.183 Y116.283 E.0334
G1 X94.484 Y116.993 E.02295
G1 X94.829 Y117.711 E.02374
G1 X95.268 Y118.514 E.02727
G1 X91.658 Y122.125 E.15211
G1 X92.018 Y122.667 E.01938
G1 X92.759 Y123.657 E.03685
G1 X93.558 Y124.607 E.03699
G1 X94.113 Y125.207 E.02435
G1 X94.454 Y125.546 E.01431
G1 X97.973 Y122.027 E.14821
G1 X98.753 Y122.764 E.03195
G1 X99.34 Y123.257 E.02283
G1 X99.945 Y123.721 E.02274
G1 X100.776 Y124.29 E.03
G1 X101.491 Y124.726 E.02495
G1 X97.88 Y128.338 E.15213
G1 X98.966 Y129.016 E.03814
G1 X100.056 Y129.606 E.03692
G1 X101.175 Y130.134 E.03686
G1 X101.977 Y130.458 E.02576
G1 X105.93 Y126.505 E.1665
G1 X106.869 Y126.714 E.02867
G1 X107.987 Y126.885 E.03369
G1 X108.755 Y126.959 E.02297
G1 X109.517 Y126.997 E.02273
G1 X110.291 Y127.002 E.02305
G1 X111.071 Y126.97 E.02325
G1 X111.745 Y126.908 E.02017
G1 X106.902 Y131.751 E.20402
G1 X107.529 Y131.84 E.01887
G1 X108.767 Y131.944 E.03701
G1 X109.587 Y131.975 E.02445
G1 X110.408 Y131.975 E.02445
G1 X111.654 Y131.917 E.03715
G1 X112.467 Y131.84 E.02431
G1 X113.123 Y131.748 E.01973
G1 X131.777 Y113.093 E.78581
G1 X131.709 Y113.59 E.01494
G1 X131.472 Y114.806 E.03689
G1 X131.228 Y115.782 E.02995
G1 X130.927 Y116.794 E.03147
G1 X130.659 Y117.566 E.02434
G1 X130.198 Y118.721 E.03703
G1 X129.777 Y119.634 E.02996
G1 X129.293 Y120.568 E.03134
G1 X128.666 Y121.638 E.03695
G1 X128.113 Y122.478 E.02996
G1 X127.495 Y123.33 E.03134
G1 X126.714 Y124.295 E.03696
G1 X126.042 Y125.043 E.02996
G1 X125.176 Y125.912 E.03654
G1 X124.702 Y126.353 E.01929
G1 X123.954 Y126.987 E.02921
; stop printing object Генератор.stl id:18446744073679698525 copy 0
;LAYER_CHANGE
;Z:5.4
;HEIGHT:0.2
;BEFORE_LAYER_CHANGE
;5.4
G92 E0

G1 E-.77778 F2400
;WIPE_START
G1 F10800
G1 X124.702 Y126.353 E-.21793
G1 X124.716 Y126.34 E-.0043
;WIPE_END
;_SET_FAN_SPEED_CHANGING_LAYER
; printing object Генератор.stl id:18446744073679698525 copy 0
G17
G3 Z5.8 I1.144 J.414 P1  F9000
G1 X132.018 Y106.165 Z5.8
G1 Z5.4
G1 E1 F2700
M204 P2000
;TYPE:Inner wall
;WIDTH:0.449999
G1 F7200
G1 X132.171 Y107.182 E.03064
G1 X132.283 Y108.285 E.03301
G1 X132.331 Y109.121 E.02496
G1 X132.348 Y110.313 E.03551
G1 X132.295 Y111.571 E.0375
G1 X132.221 Y112.4 E.02477
G1 X132.05 Y113.647 E.0375
G1 X131.809 Y114.883 E.0375
G1 X131.612 Y115.69 E.02477
G1 X131.256 Y116.901 E.03759
G1 X130.984 Y117.687 E.02477
G1 X130.515 Y118.859 E.03759
G1 X130.171 Y119.616 E.02477
G1 X129.596 Y120.736 E.03751
G1 X128.96 Y121.821 E.03746
G1 X128.383 Y122.695 E.0312
G1 X127.77 Y123.541 E.03111
G1 X126.978 Y124.519 E.0375
G1 X126.277 Y125.298 E.0312
G1 X125.542 Y126.044 E.0312
G1 X124.932 Y126.612 E.02482
G1 X123.971 Y127.426 E.03753
G1 X122.966 Y128.184 E.03747
G1 X122.098 Y128.77 E.03121
G1 X121.207 Y129.316 E.03112
G1 X120.1 Y129.915 E.03748
G1 X118.96 Y130.452 E.03754
G1 X118.192 Y130.771 E.02479
G1 X117.006 Y131.2 E.03754
G1 X115.799 Y131.56 E.03754
G1 X114.991 Y131.761 E.0248
G1 X113.755 Y132.008 E.03754
G1 X112.507 Y132.184 E.03754
G1 X111.678 Y132.262 E.0248
G1 X110.416 Y132.321 E.03763
G1 X109.581 Y132.321 E.02489
G1 X108.746 Y132.29 E.02488
G1 X107.49 Y132.184 E.03755
G1 X106.245 Y132.008 E.03745
G1 X105.009 Y131.761 E.03754
G1 X104.201 Y131.56 E.0248
G1 X102.991 Y131.199 E.03763
G1 X102.205 Y130.923 E.02479
G1 X101.037 Y130.451 E.03754
G1 X99.897 Y129.914 E.03754
G1 X99.161 Y129.524 E.02479
G1 X98.076 Y128.882 E.03757
G1 X97.203 Y128.302 E.03121
G1 X96.36 Y127.685 E.03112
G1 X95.384 Y126.89 E.03751
G1 X94.608 Y126.186 E.03121
G1 X93.866 Y125.449 E.03115
G1 X93.158 Y124.675 E.03124
G1 X92.489 Y123.873 E.03111
G1 X91.735 Y122.866 E.03746
G1 X91.038 Y121.818 E.03751
G1 X90.61 Y121.104 E.02478
G1 X90.013 Y119.992 E.0376
G1 X89.655 Y119.242 E.02478
G1 X89.165 Y118.081 E.03751
G1 X88.742 Y116.895 E.03751
G1 X88.5 Y116.1 E.02477
G1 X88.189 Y114.877 E.03759
G1 X88.023 Y114.062 E.02477
G1 X87.828 Y112.818 E.0375
G1 X87.705 Y111.567 E.03745
G1 X87.657 Y110.521 E.03119
G1 X87.656 Y109.476 E.03113
G1 X87.706 Y108.429 E.03122
G1 X87.803 Y107.39 E.0311
G1 X87.985 Y106.143 E.03753
G1 X88.145 Y105.327 E.02477
G1 X88.443 Y104.103 E.0375
G1 X88.809 Y102.902 E.03741
G1 X89.243 Y101.72 E.03751
G1 X89.567 Y100.951 E.02486
G1 X89.92 Y100.195 E.02486
G1 X90.506 Y99.08 E.03751
G1 X91.152 Y98.001 E.03746
G1 X91.737 Y97.132 E.0312
G1 X92.358 Y96.292 E.03111
G1 X93.158 Y95.322 E.03746
G1 X94.013 Y94.397 E.03752
G1 X94.606 Y93.813 E.02478
G1 X95.546 Y92.97 E.03761
G1 X96.194 Y92.443 E.02487
G1 X96.86 Y91.94 E.02487
G1 X97.903 Y91.227 E.03762
G1 X98.611 Y90.79 E.02479
G1 X99.713 Y90.179 E.03753
G1 X100.845 Y89.633 E.03745
G1 X102.009 Y89.15 E.03754
G1 X102.792 Y88.867 E.0248
G1 X103.997 Y88.494 E.03757
G1 X105.013 Y88.238 E.03122
G1 X106.04 Y88.027 E.03122
G1 X106.863 Y87.895 E.02483
G1 X108.116 Y87.754 E.03754
G1 X109.372 Y87.683 E.03749
G1 X110.421 Y87.679 E.03122
G1 X111.465 Y87.722 E.03113
G1 X112.721 Y87.84 E.03758
G1 X113.545 Y87.957 E.0248
G1 X114.785 Y88.192 E.03757
G1 X115.803 Y88.441 E.03122
G1 X116.806 Y88.734 E.03113
G1 X117.996 Y89.152 E.03757
G1 X118.768 Y89.464 E.02479
G1 X119.916 Y89.991 E.03762
G1 X120.655 Y90.374 E.02479
G1 X121.745 Y91.005 E.03753
G1 X122.798 Y91.697 E.03753
G1 X123.472 Y92.185 E.02479
G1 X124.458 Y92.974 E.03761
G1 X125.083 Y93.524 E.02479
G1 X125.989 Y94.399 E.03752
G1 X126.842 Y95.322 E.03743
G1 X127.642 Y96.292 E.03746
G1 X128.265 Y97.134 E.0312
G1 X128.848 Y98.001 E.03111
G1 X129.496 Y99.082 E.03755
G1 X129.889 Y99.815 E.02478
G1 X130.434 Y100.954 E.03759
G1 X130.757 Y101.72 E.02477
G1 X131.191 Y102.903 E.03754
G1 X131.5 Y103.904 E.03119
G1 X131.763 Y104.914 E.0311
G1 X132.011 Y106.126 E.03684
G1 X132.427 Y106.104 F9000
M204 P1000
;TYPE:Outer wall
;WIDTH:0.419999
G1 F5400
G1 X132.581 Y107.13 E.02864
G1 X132.696 Y108.259 E.03132
G1 X132.745 Y109.116 E.02366
G1 X132.762 Y110.319 E.03322
G1 X132.708 Y111.599 E.03533
G1 X132.632 Y112.446 E.02348
G1 X132.458 Y113.714 E.03533
G1 X132.213 Y114.971 E.03533
G1 X132.012 Y115.798 E.02348
G1 X131.65 Y117.027 E.03535
G1 X131.371 Y117.831 E.02348
G1 X130.896 Y119.021 E.03536
G1 X130.543 Y119.796 E.02348
G1 X129.959 Y120.935 E.03533
G1 X129.311 Y122.04 E.03532
G1 X128.724 Y122.931 E.02946
G1 X128.098 Y123.792 E.02937
G1 X127.292 Y124.788 E.03534
G1 X126.578 Y125.581 E.02946
G1 X125.83 Y126.341 E.02941
G1 X125.207 Y126.921 E.0235
G1 X124.229 Y127.749 E.03535
G1 X123.207 Y128.521 E.03533
G1 X122.322 Y129.118 E.02947
G1 X121.413 Y129.674 E.02939
G1 X120.287 Y130.284 E.03534
G1 X119.128 Y130.831 E.03536
G1 X118.341 Y131.157 E.0235
G1 X117.136 Y131.592 E.03536
G1 X115.908 Y131.959 E.03536
G1 X115.081 Y132.165 E.0235
G1 X113.824 Y132.415 E.03536
G1 X112.555 Y132.595 E.03536
G1 X111.707 Y132.675 E.0235
G1 X110.426 Y132.735 E.03539
G1 X109.573 Y132.735 E.02353
G1 X108.721 Y132.703 E.02353
G1 X107.444 Y132.595 E.03537
G1 X106.176 Y132.415 E.03534
G1 X104.919 Y132.165 E.03536
G1 X104.092 Y131.959 E.0235
G1 X102.863 Y131.592 E.03539
G1 X102.059 Y131.31 E.0235
G1 X100.871 Y130.83 E.03536
G1 X99.712 Y130.284 E.03536
G1 X98.959 Y129.885 E.0235
G1 X97.856 Y129.233 E.03536
G1 X96.967 Y128.642 E.02947
G1 X96.107 Y128.013 E.02938
G1 X95.114 Y127.203 E.03535
G1 X94.323 Y126.486 E.02946
G1 X93.567 Y125.736 E.02939
G1 X92.847 Y124.947 E.02947
G1 X92.164 Y124.13 E.02938
G1 X91.397 Y123.105 E.03532
G1 X90.688 Y122.038 E.03534
G1 X90.251 Y121.308 E.02349
G1 X89.644 Y120.179 E.03536
G1 X89.277 Y119.411 E.02348
G1 X88.78 Y118.231 E.03533
G1 X88.35 Y117.025 E.03533
G1 X88.102 Y116.211 E.02348
G1 X87.786 Y114.969 E.03536
G1 X87.616 Y114.136 E.02348
G1 X87.418 Y112.871 E.03533
G1 X87.292 Y111.597 E.03531
G1 X87.243 Y110.531 E.02945
G1 X87.242 Y109.466 E.02937
G1 X87.293 Y108.4 E.02946
G1 X87.392 Y107.34 E.02936
G1 X87.578 Y106.073 E.03534
G1 X87.74 Y105.238 E.02348
G1 X88.044 Y103.994 E.03533
G1 X88.417 Y102.77 E.0353
G1 X88.858 Y101.568 E.03533
G1 X89.189 Y100.783 E.02351
G1 X89.55 Y100.011 E.02351
G1 X90.145 Y98.877 E.03533
G1 X90.803 Y97.779 E.03532
G1 X91.399 Y96.893 E.02946
G1 X92.032 Y96.038 E.02937
G1 X92.847 Y95.05 E.03532
G1 X93.716 Y94.109 E.03535
G1 X94.323 Y93.512 E.02349
G1 X95.278 Y92.656 E.03537
G1 X95.938 Y92.117 E.02352
G1 X96.619 Y91.604 E.02352
G1 X97.677 Y90.88 E.03538
G1 X98.402 Y90.433 E.0235
G1 X99.523 Y89.812 E.03536
G1 X100.676 Y89.255 E.03533
G1 X101.86 Y88.764 E.03536
G1 X102.661 Y88.475 E.0235
G1 X103.885 Y88.096 E.03537
G1 X104.921 Y87.835 E.02948
G1 X105.966 Y87.62 E.02942
G1 X106.807 Y87.485 E.02352
G1 X108.081 Y87.341 E.03536
G1 X109.36 Y87.269 E.03535
G1 X110.428 Y87.265 E.02948
G1 X111.493 Y87.309 E.02939
G1 X112.769 Y87.429 E.03537
G1 X113.613 Y87.549 E.02351
G1 X114.872 Y87.787 E.03537
G1 X115.91 Y88.041 E.02948
G1 X116.933 Y88.341 E.02939
G1 X118.142 Y88.765 E.03537
G1 X118.932 Y89.084 E.0235
G1 X120.097 Y89.62 E.03538
G1 X120.854 Y90.011 E.0235
G1 X121.962 Y90.653 E.03535
G1 X123.034 Y91.356 E.03535
G1 X123.723 Y91.857 E.0235
G1 X124.724 Y92.657 E.03538
G1 X125.363 Y93.22 E.02349
G1 X126.284 Y94.11 E.03534
G1 X127.153 Y95.05 E.03532
G1 X127.968 Y96.038 E.03532
G1 X128.603 Y96.896 E.02946
G1 X129.197 Y97.779 E.02937
G1 X129.856 Y98.878 E.03535
G1 X130.258 Y99.628 E.02349
G1 X130.811 Y100.784 E.03536
G1 X131.142 Y101.568 E.02348
G1 X131.583 Y102.771 E.03534
G1 X131.898 Y103.79 E.02945
G1 X132.166 Y104.821 E.02937
G1 X132.42 Y106.064 E.03502
G1 E-.7 F2400
;WIPE_START
G1 F5400
G1 X132.57 Y107.053 E-.3
;WIPE_END
G17
G3 Z5.8 I.754 J-.956 P1  F9000
G1 X117.347 Y95.049 Z5.8
G1 Z5.4
G1 E1 F2700
M204 P2000
;TYPE:Inner wall
;WIDTH:0.449999
G1 F7200
G1 X117.783 Y95.266 E.01448
G1 X118.434 Y95.628 E.02221
G1 X119.069 Y96.019 E.0222
G1 X119.591 Y96.375 E.01882
G1 X120.568 Y97.113 E.03648
G1 X121.139 Y97.603 E.0224
G1 X121.683 Y98.112 E.02221
G1 X122.313 Y98.766 E.02704
G1 X122.935 Y99.485 E.02831
G1 X123.395 Y100.077 E.02233
G1 X123.826 Y100.685 E.0222
G1 X124.229 Y101.312 E.0222
G1 X124.563 Y101.894 E.01998
G1 X125.108 Y102.948 E.03536
G1 X125.411 Y103.634 E.02232
G1 X125.68 Y104.328 E.02219
G1 X125.918 Y105.035 E.0222
G1 X126.214 Y106.105 E.03307
G1 X126.373 Y106.84 E.02239
G1 X126.498 Y107.574 E.02219
G1 X126.591 Y108.313 E.02219
G1 X126.649 Y109.056 E.02219
G1 X126.675 Y109.8 E.02219
G1 X126.667 Y110.545 E.02219
G1 X126.627 Y111.209 E.0198
G1 X126.503 Y112.395 E.03553
G1 X126.378 Y113.134 E.02232
G1 X126.262 Y113.675 E.01649
G1 X125.928 Y114.933 E.03877
G1 X125.689 Y115.646 E.02239
G1 X125.421 Y116.341 E.02219
G1 X125.121 Y117.024 E.02219
G1 X124.792 Y117.692 E.02219
G1 X124.433 Y118.345 E.02219
G1 X123.699 Y119.496 E.04067
G1 X123.247 Y120.109 E.02269
G1 X122.644 Y120.853 E.02852
G1 X122.136 Y121.42 E.02268
G1 X121.576 Y121.986 E.0237
G1 X120.599 Y122.861 E.03908
G1 X120.007 Y123.325 E.0224
G1 X119.401 Y123.759 E.0222
G1 X118.776 Y124.165 E.02221
G1 X118.133 Y124.543 E.02221
G1 X117.497 Y124.879 E.02144
G1 X116.8 Y125.21 E.02297
G1 X116.112 Y125.499 E.02221
G1 X115.258 Y125.807 E.02706
G1 X114.348 Y126.082 E.02833
G1 X113.698 Y126.242 E.01993
G1 X112.873 Y126.409 E.02507
G1 X111.787 Y126.562 E.03267
G1 X111.242 Y126.609 E.0163
G1 X110.293 Y126.656 E.02831
G1 X109.65 Y126.653 E.01915
G1 X109.061 Y126.628 E.01755
G1 X108.077 Y126.547 E.02942
G1 X107.147 Y126.407 E.028
G1 X106.224 Y126.225 E.02803
G1 X105.15 Y125.938 E.0331
G1 X104.436 Y125.703 E.02241
G1 X103.738 Y125.439 E.02221
G1 X103.054 Y125.144 E.02221
G1 X102.421 Y124.833 E.02099
G1 X101.409 Y124.278 E.03438
G1 X100.775 Y123.877 E.02234
G1 X100.163 Y123.451 E.02221
G1 X99.571 Y122.999 E.0222
G1 X99.056 Y122.567 E.02001
G1 X98.477 Y122.041 E.02331
G1 X97.924 Y121.489 E.02328
G1 X97.422 Y120.938 E.0222
G1 X96.945 Y120.365 E.0222
G1 X96.495 Y119.772 E.0222
G1 X96.071 Y119.159 E.0222
G1 X95.675 Y118.527 E.0222
G1 X95.138 Y117.555 E.03308
G1 X94.812 Y116.878 E.0224
G1 X94.46 Y116.041 E.02704
G1 X94.14 Y115.146 E.02831
G1 X93.952 Y114.523 E.0194
G1 X93.742 Y113.706 E.02512
G1 X93.595 Y112.991 E.02175
G1 X93.475 Y112.241 E.02263
G1 X93.392 Y111.5 E.0222
G1 X93.329 Y110.392 E.03307
G1 X93.328 Y109.64 E.02239
G1 X93.371 Y108.773 E.02585
G1 X93.447 Y108.024 E.02243
G1 X93.585 Y107.063 E.02893
G1 X93.698 Y106.503 E.01702
G1 X93.93 Y105.563 E.02884
G1 X94.207 Y104.661 E.02811
G1 X94.509 Y103.83 E.02632
G1 X94.771 Y103.215 E.01993
G1 X95.017 Y102.7 E.01699
G1 X95.464 Y101.85 E.0286
G1 X95.952 Y101.029 E.02845
G1 X96.389 Y100.38 E.02329
G1 X96.853 Y99.754 E.02321
G1 X97.405 Y99.081 E.02594
G1 X97.907 Y98.529 E.02221
G1 X98.539 Y97.907 E.02643
G1 X99.26 Y97.256 E.02892
G1 X99.719 Y96.887 E.01754
G1 X100.189 Y96.533 E.01753
G1 X101.017 Y95.966 E.02988
G1 X101.492 Y95.679 E.01654
G1 X102.333 Y95.213 E.02864
G1 X103.188 Y94.798 E.0283
G1 X104.061 Y94.433 E.0282
G1 X104.625 Y94.236 E.01777
G1 X105.55 Y93.951 E.02884
G1 X106.289 Y93.762 E.02272
G1 X107.07 Y93.604 E.02373
G1 X107.642 Y93.512 E.01727
G1 X108.623 Y93.4 E.02942
G1 X109.583 Y93.349 E.02862
G1 X110.341 Y93.35 E.02258
G1 X111.1 Y93.381 E.02263
G1 X112.09 Y93.473 E.02962
G1 X112.657 Y93.557 E.01707
G1 X113.594 Y93.732 E.02841
G1 X114.362 Y93.929 E.02359
G1 X115.081 Y94.137 E.0223
G1 X116.019 Y94.465 E.02961
G1 X117.109 Y94.931 E.03531
G1 X117.312 Y95.031 E.00673
G1 X117.163 Y95.419 F9000
M204 P1000
;TYPE:Outer wall
;WIDTH:0.419999
G1 F5400
G1 X117.598 Y95.636 E.0134
G1 X118.233 Y95.99 E.02006
G1 X118.852 Y96.371 E.02006
G1 X119.359 Y96.716 E.01692
G1 X120.317 Y97.442 E.03315
G1 X120.87 Y97.916 E.02011
G1 X121.4 Y98.414 E.02006
G1 X122.015 Y99.053 E.02447
G1 X122.622 Y99.756 E.02562
G1 X123.069 Y100.331 E.02009
G1 X123.488 Y100.924 E.02005
G1 X123.881 Y101.535 E.02005
G1 X124.204 Y102.099 E.01793
G1 X124.739 Y103.134 E.03214
G1 X125.032 Y103.8 E.02009
G1 X125.294 Y104.478 E.02005
G1 X125.526 Y105.166 E.02005
G1 X125.815 Y106.215 E.03
G1 X125.969 Y106.927 E.0201
G1 X126.091 Y107.643 E.02004
G1 X126.18 Y108.364 E.02004
G1 X126.237 Y109.088 E.02004
G1 X126.262 Y109.814 E.02004
G1 X126.254 Y110.541 E.02005
G1 X126.214 Y111.183 E.01776
G1 X126.092 Y112.347 E.0323
G1 X125.971 Y113.065 E.02008
G1 X125.858 Y113.588 E.01477
G1 X125.528 Y114.826 E.03536
G1 X125.297 Y115.514 E.02002
G1 X125.035 Y116.192 E.02005
G1 X124.743 Y116.857 E.02005
G1 X124.421 Y117.509 E.02005
G1 X124.071 Y118.145 E.02005
G1 X123.356 Y119.265 E.03665
G1 X122.916 Y119.861 E.02044
G1 X122.327 Y120.587 E.0258
G1 X121.833 Y121.138 E.02042
G1 X121.287 Y121.691 E.02145
G1 X120.324 Y122.552 E.03564
G1 X119.752 Y123 E.02003
G1 X119.161 Y123.422 E.02006
G1 X118.551 Y123.818 E.02006
G1 X117.924 Y124.186 E.02006
G1 X117.304 Y124.514 E.01935
G1 X116.624 Y124.836 E.02077
G1 X115.953 Y125.117 E.02007
G1 X115.118 Y125.418 E.02448
G1 X114.229 Y125.686 E.02563
G1 X113.6 Y125.84 E.01787
G1 X112.803 Y126.002 E.02242
G1 X111.73 Y126.152 E.02991
G1 X111.207 Y126.197 E.01446
G1 X110.276 Y126.242 E.02572
G1 X109.652 Y126.239 E.01723
G1 X109.082 Y126.215 E.01575
G1 X108.116 Y126.135 E.02675
G1 X107.209 Y125.998 E.0253
G1 X106.309 Y125.821 E.02532
G1 X105.258 Y125.539 E.03003
G1 X104.565 Y125.311 E.02012
G1 X103.885 Y125.053 E.02006
G1 X103.218 Y124.764 E.02006
G1 X102.604 Y124.462 E.01887
G1 X101.612 Y123.917 E.03123
G1 X100.996 Y123.528 E.0201
G1 X100.4 Y123.112 E.02006
G1 X99.823 Y122.67 E.02006
G1 X99.322 Y122.251 E.01803
G1 X98.757 Y121.736 E.02108
G1 X98.218 Y121.197 E.02105
G1 X97.728 Y120.659 E.02005
G1 X97.263 Y120.101 E.02005
G1 X96.824 Y119.522 E.02005
G1 X96.411 Y118.924 E.02005
G1 X96.025 Y118.308 E.02006
G1 X95.5 Y117.356 E.03001
G1 X95.184 Y116.699 E.02011
G1 X94.842 Y115.881 E.02446
G1 X94.529 Y115.007 E.02561
G1 X94.348 Y114.404 E.01737
G1 X94.143 Y113.605 E.02275
G1 X94 Y112.908 E.01963
G1 X93.884 Y112.176 E.02045
G1 X93.803 Y111.454 E.02005
G1 X93.741 Y110.369 E.03
G1 X93.741 Y109.64 E.02011
G1 X93.784 Y108.794 E.02336
G1 X93.858 Y108.067 E.02016
G1 X93.994 Y107.127 E.0262
G1 X94.104 Y106.586 E.01525
G1 X94.33 Y105.666 E.02613
G1 X94.601 Y104.785 E.02542
G1 X94.897 Y103.975 E.02378
G1 X95.152 Y103.377 E.01795
G1 X95.389 Y102.881 E.01516
G1 X95.825 Y102.051 E.02588
G1 X96.302 Y101.248 E.02576
G1 X96.729 Y100.615 E.02107
G1 X97.183 Y100.004 E.02099
G1 X97.723 Y99.345 E.02352
G1 X98.213 Y98.807 E.02006
G1 X98.829 Y98.202 E.02385
G1 X99.533 Y97.567 E.02616
G1 X99.977 Y97.21 E.01573
G1 X100.433 Y96.867 E.01573
G1 X101.245 Y96.31 E.02717
G1 X101.703 Y96.035 E.01474
G1 X102.525 Y95.58 E.02592
G1 X103.36 Y95.174 E.02562
G1 X104.217 Y94.816 E.02561
G1 X104.76 Y94.627 E.01588
G1 X105.665 Y94.348 E.02611
G1 X106.383 Y94.165 E.02045
G1 X107.145 Y94.01 E.02147
G1 X107.699 Y93.922 E.01548
G1 X108.662 Y93.812 E.02674
G1 X109.601 Y93.763 E.02593
G1 X110.337 Y93.764 E.0203
G1 X111.074 Y93.794 E.02037
G1 X112.046 Y93.884 E.02692
G1 X112.595 Y93.966 E.01531
G1 X113.514 Y94.138 E.02581
G1 X114.956 Y94.531 E.04123
G1 X115.876 Y94.854 E.02692
G1 X116.945 Y95.31 E.03207
G1 X117.127 Y95.401 E.00561
G1 E-.7 F2400
;WIPE_START
G1 F5400
G1 X117.598 Y95.636 E-.15772
G1 X118.012 Y95.867 E-.14228
;WIPE_END
G1 Z5.8 F9000
G1 X126.69 Y113.333
G1 Z5.8
G1 Z5.4
G1 E1 F2700
M204 P2500
;TYPE:Sparse infill
;WIDTH:0.45
G1 F10800
G1 X126.844 Y112.454 E.02658
G1 X126.929 Y111.724 E.02192
G1 X131.775 Y106.877 E.20414
G1 X131.674 Y106.207 E.02019
G1 X131.426 Y104.992 E.03694
G1 X131.167 Y103.998 E.0306
G1 X130.863 Y103.014 E.03069
G1 X130.476 Y101.959 E.03347
G1 X126.52 Y105.915 E.16663
G1 X126.254 Y104.947 E.02991
G1 X126.009 Y104.219 E.02287
G1 X125.733 Y103.508 E.02271
G1 X125.426 Y102.81 E.02272
G1 X124.993 Y101.949 E.0287
G1 X124.729 Y101.488 E.01582
G1 X128.345 Y97.873 E.15231
G1 X127.982 Y97.334 E.01934
G1 X127.369 Y96.506 E.0307
G1 X126.581 Y95.55 E.0369
G1 X125.741 Y94.641 E.03685
G1 X125.547 Y94.453 E.00806
G1 X122.028 Y97.972 E.14821
G1 X121.374 Y97.348 E.02691
G1 X120.795 Y96.851 E.02274
G1 X119.903 Y96.168 E.03346
G1 X119.272 Y95.738 E.02275
G1 X118.508 Y95.274 E.02661
G1 X122.118 Y91.664 E.15207
G1 X121.563 Y91.3 E.01977
G1 X120.488 Y90.678 E.037
G1 X119.764 Y90.302 E.02431
G1 X118.631 Y89.781 E.03714
G1 X118.027 Y89.538 E.01939
G1 X114.069 Y93.496 E.16676
G1 X113.7 Y93.401 E.01136
G1 X112.946 Y93.251 E.02288
G1 X112.192 Y93.136 E.02272
G1 X111.408 Y93.053 E.02348
G1 X110.667 Y93.008 E.02212
G1 X109.672 Y92.999 E.02962
G1 X108.778 Y93.039 E.02668
G1 X108.26 Y93.088 E.01549
G1 X113.104 Y88.244 E.20405
G1 X112.681 Y88.184 E.01273
G1 X111.442 Y88.067 E.03706
G1 X110.473 Y88.027 E.02887
G1 X109.383 Y88.029 E.03248
G1 X108.145 Y88.099 E.03692
G1 X106.888 Y88.241 E.03767
G1 X88.223 Y106.907 E.78627
G1 X88.327 Y106.201 E.02124
G1 X88.483 Y105.401 E.02429
G1 X88.777 Y104.195 E.03697
G1 X89.137 Y103.012 E.03683
G1 X89.565 Y101.847 E.03698
G1 X89.884 Y101.091 E.02442
G1 X90.23 Y100.348 E.02443
G1 X90.807 Y99.249 E.03698
G1 X91.444 Y98.186 E.0369
G1 X92.019 Y97.331 E.0307
G1 X92.631 Y96.506 E.03061
G1 X93.419 Y95.55 E.0369
G1 X94.113 Y94.799 E.03044
G1 X94.877 Y94.036 E.03218
G1 X95.771 Y93.234 E.03579
G1 X96.102 Y92.964 E.01271
G1 X93.312 Y106.665 F9000
G1 F10800
G1 X93.132 Y107.717 E.03178
G1 X93.073 Y108.275 E.01671
G1 X88.226 Y113.121 E.20417
G1 X88.363 Y114.001 E.02651
G1 X88.527 Y114.8 E.02429
G1 X88.833 Y116.007 E.03711
G1 X89.071 Y116.787 E.02428
G1 X89.524 Y118.041 E.03972
G1 X93.481 Y114.084 E.16667
G1 X93.583 Y114.493 E.01254
G1 X93.805 Y115.237 E.02315
G1 X94.132 Y116.152 E.02892
G1 X94.482 Y116.989 E.02705
G1 X94.829 Y117.711 E.02385
G1 X95.27 Y118.512 E.02724
G1 X91.658 Y122.125 E.1522
G1 X92.018 Y122.667 E.01938
G1 X92.76 Y123.658 E.0369
G1 X93.419 Y124.447 E.03061
G1 X94.115 Y125.21 E.03076
G1 X94.454 Y125.546 E.01422
G1 X97.973 Y122.027 E.14822
G1 X98.752 Y122.763 E.03194
G1 X99.34 Y123.257 E.02285
G1 X99.948 Y123.723 E.02285
G1 X100.573 Y124.158 E.02267
G1 X101.495 Y124.722 E.0322
G1 X97.881 Y128.337 E.15226
G1 X98.26 Y128.589 E.01357
G1 X99.331 Y129.222 E.03705
G1 X100.052 Y129.604 E.02431
G1 X101.176 Y130.134 E.03701
G1 X101.977 Y130.458 E.02575
G1 X105.93 Y126.505 E.1665
G1 X106.869 Y126.714 E.02867
G1 X107.987 Y126.885 E.03369
G1 X108.755 Y126.959 E.02297
G1 X109.517 Y126.997 E.02273
G1 X110.291 Y127.002 E.02305
G1 X111.035 Y126.973 E.02218
G1 X111.74 Y126.913 E.02107
G1 X106.902 Y131.751 E.2038
G1 X107.529 Y131.84 E.01887
G1 X108.767 Y131.944 E.03701
G1 X109.587 Y131.975 E.02445
G1 X110.408 Y131.975 E.02445
G1 X111.654 Y131.917 E.03715
G1 X112.467 Y131.84 E.02431
G1 X113.123 Y131.748 E.01973
G1 X131.777 Y113.093 E.78581
G1 X131.709 Y113.59 E.01494
G1 X131.471 Y114.808 E.03697
G1 X131.278 Y115.601 E.02429
G1 X130.926 Y116.796 E.03711
G1 X130.659 Y117.566 E.02429
G1 X130.197 Y118.723 E.03711
G1 X129.859 Y119.465 E.02429
G1 X129.293 Y120.57 E.03698
G1 X128.666 Y121.638 E.0369
G1 X128.099 Y122.499 E.0307
G1 X127.495 Y123.33 E.03061
G1 X126.715 Y124.294 E.03696
G1 X126.025 Y125.06 E.0307
G1 X125.176 Y125.912 E.03581
G1 X124.702 Y126.353 E.01929
G1 X123.954 Y126.987 E.02921
; stop printing object Генератор.stl id:18446744073679698525 copy 0
;LAYER_CHANGE
;Z:5.6
;HEIGHT:0.2
;BEFORE_LAYER_CHANGE
;5.6
G92 E0

G1 E-.77778 F2400
;WIPE_START
G1 F10800
G1 X124.702 Y126.353 E-.21793
G1 X124.716 Y126.34 E-.00429
;WIPE_END
;_SET_FAN_SPEED_CHANGING_LAYER
; printing object Генератор.stl id:18446744073679698525 copy 0
G17
G3 Z6 I1.144 J.414 P1  F9000
G1 X132.019 Y106.17 Z6
G1 Z5.6
G1 E1 F2700
M204 P2000
;TYPE:Inner wall
;WIDTH:0.449999
G1 F7200
G1 X132.144 Y106.97 E.02411
G1 X132.284 Y108.291 E.03956
G1 X132.331 Y109.121 E.02478
G1 X132.348 Y110.313 E.03551
G1 X132.295 Y111.571 E.0375
G1 X132.221 Y112.4 E.02477
G1 X132.05 Y113.647 E.03749
G1 X131.809 Y114.883 E.03751
G1 X131.612 Y115.69 E.02477
G1 X131.256 Y116.901 E.03759
G1 X130.984 Y117.687 E.02477
G1 X130.515 Y118.859 E.03759
G1 X130.171 Y119.616 E.02477
G1 X129.596 Y120.736 E.03751
G1 X128.959 Y121.823 E.03751
G1 X128.505 Y122.52 E.02478
G1 X127.768 Y123.544 E.03759
G1 X127.25 Y124.196 E.02479
G1 X126.422 Y125.144 E.03752
G1 X125.541 Y126.045 E.03752
G1 X124.932 Y126.612 E.02478
G1 X123.968 Y127.428 E.03761
G1 X123.309 Y127.935 E.02478
G1 X122.275 Y128.656 E.03753
G1 X121.203 Y129.318 E.03752
G1 X120.475 Y129.721 E.0248
G1 X119.345 Y130.28 E.03754
G1 X118.189 Y130.772 E.03745
G1 X117.006 Y131.2 E.03745
G1 X115.799 Y131.56 E.03754
G1 X114.991 Y131.761 E.0248
G1 X113.755 Y132.008 E.03754
G1 X112.507 Y132.184 E.03754
G1 X111.678 Y132.262 E.0248
G1 X110.416 Y132.321 E.03763
G1 X109.581 Y132.321 E.02489
G1 X108.746 Y132.29 E.02488
G1 X107.49 Y132.184 E.03754
G1 X106.245 Y132.008 E.03746
G1 X105.009 Y131.761 E.03754
G1 X104.201 Y131.56 E.0248
G1 X102.993 Y131.199 E.03757
G1 X101.982 Y130.838 E.03196
G1 X101.038 Y130.452 E.03039
G1 X99.9 Y129.915 E.03749
G1 X98.793 Y129.316 E.03747
G1 X97.879 Y128.755 E.03195
G1 X97.031 Y128.182 E.03047
G1 X96.361 Y127.687 E.02483
G1 X95.384 Y126.89 E.03756
G1 X94.59 Y126.169 E.03195
G1 X93.866 Y125.449 E.03041
G1 X93.142 Y124.656 E.03198
G1 X92.489 Y123.873 E.03037
G1 X91.735 Y122.866 E.03747
G1 X91.038 Y121.818 E.03751
G1 X90.61 Y121.104 E.02478
G1 X90.013 Y119.992 E.03759
G1 X89.655 Y119.242 E.02478
G1 X89.165 Y118.081 E.0375
G1 X88.742 Y116.895 E.03751
G1 X88.5 Y116.1 E.02477
G1 X88.189 Y114.877 E.03759
G1 X88.023 Y114.062 E.02477
G1 X87.828 Y112.818 E.0375
G1 X87.705 Y111.565 E.0375
G1 X87.662 Y110.735 E.02477
G1 X87.656 Y109.475 E.03753
G1 X87.708 Y108.405 E.03193
G1 X87.803 Y107.39 E.03036
G1 X87.985 Y106.143 E.03754
G1 X88.145 Y105.327 E.02477
G1 X88.443 Y104.103 E.0375
G1 X88.809 Y102.902 E.03741
G1 X89.243 Y101.72 E.03751
G1 X89.567 Y100.951 E.02486
G1 X89.92 Y100.195 E.02486
G1 X90.506 Y99.08 E.03751
G1 X91.153 Y97.999 E.03751
G1 X91.613 Y97.307 E.02478
G1 X92.359 Y96.292 E.03751
G1 X93.158 Y95.322 E.03744
G1 X94.013 Y94.397 E.03752
G1 X94.606 Y93.813 E.02478
G1 X95.546 Y92.971 E.0376
G1 X96.194 Y92.443 E.02488
G1 X96.86 Y91.94 E.02487
G1 X97.9 Y91.229 E.03753
G1 X98.978 Y90.577 E.03752
G1 X99.71 Y90.181 E.0248
G1 X100.845 Y89.633 E.03753
G1 X102.009 Y89.15 E.03753
G1 X102.792 Y88.867 E.0248
G1 X103.997 Y88.494 E.03757
G1 X105.038 Y88.232 E.03196
G1 X106.04 Y88.027 E.03048
G1 X106.863 Y87.895 E.02484
G1 X108.116 Y87.754 E.03753
G1 X109.372 Y87.683 E.03749
G1 X110.445 Y87.679 E.03197
G1 X111.465 Y87.722 E.0304
G1 X112.721 Y87.84 E.03758
G1 X113.545 Y87.957 E.0248
G1 X114.786 Y88.192 E.03762
G1 X115.596 Y88.385 E.02481
G1 X116.807 Y88.735 E.03754
G1 X117.996 Y89.152 E.03754
G1 X118.769 Y89.464 E.02482
G1 X119.748 Y89.91 E.03205
G1 X120.659 Y90.376 E.03047
G1 X121.384 Y90.787 E.02483
G1 X122.45 Y91.459 E.03753
G1 X123.474 Y92.187 E.03744
G1 X124.458 Y92.974 E.03753
G1 X125.083 Y93.524 E.02479
G1 X125.989 Y94.399 E.03752
G1 X126.841 Y95.322 E.03743
G1 X127.642 Y96.292 E.03747
G1 X128.279 Y97.154 E.03194
G1 X128.849 Y98.002 E.0304
G1 X129.403 Y98.921 E.03198
G1 X129.891 Y99.819 E.03045
G1 X130.258 Y100.567 E.02482
G1 X130.758 Y101.723 E.0375
G1 X131.191 Y102.902 E.03742
G1 X131.558 Y104.106 E.03749
G1 X131.763 Y104.912 E.02478
G1 X132.012 Y106.131 E.03705
G1 X132.428 Y106.107 F9000
M204 P1000
;TYPE:Outer wall
;WIDTH:0.419999
G1 F5400
G1 X132.554 Y106.916 E.0226
G1 X132.697 Y108.266 E.03745
G1 X132.745 Y109.116 E.02349
G1 X132.762 Y110.319 E.03322
G1 X132.708 Y111.599 E.03533
G1 X132.632 Y112.446 E.02348
G1 X132.458 Y113.714 E.03532
G1 X132.213 Y114.971 E.03533
G1 X132.012 Y115.798 E.02348
G1 X131.65 Y117.027 E.03535
G1 X131.371 Y117.831 E.02348
G1 X130.896 Y119.021 E.03536
G1 X130.543 Y119.796 E.02348
G1 X129.959 Y120.935 E.03533
G1 X129.311 Y122.04 E.03533
G1 X128.846 Y122.753 E.02349
G1 X128.098 Y123.793 E.03536
G1 X127.568 Y124.46 E.0235
G1 X126.725 Y125.425 E.03534
G1 X125.83 Y126.341 E.03535
G1 X125.207 Y126.921 E.02349
G1 X124.228 Y127.75 E.03538
G1 X123.553 Y128.269 E.02349
G1 X122.503 Y129.002 E.03535
G1 X121.412 Y129.675 E.03534
G1 X120.667 Y130.088 E.02351
G1 X119.518 Y130.655 E.03536
G1 X118.34 Y131.157 E.03533
G1 X117.136 Y131.592 E.03533
G1 X115.908 Y131.959 E.03536
G1 X115.081 Y132.165 E.0235
G1 X113.824 Y132.415 E.03536
G1 X112.555 Y132.595 E.03536
G1 X111.707 Y132.675 E.0235
G1 X110.426 Y132.735 E.03539
G1 X109.573 Y132.735 E.02353
G1 X108.721 Y132.703 E.02353
G1 X107.444 Y132.595 E.03536
G1 X106.176 Y132.415 E.03534
G1 X104.919 Y132.165 E.03536
G1 X104.092 Y131.959 E.0235
G1 X102.864 Y131.592 E.03537
G1 X101.834 Y131.224 E.03016
G1 X100.872 Y130.83 E.0287
G1 X99.713 Y130.284 E.03535
G1 X98.587 Y129.674 E.03534
G1 X97.655 Y129.103 E.03016
G1 X96.792 Y128.52 E.02872
G1 X96.108 Y128.013 E.02351
G1 X95.114 Y127.203 E.03536
G1 X94.305 Y126.469 E.03015
G1 X93.567 Y125.736 E.0287
G1 X92.83 Y124.928 E.03016
G1 X92.165 Y124.13 E.02869
G1 X91.397 Y123.105 E.03532
G1 X90.688 Y122.038 E.03534
G1 X90.251 Y121.308 E.02349
G1 X89.644 Y120.179 E.03535
G1 X89.277 Y119.411 E.02349
G1 X88.78 Y118.231 E.03533
G1 X88.35 Y117.025 E.03533
G1 X88.102 Y116.211 E.02348
G1 X87.786 Y114.969 E.03536
G1 X87.616 Y114.136 E.02348
G1 X87.418 Y112.871 E.03533
G1 X87.292 Y111.597 E.03533
G1 X87.248 Y110.747 E.02348
G1 X87.242 Y109.466 E.03534
G1 X87.295 Y108.375 E.03013
G1 X87.392 Y107.341 E.02868
G1 X87.578 Y106.073 E.03534
G1 X87.74 Y105.238 E.02348
G1 X88.044 Y103.994 E.03533
G1 X88.417 Y102.77 E.0353
G1 X88.858 Y101.568 E.03533
G1 X89.189 Y100.783 E.02351
G1 X89.55 Y100.011 E.02351
G1 X90.145 Y98.877 E.03533
G1 X90.803 Y97.778 E.03534
G1 X91.274 Y97.07 E.02349
G1 X92.032 Y96.038 E.03533
G1 X92.847 Y95.05 E.03532
G1 X93.716 Y94.109 E.03534
G1 X94.323 Y93.512 E.02349
G1 X95.277 Y92.656 E.03537
G1 X95.938 Y92.117 E.02353
G1 X96.619 Y91.604 E.02352
G1 X97.676 Y90.881 E.03535
G1 X98.773 Y90.218 E.03535
G1 X99.522 Y89.812 E.02351
G1 X100.676 Y89.255 E.03536
G1 X101.859 Y88.764 E.03535
G1 X102.661 Y88.475 E.02351
G1 X103.885 Y88.096 E.03537
G1 X104.946 Y87.829 E.03017
G1 X105.966 Y87.62 E.02873
G1 X106.807 Y87.485 E.02352
G1 X108.081 Y87.341 E.03536
G1 X109.36 Y87.269 E.03535
G1 X110.453 Y87.266 E.03017
G1 X111.493 Y87.309 E.02871
G1 X112.769 Y87.429 E.03538
G1 X113.613 Y87.549 E.02351
G1 X114.873 Y87.787 E.03538
G1 X115.702 Y87.985 E.02351
G1 X116.933 Y88.341 E.03536
G1 X118.142 Y88.765 E.03536
G1 X118.932 Y89.084 E.02351
G1 X119.928 Y89.538 E.03019
G1 X120.855 Y90.012 E.02873
G1 X121.596 Y90.432 E.02351
G1 X122.68 Y91.115 E.03535
G1 X123.723 Y91.857 E.03532
G1 X124.724 Y92.657 E.03535
G1 X125.363 Y93.22 E.02349
G1 X126.284 Y94.11 E.03534
G1 X127.153 Y95.05 E.03531
G1 X127.968 Y96.038 E.03533
G1 X128.617 Y96.916 E.03015
G1 X129.197 Y97.779 E.02869
G1 X129.762 Y98.715 E.03015
G1 X130.259 Y99.629 E.02871
G1 X130.633 Y100.394 E.0235
G1 X131.142 Y101.569 E.03533
G1 X131.583 Y102.77 E.0353
G1 X131.956 Y103.995 E.03532
G1 X132.166 Y104.82 E.02349
G1 X132.421 Y106.067 E.03513
G1 E-.7 F2400
;WIPE_START
G1 F5400
G1 X132.554 Y106.916 E-.25775
G1 X132.569 Y107.056 E-.04225
;WIPE_END
G17
G3 Z6 I.751 J-.957 P1  F9000
G1 X117.194 Y94.988 Z6
G1 Z5.6
G1 E1 F2700
M204 P2000
;TYPE:Inner wall
;WIDTH:0.449999
G1 F7200
G1 X117.776 Y95.263 E.01918
G1 X118.434 Y95.628 E.02241
G1 X119.069 Y96.019 E.02221
G1 X119.685 Y96.439 E.02221
G1 X120.426 Y96.999 E.02767
G1 X121.136 Y97.6 E.02771
G1 X121.683 Y98.112 E.02232
G1 X122.203 Y98.646 E.0222
G1 X122.585 Y99.074 E.0171
G1 X123.191 Y99.815 E.0285
G1 X123.653 Y100.444 E.02326
G1 X124.067 Y101.06 E.02208
G1 X124.487 Y101.756 E.02423
G1 X124.854 Y102.434 E.02297
G1 X125.336 Y103.46 E.03377
G1 X125.679 Y104.325 E.02769
G1 X125.918 Y105.034 E.02231
G1 X126.097 Y105.653 E.01917
G1 X126.235 Y106.208 E.01703
G1 X126.429 Y107.171 E.02927
G1 X126.59 Y108.309 E.03425
G1 X126.649 Y109.056 E.02231
G1 X126.675 Y109.8 E.02219
G1 X126.667 Y110.545 E.02219
G1 X126.63 Y111.226 E.02032
G1 X126.574 Y111.776 E.01645
G1 X126.445 Y112.726 E.02858
G1 X126.262 Y113.675 E.02879
G1 X125.928 Y114.933 E.03877
G1 X125.689 Y115.646 E.02239
G1 X125.421 Y116.341 E.02219
G1 X125.121 Y117.024 E.02219
G1 X124.792 Y117.692 E.02219
G1 X124.433 Y118.345 E.02219
G1 X123.811 Y119.329 E.0347
G1 X123.234 Y120.126 E.02928
G1 X122.895 Y120.554 E.01629
G1 X122.474 Y121.055 E.01948
G1 X121.964 Y121.604 E.02232
G1 X121.572 Y121.991 E.01641
G1 X120.738 Y122.743 E.03346
G1 X120.01 Y123.323 E.02771
G1 X119.401 Y123.759 E.02232
G1 X118.776 Y124.165 E.02221
G1 X117.835 Y124.701 E.03226
G1 X116.95 Y125.139 E.02941
G1 X116.112 Y125.499 E.02715
G1 X115.238 Y125.814 E.02768
G1 X114.347 Y126.082 E.02772
G1 X113.698 Y126.242 E.01992
G1 X112.873 Y126.409 E.02507
G1 X111.787 Y126.562 E.03267
G1 X111.242 Y126.609 E.0163
G1 X110.293 Y126.656 E.02831
G1 X109.65 Y126.653 E.01915
G1 X109.061 Y126.628 E.01755
G1 X108.109 Y126.542 E.02847
G1 X107.178 Y126.414 E.028
G1 X106.224 Y126.225 E.02896
G1 X105.654 Y126.08 E.01753
G1 X104.788 Y125.824 E.02689
G1 X103.962 Y125.525 E.02618
G1 X103.287 Y125.243 E.02177
G1 X102.419 Y124.836 E.02858
G1 X101.727 Y124.464 E.02339
G1 X101.088 Y124.08 E.02221
G1 X100.467 Y123.668 E.02221
G1 X99.791 Y123.168 E.02504
G1 X99.043 Y122.555 E.02881
G1 X98.46 Y122.025 E.02346
G1 X97.924 Y121.489 E.02259
G1 X97.422 Y120.938 E.0222
G1 X96.945 Y120.365 E.0222
G1 X96.495 Y119.772 E.0222
G1 X96.071 Y119.159 E.0222
G1 X95.675 Y118.527 E.0222
G1 X95.138 Y117.555 E.03308
G1 X94.812 Y116.878 E.02239
G1 X94.519 Y116.192 E.0222
G1 X94.141 Y115.148 E.03308
G1 X93.952 Y114.523 E.01947
G1 X93.742 Y113.706 E.02512
G1 X93.595 Y112.991 E.02175
G1 X93.475 Y112.241 E.02263
G1 X93.392 Y111.5 E.0222
G1 X93.334 Y110.496 E.02995
G1 X93.328 Y109.64 E.02552
G1 X93.376 Y108.765 E.0261
G1 X93.443 Y108.045 E.02152
G1 X93.588 Y107.048 E.03002
G1 X93.698 Y106.503 E.01658
G1 X93.917 Y105.595 E.0278
G1 X94.13 Y104.881 E.0222
G1 X94.441 Y104.007 E.02766
G1 X94.779 Y103.197 E.02612
G1 X95.022 Y102.683 E.01694
G1 X95.475 Y101.816 E.02913
G1 X95.855 Y101.175 E.0222
G1 X96.265 Y100.553 E.0222
G1 X96.814 Y99.803 E.02766
G1 X97.403 Y99.084 E.0277
G1 X97.907 Y98.529 E.02232
G1 X98.443 Y97.989 E.02268
G1 X99.258 Y97.258 E.03262
G1 X99.719 Y96.887 E.01761
G1 X100.189 Y96.533 E.01753
G1 X101.003 Y95.975 E.0294
G1 X101.833 Y95.477 E.02883
G1 X102.317 Y95.221 E.01631
G1 X103.188 Y94.798 E.02884
G1 X104.061 Y94.433 E.0282
G1 X104.623 Y94.237 E.01772
G1 X105.547 Y93.952 E.02882
G1 X106.311 Y93.757 E.02348
G1 X107.069 Y93.604 E.02301
G1 X107.642 Y93.512 E.01729
G1 X108.623 Y93.4 E.02941
G1 X109.58 Y93.35 E.02854
G1 X110.362 Y93.35 E.02331
G1 X111.099 Y93.381 E.02197
G1 X112.09 Y93.473 E.02964
G1 X112.657 Y93.557 E.01707
G1 X114.138 Y93.865 E.04507
G1 X114.677 Y94.01 E.01663
G1 X115.388 Y94.234 E.02221
G1 X116.019 Y94.465 E.02
G1 X116.554 Y94.685 E.01723
G1 X117.158 Y94.971 E.01991
G1 X117.018 Y95.362 F9000
M204 P1000
;TYPE:Outer wall
;WIDTH:0.419999
G1 F5400
G1 X117.596 Y95.635 E.01764
G1 X118.233 Y95.99 E.02012
G1 X118.852 Y96.371 E.02006
G1 X119.453 Y96.78 E.02006
G1 X120.176 Y97.329 E.02504
G1 X120.869 Y97.915 E.02505
G1 X121.4 Y98.414 E.02009
G1 X121.907 Y98.934 E.02005
G1 X122.277 Y99.349 E.01533
G1 X122.869 Y100.074 E.02581
G1 X123.317 Y100.685 E.02093
G1 X123.719 Y101.283 E.01987
G1 X124.13 Y101.964 E.02193
G1 X124.487 Y102.626 E.02077
G1 X124.961 Y103.632 E.03069
G1 X125.294 Y104.476 E.02504
G1 X125.526 Y105.166 E.02008
G1 X125.699 Y105.767 E.01725
G1 X125.833 Y106.304 E.01526
G1 X126.022 Y107.246 E.02652
G1 X126.18 Y108.363 E.03111
G1 X126.237 Y109.088 E.02008
G1 X126.262 Y109.814 E.02004
G1 X126.254 Y110.541 E.02004
G1 X126.217 Y111.203 E.01831
G1 X126.163 Y111.731 E.01465
G1 X126.036 Y112.66 E.02586
G1 X125.858 Y113.588 E.02608
G1 X125.528 Y114.826 E.03536
G1 X125.297 Y115.514 E.02002
G1 X125.035 Y116.192 E.02005
G1 X124.743 Y116.857 E.02005
G1 X124.421 Y117.509 E.02005
G1 X124.071 Y118.145 E.02005
G1 X123.468 Y119.098 E.03112
G1 X122.904 Y119.877 E.02653
G1 X122.578 Y120.288 E.01447
G1 X122.158 Y120.789 E.01804
G1 X121.662 Y121.322 E.02009
G1 X121.282 Y121.696 E.01469
G1 X120.464 Y122.434 E.0304
G1 X119.753 Y122.999 E.02505
G1 X119.161 Y123.422 E.02009
G1 X118.551 Y123.818 E.02006
G1 X117.924 Y124.186 E.02006
G1 X117.281 Y124.526 E.02006
G1 X116.774 Y124.765 E.01548
G1 X115.953 Y125.117 E.02464
G1 X115.098 Y125.425 E.02505
G1 X114.229 Y125.686 E.02506
G1 X113.6 Y125.84 E.01787
G1 X112.803 Y126.002 E.02242
G1 X111.73 Y126.152 E.02991
G1 X111.207 Y126.197 E.01446
G1 X110.276 Y126.242 E.02572
G1 X109.652 Y126.239 E.01723
G1 X109.082 Y126.215 E.01575
G1 X108.153 Y126.131 E.02573
G1 X107.245 Y126.006 E.0253
G1 X106.309 Y125.821 E.02632
G1 X105.757 Y125.679 E.01573
G1 X104.909 Y125.428 E.0244
G1 X104.102 Y125.136 E.02366
G1 X103.449 Y124.863 E.01955
G1 X102.599 Y124.464 E.02589
G1 X101.924 Y124.1 E.02115
G1 X101.301 Y123.726 E.02006
G1 X100.696 Y123.323 E.02006
G1 X100.037 Y122.836 E.02261
G1 X99.306 Y122.237 E.02607
G1 X98.74 Y121.721 E.02115
G1 X98.218 Y121.197 E.02041
G1 X97.728 Y120.659 E.02005
G1 X97.263 Y120.101 E.02005
G1 X96.824 Y119.522 E.02005
G1 X96.411 Y118.924 E.02005
G1 X96.025 Y118.308 E.02006
G1 X95.5 Y117.356 E.03001
G1 X95.185 Y116.699 E.0201
G1 X94.899 Y116.03 E.02005
G1 X94.529 Y115.008 E.03
G1 X94.348 Y114.404 E.01739
G1 X94.143 Y113.605 E.02275
G1 X94 Y112.908 E.01963
G1 X93.884 Y112.176 E.02045
G1 X93.803 Y111.454 E.02005
G1 X93.747 Y110.473 E.0271
G1 X93.741 Y109.64 E.023
G1 X93.789 Y108.788 E.02354
G1 X93.854 Y108.092 E.0193
G1 X93.996 Y107.113 E.02729
G1 X94.104 Y106.586 E.01484
G1 X94.318 Y105.696 E.02524
G1 X94.526 Y105 E.02005
G1 X94.831 Y104.146 E.02503
G1 X95.161 Y103.357 E.02359
G1 X95.395 Y102.862 E.01511
G1 X95.839 Y102.011 E.02647
G1 X96.211 Y101.387 E.02005
G1 X96.61 Y100.78 E.02005
G1 X97.147 Y100.048 E.02504
G1 X97.722 Y99.346 E.02505
G1 X98.212 Y98.808 E.02009
G1 X98.728 Y98.289 E.02019
G1 X99.534 Y97.565 E.02989
G1 X99.977 Y97.21 E.01567
G1 X100.433 Y96.867 E.01573
G1 X101.232 Y96.319 E.02672
G1 X102.044 Y95.833 E.02612
G1 X102.509 Y95.588 E.0145
G1 X103.36 Y95.174 E.02613
G1 X104.217 Y94.816 E.02561
G1 X104.759 Y94.628 E.01583
G1 X105.662 Y94.349 E.02609
G1 X106.405 Y94.16 E.02117
G1 X107.144 Y94.01 E.02081
G1 X107.699 Y93.922 E.01551
G1 X108.662 Y93.812 E.02673
G1 X109.598 Y93.763 E.02585
G1 X110.358 Y93.764 E.02098
G1 X111.074 Y93.794 E.01976
G1 X112.046 Y93.884 E.02695
G1 X112.595 Y93.966 E.01531
G1 X114.031 Y94.264 E.04048
G1 X114.573 Y94.41 E.01549
G1 X115.263 Y94.629 E.01998
G1 X116.394 Y95.067 E.03346
G1 X116.982 Y95.345 E.01793
G1 E-.7 F2400
;WIPE_START
G1 F5400
G1 X117.596 Y95.635 E-.20384
G1 X117.876 Y95.791 E-.09616
;WIPE_END
G1 Z6 F9000
G1 X126.689 Y113.335
G1 Z6
G1 Z5.6
G1 E1 F2700
M204 P2500
;TYPE:Sparse infill
;WIDTH:0.45
G1 F10800
G1 X126.868 Y112.275 E.032
G1 X126.928 Y111.725 E.0165
G1 X131.779 Y106.874 E.20434
G1 X131.675 Y106.21 E.02002
G1 X131.425 Y104.99 E.0371
G1 X131.224 Y104.199 E.0243
G1 X130.863 Y103.012 E.03696
G1 X130.476 Y101.959 E.03341
G1 X126.52 Y105.915 E.16664
G1 X126.254 Y104.949 E.02985
G1 X126.009 Y104.219 E.02294
G1 X125.659 Y103.335 E.0283
G1 X125.267 Y102.478 E.02809
G1 X124.731 Y101.487 E.03355
G1 X128.345 Y97.872 E.15225
G1 X127.997 Y97.354 E.01861
G1 X127.369 Y96.505 E.03143
G1 X126.581 Y95.55 E.0369
G1 X125.741 Y94.641 E.03685
G1 X125.547 Y94.453 E.00806
G1 X122.029 Y97.971 E.14819
G1 X121.374 Y97.348 E.02693
G1 X120.654 Y96.738 E.0281
G1 X119.897 Y96.164 E.02832
G1 X119.259 Y95.731 E.02296
G1 X118.508 Y95.274 E.02617
G1 X122.122 Y91.661 E.15221
G1 X121.207 Y91.084 E.03222
G1 X120.495 Y90.681 E.02437
G1 X119.597 Y90.222 E.03002
G1 X118.632 Y89.782 E.03159
G1 X118.027 Y89.538 E.01943
G1 X114.075 Y93.49 E.16649
G1 X112.947 Y93.252 E.03434
G1 X112.192 Y93.136 E.02275
G1 X111.408 Y93.053 E.02348
G1 X110.667 Y93.008 E.02211
G1 X109.694 Y92.999 E.02901
G1 X108.778 Y93.039 E.02731
G1 X108.26 Y93.088 E.01549
G1 X113.104 Y88.244 E.20405
G1 X112.681 Y88.184 E.01273
G1 X111.441 Y88.067 E.03707
G1 X110.498 Y88.028 E.02814
G1 X109.382 Y88.029 E.03323
G1 X108.145 Y88.099 E.03692
G1 X106.888 Y88.241 E.03766
G1 X88.223 Y106.907 E.78627
G1 X88.327 Y106.201 E.02124
G1 X88.483 Y105.401 E.02429
G1 X88.777 Y104.195 E.03697
G1 X89.137 Y103.012 E.03683
G1 X89.565 Y101.847 E.03697
G1 X89.884 Y101.091 E.02442
G1 X90.23 Y100.348 E.02443
G1 X90.807 Y99.249 E.03698
G1 X91.445 Y98.184 E.03698
G1 X91.897 Y97.505 E.02429
G1 X92.632 Y96.504 E.03697
G1 X93.419 Y95.55 E.03686
G1 X94.113 Y94.799 E.03044
G1 X94.877 Y94.036 E.03218
G1 X95.771 Y93.234 E.03578
G1 X96.102 Y92.964 E.01272
G1 X93.312 Y106.67 F9000
G1 F10800
G1 X93.132 Y107.716 E.03162
G1 X93.068 Y108.279 E.01688
G1 X88.226 Y113.121 E.20398
G1 X88.363 Y114.001 E.02651
G1 X88.527 Y114.8 E.02429
G1 X88.833 Y116.007 E.03711
G1 X89.071 Y116.787 E.02428
G1 X89.524 Y118.041 E.03972
G1 X93.481 Y114.084 E.16667
G1 X93.583 Y114.493 E.01254
G1 X93.805 Y115.238 E.02315
G1 X94.183 Y116.284 E.03312
G1 X94.484 Y116.993 E.02295
G1 X94.829 Y117.711 E.02374
G1 X95.27 Y118.512 E.02724
G1 X91.658 Y122.125 E.1522
G1 X92.018 Y122.667 E.01938
G1 X92.761 Y123.659 E.03691
G1 X93.403 Y124.429 E.02987
G1 X94.116 Y125.21 E.0315
G1 X94.454 Y125.546 E.0142
G1 X97.973 Y122.027 E.14823
G1 X98.753 Y122.763 E.03194
G1 X99.482 Y123.369 E.02824
G1 X100.267 Y123.95 E.0291
G1 X100.877 Y124.356 E.02183
G1 X101.492 Y124.726 E.02136
G1 X97.879 Y128.338 E.15218
G1 X98.966 Y129.016 E.03816
G1 X100.056 Y129.606 E.03691
G1 X101.177 Y130.135 E.03693
G1 X101.974 Y130.461 E.02564
G1 X105.928 Y126.507 E.16655
G1 X106.895 Y126.719 E.02949
G1 X107.629 Y126.839 E.02216
G1 X108.754 Y126.959 E.03369
G1 X109.517 Y126.997 E.02275
G1 X110.291 Y127.002 E.02305
G1 X111.035 Y126.973 E.02218
G1 X111.74 Y126.913 E.02107
G1 X106.902 Y131.751 E.2038
G1 X107.529 Y131.84 E.01888
G1 X108.767 Y131.944 E.03701
G1 X109.587 Y131.975 E.02445
G1 X110.408 Y131.975 E.02445
G1 X111.654 Y131.917 E.03715
G1 X112.467 Y131.84 E.02431
G1 X113.123 Y131.748 E.01973
G1 X131.777 Y113.093 E.78581
G1 X131.709 Y113.59 E.01493
G1 X131.471 Y114.808 E.03698
G1 X131.278 Y115.601 E.02429
G1 X130.926 Y116.796 E.03711
G1 X130.659 Y117.566 E.02429
G1 X130.197 Y118.723 E.03711
G1 X129.859 Y119.465 E.02429
G1 X129.293 Y120.57 E.03698
G1 X128.665 Y121.641 E.03698
G1 X128.22 Y122.324 E.0243
G1 X127.492 Y123.335 E.03711
G1 X126.984 Y123.974 E.02431
G1 X126.167 Y124.909 E.03698
G1 X125.176 Y125.912 E.04199
G1 X124.702 Y126.353 E.01929
G1 X123.954 Y126.987 E.02921
; stop printing object Генератор.stl id:18446744073679698525 copy 0
;LAYER_CHANGE
;Z:5.8
;HEIGHT:0.2
;BEFORE_LAYER_CHANGE
;5.8
G92 E0

G1 E-.77778 F2400
;WIPE_START
G1 F10800
G1 X124.702 Y126.353 E-.21791
G1 X124.716 Y126.34 E-.00431
;WIPE_END
;_SET_FAN_SPEED_CHANGING_LAYER
; printing object Генератор.stl id:18446744073679698525 copy 0
G17
G3 Z6.2 I1.144 J.414 P1  F9000
G1 X132.019 Y106.171 Z6.2
G1 Z5.8
G1 E1 F2700
M204 P2000
;TYPE:Inner wall
;WIDTH:0.449999
G1 F7200
G1 X132.177 Y107.231 E.03192
G1 X132.283 Y108.283 E.0315
G1 X132.331 Y109.121 E.02502
G1 X132.348 Y110.313 E.03551
G1 X132.295 Y111.571 E.0375
G1 X132.221 Y112.4 E.02477
G1 X132.05 Y113.647 E.0375
G1 X131.81 Y114.881 E.03744
G1 X131.543 Y115.944 E.03265
G1 X131.256 Y116.9 E.02973
G1 X130.984 Y117.687 E.02482
G1 X130.515 Y118.859 E.03759
G1 X130.171 Y119.616 E.02477
G1 X129.596 Y120.736 E.03751
G1 X128.959 Y121.823 E.03751
G1 X128.505 Y122.52 E.02478
G1 X127.767 Y123.544 E.0376
G1 X127.25 Y124.196 E.02478
G1 X126.422 Y125.144 E.03751
G1 X125.541 Y126.045 E.03753
G1 X124.932 Y126.612 E.02478
G1 X123.968 Y127.428 E.03761
G1 X123.309 Y127.935 E.02478
G1 X122.275 Y128.656 E.03753
G1 X121.203 Y129.318 E.03753
G1 X120.475 Y129.721 E.02479
G1 X119.346 Y130.279 E.03753
G1 X118.189 Y130.772 E.03745
G1 X117.006 Y131.2 E.03745
G1 X115.799 Y131.56 E.03754
G1 X114.991 Y131.761 E.0248
G1 X113.755 Y132.008 E.03754
G1 X112.507 Y132.184 E.03754
G1 X111.678 Y132.262 E.0248
G1 X110.416 Y132.321 E.03763
G1 X109.581 Y132.321 E.02489
G1 X108.746 Y132.29 E.02488
G1 X107.49 Y132.184 E.03755
G1 X106.245 Y132.008 E.03745
G1 X105.009 Y131.761 E.03753
G1 X104.201 Y131.56 E.0248
G1 X102.991 Y131.199 E.03763
G1 X102.205 Y130.923 E.0248
G1 X101.037 Y130.451 E.03754
G1 X99.9 Y129.915 E.03744
G1 X98.794 Y129.316 E.03748
G1 X97.858 Y128.742 E.03268
G1 X97.031 Y128.183 E.02975
G1 X96.361 Y127.687 E.02483
G1 X95.384 Y126.89 E.03755
G1 X94.573 Y126.152 E.03266
G1 X93.866 Y125.45 E.02968
G1 X93.126 Y124.638 E.03271
G1 X92.489 Y123.873 E.02965
G1 X91.735 Y122.866 E.03747
G1 X91.038 Y121.818 E.03751
G1 X90.61 Y121.104 E.02478
G1 X90.013 Y119.992 E.03759
G1 X89.655 Y119.242 E.02478
G1 X89.165 Y118.081 E.03753
G1 X88.794 Y117.049 E.03265
G1 X88.499 Y116.098 E.02967
G1 X88.226 Y115.035 E.0327
G1 X88.022 Y114.061 E.02964
G1 X87.828 Y112.818 E.03746
G1 X87.705 Y111.568 E.03744
G1 X87.655 Y110.473 E.03265
G1 X87.656 Y109.477 E.02966
G1 X87.709 Y108.381 E.03269
G1 X87.803 Y107.39 E.02964
G1 X87.985 Y106.143 E.03754
G1 X88.145 Y105.327 E.02477
G1 X88.443 Y104.103 E.0375
G1 X88.809 Y102.902 E.03741
G1 X89.243 Y101.72 E.03751
G1 X89.567 Y100.953 E.0248
G1 X90.038 Y99.96 E.03274
G1 X90.505 Y99.081 E.02965
G1 X91.153 Y97.999 E.03756
G1 X91.613 Y97.307 E.02478
G1 X92.359 Y96.292 E.03751
G1 X93.159 Y95.322 E.03746
G1 X93.901 Y94.514 E.03266
G1 X94.608 Y93.812 E.02968
G1 X95.424 Y93.076 E.03271
G1 X96.195 Y92.442 E.02975
G1 X96.86 Y91.94 E.02483
G1 X97.903 Y91.227 E.03762
G1 X98.611 Y90.79 E.02479
G1 X99.713 Y90.179 E.03753
G1 X100.845 Y89.633 E.03745
G1 X102.009 Y89.15 E.03753
G1 X102.792 Y88.867 E.0248
G1 X103.996 Y88.495 E.03754
G1 X105.219 Y88.191 E.03754
G1 X106.039 Y88.027 E.02488
G1 X106.863 Y87.895 E.02489
G1 X108.116 Y87.754 E.03754
G1 X109.372 Y87.683 E.03747
G1 X110.469 Y87.68 E.03269
G1 X111.465 Y87.722 E.02968
G1 X112.721 Y87.84 E.03759
G1 X113.545 Y87.957 E.0248
G1 X114.784 Y88.191 E.03754
G1 X116.007 Y88.495 E.03754
G1 X116.804 Y88.734 E.0248
G1 X117.996 Y89.152 E.03762
G1 X118.768 Y89.464 E.02479
G1 X119.915 Y89.991 E.03761
G1 X120.657 Y90.375 E.02489
G1 X121.384 Y90.787 E.02488
G1 X122.45 Y91.459 E.03753
G1 X123.474 Y92.187 E.03744
G1 X124.458 Y92.974 E.03753
G1 X125.083 Y93.524 E.02479
G1 X125.988 Y94.399 E.03751
G1 X126.843 Y95.324 E.03752
G1 X127.379 Y95.961 E.02479
G1 X128.143 Y96.962 E.03752
G1 X128.849 Y98.002 E.03743
G1 X129.496 Y99.082 E.03751
G1 X129.89 Y99.816 E.0248
G1 X130.367 Y100.806 E.03274
G1 X130.757 Y101.721 E.02964
G1 X131.191 Y102.902 E.03746
G1 X131.558 Y104.106 E.0375
G1 X131.763 Y104.912 E.02477
G1 X132.012 Y106.131 E.03706
G1 X132.428 Y106.11 F9000
M204 P1000
;TYPE:Outer wall
;WIDTH:0.419999
G1 F5400
G1 X132.587 Y107.179 E.02982
G1 X132.696 Y108.258 E.02992
G1 X132.745 Y109.116 E.02371
G1 X132.762 Y110.319 E.03322
G1 X132.708 Y111.599 E.03533
G1 X132.632 Y112.446 E.02348
G1 X132.458 Y113.714 E.03533
G1 X132.214 Y114.971 E.03531
G1 X131.942 Y116.053 E.03081
G1 X131.65 Y117.027 E.02803
G1 X131.371 Y117.831 E.0235
G1 X130.896 Y119.021 E.03536
G1 X130.543 Y119.796 E.02348
G1 X129.959 Y120.935 E.03533
G1 X129.311 Y122.04 E.03533
G1 X128.846 Y122.753 E.02349
G1 X128.097 Y123.794 E.03536
G1 X127.568 Y124.46 E.02349
G1 X126.726 Y125.425 E.03533
G1 X125.83 Y126.341 E.03535
G1 X125.207 Y126.921 E.02349
G1 X124.228 Y127.75 E.03538
G1 X123.553 Y128.269 E.02349
G1 X122.503 Y129.002 E.03536
G1 X121.412 Y129.675 E.03535
G1 X120.667 Y130.088 E.0235
G1 X119.519 Y130.655 E.03535
G1 X118.34 Y131.157 E.03533
G1 X117.136 Y131.592 E.03533
G1 X115.908 Y131.959 E.03536
G1 X115.081 Y132.165 E.0235
G1 X113.824 Y132.415 E.03536
G1 X112.555 Y132.595 E.03536
G1 X111.707 Y132.675 E.0235
G1 X110.426 Y132.735 E.03539
G1 X109.573 Y132.735 E.02353
G1 X108.721 Y132.703 E.02353
G1 X107.444 Y132.595 E.03537
G1 X106.176 Y132.415 E.03534
G1 X104.919 Y132.165 E.03536
G1 X104.092 Y131.959 E.02351
G1 X102.863 Y131.592 E.03539
G1 X102.059 Y131.31 E.0235
G1 X100.871 Y130.83 E.03536
G1 X99.713 Y130.284 E.03533
G1 X98.587 Y129.674 E.03534
G1 X97.634 Y129.09 E.03083
G1 X96.792 Y128.52 E.02805
G1 X96.108 Y128.013 E.02351
G1 X95.114 Y127.203 E.03536
G1 X94.288 Y126.452 E.03082
G1 X93.567 Y125.736 E.02803
G1 X92.814 Y124.91 E.03083
G1 X92.165 Y124.13 E.02802
G1 X91.397 Y123.105 E.03533
G1 X90.688 Y122.038 E.03534
G1 X90.251 Y121.308 E.02349
G1 X89.644 Y120.179 E.03535
G1 X89.277 Y119.411 E.02349
G1 X88.78 Y118.231 E.03534
G1 X88.402 Y117.18 E.03081
G1 X88.101 Y116.211 E.02801
G1 X87.823 Y115.129 E.03082
G1 X87.615 Y114.135 E.02801
G1 X87.418 Y112.871 E.03531
G1 X87.292 Y111.597 E.03531
G1 X87.242 Y110.482 E.0308
G1 X87.242 Y109.467 E.02801
G1 X87.297 Y108.351 E.03082
G1 X87.392 Y107.341 E.02801
G1 X87.578 Y106.073 E.03534
G1 X87.74 Y105.238 E.02348
G1 X88.044 Y103.994 E.03533
G1 X88.417 Y102.77 E.0353
G1 X88.858 Y101.568 E.03533
G1 X89.189 Y100.784 E.02349
G1 X89.668 Y99.774 E.03084
G1 X90.145 Y98.878 E.02801
G1 X90.803 Y97.778 E.03535
G1 X91.274 Y97.07 E.02349
G1 X92.032 Y96.038 E.03533
G1 X92.847 Y95.05 E.03533
G1 X93.603 Y94.228 E.03082
G1 X94.324 Y93.511 E.02803
G1 X95.154 Y92.763 E.03084
G1 X95.939 Y92.117 E.02805
G1 X96.619 Y91.604 E.02351
G1 X97.677 Y90.88 E.03538
G1 X98.402 Y90.433 E.0235
G1 X99.523 Y89.812 E.03536
G1 X100.676 Y89.255 E.03533
G1 X101.859 Y88.764 E.03535
G1 X102.661 Y88.475 E.02351
G1 X103.885 Y88.096 E.03536
G1 X105.129 Y87.787 E.03536
G1 X105.965 Y87.62 E.02353
G1 X106.807 Y87.485 E.02353
G1 X108.081 Y87.341 E.03536
G1 X109.36 Y87.269 E.03534
G1 X110.478 Y87.266 E.03084
G1 X111.493 Y87.309 E.02804
G1 X112.769 Y87.429 E.03538
G1 X113.613 Y87.549 E.02351
G1 X114.872 Y87.787 E.03536
G1 X116.116 Y88.096 E.03536
G1 X116.932 Y88.34 E.0235
G1 X118.142 Y88.765 E.03539
G1 X118.932 Y89.084 E.0235
G1 X120.097 Y89.62 E.03538
G1 X120.854 Y90.012 E.02354
G1 X121.596 Y90.432 E.02353
G1 X122.68 Y91.115 E.03535
G1 X123.723 Y91.857 E.03532
G1 X124.724 Y92.657 E.03535
G1 X125.363 Y93.22 E.02349
G1 X126.284 Y94.11 E.03534
G1 X127.154 Y95.051 E.03534
G1 X127.702 Y95.702 E.02349
G1 X128.479 Y96.72 E.03534
G1 X129.198 Y97.779 E.03531
G1 X129.856 Y98.878 E.03533
G1 X130.258 Y99.628 E.02349
G1 X130.743 Y100.635 E.03084
G1 X131.142 Y101.569 E.02801
G1 X131.583 Y102.77 E.03532
G1 X131.956 Y103.995 E.03533
G1 X132.166 Y104.82 E.02348
G1 X132.422 Y106.07 E.03521
G1 E-.7 F2400
;WIPE_START
G1 F5400
G1 X132.57 Y107.059 E-.3
;WIPE_END
G17
G3 Z6.2 I.75 J-.959 P1  F9000
G1 X117.057 Y94.928 Z6.2
G1 Z5.8
G1 E1 F2700
M204 P2000
;TYPE:Inner wall
;WIDTH:0.449999
G1 F7200
G1 X117.927 Y95.346 E.02873
G1 X118.438 Y95.631 E.01743
G1 X119.069 Y96.019 E.02208
G1 X119.686 Y96.439 E.02221
G1 X120.568 Y97.113 E.03309
G1 X121.139 Y97.603 E.0224
G1 X121.683 Y98.112 E.0222
G1 X122.203 Y98.646 E.0222
G1 X122.596 Y99.087 E.01758
G1 X122.963 Y99.526 E.01704
G1 X123.546 Y100.295 E.02876
G1 X124.076 Y101.077 E.02813
G1 X124.575 Y101.907 E.02885
G1 X124.845 Y102.416 E.01717
G1 X125.212 Y103.178 E.02518
G1 X125.485 Y103.834 E.02116
G1 X125.813 Y104.728 E.02836
G1 X126.097 Y105.653 E.02884
G1 X126.235 Y106.208 E.01702
G1 X126.426 Y107.158 E.02887
G1 X126.544 Y107.952 E.02392
G1 X126.62 Y108.678 E.02174
G1 X126.675 Y109.8 E.03347
G1 X126.667 Y110.545 E.02219
G1 X126.63 Y111.226 E.02032
G1 X126.574 Y111.774 E.0164
G1 X126.445 Y112.725 E.02859
G1 X126.264 Y113.664 E.02849
G1 X126.063 Y114.468 E.02469
G1 X125.846 Y115.183 E.02226
G1 X125.483 Y116.185 E.03174
G1 X125.123 Y117.02 E.02709
G1 X124.792 Y117.692 E.0223
G1 X124.433 Y118.345 E.02219
G1 X124.124 Y118.851 E.01767
G1 X123.811 Y119.329 E.01703
G1 X123.235 Y120.124 E.02924
G1 X122.474 Y121.055 E.03582
G1 X121.964 Y121.604 E.02231
G1 X121.572 Y121.991 E.01641
G1 X120.722 Y122.757 E.03408
G1 X120.01 Y123.323 E.0271
G1 X119.401 Y123.759 E.02231
G1 X118.776 Y124.165 E.02221
G1 X118.336 Y124.424 E.0152
G1 X117.835 Y124.701 E.01706
G1 X116.95 Y125.139 E.0294
G1 X116.112 Y125.499 E.02716
G1 X115.219 Y125.82 E.0283
G1 X114.347 Y126.082 E.02711
G1 X113.698 Y126.242 E.01991
G1 X112.873 Y126.409 E.02507
G1 X111.787 Y126.562 E.03267
G1 X111.242 Y126.609 E.0163
G1 X110.292 Y126.656 E.02832
G1 X109.107 Y126.629 E.03532
G1 X108.434 Y126.584 E.02009
G1 X107.69 Y126.498 E.02232
G1 X107.178 Y126.414 E.01545
G1 X106.224 Y126.225 E.02896
G1 X105.654 Y126.08 E.01753
G1 X104.788 Y125.824 E.02689
G1 X104.174 Y125.602 E.01946
G1 X103.282 Y125.241 E.02865
G1 X102.419 Y124.836 E.02841
G1 X101.727 Y124.464 E.02339
G1 X101.088 Y124.08 E.02221
G1 X100.267 Y123.522 E.02956
G1 X99.827 Y123.194 E.01636
G1 X99.058 Y122.568 E.02954
G1 X98.451 Y122.016 E.02444
G1 X97.924 Y121.489 E.0222
G1 X97.422 Y120.938 E.0222
G1 X96.945 Y120.365 E.0222
G1 X96.376 Y119.605 E.02828
G1 X95.871 Y118.849 E.02709
G1 X95.515 Y118.252 E.02069
G1 X95.135 Y117.549 E.02381
G1 X94.812 Y116.878 E.0222
G1 X94.445 Y116.002 E.02828
G1 X94.158 Y115.198 E.02543
G1 X93.949 Y114.511 E.0214
G1 X93.742 Y113.706 E.02474
G1 X93.594 Y112.983 E.02198
G1 X93.475 Y112.241 E.0224
G1 X93.392 Y111.5 E.0222
G1 X93.329 Y110.392 E.03307
G1 X93.328 Y109.64 E.0224
G1 X93.374 Y108.731 E.02711
G1 X93.446 Y108.029 E.02101
G1 X93.585 Y107.063 E.02909
G1 X93.698 Y106.503 E.01702
G1 X93.93 Y105.566 E.02874
G1 X94.206 Y104.664 E.02811
G1 X94.509 Y103.83 E.02642
G1 X94.767 Y103.225 E.01959
G1 X95.123 Y102.473 E.02479
G1 X95.474 Y101.816 E.02218
G1 X95.975 Y100.994 E.02868
G1 X96.275 Y100.545 E.01609
G1 X96.857 Y99.749 E.02937
G1 X97.405 Y99.081 E.02575
G1 X97.907 Y98.529 E.0222
G1 X98.434 Y97.998 E.0223
G1 X99.17 Y97.336 E.02949
G1 X99.725 Y96.882 E.02134
G1 X100.189 Y96.533 E.0173
G1 X101.017 Y95.966 E.02988
G1 X101.49 Y95.682 E.01644
G1 X102.33 Y95.215 E.02864
G1 X103.188 Y94.798 E.02841
G1 X104.061 Y94.433 E.02819
G1 X104.64 Y94.227 E.01829
G1 X105.555 Y93.951 E.02847
G1 X106.482 Y93.718 E.02847
G1 X107.642 Y93.512 E.0351
G1 X108.623 Y93.4 E.02942
G1 X109.577 Y93.351 E.02846
G1 X110.383 Y93.35 E.024
G1 X111.098 Y93.381 E.02132
G1 X112.09 Y93.473 E.02967
G1 X112.657 Y93.557 E.01707
G1 X113.594 Y93.732 E.02841
G1 X114.516 Y93.964 E.0283
G1 X115.087 Y94.141 E.01783
G1 X116.019 Y94.465 E.02938
G1 X116.549 Y94.683 E.01706
G1 X117.021 Y94.91 E.01561
G1 X116.878 Y95.3 F9000
M204 P1000
;TYPE:Outer wall
;WIDTH:0.419999
G1 F5400
G1 X117.725 Y95.707 E.02593
G1 X118.234 Y95.99 E.01606
G1 X118.852 Y96.371 E.02003
G1 X119.453 Y96.78 E.02007
G1 X120.317 Y97.442 E.03002
G1 X120.87 Y97.916 E.02011
G1 X121.4 Y98.414 E.02006
G1 X121.907 Y98.934 E.02005
G1 X122.287 Y99.362 E.01578
G1 X122.642 Y99.787 E.01528
G1 X123.212 Y100.539 E.02604
G1 X123.729 Y101.302 E.02544
G1 X124.217 Y102.114 E.02614
G1 X124.478 Y102.608 E.0154
G1 X124.837 Y103.353 E.02282
G1 X125.101 Y103.989 E.01901
G1 X125.422 Y104.862 E.02566
G1 X125.699 Y105.767 E.02613
G1 X125.833 Y106.304 E.01526
G1 X126.019 Y107.233 E.02615
G1 X126.134 Y108.006 E.02155
G1 X126.208 Y108.71 E.01955
G1 X126.262 Y109.817 E.03058
G1 X126.254 Y110.541 E.01995
G1 X126.217 Y111.203 E.01831
G1 X126.037 Y112.658 E.04045
G1 X125.86 Y113.577 E.02581
G1 X125.663 Y114.363 E.02236
G1 X125.451 Y115.06 E.02011
G1 X125.095 Y116.042 E.02881
G1 X124.743 Y116.856 E.02448
G1 X124.421 Y117.509 E.02008
G1 X124.071 Y118.145 E.02005
G1 X123.771 Y118.636 E.01586
G1 X123.468 Y119.098 E.01527
G1 X122.904 Y119.876 E.02649
G1 X122.155 Y120.792 E.03265
G1 X121.662 Y121.322 E.02
G1 X121.282 Y121.696 E.01469
G1 X120.448 Y122.447 E.03097
G1 X119.753 Y122.999 E.02449
G1 X119.161 Y123.422 E.02009
G1 X118.551 Y123.818 E.02006
G1 X117.924 Y124.186 E.02006
G1 X117.281 Y124.526 E.02006
G1 X116.774 Y124.765 E.01548
G1 X115.953 Y125.117 E.02465
G1 X115.079 Y125.431 E.02562
G1 X114.228 Y125.686 E.0245
G1 X113.6 Y125.84 E.01786
G1 X112.803 Y126.002 E.02242
G1 X111.73 Y126.152 E.02991
G1 X110.276 Y126.242 E.04018
G1 X109.135 Y126.217 E.03151
G1 X108.459 Y126.172 E.01869
G1 X107.738 Y126.087 E.02001
G1 X107.245 Y126.006 E.01381
G1 X106.309 Y125.821 E.02632
G1 X105.757 Y125.679 E.01573
G1 X104.909 Y125.428 E.0244
G1 X104.315 Y125.213 E.01743
G1 X103.444 Y124.861 E.02593
G1 X102.6 Y124.464 E.02573
G1 X101.924 Y124.1 E.02116
G1 X101.301 Y123.725 E.02007
G1 X100.5 Y123.18 E.02674
G1 X100.078 Y122.866 E.01451
G1 X99.323 Y122.252 E.02685
G1 X98.73 Y121.712 E.02213
G1 X98.218 Y121.197 E.02005
G1 X97.728 Y120.659 E.02005
G1 X97.263 Y120.101 E.02006
G1 X96.708 Y119.357 E.02561
G1 X96.215 Y118.619 E.02448
G1 X95.87 Y118.04 E.01859
G1 X95.499 Y117.354 E.02154
G1 X95.184 Y116.699 E.02005
G1 X94.827 Y115.843 E.0256
G1 X94.548 Y115.059 E.02294
G1 X94.345 Y114.392 E.01924
G1 X94.143 Y113.605 E.02241
G1 X93.999 Y112.901 E.01985
G1 X93.884 Y112.176 E.02024
G1 X93.803 Y111.454 E.02005
G1 X93.741 Y110.369 E.03
G1 X93.741 Y109.64 E.02011
G1 X93.787 Y108.753 E.02451
G1 X93.857 Y108.073 E.01885
G1 X93.994 Y107.127 E.02636
G1 X94.104 Y106.586 E.01525
G1 X94.33 Y105.67 E.02602
G1 X94.6 Y104.789 E.02542
G1 X94.897 Y103.975 E.02389
G1 X95.147 Y103.387 E.01764
G1 X95.496 Y102.652 E.02246
G1 X95.839 Y102.012 E.02004
G1 X96.328 Y101.21 E.02593
G1 X96.615 Y100.78 E.01426
G1 X97.187 Y99.999 E.02669
G1 X97.723 Y99.345 E.02335
G1 X98.212 Y98.808 E.02005
G1 X98.726 Y98.292 E.02008
G1 X99.447 Y97.644 E.02674
G1 X99.983 Y97.205 E.01913
G1 X100.433 Y96.867 E.01552
G1 X101.245 Y96.31 E.02717
G1 X101.7 Y96.037 E.01463
G1 X102.521 Y95.581 E.02592
G1 X103.36 Y95.174 E.02574
G1 X104.217 Y94.816 E.0256
G1 X104.778 Y94.617 E.01643
G1 X105.671 Y94.348 E.02573
G1 X106.575 Y94.12 E.02574
G1 X107.699 Y93.922 E.0315
G1 X108.662 Y93.812 E.02674
G1 X109.595 Y93.764 E.02577
G1 X110.379 Y93.764 E.02162
G1 X111.073 Y93.794 E.01917
G1 X112.046 Y93.884 E.02697
G1 X112.595 Y93.966 E.01531
G1 X113.514 Y94.138 E.0258
G1 X114.414 Y94.365 E.02562
G1 X114.965 Y94.536 E.0159
G1 X115.876 Y94.854 E.02664
G1 X116.389 Y95.064 E.0153
G1 X116.842 Y95.282 E.01387
G1 E-.7 F2400
;WIPE_START
G1 F5400
G1 X117.725 Y95.707 E-.29397
G1 X117.743 Y95.717 E-.00603
;WIPE_END
G1 Z6.2 F9000
G1 X126.689 Y113.335
G1 Z6.2
G1 Z5.8
G1 E1 F2700
M204 P2500
;TYPE:Sparse infill
;WIDTH:0.45
G1 F10800
G1 X126.865 Y112.296 E.0314
G1 X126.928 Y111.725 E.0171
G1 X131.775 Y106.878 E.20418
G1 X131.674 Y106.207 E.02022
G1 X131.425 Y104.99 E.03701
G1 X131.224 Y104.199 E.02429
G1 X130.863 Y103.012 E.03697
G1 X130.476 Y101.959 E.03342
G1 X126.52 Y105.915 E.16664
G1 X126.254 Y104.948 E.02987
G1 X125.952 Y104.069 E.02769
G1 X125.59 Y103.172 E.0288
G1 X125.269 Y102.482 E.02268
G1 X124.731 Y101.487 E.03369
G1 X128.344 Y97.874 E.1522
G1 X127.863 Y97.164 E.02553
G1 X127.109 Y96.178 E.03699
G1 X126.584 Y95.553 E.0243
G1 X125.741 Y94.641 E.03699
G1 X125.547 Y94.453 E.00805
G1 X122.029 Y97.971 E.14819
G1 X121.374 Y97.348 E.02691
G1 X120.795 Y96.851 E.02274
G1 X119.897 Y96.164 E.03368
G1 X119.259 Y95.731 E.02297
G1 X118.509 Y95.274 E.02617
G1 X122.122 Y91.661 E.15221
G1 X121.207 Y91.084 E.03222
G1 X120.492 Y90.68 E.02445
G1 X119.763 Y90.302 E.02445
G1 X118.631 Y89.781 E.03713
G1 X118.027 Y89.538 E.01939
G1 X114.07 Y93.495 E.16671
G1 X113.702 Y93.402 E.01131
G1 X112.946 Y93.251 E.02296
G1 X112.192 Y93.136 E.02272
G1 X111.433 Y93.055 E.02272
G1 X110.668 Y93.008 E.02285
G1 X109.715 Y92.998 E.0284
G1 X108.778 Y93.039 E.02794
G1 X108.26 Y93.088 E.0155
G1 X113.104 Y88.244 E.20405
G1 X112.681 Y88.184 E.01273
G1 X111.441 Y88.067 E.03708
G1 X110.522 Y88.028 E.02742
G1 X109.382 Y88.029 E.03395
G1 X108.145 Y88.099 E.0369
G1 X106.888 Y88.241 E.03767
G1 X88.223 Y106.907 E.78627
G1 X88.327 Y106.201 E.02124
G1 X88.483 Y105.401 E.02428
G1 X88.777 Y104.195 E.03697
G1 X89.137 Y103.012 E.03683
G1 X89.565 Y101.847 E.03698
G1 X89.882 Y101.094 E.02433
G1 X90.347 Y100.115 E.03228
G1 X90.806 Y99.251 E.02915
G1 X91.445 Y98.184 E.03705
G1 X91.897 Y97.505 E.02429
G1 X92.632 Y96.504 E.03698
G1 X93.42 Y95.549 E.0369
G1 X94.065 Y94.848 E.02837
G1 X94.879 Y94.033 E.03431
G1 X95.649 Y93.339 E.03089
G1 X96.106 Y92.963 E.01761
G1 X93.312 Y106.666 F9000
G1 F10800
G1 X93.132 Y107.717 E.03176
G1 X93.072 Y108.275 E.01674
G1 X88.226 Y113.121 E.20414
G1 X88.363 Y113.999 E.02644
G1 X88.563 Y114.956 E.02914
G1 X88.833 Y116.004 E.03221
G1 X89.122 Y116.939 E.02918
G1 X89.524 Y118.041 E.03493
G1 X93.48 Y114.084 E.16667
G1 X93.583 Y114.495 E.01261
G1 X93.812 Y115.258 E.02374
G1 X94.12 Y116.121 E.02729
G1 X94.482 Y116.989 E.02802
G1 X94.812 Y117.679 E.02277
G1 X95.268 Y118.514 E.02835
G1 X91.658 Y122.125 E.15211
G1 X92.018 Y122.667 E.01938
G1 X92.761 Y123.659 E.03692
G1 X93.387 Y124.411 E.02915
G1 X94.116 Y125.21 E.03223
G1 X94.454 Y125.546 E.01419
G1 X97.973 Y122.027 E.14824
G1 X98.752 Y122.763 E.03192
G1 X99.358 Y123.272 E.02358
G1 X99.946 Y123.721 E.02203
G1 X100.901 Y124.371 E.0344
G1 X101.492 Y124.726 E.02054
G1 X97.879 Y128.338 E.15219
G1 X98.967 Y129.016 E.03817
G1 X100.056 Y129.606 E.03691
G1 X101.176 Y130.134 E.03686
G1 X101.977 Y130.458 E.02575
G1 X105.928 Y126.507 E.16643
G1 X106.868 Y126.714 E.02867
G1 X107.628 Y126.838 E.02294
G1 X108.394 Y126.928 E.02296
G1 X109.315 Y126.99 E.0275
G1 X110.29 Y127.002 E.02905
G1 X111.035 Y126.973 E.0222
G1 X111.74 Y126.913 E.02107
G1 X106.902 Y131.751 E.2038
G1 X107.529 Y131.84 E.01887
G1 X108.767 Y131.944 E.03701
G1 X109.587 Y131.975 E.02445
G1 X110.408 Y131.975 E.02445
G1 X111.654 Y131.917 E.03715
G1 X112.467 Y131.84 E.02431
G1 X113.123 Y131.748 E.01973
G1 X131.777 Y113.093 E.78581
G1 X131.709 Y113.59 E.01494
G1 X131.472 Y114.805 E.03687
G1 X131.209 Y115.852 E.03214
G1 X130.927 Y116.793 E.02928
G1 X130.659 Y117.566 E.02436
G1 X130.197 Y118.723 E.03711
G1 X129.859 Y119.465 E.02429
G1 X129.293 Y120.57 E.03698
G1 X128.665 Y121.641 E.03698
G1 X128.22 Y122.324 E.0243
G1 X127.491 Y123.335 E.03712
G1 X126.984 Y123.974 E.0243
G1 X126.168 Y124.909 E.03698
G1 X125.176 Y125.912 E.042
G1 X124.702 Y126.353 E.01929
G1 X123.954 Y126.987 E.02921
; stop printing object Генератор.stl id:18446744073679698525 copy 0
;LAYER_CHANGE
;Z:6
;HEIGHT:0.2
;BEFORE_LAYER_CHANGE
;6
G92 E0

G1 E-.77778 F2400
;WIPE_START
G1 F10800
G1 X124.702 Y126.353 E-.21792
G1 X124.716 Y126.34 E-.0043
;WIPE_END
;_SET_FAN_SPEED_CHANGING_LAYER
; printing object Генератор.stl id:18446744073679698525 copy 0
G17
G3 Z6.4 I1.144 J.414 P1  F9000
G1 X132.02 Y106.176 Z6.4
G1 Z6
G1 E1 F2700
M204 P2000
;TYPE:Inner wall
;WIDTH:0.449999
G1 F7200
G1 X132.144 Y106.97 E.02393
G1 X132.284 Y108.291 E.03957
G1 X132.331 Y109.121 E.02477
G1 X132.348 Y110.313 E.03551
G1 X132.295 Y111.571 E.0375
G1 X132.221 Y112.4 E.02477
G1 X132.05 Y113.647 E.0375
G1 X131.809 Y114.883 E.0375
G1 X131.612 Y115.691 E.02477
G1 X131.256 Y116.901 E.03759
G1 X130.984 Y117.687 E.02477
G1 X130.515 Y118.859 E.03759
G1 X130.171 Y119.616 E.02477
G1 X129.596 Y120.736 E.03751
G1 X128.959 Y121.823 E.03751
G1 X128.505 Y122.52 E.02478
G1 X127.768 Y123.544 E.03759
G1 X127.25 Y124.196 E.02479
G1 X126.422 Y125.144 E.03751
G1 X125.541 Y126.045 E.03753
G1 X124.932 Y126.612 E.02478
G1 X123.971 Y127.426 E.03753
G1 X122.967 Y128.184 E.03746
G1 X122.037 Y128.81 E.03339
G1 X121.207 Y129.315 E.02894
G1 X120.1 Y129.915 E.03749
G1 X118.961 Y130.452 E.03753
G1 X118.192 Y130.771 E.0248
G1 X117.006 Y131.2 E.03754
G1 X115.799 Y131.56 E.03754
G1 X114.991 Y131.761 E.0248
G1 X113.755 Y132.008 E.03754
G1 X112.507 Y132.184 E.03754
G1 X111.678 Y132.262 E.0248
G1 X110.416 Y132.321 E.03763
G1 X109.581 Y132.321 E.02489
G1 X108.746 Y132.29 E.02488
G1 X107.49 Y132.184 E.03755
G1 X106.245 Y132.008 E.03745
G1 X105.009 Y131.761 E.03754
G1 X104.201 Y131.56 E.0248
G1 X102.991 Y131.199 E.03763
G1 X102.205 Y130.923 E.02479
G1 X101.037 Y130.451 E.03753
G1 X99.897 Y129.914 E.03754
G1 X99.159 Y129.523 E.02488
G1 X98.436 Y129.104 E.02488
G1 X97.374 Y128.421 E.03762
G1 X96.696 Y127.939 E.02479
G1 X95.705 Y127.161 E.03753
G1 X94.761 Y126.331 E.03744
G1 X93.864 Y125.447 E.03752
G1 X93.299 Y124.836 E.02478
G1 X92.488 Y123.872 E.03752
G1 X91.735 Y122.866 E.03745
G1 X91.112 Y121.934 E.03338
G1 X90.61 Y121.103 E.02893
G1 X90.013 Y119.992 E.03755
G1 X89.655 Y119.242 E.02478
G1 X89.165 Y118.081 E.03751
G1 X88.742 Y116.895 E.03751
G1 X88.5 Y116.099 E.02479
G1 X88.221 Y115.011 E.03346
G1 X88.022 Y114.061 E.02892
G1 X87.828 Y112.818 E.03746
G1 X87.705 Y111.568 E.03743
G1 X87.655 Y110.449 E.03337
G1 X87.656 Y109.477 E.02894
G1 X87.711 Y108.357 E.03342
G1 X87.803 Y107.39 E.02892
G1 X87.985 Y106.143 E.03755
G1 X88.145 Y105.327 E.02477
G1 X88.443 Y104.104 E.0375
G1 X88.81 Y102.899 E.0375
G1 X89.089 Y102.116 E.02478
G1 X89.569 Y100.948 E.03759
G1 X89.92 Y100.195 E.02477
G1 X90.506 Y99.08 E.03751
G1 X91.152 Y98.001 E.03744
G1 X91.779 Y97.072 E.03338
G1 X92.358 Y96.293 E.02893
G1 X93.158 Y95.322 E.03748
G1 X94.013 Y94.397 E.03751
G1 X94.606 Y93.813 E.02479
G1 X95.546 Y92.971 E.0376
G1 X96.194 Y92.443 E.02488
G1 X96.86 Y91.94 E.02487
G1 X97.903 Y91.227 E.03762
G1 X98.611 Y90.79 E.02479
G1 X99.713 Y90.179 E.03753
G1 X100.845 Y89.633 E.03745
G1 X102.009 Y89.15 E.03753
G1 X102.792 Y88.867 E.0248
G1 X103.997 Y88.494 E.03756
G1 X105.084 Y88.222 E.0334
G1 X106.04 Y88.027 E.02904
G1 X106.863 Y87.895 E.02485
G1 X108.116 Y87.754 E.03754
G1 X109.372 Y87.683 E.03748
G1 X110.493 Y87.68 E.03341
G1 X111.465 Y87.722 E.02895
G1 X112.718 Y87.84 E.03751
G1 X113.964 Y88.028 E.03754
G1 X114.781 Y88.191 E.0248
G1 X116.007 Y88.495 E.03763
G1 X116.804 Y88.734 E.0248
G1 X117.996 Y89.152 E.03762
G1 X118.768 Y89.464 E.02479
G1 X119.916 Y89.991 E.03762
G1 X120.657 Y90.375 E.02488
G1 X121.384 Y90.787 E.02488
G1 X122.45 Y91.459 E.03753
G1 X123.474 Y92.187 E.03744
G1 X124.458 Y92.974 E.03753
G1 X125.083 Y93.524 E.02479
G1 X125.989 Y94.399 E.03752
G1 X126.842 Y95.323 E.03746
G1 X127.557 Y96.186 E.03338
G1 X128.143 Y96.961 E.02893
G1 X128.849 Y98.002 E.03748
G1 X129.496 Y99.082 E.03751
G1 X129.891 Y99.818 E.02486
G1 X130.258 Y100.567 E.02486
G1 X130.758 Y101.723 E.0375
G1 X131.191 Y102.902 E.03742
G1 X131.558 Y104.106 E.0375
G1 X131.763 Y104.912 E.02478
G1 X132.013 Y106.137 E.03723
G1 X132.428 Y106.112 F9000
M204 P1000
;TYPE:Outer wall
;WIDTH:0.419999
G1 F5400
G1 X132.554 Y106.916 E.02244
G1 X132.697 Y108.266 E.03746
G1 X132.745 Y109.116 E.02348
G1 X132.762 Y110.319 E.03322
G1 X132.708 Y111.599 E.03533
G1 X132.632 Y112.446 E.02348
G1 X132.458 Y113.714 E.03533
G1 X132.213 Y114.971 E.03533
G1 X132.012 Y115.798 E.02348
G1 X131.65 Y117.027 E.03535
G1 X131.371 Y117.831 E.02348
G1 X130.896 Y119.021 E.03536
G1 X130.543 Y119.796 E.02348
G1 X129.959 Y120.935 E.03533
G1 X129.311 Y122.04 E.03533
G1 X128.846 Y122.753 E.02349
G1 X128.097 Y123.793 E.03536
G1 X127.568 Y124.46 E.0235
G1 X126.726 Y125.425 E.03533
G1 X125.83 Y126.341 E.03535
G1 X125.207 Y126.921 E.02349
G1 X124.229 Y127.749 E.03535
G1 X123.207 Y128.52 E.03533
G1 X122.26 Y129.158 E.0315
G1 X121.413 Y129.674 E.02736
G1 X120.287 Y130.284 E.03534
G1 X119.128 Y130.83 E.03535
G1 X118.341 Y131.157 E.02351
G1 X117.136 Y131.592 E.03536
G1 X115.908 Y131.959 E.03536
G1 X115.081 Y132.165 E.0235
G1 X113.824 Y132.415 E.03536
G1 X112.555 Y132.595 E.03536
G1 X111.707 Y132.675 E.0235
G1 X110.426 Y132.735 E.03539
G1 X109.573 Y132.735 E.02353
G1 X108.721 Y132.703 E.02353
G1 X107.444 Y132.595 E.03537
G1 X106.176 Y132.415 E.03534
G1 X104.919 Y132.165 E.03536
G1 X104.092 Y131.959 E.02351
G1 X102.863 Y131.592 E.03539
G1 X102.059 Y131.31 E.0235
G1 X100.871 Y130.83 E.03535
G1 X99.712 Y130.284 E.03536
G1 X98.958 Y129.885 E.02353
G1 X98.22 Y129.458 E.02353
G1 X97.142 Y128.764 E.03538
G1 X96.448 Y128.27 E.0235
G1 X95.44 Y127.479 E.03535
G1 X94.479 Y126.634 E.03532
G1 X93.567 Y125.735 E.03535
G1 X92.989 Y125.11 E.02349
G1 X92.164 Y124.129 E.03534
G1 X91.397 Y123.105 E.03532
G1 X90.763 Y122.156 E.03149
G1 X90.25 Y121.308 E.02734
G1 X89.644 Y120.179 E.03534
G1 X89.277 Y119.411 E.02349
G1 X88.78 Y118.231 E.03533
G1 X88.35 Y117.025 E.03533
G1 X88.102 Y116.211 E.02349
G1 X87.818 Y115.105 E.0315
G1 X87.615 Y114.135 E.02734
G1 X87.418 Y112.871 E.03532
G1 X87.292 Y111.597 E.0353
G1 X87.241 Y110.458 E.03147
G1 X87.242 Y109.467 E.02734
G1 X87.298 Y108.327 E.03149
G1 X87.392 Y107.341 E.02734
G1 X87.578 Y106.073 E.03534
G1 X87.74 Y105.238 E.02348
G1 X88.044 Y103.994 E.03532
G1 X88.417 Y102.77 E.03533
G1 X88.703 Y101.968 E.02349
G1 X89.19 Y100.782 E.03536
G1 X89.55 Y100.011 E.02348
G1 X90.145 Y98.877 E.03534
G1 X90.803 Y97.779 E.03531
G1 X91.441 Y96.833 E.03149
G1 X92.032 Y96.038 E.02735
G1 X92.847 Y95.05 E.03533
G1 X93.716 Y94.11 E.03534
G1 X94.323 Y93.512 E.0235
G1 X95.277 Y92.656 E.03537
G1 X95.938 Y92.117 E.02353
G1 X96.619 Y91.604 E.02352
G1 X97.677 Y90.88 E.03538
G1 X98.402 Y90.433 E.0235
G1 X99.523 Y89.812 E.03536
G1 X100.676 Y89.255 E.03533
G1 X101.859 Y88.764 E.03535
G1 X102.661 Y88.475 E.02351
G1 X103.885 Y88.096 E.03537
G1 X104.993 Y87.818 E.03151
G1 X105.966 Y87.62 E.02739
G1 X106.807 Y87.485 E.02352
G1 X108.081 Y87.341 E.03536
G1 X109.36 Y87.269 E.03534
G1 X110.502 Y87.267 E.03151
G1 X111.493 Y87.309 E.02737
G1 X112.768 Y87.429 E.03535
G1 X114.035 Y87.621 E.03536
G1 X114.871 Y87.787 E.02351
G1 X116.116 Y88.096 E.03539
G1 X116.932 Y88.34 E.0235
G1 X118.142 Y88.765 E.03539
G1 X118.932 Y89.084 E.0235
G1 X120.097 Y89.62 E.03538
G1 X120.854 Y90.012 E.02353
G1 X121.596 Y90.432 E.02353
G1 X122.68 Y91.115 E.03535
G1 X123.723 Y91.857 E.03532
G1 X124.724 Y92.657 E.03535
G1 X125.363 Y93.22 E.02349
G1 X126.284 Y94.11 E.03534
G1 X127.153 Y95.05 E.03532
G1 X127.882 Y95.929 E.03149
G1 X128.479 Y96.72 E.02735
G1 X129.198 Y97.779 E.03533
G1 X129.856 Y98.878 E.03533
G1 X130.259 Y99.629 E.02351
G1 X130.633 Y100.394 E.02351
G1 X131.142 Y101.569 E.03533
G1 X131.583 Y102.77 E.0353
G1 X131.956 Y103.995 E.03532
G1 X132.166 Y104.82 E.02349
G1 X132.422 Y106.073 E.03529
G1 E-.7 F2400
;WIPE_START
G1 F5400
G1 X132.554 Y106.916 E-.25597
G1 X132.569 Y107.062 E-.04403
;WIPE_END
G17
G3 Z6.4 I.748 J-.96 P1  F9000
G1 X116.922 Y94.856 Z6.4
G1 Z6
G1 E1 F2700
M204 P2000
;TYPE:Inner wall
;WIDTH:0.449999
G1 F7200
G1 X117.439 Y95.096 E.01697
G1 X118.431 Y95.627 E.03352
G1 X119.069 Y96.019 E.0223
G1 X119.686 Y96.439 E.02221
G1 X120.568 Y97.113 E.03309
G1 X121.139 Y97.603 E.0224
G1 X121.683 Y98.112 E.0222
G1 X122.203 Y98.646 E.0222
G1 X122.588 Y99.078 E.01723
G1 X123.132 Y99.734 E.02541
G1 X123.557 Y100.301 E.02109
G1 X124.083 Y101.09 E.02822
G1 X124.575 Y101.907 E.02842
G1 X124.85 Y102.427 E.01751
G1 X125.107 Y102.955 E.01751
G1 X125.487 Y103.84 E.02869
G1 X125.813 Y104.726 E.0281
G1 X126.097 Y105.653 E.02889
G1 X126.235 Y106.208 E.01703
G1 X126.427 Y107.168 E.02917
G1 X126.59 Y108.31 E.03437
G1 X126.649 Y109.056 E.02229
G1 X126.675 Y109.8 E.02219
G1 X126.667 Y110.545 E.02219
G1 X126.63 Y111.226 E.02032
G1 X126.52 Y112.269 E.03124
G1 X126.379 Y113.131 E.026
G1 X126.125 Y114.23 E.03361
G1 X125.844 Y115.191 E.02984
G1 X125.475 Y116.204 E.03211
G1 X125.123 Y117.021 E.02648
G1 X124.792 Y117.692 E.02229
G1 X124.433 Y118.345 E.02219
G1 X124.124 Y118.851 E.01767
G1 X123.811 Y119.33 E.01703
G1 X123.236 Y120.123 E.02918
G1 X122.474 Y121.056 E.03588
G1 X121.964 Y121.604 E.0223
G1 X121.572 Y121.991 E.01641
G1 X120.599 Y122.861 E.03888
G1 X120.007 Y123.325 E.0224
G1 X119.401 Y123.759 E.0222
G1 X118.358 Y124.411 E.03663
G1 X117.497 Y124.879 E.0292
G1 X116.8 Y125.21 E.02297
G1 X116.112 Y125.499 E.02221
G1 X115.199 Y125.827 E.02892
G1 X114.347 Y126.082 E.0265
G1 X113.698 Y126.242 E.0199
G1 X112.873 Y126.409 E.02507
G1 X111.787 Y126.562 E.03267
G1 X111.242 Y126.609 E.0163
G1 X110.292 Y126.656 E.02832
G1 X109.109 Y126.63 E.03526
G1 X108.434 Y126.584 E.02015
G1 X107.69 Y126.498 E.02231
G1 X107.178 Y126.414 E.01545
G1 X106.224 Y126.225 E.02896
G1 X105.654 Y126.08 E.01753
G1 X104.788 Y125.824 E.02689
G1 X104.176 Y125.602 E.01941
G1 X103.284 Y125.242 E.02864
G1 X102.404 Y124.829 E.02895
G1 X101.377 Y124.253 E.03509
G1 X100.532 Y123.711 E.02988
G1 X99.675 Y123.08 E.03171
G1 X99.003 Y122.522 E.02603
G1 X98.613 Y122.165 E.01573
G1 X97.924 Y121.489 E.02876
G1 X97.525 Y121.05 E.01767
G1 X96.945 Y120.365 E.02672
G1 X96.495 Y119.772 E.0222
G1 X96.071 Y119.159 E.0222
G1 X95.675 Y118.528 E.0222
G1 X95.203 Y117.68 E.0289
G1 X94.813 Y116.881 E.02648
G1 X94.519 Y116.192 E.0223
G1 X94.141 Y115.148 E.03308
G1 X93.951 Y114.519 E.01958
G1 X93.742 Y113.706 E.025
G1 X93.594 Y112.984 E.02195
G1 X93.475 Y112.241 E.02243
G1 X93.392 Y111.5 E.0222
G1 X93.329 Y110.392 E.03307
G1 X93.328 Y109.64 E.0224
G1 X93.378 Y108.72 E.02745
G1 X93.442 Y108.047 E.02012
G1 X93.585 Y107.063 E.02963
G1 X93.698 Y106.503 E.01702
G1 X93.917 Y105.595 E.0278
G1 X94.13 Y104.881 E.0222
G1 X94.413 Y104.089 E.02507
G1 X94.784 Y103.186 E.02908
G1 X95.022 Y102.683 E.01657
G1 X95.475 Y101.816 E.02913
G1 X95.855 Y101.175 E.0222
G1 X96.265 Y100.553 E.0222
G1 X96.839 Y99.771 E.0289
G1 X97.403 Y99.083 E.02648
G1 X97.907 Y98.529 E.0223
G1 X98.443 Y97.989 E.02269
G1 X99.258 Y97.258 E.03261
G1 X100.189 Y96.533 E.03514
G1 X101.017 Y95.966 E.02988
G1 X101.929 Y95.423 E.03163
G1 X102.69 Y95.027 E.02556
G1 X103.188 Y94.798 E.01632
G1 X104.061 Y94.433 E.02819
G1 X104.64 Y94.227 E.01829
G1 X105.558 Y93.95 E.02859
G1 X106.355 Y93.747 E.0245
G1 X107.067 Y93.604 E.02161
G1 X107.642 Y93.512 E.01735
G1 X108.623 Y93.4 E.02941
G1 X109.575 Y93.351 E.02839
G1 X110.404 Y93.35 E.02469
G1 X111.097 Y93.381 E.02067
G1 X112.074 Y93.471 E.02922
G1 X112.863 Y93.588 E.02375
G1 X113.594 Y93.732 E.02222
G1 X114.553 Y93.978 E.02949
G1 X115.072 Y94.134 E.01612
G1 X116.019 Y94.465 E.02989
G1 X116.549 Y94.683 E.01706
G1 X116.886 Y94.84 E.01106
G1 X116.748 Y95.231 F9000
M204 P1000
;TYPE:Outer wall
;WIDTH:0.419999
G1 F5400
G1 X117.259 Y95.469 E.01556
G1 X118.234 Y95.99 E.0305
G1 X118.852 Y96.371 E.02003
G1 X119.453 Y96.78 E.02007
G1 X120.317 Y97.442 E.03002
G1 X120.87 Y97.916 E.02011
G1 X121.4 Y98.414 E.02006
G1 X121.907 Y98.934 E.02005
G1 X122.279 Y99.353 E.01545
G1 X122.812 Y99.995 E.02303
G1 X123.224 Y100.548 E.01903
G1 X123.737 Y101.317 E.0255
G1 X124.217 Y102.114 E.02569
G1 X124.483 Y102.618 E.01571
G1 X124.733 Y103.13 E.01571
G1 X125.103 Y103.995 E.02597
G1 X125.421 Y104.86 E.02542
G1 X125.699 Y105.767 E.02619
G1 X125.833 Y106.304 E.01526
G1 X126.021 Y107.243 E.02642
G1 X126.18 Y108.363 E.03122
G1 X126.237 Y109.088 E.02007
G1 X126.262 Y109.814 E.02004
G1 X126.254 Y110.541 E.02004
G1 X126.217 Y111.203 E.01831
G1 X126.038 Y112.656 E.04039
G1 X125.858 Y113.588 E.02619
G1 X125.726 Y114.125 E.01526
G1 X125.449 Y115.068 E.02713
G1 X125.087 Y116.061 E.02915
G1 X124.743 Y116.856 E.02391
G1 X124.421 Y117.509 E.02008
G1 X124.071 Y118.145 E.02005
G1 X123.771 Y118.636 E.01586
G1 X123.468 Y119.098 E.01527
G1 X122.905 Y119.874 E.02643
G1 X122.155 Y120.792 E.03271
G1 X121.662 Y121.322 E.02
G1 X121.282 Y121.696 E.01469
G1 X120.324 Y122.552 E.03546
G1 X119.752 Y123 E.02003
G1 X119.161 Y123.422 E.02006
G1 X118.149 Y124.054 E.03291
G1 X117.304 Y124.514 E.02654
G1 X116.624 Y124.836 E.02077
G1 X115.953 Y125.117 E.02007
G1 X115.059 Y125.438 E.02619
G1 X114.228 Y125.686 E.02393
G1 X113.6 Y125.84 E.01786
G1 X112.803 Y126.002 E.02242
G1 X111.73 Y126.152 E.02991
G1 X110.276 Y126.242 E.04018
G1 X109.137 Y126.217 E.03145
G1 X108.459 Y126.172 E.01875
G1 X107.738 Y126.087 E.02001
G1 X107.245 Y126.006 E.01381
G1 X106.309 Y125.821 E.02632
G1 X105.757 Y125.679 E.01573
G1 X104.909 Y125.428 E.0244
G1 X104.317 Y125.213 E.01738
G1 X103.446 Y124.862 E.02591
G1 X102.585 Y124.457 E.02625
G1 X101.59 Y123.899 E.03148
G1 X100.761 Y123.367 E.02717
G1 X99.93 Y122.755 E.02847
G1 X99.267 Y122.204 E.0238
G1 X98.893 Y121.861 E.014
G1 X98.218 Y121.197 E.02613
G1 X97.831 Y120.772 E.01586
G1 X97.263 Y120.101 E.02424
G1 X96.824 Y119.522 E.02005
G1 X96.411 Y118.924 E.02005
G1 X96.025 Y118.308 E.02005
G1 X95.565 Y117.479 E.02617
G1 X95.185 Y116.7 E.02391
G1 X94.899 Y116.03 E.02008
G1 X94.529 Y115.008 E.03
G1 X94.347 Y114.4 E.0175
G1 X94.143 Y113.605 E.02264
G1 X93.999 Y112.902 E.01982
G1 X93.884 Y112.176 E.02027
G1 X93.803 Y111.454 E.02005
G1 X93.741 Y110.369 E.03
G1 X93.741 Y109.64 E.02011
G1 X93.791 Y108.743 E.02479
G1 X93.853 Y108.093 E.018
G1 X93.994 Y107.127 E.02694
G1 X94.104 Y106.586 E.01526
G1 X94.318 Y105.696 E.02524
G1 X94.526 Y105 E.02005
G1 X94.803 Y104.228 E.02263
G1 X95.165 Y103.346 E.02632
G1 X95.395 Y102.862 E.01477
G1 X95.839 Y102.011 E.02647
G1 X96.211 Y101.387 E.02005
G1 X96.61 Y100.78 E.02005
G1 X97.172 Y100.016 E.02617
G1 X97.723 Y99.346 E.02392
G1 X98.212 Y98.808 E.02008
G1 X98.728 Y98.289 E.02019
G1 X99.534 Y97.565 E.02989
G1 X100.433 Y96.867 E.0314
G1 X101.245 Y96.31 E.02717
G1 X101.699 Y96.039 E.01458
G1 X102.519 Y95.582 E.02591
G1 X103.36 Y95.174 E.0258
G1 X104.217 Y94.816 E.0256
G1 X104.778 Y94.617 E.01643
G1 X105.675 Y94.347 E.02584
G1 X106.449 Y94.15 E.02205
G1 X107.143 Y94.011 E.01951
G1 X107.699 Y93.922 E.01556
G1 X108.662 Y93.812 E.02674
G1 X109.592 Y93.764 E.0257
G1 X110.399 Y93.764 E.02226
G1 X111.072 Y93.793 E.01857
G1 X112.03 Y93.882 E.02656
G1 X112.8 Y93.997 E.02149
G1 X113.514 Y94.138 E.02007
G1 X114.451 Y94.378 E.02668
G1 X114.947 Y94.528 E.0143
G1 X115.876 Y94.854 E.02718
G1 X116.389 Y95.064 E.0153
G1 X116.711 Y95.214 E.00981
G1 E-.7 F2400
;WIPE_START
G1 F5400
G1 X117.259 Y95.469 E-.18119
G1 X117.608 Y95.656 E-.11881
;WIPE_END
G1 Z6.4 F9000
G1 X126.689 Y113.335
G1 Z6.4
G1 Z6
G1 E1 F2700
M204 P2500
;TYPE:Sparse infill
;WIDTH:0.45
G1 F10800
G1 X126.863 Y112.316 E.03079
G1 X126.927 Y111.725 E.01771
G1 X131.779 Y106.874 E.20436
G1 X131.675 Y106.21 E.02002
G1 X131.425 Y104.99 E.0371
G1 X131.224 Y104.199 E.0243
G1 X130.863 Y103.012 E.03696
G1 X130.476 Y101.959 E.03341
G1 X126.52 Y105.915 E.16664
G1 X126.246 Y104.922 E.03067
G1 X125.96 Y104.088 E.02628
G1 X125.589 Y103.169 E.02953
G1 X125.266 Y102.477 E.02273
G1 X124.731 Y101.487 E.03354
G1 X128.344 Y97.874 E.15219
G1 X127.861 Y97.162 E.02561
G1 X127.286 Y96.4 E.02844
G1 X126.582 Y95.551 E.03287
G1 X125.741 Y94.641 E.03689
G1 X125.547 Y94.453 E.00806
G1 X122.029 Y97.971 E.14819
G1 X121.374 Y97.348 E.02691
G1 X120.795 Y96.851 E.02275
G1 X119.897 Y96.164 E.03368
G1 X119.259 Y95.73 E.02297
G1 X118.508 Y95.274 E.02618
G1 X122.122 Y91.661 E.15223
G1 X121.207 Y91.084 E.03222
G1 X120.492 Y90.68 E.02445
G1 X119.764 Y90.302 E.02445
G1 X118.631 Y89.781 E.03714
G1 X118.027 Y89.538 E.01939
G1 X114.069 Y93.496 E.16676
G1 X113.702 Y93.402 E.01127
G1 X112.952 Y93.253 E.02278
G1 X112.199 Y93.137 E.02269
G1 X111.433 Y93.055 E.02294
G1 X110.668 Y93.008 E.02283
G1 X109.736 Y92.998 E.02778
G1 X108.778 Y93.039 E.02856
G1 X108.26 Y93.088 E.0155
G1 X113.1 Y88.247 E.2039
G1 X112.676 Y88.183 E.01277
G1 X111.441 Y88.067 E.03695
G1 X110.546 Y88.029 E.02669
G1 X109.382 Y88.029 E.03467
G1 X108.145 Y88.099 E.0369
G1 X106.888 Y88.241 E.03766
G1 X88.223 Y106.907 E.78627
G1 X88.327 Y106.201 E.02124
G1 X88.483 Y105.401 E.02429
G1 X88.777 Y104.195 E.03696
G1 X89.139 Y103.008 E.03697
G1 X89.413 Y102.24 E.02429
G1 X89.886 Y101.087 E.03711
G1 X90.23 Y100.348 E.02429
G1 X90.807 Y99.249 E.03698
G1 X91.444 Y98.187 E.03688
G1 X92.061 Y97.272 E.03287
G1 X92.63 Y96.506 E.02843
G1 X93.419 Y95.55 E.03693
G1 X94.113 Y94.8 E.03044
G1 X94.877 Y94.036 E.03218
G1 X95.771 Y93.234 E.03578
G1 X96.102 Y92.964 E.01272
G1 X93.311 Y106.67 F9000
G1 F10800
G1 X93.132 Y107.716 E.03162
G1 X93.068 Y108.279 E.01688
G1 X88.226 Y113.121 E.20398
G1 X88.363 Y113.999 E.02645
G1 X88.558 Y114.933 E.02842
G1 X88.833 Y116.006 E.03299
G1 X89.071 Y116.787 E.02432
G1 X89.524 Y118.041 E.03972
G1 X93.48 Y114.085 E.16666
G1 X93.583 Y114.495 E.01259
G1 X93.805 Y115.238 E.0231
G1 X94.183 Y116.284 E.03312
G1 X94.484 Y116.993 E.02296
G1 X94.893 Y117.835 E.02787
G1 X95.27 Y118.513 E.0231
G1 X91.656 Y122.126 E.15221
G1 X92.017 Y122.666 E.01934
G1 X92.759 Y123.657 E.03688
G1 X93.558 Y124.607 E.03698
G1 X94.112 Y125.206 E.0243
G1 X94.456 Y125.544 E.01436
G1 X97.973 Y122.027 E.14816
G1 X98.762 Y122.771 E.0323
G1 X99.462 Y123.352 E.02709
G1 X100.252 Y123.94 E.02932
G1 X100.887 Y124.362 E.02274
G1 X101.491 Y124.726 E.02101
G1 X97.881 Y128.336 E.15208
G1 X98.616 Y128.809 E.02603
G1 X99.327 Y129.22 E.02445
G1 X100.052 Y129.604 E.02445
G1 X101.176 Y130.134 E.03701
G1 X101.977 Y130.458 E.02575
G1 X105.928 Y126.507 E.16643
G1 X106.868 Y126.714 E.02867
G1 X107.628 Y126.838 E.02294
G1 X108.394 Y126.928 E.02296
G1 X109.294 Y126.989 E.02689
G1 X110.29 Y127.002 E.02966
G1 X111.035 Y126.973 E.0222
G1 X111.74 Y126.913 E.02107
G1 X106.902 Y131.751 E.2038
G1 X107.529 Y131.84 E.01887
G1 X108.767 Y131.944 E.03701
G1 X109.587 Y131.975 E.02445
G1 X110.408 Y131.975 E.02445
G1 X111.654 Y131.917 E.03715
G1 X112.467 Y131.84 E.02431
G1 X113.123 Y131.748 E.01973
G1 X131.777 Y113.093 E.78581
G1 X131.709 Y113.59 E.01494
G1 X131.471 Y114.808 E.03697
G1 X131.278 Y115.601 E.02429
G1 X130.926 Y116.796 E.0371
G1 X130.659 Y117.566 E.02429
G1 X130.197 Y118.723 E.03711
G1 X129.859 Y119.465 E.02429
G1 X129.293 Y120.57 E.03698
G1 X128.665 Y121.641 E.03698
G1 X128.22 Y122.324 E.0243
G1 X127.492 Y123.335 E.03711
G1 X126.984 Y123.974 E.02431
G1 X126.168 Y124.909 E.03698
G1 X125.176 Y125.912 E.042
G1 X124.702 Y126.353 E.01929
G1 X123.954 Y126.987 E.02921
; stop printing object Генератор.stl id:18446744073679698525 copy 0
;LAYER_CHANGE
;Z:6.2
;HEIGHT:0.2
;BEFORE_LAYER_CHANGE
;6.2
G92 E0

G1 E-.77778 F2400
;WIPE_START
G1 F10800
G1 X124.702 Y126.353 E-.21793
G1 X124.716 Y126.34 E-.00429
;WIPE_END
;_SET_FAN_SPEED_CHANGING_LAYER
; printing object Генератор.stl id:18446744073679698525 copy 0
G17
G3 Z6.6 I1.144 J.415 P1  F9000
G1 X132.023 Y106.198 Z6.6
G1 Z6.2
G1 E1 F2700
M204 P2000
;TYPE:Inner wall
;WIDTH:0.449999
G1 F7200
G1 X132.188 Y107.378 E.03549
G1 X132.289 Y108.378 E.02994
G1 X132.331 Y109.121 E.02217
G1 X132.348 Y110.313 E.03551
G1 X132.295 Y111.571 E.0375
G1 X132.221 Y112.4 E.02477
G1 X132.05 Y113.647 E.03749
G1 X131.809 Y114.883 E.03751
G1 X131.612 Y115.69 E.02477
G1 X131.256 Y116.901 E.03759
G1 X130.984 Y117.687 E.02477
G1 X130.515 Y118.859 E.03759
G1 X130.171 Y119.616 E.02477
G1 X129.596 Y120.736 E.03751
G1 X128.959 Y121.823 E.03751
G1 X128.505 Y122.52 E.02478
G1 X127.768 Y123.544 E.03759
G1 X127.25 Y124.196 E.02479
G1 X126.422 Y125.144 E.03751
G1 X125.541 Y126.045 E.03753
G1 X124.932 Y126.612 E.02478
G1 X123.968 Y127.428 E.03761
G1 X123.309 Y127.935 E.02478
G1 X122.275 Y128.656 E.03753
G1 X121.203 Y129.318 E.03753
G1 X120.475 Y129.721 E.02479
G1 X119.346 Y130.279 E.03753
G1 X118.189 Y130.772 E.03745
G1 X117.007 Y131.199 E.03745
G1 X115.799 Y131.56 E.03755
G1 X114.991 Y131.761 E.02479
G1 X113.755 Y132.008 E.03754
G1 X112.507 Y132.184 E.03754
G1 X111.678 Y132.262 E.0248
G1 X110.416 Y132.321 E.03763
G1 X109.581 Y132.321 E.02489
G1 X108.746 Y132.29 E.02488
G1 X107.49 Y132.184 E.03755
G1 X106.245 Y132.008 E.03745
G1 X105.009 Y131.761 E.03754
G1 X104.201 Y131.56 E.0248
G1 X102.991 Y131.199 E.03763
G1 X102.205 Y130.923 E.02479
G1 X101.034 Y130.45 E.03762
G1 X100.278 Y130.102 E.0248
G1 X99.156 Y129.521 E.03762
G1 X98.436 Y129.104 E.02479
G1 X97.374 Y128.421 E.03761
G1 X96.696 Y127.939 E.02479
G1 X95.705 Y127.161 E.03753
G1 X94.761 Y126.331 E.03744
G1 X93.865 Y125.449 E.03745
G1 X93.095 Y124.602 E.0341
G1 X92.489 Y123.874 E.02821
G1 X91.735 Y122.866 E.0375
G1 X91.099 Y121.914 E.0341
G1 X90.61 Y121.103 E.02821
G1 X90.013 Y119.992 E.03756
G1 X89.655 Y119.242 E.02478
G1 X89.165 Y118.081 E.0375
G1 X88.742 Y116.895 E.03751
G1 X88.5 Y116.1 E.02477
G1 X88.189 Y114.877 E.03759
G1 X88.023 Y114.062 E.02477
G1 X87.828 Y112.818 E.0375
G1 X87.705 Y111.566 E.03749
G1 X87.662 Y110.735 E.02477
G1 X87.656 Y109.476 E.0375
G1 X87.721 Y108.219 E.0375
G1 X87.802 Y107.391 E.02477
G1 X87.985 Y106.143 E.03759
G1 X88.145 Y105.327 E.02477
G1 X88.443 Y104.104 E.0375
G1 X88.809 Y102.902 E.03743
G1 X89.202 Y101.826 E.03409
G1 X89.568 Y100.95 E.02829
G1 X89.92 Y100.195 E.02483
G1 X90.506 Y99.08 E.03751
G1 X91.153 Y97.999 E.03751
G1 X91.613 Y97.307 E.02478
G1 X92.359 Y96.291 E.03753
G1 X93.086 Y95.407 E.0341
G1 X93.72 Y94.703 E.02821
G1 X94.608 Y93.811 E.03749
G1 X95.546 Y92.97 E.03752
G1 X96.194 Y92.443 E.02487
G1 X96.86 Y91.94 E.02487
G1 X97.903 Y91.227 E.03762
G1 X98.611 Y90.79 E.02479
G1 X99.713 Y90.179 E.03753
G1 X100.845 Y89.633 E.03745
G1 X102.009 Y89.15 E.03754
G1 X102.792 Y88.867 E.0248
G1 X103.996 Y88.495 E.03754
G1 X105.219 Y88.191 E.03754
G1 X106.039 Y88.027 E.02488
G1 X106.863 Y87.895 E.02489
G1 X108.116 Y87.754 E.03754
G1 X109.372 Y87.683 E.03747
G1 X110.517 Y87.681 E.03413
G1 X111.464 Y87.722 E.02823
G1 X112.721 Y87.84 E.0376
G1 X113.545 Y87.957 E.0248
G1 X114.784 Y88.191 E.03754
G1 X116.007 Y88.495 E.03754
G1 X116.804 Y88.734 E.0248
G1 X117.996 Y89.152 E.03762
G1 X118.768 Y89.464 E.02479
G1 X119.916 Y89.991 E.03762
G1 X120.657 Y90.375 E.02488
G1 X121.384 Y90.787 E.02488
G1 X122.45 Y91.459 E.03753
G1 X123.474 Y92.187 E.03744
G1 X124.456 Y92.973 E.03746
G1 X125.31 Y93.736 E.03411
G1 X125.987 Y94.398 E.02821
G1 X126.842 Y95.323 E.03751
G1 X127.572 Y96.204 E.0341
G1 X128.142 Y96.96 E.02821
G1 X128.849 Y98.002 E.0375
G1 X129.439 Y98.983 E.03409
G1 X129.891 Y99.818 E.02829
G1 X130.258 Y100.567 E.02483
G1 X130.758 Y101.723 E.03751
G1 X131.191 Y102.902 E.03742
G1 X131.557 Y104.103 E.03741
G1 X131.743 Y104.867 E.02341
G1 X132.015 Y106.159 E.03934
G1 X132.428 Y106.116 F9000
M204 P1000
;TYPE:Outer wall
;WIDTH:0.419999
G1 F5400
G1 X132.432 Y106.135 E.00053
G1 X132.599 Y107.334 E.03341
G1 X132.702 Y108.353 E.02827
G1 X132.745 Y109.116 E.02107
G1 X132.762 Y110.319 E.03322
G1 X132.708 Y111.599 E.03533
G1 X132.632 Y112.446 E.02348
G1 X132.458 Y113.714 E.03532
G1 X132.213 Y114.971 E.03533
G1 X132.012 Y115.798 E.02348
G1 X131.65 Y117.027 E.03535
G1 X131.371 Y117.831 E.02348
G1 X130.896 Y119.021 E.03536
G1 X130.543 Y119.796 E.02348
G1 X129.959 Y120.935 E.03533
G1 X129.311 Y122.04 E.03533
G1 X128.846 Y122.753 E.02349
G1 X128.097 Y123.793 E.03536
G1 X127.568 Y124.46 E.0235
G1 X126.725 Y125.425 E.03534
G1 X125.83 Y126.341 E.03535
G1 X125.207 Y126.921 E.02349
G1 X124.228 Y127.75 E.03538
G1 X123.553 Y128.269 E.02349
G1 X122.503 Y129.002 E.03536
G1 X121.412 Y129.675 E.03535
G1 X120.667 Y130.088 E.0235
G1 X119.518 Y130.655 E.03535
G1 X118.34 Y131.157 E.03533
G1 X117.136 Y131.592 E.03533
G1 X115.908 Y131.959 E.03537
G1 X115.081 Y132.165 E.0235
G1 X113.824 Y132.415 E.03536
G1 X112.555 Y132.595 E.03536
G1 X111.707 Y132.675 E.0235
G1 X110.426 Y132.735 E.03539
G1 X109.573 Y132.735 E.02353
G1 X108.721 Y132.703 E.02353
G1 X107.444 Y132.595 E.03537
G1 X106.176 Y132.415 E.03534
G1 X104.919 Y132.165 E.03536
G1 X104.092 Y131.959 E.0235
G1 X102.863 Y131.592 E.03539
G1 X102.059 Y131.31 E.0235
G1 X100.87 Y130.83 E.03538
G1 X100.096 Y130.474 E.0235
G1 X98.958 Y129.884 E.03538
G1 X98.22 Y129.458 E.0235
G1 X97.142 Y128.764 E.03537
G1 X96.448 Y128.27 E.0235
G1 X95.44 Y127.479 E.03535
G1 X94.479 Y126.634 E.03532
G1 X93.567 Y125.735 E.03532
G1 X92.782 Y124.874 E.03216
G1 X92.165 Y124.13 E.02668
G1 X91.397 Y123.105 E.03533
G1 X90.75 Y122.136 E.03215
G1 X90.25 Y121.308 E.02667
G1 X89.644 Y120.179 E.03535
G1 X89.277 Y119.411 E.02349
G1 X88.78 Y118.231 E.03533
G1 X88.35 Y117.025 E.03533
G1 X88.102 Y116.211 E.02348
G1 X87.786 Y114.969 E.03536
G1 X87.616 Y114.136 E.02348
G1 X87.418 Y112.871 E.03533
G1 X87.292 Y111.597 E.03532
G1 X87.248 Y110.747 E.02348
G1 X87.242 Y109.466 E.03533
G1 X87.308 Y108.188 E.03533
G1 X87.392 Y107.341 E.02348
G1 X87.578 Y106.073 E.03535
G1 X87.74 Y105.238 E.02348
G1 X88.044 Y103.994 E.03533
G1 X88.417 Y102.77 E.0353
G1 X88.817 Y101.676 E.03215
G1 X89.19 Y100.783 E.0267
G1 X89.55 Y100.011 E.0235
G1 X90.145 Y98.877 E.03534
G1 X90.803 Y97.778 E.03533
G1 X91.274 Y97.07 E.02349
G1 X92.033 Y96.037 E.03534
G1 X92.773 Y95.137 E.03216
G1 X93.42 Y94.418 E.02668
G1 X94.324 Y93.511 E.03533
G1 X95.278 Y92.656 E.03535
G1 X95.938 Y92.117 E.02352
G1 X96.619 Y91.604 E.02352
G1 X97.677 Y90.88 E.03538
G1 X98.402 Y90.433 E.0235
G1 X99.523 Y89.812 E.03536
G1 X100.676 Y89.255 E.03533
G1 X101.86 Y88.764 E.03536
G1 X102.661 Y88.475 E.0235
G1 X103.885 Y88.096 E.03536
G1 X105.129 Y87.787 E.03536
G1 X105.965 Y87.62 E.02353
G1 X106.807 Y87.485 E.02353
G1 X108.081 Y87.341 E.03536
G1 X109.36 Y87.269 E.03534
G1 X110.526 Y87.267 E.03218
G1 X111.493 Y87.309 E.0267
G1 X112.769 Y87.429 E.03538
G1 X113.613 Y87.549 E.02351
G1 X114.872 Y87.787 E.03536
G1 X116.116 Y88.096 E.03536
G1 X116.932 Y88.34 E.0235
G1 X118.142 Y88.765 E.03539
G1 X118.932 Y89.084 E.0235
G1 X120.097 Y89.62 E.03538
G1 X120.854 Y90.012 E.02353
G1 X121.596 Y90.432 E.02353
G1 X122.68 Y91.115 E.03535
G1 X123.723 Y91.857 E.03532
G1 X124.723 Y92.657 E.03533
G1 X125.593 Y93.433 E.03217
G1 X126.284 Y94.11 E.02668
G1 X127.153 Y95.05 E.03534
G1 X127.897 Y95.948 E.03216
G1 X128.479 Y96.72 E.02668
G1 X129.198 Y97.78 E.03533
G1 X129.798 Y98.778 E.03215
G1 X130.259 Y99.629 E.0267
G1 X130.633 Y100.394 E.0235
G1 X131.142 Y101.569 E.03533
G1 X131.583 Y102.77 E.0353
G1 X131.956 Y103.994 E.0353
G1 X132.145 Y104.769 E.02201
G1 X132.42 Y106.077 E.03687
G1 E-.7 F2400
;WIPE_START
G1 F5400
G1 X132.432 Y106.135 E-.01781
G1 X132.562 Y107.066 E-.28219
;WIPE_END
G17
G3 Z6.6 I.748 J-.96 P1  F9000
G1 X116.789 Y94.788 Z6.6
G1 Z6.2
G1 E1 F2700
M204 P2000
;TYPE:Inner wall
;WIDTH:0.449999
G1 F7200
G1 X117.116 Y94.933 E.01064
G1 X118.01 Y95.392 E.02993
G1 X118.494 Y95.668 E.0166
G1 X119.329 Y96.193 E.0294
G1 X120.098 Y96.746 E.0282
G1 X120.837 Y97.339 E.02823
G1 X121.414 Y97.854 E.02304
G1 X121.946 Y98.376 E.0222
G1 X122.454 Y98.921 E.0222
G1 X122.938 Y99.489 E.02221
G1 X123.574 Y100.326 E.03134
G1 X124.031 Y100.996 E.02415
G1 X124.536 Y101.843 E.02935
G1 X124.852 Y102.432 E.01992
G1 X125.107 Y102.955 E.01734
G1 X125.5 Y103.859 E.02936
G1 X125.803 Y104.68 E.02607
G1 X126.025 Y105.391 E.02219
G1 X126.216 Y106.111 E.02219
G1 X126.373 Y106.84 E.0222
G1 X126.524 Y107.785 E.02852
G1 X126.624 Y108.684 E.02693
G1 X126.66 Y109.32 E.01897
G1 X126.675 Y110.173 E.0254
G1 X126.651 Y110.917 E.02219
G1 X126.592 Y111.676 E.02267
G1 X126.445 Y112.761 E.0326
G1 X126.304 Y113.499 E.02239
G1 X126.131 Y114.224 E.02219
G1 X125.926 Y114.94 E.02219
G1 X125.684 Y115.662 E.02268
G1 X125.277 Y116.678 E.0326
G1 X125.044 Y117.18 E.0165
G1 X124.616 Y118.02 E.02808
G1 X124.242 Y118.665 E.0222
G1 X123.84 Y119.292 E.0222
G1 X123.411 Y119.901 E.0222
G1 X122.846 Y120.613 E.02705
G1 X122.221 Y121.334 E.02843
G1 X121.702 Y121.868 E.0222
G1 X121.147 Y122.39 E.02269
G1 X120.363 Y123.048 E.03049
G1 X119.933 Y123.376 E.0161
G1 X119.124 Y123.942 E.0294
G1 X118.456 Y124.357 E.02342
G1 X117.805 Y124.721 E.02221
G1 X117.139 Y125.055 E.02221
G1 X116.458 Y125.358 E.02221
G1 X115.764 Y125.631 E.02222
G1 X114.709 Y125.98 E.0331
G1 X113.982 Y126.176 E.02241
G1 X113.254 Y126.338 E.02222
G1 X112.276 Y126.501 E.02954
G1 X111.412 Y126.598 E.02589
G1 X110.665 Y126.645 E.0223
G1 X109.92 Y126.658 E.02222
G1 X109.029 Y126.624 E.02653
G1 X108.077 Y126.547 E.02848
G1 X107.321 Y126.442 E.02271
G1 X106.588 Y126.306 E.02221
G1 X105.862 Y126.137 E.02221
G1 X105.144 Y125.936 E.02221
G1 X104.436 Y125.703 E.02221
G1 X103.849 Y125.483 E.01866
G1 X103.271 Y125.237 E.01873
G1 X102.383 Y124.819 E.02924
G1 X101.412 Y124.279 E.0331
G1 X100.775 Y123.877 E.02241
G1 X100.15 Y123.442 E.02269
G1 X99.288 Y122.767 E.03262
G1 X98.723 Y122.271 E.0224
G1 X98.184 Y121.755 E.02221
G1 X97.427 Y120.943 E.03309
G1 X96.945 Y120.365 E.0224
G1 X96.495 Y119.772 E.0222
G1 X96.071 Y119.159 E.0222
G1 X95.675 Y118.527 E.0222
G1 X95.138 Y117.555 E.03308
G1 X94.812 Y116.878 E.0224
G1 X94.43 Y115.963 E.02952
G1 X94.139 Y115.145 E.02587
G1 X93.952 Y114.523 E.01935
G1 X93.742 Y113.706 E.02512
G1 X93.595 Y112.991 E.02175
G1 X93.475 Y112.241 E.02263
G1 X93.392 Y111.5 E.0222
G1 X93.334 Y110.496 E.02995
G1 X93.328 Y109.64 E.02551
G1 X93.38 Y108.65 E.02951
G1 X93.444 Y108.041 E.01826
G1 X93.585 Y107.063 E.02943
G1 X93.698 Y106.503 E.01702
G1 X93.917 Y105.595 E.0278
G1 X94.13 Y104.881 E.0222
G1 X94.464 Y103.948 E.02952
G1 X94.779 Y103.197 E.02427
G1 X95.022 Y102.683 E.01694
G1 X95.475 Y101.816 E.02913
G1 X95.855 Y101.175 E.0222
G1 X96.265 Y100.552 E.0222
G1 X96.852 Y99.754 E.02952
G1 X97.404 Y99.083 E.02587
G1 X97.876 Y98.563 E.02093
G1 X98.432 Y98.001 E.02355
G1 X98.981 Y97.496 E.0222
G1 X99.551 Y97.016 E.0222
G1 X100.155 Y96.553 E.02269
G1 X101.043 Y95.949 E.03199
G1 X101.506 Y95.668 E.01611
G1 X102.36 Y95.192 E.02913
G1 X103.03 Y94.866 E.02221
G1 X103.714 Y94.569 E.02221
G1 X104.67 Y94.218 E.03033
G1 X105.477 Y93.965 E.02518
G1 X106.199 Y93.779 E.02221
G1 X106.929 Y93.626 E.02222
G1 X107.674 Y93.512 E.02245
G1 X108.623 Y93.4 E.02847
G1 X109.521 Y93.348 E.0268
G1 X110.443 Y93.352 E.02744
G1 X111.096 Y93.381 E.01948
G1 X112.09 Y93.473 E.02973
G1 X112.657 Y93.557 E.01707
G1 X113.594 Y93.732 E.0284
G1 X114.318 Y93.909 E.02221
G1 X115.034 Y94.118 E.02221
G1 X115.74 Y94.359 E.02221
G1 X116.434 Y94.631 E.02221
G1 X116.753 Y94.772 E.01038
G1 X116.621 Y95.166 F9000
M204 P1000
;TYPE:Outer wall
;WIDTH:0.419999
G1 F5400
G1 X116.947 Y95.311 E.00985
G1 X117.821 Y95.76 E.02708
G1 X118.284 Y96.025 E.01474
G1 X119.104 Y96.54 E.02672
G1 X119.855 Y97.081 E.02552
G1 X120.576 Y97.66 E.02553
G1 X121.138 Y98.162 E.02078
G1 X121.656 Y98.671 E.02005
G1 X122.152 Y99.203 E.02005
G1 X122.623 Y99.757 E.02006
G1 X123.245 Y100.576 E.02839
G1 X123.688 Y101.228 E.02173
G1 X124.181 Y102.054 E.02655
G1 X124.486 Y102.623 E.01781
G1 X124.733 Y103.13 E.01555
G1 X125.117 Y104.017 E.02668
G1 X125.414 Y104.821 E.02364
G1 X125.631 Y105.514 E.02005
G1 X125.816 Y106.217 E.02004
G1 X125.969 Y106.927 E.02005
G1 X126.115 Y107.85 E.02578
G1 X126.213 Y108.726 E.02431
G1 X126.247 Y109.343 E.01706
G1 X126.262 Y110.177 E.02302
G1 X126.238 Y110.903 E.02004
G1 X126.181 Y111.633 E.02018
G1 X126.036 Y112.705 E.02987
G1 X125.898 Y113.421 E.0201
G1 X125.729 Y114.127 E.02005
G1 X125.529 Y114.826 E.02004
G1 X125.295 Y115.519 E.02018
G1 X124.893 Y116.524 E.02987
G1 X124.249 Y117.829 E.04014
G1 X123.885 Y118.457 E.02005
G1 X123.492 Y119.069 E.02005
G1 X123.073 Y119.663 E.02006
G1 X122.523 Y120.356 E.02442
G1 X121.912 Y121.059 E.02569
G1 X121.405 Y121.58 E.02005
G1 X120.872 Y122.081 E.02019
G1 X120.097 Y122.732 E.02792
G1 X119.685 Y123.045 E.01428
G1 X118.892 Y123.601 E.02673
G1 X118.239 Y124.005 E.02118
G1 X117.604 Y124.359 E.02006
G1 X116.954 Y124.685 E.02006
G1 X116.29 Y124.98 E.02006
G1 X115.613 Y125.246 E.02007
G1 X114.579 Y125.587 E.03003
G1 X113.875 Y125.777 E.02012
G1 X113.165 Y125.934 E.02007
G1 X112.208 Y126.093 E.02676
G1 X111.367 Y126.187 E.02337
G1 X110.64 Y126.232 E.02009
G1 X109.913 Y126.244 E.02007
G1 X109.046 Y126.211 E.02394
G1 X108.116 Y126.135 E.02574
G1 X107.379 Y126.032 E.02053
G1 X106.664 Y125.899 E.02006
G1 X105.956 Y125.734 E.02006
G1 X105.256 Y125.538 E.02006
G1 X104.565 Y125.311 E.02006
G1 X103.995 Y125.096 E.0168
G1 X103.433 Y124.856 E.01687
G1 X102.563 Y124.447 E.02652
G1 X101.61 Y123.916 E.0301
G1 X100.996 Y123.528 E.02004
G1 X100.396 Y123.109 E.02019
G1 X99.543 Y122.441 E.02989
G1 X98.995 Y121.961 E.02011
G1 X98.471 Y121.457 E.02006
G1 X97.73 Y120.661 E.03001
G1 X97.263 Y120.101 E.02011
G1 X96.824 Y119.522 E.02005
G1 X96.411 Y118.924 E.02005
G1 X96.025 Y118.308 E.02006
G1 X95.5 Y117.356 E.03001
G1 X95.184 Y116.699 E.02011
G1 X94.812 Y115.804 E.02674
G1 X94.529 Y115.007 E.02335
G1 X94.348 Y114.404 E.01736
G1 X94.143 Y113.605 E.02275
G1 X94 Y112.908 E.01963
G1 X93.884 Y112.176 E.02045
G1 X93.803 Y111.454 E.02005
G1 X93.747 Y110.473 E.0271
G1 X93.741 Y109.64 E.023
G1 X93.793 Y108.672 E.02673
G1 X93.855 Y108.085 E.0163
G1 X93.994 Y107.127 E.0267
G1 X94.104 Y106.586 E.01525
G1 X94.318 Y105.696 E.02524
G1 X94.526 Y105 E.02005
G1 X94.853 Y104.088 E.02674
G1 X95.16 Y103.357 E.02186
G1 X95.395 Y102.862 E.01512
G1 X95.839 Y102.011 E.02647
G1 X96.211 Y101.387 E.02005
G1 X96.61 Y100.78 E.02005
G1 X97.185 Y99.999 E.02674
G1 X97.723 Y99.346 E.02335
G1 X98.182 Y98.841 E.01883
G1 X98.725 Y98.292 E.0213
G1 X99.26 Y97.801 E.02006
G1 X99.817 Y97.333 E.02006
G1 X100.398 Y96.888 E.02019
G1 X101.276 Y96.291 E.0293
G1 X101.719 Y96.022 E.01429
G1 X102.557 Y95.556 E.02647
G1 X103.211 Y95.238 E.02006
G1 X103.878 Y94.949 E.02007
G1 X104.812 Y94.606 E.02745
G1 X105.597 Y94.361 E.02269
G1 X106.302 Y94.18 E.02006
G1 X107.014 Y94.031 E.02007
G1 X107.736 Y93.921 E.02016
G1 X108.662 Y93.812 E.02573
G1 X109.542 Y93.761 E.02432
G1 X110.44 Y93.766 E.02478
G1 X111.071 Y93.793 E.01741
G1 X112.046 Y93.884 E.02703
G1 X112.595 Y93.966 E.01531
G1 X113.514 Y94.138 E.0258
G1 X114.22 Y94.311 E.02006
G1 X114.918 Y94.515 E.02006
G1 X115.606 Y94.75 E.02006
G1 X116.283 Y95.016 E.02006
G1 X116.585 Y95.15 E.00912
G1 E-.7 F2400
;WIPE_START
G1 F5400
G1 X116.947 Y95.311 E-.11907
G1 X117.484 Y95.587 E-.18093
;WIPE_END
G1 Z6.6 F9000
G1 X107.213 Y93.232
G1 Z6.6
G1 Z6.2
G1 E1 F2700
M204 P2500
;TYPE:Sparse infill
;WIDTH:0.45
G1 F10800
G1 X108.009 Y93.111 E.024
G1 X108.828 Y93.036 E.0245
G1 X108.963 Y92.902 E.00566
G1 X111.037 Y89.793 E.11132
G1 X111.554 Y89.276 E.02179
G1 X113.102 Y88.243 E.05541
G1 X113.489 Y88.298 E.01165
G1 X114.71 Y88.53 E.03701
G1 X115.915 Y88.829 E.03701
G1 X116.698 Y89.063 E.02431
G1 X117.651 Y89.397 E.03008
G1 X117.255 Y89.793 E.01668
G1 X115.18 Y92.902 E.11132
G1 X114.663 Y93.419 E.02179
G1 X114.423 Y93.579 E.0086
G1 X115.157 Y93.794 E.02279
G1 X115.888 Y94.044 E.023
G1 X116.571 Y94.313 E.02186
G1 X117.3 Y94.638 E.02377
G1 X118.29 Y95.148 E.03318
G1 X120.881 Y93.419 E.09277
G1 X121.398 Y92.902 E.02179
G1 X122.195 Y91.707 E.04279
G1 X123.266 Y92.464 E.03905
G1 X124.233 Y93.237 E.03689
G1 X125.074 Y93.988 E.03359
G1 X125.549 Y94.453 E.01979
G1 X123.989 Y95.493 E.05583
G1 X123.472 Y96.011 E.02179
G1 X122.11 Y98.052 E.07311
G1 X122.733 Y98.714 E.02708
G1 X123.211 Y99.276 E.02195
G1 X123.912 Y100.201 E.03459
G1 X124.338 Y100.834 E.02271
G1 X124.612 Y101.295 E.016
G1 X127.098 Y99.637 E.08902
G1 X127.615 Y99.119 E.02179
G1 X128.396 Y97.95 E.04187
G1 X128.557 Y98.189 E.00859
G1 X129.139 Y99.155 E.03358
G1 X129.584 Y99.977 E.02785
G1 X129.943 Y100.712 E.02438
G1 X130.338 Y101.624 E.02958
G1 X130.207 Y101.711 E.00469
G1 X129.69 Y102.228 E.02179
G1 X127.615 Y105.337 E.11132
G1 X127.098 Y105.854 E.02179
G1 X126.588 Y106.194 E.01827
G1 X126.716 Y106.786 E.01803
G1 X126.89 Y107.886 E.03318
G1 X126.97 Y108.667 E.02339
G1 X127.013 Y109.445 E.02319
G1 X127.021 Y110.203 E.02258
G1 X126.995 Y110.967 E.02279
G1 X126.933 Y111.735 E.02294
G1 X126.867 Y112.226 E.01476
G1 X127.098 Y112.072 E.00829
G1 X127.615 Y111.554 E.02179
G1 X129.69 Y108.446 E.11132
G1 X130.207 Y107.928 E.02179
G1 X131.779 Y106.879 E.05631
G1 X131.801 Y107.016 E.00411
G1 X131.935 Y108.254 E.0371
G1 X131.985 Y109.068 E.02429
G1 X132.002 Y110.309 E.03697
G1 X131.95 Y111.549 E.03697
G1 X131.877 Y112.361 E.02428
G1 X131.776 Y113.099 E.0222
G1 X130.207 Y114.146 E.05618
G1 X129.69 Y114.663 E.02179
G1 X127.615 Y117.772 E.11132
G1 X127.098 Y118.289 E.02179
G1 X123.989 Y120.363 E.11132
G1 X123.472 Y120.881 E.02179
G1 X121.398 Y123.989 E.11132
G1 X120.881 Y124.507 E.02179
G1 X117.772 Y126.581 E.11132
G1 X117.255 Y127.098 E.02179
G1 X115.18 Y130.207 E.11132
G1 X114.663 Y130.724 E.02179
G1 X113.131 Y131.746 E.05485
G1 X112.467 Y131.84 E.02
G1 X111.513 Y131.923 E.0285
G1 X112.791 Y126.766 F9000
G1 F10800
G1 X112.31 Y126.846 E.01452
G1 X111.176 Y126.96 E.03397
G1 X111.037 Y127.098 E.00583
G1 X108.963 Y130.207 E.11132
G1 X108.446 Y130.724 E.02179
G1 X106.906 Y131.752 E.05514
G1 X106.303 Y131.666 E.01813
G1 X105.085 Y131.423 E.03701
G1 X104.292 Y131.227 E.02431
G1 X103.098 Y130.87 E.03715
G1 X102.346 Y130.606 E.02372
G1 X102.745 Y130.207 E.01681
G1 X104.82 Y127.098 E.11132
G1 X105.337 Y126.581 E.02179
G1 X105.581 Y126.418 E.00875
G1 X105.035 Y126.265 E.01691
G1 X104.293 Y126.02 E.02326
G1 X103.707 Y125.799 E.01865
G1 X102.882 Y125.446 E.02673
G1 X102.21 Y125.119 E.02226
G1 X101.72 Y124.846 E.01672
G1 X99.119 Y126.581 E.09312
G1 X98.602 Y127.098 E.02179
G1 X97.808 Y128.289 E.04264
G1 X96.903 Y127.662 E.03279
G1 X95.926 Y126.895 E.03699
G1 X94.997 Y126.078 E.03686
G1 X94.455 Y125.544 E.02264
G1 X96.011 Y124.507 E.05569
G1 X96.528 Y123.989 E.02179
G1 X97.89 Y121.947 E.07312
G1 X97.165 Y121.169 E.03168
G1 X96.666 Y120.57 E.02323
G1 X96.214 Y119.975 E.02226
G1 X95.777 Y119.343 E.02288
G1 X95.381 Y118.71 E.02226
G1 X92.902 Y120.363 E.08876
G1 X92.385 Y120.881 E.02179
G1 X91.605 Y122.049 E.04183
G1 X91.391 Y121.728 E.01147
G1 X90.911 Y120.932 E.02771
G1 X90.322 Y119.836 E.03706
G1 X89.97 Y119.1 E.0243
G1 X89.665 Y118.375 E.02343
G1 X89.793 Y118.289 E.0046
G1 X90.31 Y117.772 E.02179
G1 X92.385 Y114.663 E.11132
G1 X92.902 Y114.146 E.02179
G1 X93.41 Y113.807 E.01821
G1 X93.253 Y113.043 E.02324
G1 X93.128 Y112.257 E.0237
G1 X93.046 Y111.525 E.02195
G1 X92.983 Y110.407 E.03334
G1 X92.982 Y109.614 E.02363
G1 X93.035 Y108.613 E.02987
G1 X93.125 Y107.779 E.02496
G1 X92.902 Y107.928 E.00799
G1 X92.385 Y108.446 E.02179
G1 X90.31 Y111.554 E.11132
G1 X89.793 Y112.072 E.02179
G1 X88.225 Y113.118 E.05614
G1 X88.172 Y112.775 E.01034
G1 X88.05 Y111.54 E.03696
G1 X88.008 Y110.725 E.02429
G1 X88.002 Y109.484 E.03697
G1 X88.066 Y108.245 E.03697
G1 X88.146 Y107.434 E.02428
G1 X88.224 Y106.901 E.01603
G1 X89.793 Y105.854 E.05618
G1 X90.31 Y105.337 E.02179
G1 X92.385 Y102.228 E.11132
G1 X92.902 Y101.711 E.02179
G1 X96.011 Y99.637 E.11132
G1 X96.528 Y99.119 E.02179
G1 X98.602 Y96.011 E.11132
G1 X99.119 Y95.493 E.02179
G1 X102.228 Y93.419 E.11132
G1 X102.745 Y92.902 E.02179
G1 X104.82 Y89.793 E.11132
G1 X105.337 Y89.276 E.02179
G1 X106.887 Y88.242 E.0555
G1 X108.145 Y88.099 E.03772
G1 X108.506 Y88.078 E.01078
G1 X98.244 Y91.423 F9000
G1 F10800
G1 X96.901 Y92.342 E.04849
G1 X96.528 Y92.902 E.02004
G1 X96.011 Y93.419 E.02179
G1 X94.451 Y94.46 E.05584
G1 X93.971 Y94.941 E.02025
G1 X93.337 Y95.646 E.02825
G1 E-.77778 F2400
;WIPE_START
G1 F10800
G1 X93.971 Y94.941 E-.21079
G1 X94.008 Y94.905 E-.01143
;WIPE_END
G17
G3 Z6.6 I-.939 J.774 P1  F9000
G1 X121.748 Y128.575 Z6.6
G1 Z6.2
G1 E1 F2700
G1 F10800
G1 X122.085 Y128.367 E.0118
G1 X123.096 Y127.662 E.0367
G1 X123.472 Y127.098 E.02019
G1 X123.989 Y126.581 E.02179
G1 X125.552 Y125.538 E.05596
G1 X126.167 Y124.909 E.02621
G1 X126.66 Y124.346 E.02229
; stop printing object Генератор.stl id:18446744073679698525 copy 0
;LAYER_CHANGE
;Z:6.41
;HEIGHT:0.21
;BEFORE_LAYER_CHANGE
;6.41
G92 E0

G1 E-.77778 F2400
;WIPE_START
G1 F10800
G1 X126.167 Y124.909 E-.16628
G1 X125.991 Y125.089 E-.05594
;WIPE_END
;_SET_FAN_SPEED_CHANGING_LAYER
; printing object Генератор.stl id:18446744073679698525 copy 0
G17
G3 Z6.81 I1.159 J.37 P1  F9000
G1 X132.024 Y106.2 Z6.81
G1 Z6.41
G1 E1 F2700
M204 P2000
;TYPE:Inner wall
;WIDTH:0.449999
G1 F7200
G1 X132.027 Y106.214 E.00045
G1 X132.189 Y107.378 E.03656
G1 X132.29 Y108.378 E.03127
G1 X132.333 Y109.121 E.02315
G1 X132.349 Y110.313 E.03709
G1 X132.296 Y111.571 E.03917
G1 X132.222 Y112.4 E.02587
G1 X132.051 Y113.647 E.03917
G1 X131.81 Y114.883 E.03917
G1 X131.613 Y115.691 E.02588
G1 X131.257 Y116.901 E.03926
G1 X130.985 Y117.687 E.02588
G1 X130.516 Y118.859 E.03926
G1 X130.172 Y119.616 E.02588
G1 X129.597 Y120.737 E.03917
G1 X128.96 Y121.823 E.03918
G1 X128.506 Y122.52 E.02588
G1 X127.768 Y123.544 E.03927
G1 X127.251 Y124.196 E.02589
G1 X126.422 Y125.145 E.03918
G1 X125.542 Y126.046 E.0392
G1 X124.933 Y126.613 E.02589
G1 X123.969 Y127.429 E.03928
G1 X123.31 Y127.936 E.02589
G1 X122.276 Y128.657 E.0392
G1 X121.204 Y129.319 E.0392
G1 X120.476 Y129.722 E.02589
G1 X119.346 Y130.28 E.0392
G1 X118.189 Y130.773 E.03912
G1 X117.004 Y131.202 E.03921
G1 X116.209 Y131.447 E.0259
G1 X114.988 Y131.763 E.03921
G1 X113.755 Y132.009 E.03912
G1 X112.507 Y132.185 E.03922
G1 X111.678 Y132.263 E.02591
G1 X110.506 Y132.32 E.03651
G1 X109.58 Y132.322 E.02881
G1 X108.746 Y132.291 E.02596
G1 X107.49 Y132.185 E.03922
G1 X106.245 Y132.009 E.03912
G1 X105.009 Y131.762 E.03921
G1 X104.201 Y131.561 E.0259
G1 X102.99 Y131.2 E.0393
G1 X102.205 Y130.924 E.0259
G1 X101.034 Y130.451 E.03929
G1 X100.277 Y130.103 E.0259
G1 X99.156 Y129.522 E.0393
G1 X98.435 Y129.105 E.0259
G1 X97.373 Y128.422 E.03929
G1 X96.695 Y127.94 E.0259
G1 X95.704 Y127.162 E.0392
G1 X94.76 Y126.332 E.0391
G1 X93.865 Y125.45 E.0391
G1 X93.021 Y124.519 E.0391
G1 X92.23 Y123.542 E.03911
G1 X91.545 Y122.594 E.03639
G1 X91.038 Y121.82 E.02878
G1 X90.609 Y121.105 E.02594
G1 X90.012 Y119.993 E.03927
G1 X89.654 Y119.242 E.02588
G1 X89.164 Y118.081 E.03919
G1 X88.77 Y116.981 E.03638
G1 X88.499 Y116.099 E.02868
G1 X88.188 Y114.877 E.03924
G1 X88.022 Y114.062 E.02587
G1 X87.827 Y112.818 E.03918
G1 X87.711 Y111.655 E.03637
G1 X87.661 Y110.734 E.02868
G1 X87.655 Y109.476 E.03916
G1 X87.713 Y108.308 E.03637
G1 X87.802 Y107.39 E.02868
G1 X87.984 Y106.143 E.03923
G1 X88.143 Y105.326 E.02587
G1 X88.442 Y104.103 E.03917
G1 X88.808 Y102.902 E.03908
G1 X89.242 Y101.72 E.03918
G1 X89.566 Y100.951 E.02597
G1 X89.919 Y100.194 E.02597
G1 X90.505 Y99.079 E.03918
G1 X91.152 Y97.999 E.03918
G1 X91.612 Y97.306 E.02588
G1 X92.358 Y96.291 E.03918
G1 X93.158 Y95.322 E.03909
G1 X94.013 Y94.397 E.03919
G1 X94.606 Y93.813 E.02589
G1 X95.546 Y92.97 E.03928
G1 X96.193 Y92.442 E.02599
G1 X96.859 Y91.939 E.02598
G1 X97.9 Y91.228 E.0392
G1 X98.978 Y90.576 E.0392
G1 X99.71 Y90.18 E.0259
G1 X100.845 Y89.632 E.03921
G1 X102.009 Y89.149 E.0392
G1 X102.792 Y88.866 E.02591
G1 X103.996 Y88.494 E.03922
G1 X105.132 Y88.21 E.03641
G1 X106.039 Y88.026 E.0288
G1 X106.863 Y87.894 E.02597
G1 X108.116 Y87.753 E.03921
G1 X109.372 Y87.682 E.03913
G1 X110.542 Y87.68 E.03642
G1 X111.464 Y87.721 E.02872
G1 X112.718 Y87.839 E.03919
G1 X113.964 Y88.027 E.03921
G1 X114.781 Y88.19 E.02591
G1 X116.007 Y88.494 E.0393
G1 X116.805 Y88.733 E.02591
G1 X117.997 Y89.151 E.0393
G1 X118.769 Y89.463 E.02591
G1 X119.835 Y89.951 E.0365
G1 X120.659 Y90.375 E.0288
G1 X121.385 Y90.786 E.02596
G1 X122.451 Y91.458 E.0392
G1 X123.475 Y92.186 E.0391
G1 X124.459 Y92.973 E.0392
G1 X125.084 Y93.523 E.02589
G1 X125.989 Y94.399 E.03919
G1 X126.842 Y95.322 E.0391
G1 X127.642 Y96.291 E.03909
G1 X128.388 Y97.306 E.03918
G1 X128.848 Y97.999 E.02588
G1 X129.497 Y99.082 E.03927
G1 X129.892 Y99.817 E.02597
G1 X130.259 Y100.567 E.02597
G1 X130.76 Y101.725 E.03926
G1 X131.054 Y102.503 E.02588
G1 X131.443 Y103.7 E.03917
G1 X131.764 Y104.915 E.03908
G1 X132.016 Y106.161 E.03955
G1 X132.428 Y106.119 F9000
M204 P1000
;TYPE:Outer wall
;WIDTH:0.419999
G1 F5400
G1 X132.434 Y106.151 E.00094
G1 X132.599 Y107.334 E.03441
G1 X132.702 Y108.353 E.02952
G1 X132.745 Y109.116 E.022
G1 X132.762 Y110.319 E.03468
G1 X132.708 Y111.599 E.03688
G1 X132.632 Y112.446 E.02451
G1 X132.458 Y113.715 E.03688
G1 X132.213 Y114.971 E.03688
G1 X132.012 Y115.798 E.02452
G1 X131.65 Y117.027 E.03691
G1 X131.371 Y117.831 E.02452
G1 X130.896 Y119.021 E.03691
G1 X130.543 Y119.796 E.02452
G1 X129.959 Y120.935 E.03688
G1 X129.311 Y122.04 E.03689
G1 X128.846 Y122.753 E.02452
G1 X128.097 Y123.793 E.03692
G1 X127.568 Y124.46 E.02453
G1 X126.725 Y125.425 E.03689
G1 X125.83 Y126.341 E.03691
G1 X125.207 Y126.921 E.02453
G1 X124.228 Y127.75 E.03693
G1 X123.553 Y128.269 E.02453
G1 X122.503 Y129.002 E.03691
G1 X121.412 Y129.675 E.03691
G1 X120.667 Y130.088 E.02453
G1 X119.518 Y130.655 E.03691
G1 X118.34 Y131.157 E.03689
G1 X117.135 Y131.593 E.03692
G1 X116.321 Y131.844 E.02454
G1 X115.08 Y132.165 E.03692
G1 X113.825 Y132.415 E.03689
G1 X112.555 Y132.595 E.03693
G1 X111.707 Y132.675 E.02454
G1 X110.516 Y132.732 E.03434
G1 X109.573 Y132.735 E.02718
G1 X108.721 Y132.703 E.02456
G1 X107.444 Y132.595 E.03692
G1 X106.176 Y132.415 E.03689
G1 X104.919 Y132.165 E.03692
G1 X104.092 Y131.959 E.02454
G1 X102.863 Y131.592 E.03695
G1 X102.059 Y131.31 E.02454
G1 X100.87 Y130.83 E.03694
G1 X100.096 Y130.474 E.02454
G1 X98.958 Y129.884 E.03694
G1 X98.22 Y129.458 E.02453
G1 X97.142 Y128.764 E.03693
G1 X96.448 Y128.27 E.02454
G1 X95.44 Y127.479 E.0369
G1 X94.479 Y126.634 E.03687
G1 X93.567 Y125.736 E.03687
G1 X92.707 Y124.788 E.03687
G1 X91.902 Y123.793 E.03687
G1 X91.205 Y122.828 E.03429
G1 X90.688 Y122.039 E.02716
G1 X90.251 Y121.308 E.02454
G1 X89.644 Y120.179 E.03691
G1 X89.277 Y119.411 E.02452
G1 X88.78 Y118.231 E.03689
G1 X88.378 Y117.111 E.03428
G1 X88.102 Y116.211 E.02713
G1 X87.786 Y114.969 E.0369
G1 X87.616 Y114.136 E.02451
G1 X87.418 Y112.87 E.03689
G1 X87.299 Y111.687 E.03428
G1 X87.248 Y110.746 E.02712
G1 X87.242 Y109.466 E.03688
G1 X87.302 Y108.278 E.03427
G1 X87.392 Y107.341 E.02712
G1 X87.578 Y106.073 E.0369
G1 X87.74 Y105.238 E.02451
G1 X88.044 Y103.994 E.03688
G1 X88.417 Y102.77 E.03685
G1 X88.858 Y101.568 E.03689
G1 X89.189 Y100.783 E.02454
G1 X89.55 Y100.011 E.02455
G1 X90.145 Y98.877 E.03689
G1 X90.803 Y97.778 E.03689
G1 X91.274 Y97.07 E.02452
G1 X92.032 Y96.037 E.03689
G1 X92.847 Y95.05 E.03686
G1 X93.716 Y94.11 E.0369
G1 X94.323 Y93.512 E.02453
G1 X95.277 Y92.656 E.03693
G1 X95.938 Y92.117 E.02456
G1 X96.619 Y91.604 E.02456
G1 X97.676 Y90.881 E.03691
G1 X98.773 Y90.218 E.03691
G1 X99.522 Y89.812 E.02454
G1 X100.676 Y89.255 E.03691
G1 X101.859 Y88.764 E.03691
G1 X102.661 Y88.475 E.02454
G1 X103.885 Y88.096 E.03692
G1 X105.041 Y87.807 E.03431
G1 X105.966 Y87.62 E.02718
G1 X106.807 Y87.485 E.02456
G1 X108.081 Y87.341 E.03692
G1 X109.36 Y87.269 E.03689
G1 X110.551 Y87.268 E.03432
G1 X111.493 Y87.309 E.02715
G1 X112.768 Y87.429 E.03691
G1 X114.035 Y87.621 E.03691
G1 X114.871 Y87.787 E.02454
G1 X116.116 Y88.096 E.03694
G1 X116.932 Y88.34 E.02454
G1 X118.142 Y88.765 E.03694
G1 X118.932 Y89.084 E.02454
G1 X120.016 Y89.58 E.03434
G1 X120.855 Y90.012 E.02717
G1 X121.596 Y90.432 E.02456
G1 X122.68 Y91.115 E.03691
G1 X123.723 Y91.857 E.03688
G1 X124.724 Y92.657 E.03691
G1 X125.363 Y93.22 E.02453
G1 X126.284 Y94.11 E.0369
G1 X127.153 Y95.05 E.03687
G1 X127.968 Y96.037 E.03687
G1 X128.726 Y97.07 E.03689
G1 X129.197 Y97.778 E.02452
G1 X129.856 Y98.878 E.03692
G1 X130.259 Y99.629 E.02455
G1 X130.633 Y100.394 E.02455
G1 X131.142 Y101.57 E.03691
G1 X131.443 Y102.366 E.02452
G1 X131.839 Y103.584 E.03688
G1 X132.166 Y104.821 E.03686
G1 X132.42 Y106.079 E.03698
G1 E-.7 F2400
;WIPE_START
G1 F5400
G1 X132.434 Y106.151 E-.02183
G1 X132.562 Y107.069 E-.27817
;WIPE_END
G17
G3 Z6.81 I.746 J-.962 P1  F9000
G1 X116.659 Y94.732 Z6.81
G1 Z6.41
G1 E1 F2700
M204 P2000
;TYPE:Inner wall
;WIDTH:0.449999
G1 F7200
G1 X117.115 Y94.935 E.01555
G1 X118.013 Y95.395 E.0314
G1 X118.493 Y95.669 E.01719
G1 X119.298 Y96.183 E.02971
G1 X120.065 Y96.723 E.0292
G1 X120.836 Y97.34 E.0307
G1 X121.263 Y97.721 E.01781
G1 X121.946 Y98.377 E.02946
G1 X122.605 Y99.1 E.03043
G1 X123.169 Y99.781 E.02751
G1 X123.613 Y100.379 E.02318
G1 X124.039 Y101.01 E.02369
G1 X124.59 Y101.935 E.03348
G1 X125.107 Y102.955 E.03559
G1 X125.505 Y103.875 E.03116
G1 X125.704 Y104.41 E.01779
G1 X126.01 Y105.347 E.03066
G1 X126.215 Y106.112 E.02463
G1 X126.372 Y106.84 E.02319
G1 X126.523 Y107.786 E.02979
G1 X126.623 Y108.684 E.02813
G1 X126.659 Y109.32 E.01981
G1 X126.674 Y110.173 E.02653
G1 X126.65 Y110.917 E.02318
G1 X126.591 Y111.676 E.02368
G1 X126.444 Y112.761 E.03405
G1 X126.303 Y113.499 E.02338
G1 X126.13 Y114.223 E.02318
G1 X125.925 Y114.94 E.02318
G1 X125.683 Y115.661 E.02368
G1 X125.276 Y116.677 E.03405
G1 X125.043 Y117.18 E.01723
G1 X124.615 Y118.02 E.02933
G1 X124.241 Y118.664 E.02318
G1 X123.839 Y119.292 E.02318
G1 X123.41 Y119.901 E.02319
G1 X122.845 Y120.612 E.02825
G1 X122.22 Y121.333 E.02969
G1 X121.701 Y121.868 E.02318
G1 X121.146 Y122.389 E.02369
G1 X120.362 Y123.047 E.03185
G1 X119.932 Y123.375 E.01682
G1 X119.124 Y123.942 E.03071
G1 X118.456 Y124.356 E.02446
G1 X117.805 Y124.72 E.02319
G1 X117.138 Y125.054 E.02319
G1 X116.458 Y125.357 E.02319
G1 X115.764 Y125.63 E.0232
G1 X114.708 Y125.979 E.03457
G1 X113.982 Y126.175 E.02341
G1 X112.894 Y126.404 E.03457
G1 X112.151 Y126.518 E.0234
G1 X111.409 Y126.597 E.0232
G1 X110.665 Y126.644 E.0232
G1 X109.92 Y126.657 E.0232
G1 X109.158 Y126.636 E.0237
G1 X108.067 Y126.545 E.03408
G1 X107.321 Y126.441 E.0234
G1 X106.588 Y126.305 E.0232
G1 X105.862 Y126.136 E.0232
G1 X105.144 Y125.935 E.0232
G1 X104.436 Y125.702 E.02319
G1 X103.739 Y125.438 E.0232
G1 X103.054 Y125.143 E.0232
G1 X102.146 Y124.693 E.03151
G1 X101.408 Y124.276 E.02638
G1 X100.776 Y123.876 E.02327
G1 X100.151 Y123.441 E.02369
G1 X99.289 Y122.766 E.03407
G1 X98.723 Y122.27 E.0234
G1 X98.185 Y121.754 E.02319
G1 X97.428 Y120.942 E.03456
G1 X96.946 Y120.364 E.02339
G1 X96.495 Y119.771 E.02318
G1 X96.072 Y119.158 E.02318
G1 X95.676 Y118.527 E.02319
G1 X95.184 Y117.642 E.0315
G1 X94.814 Y116.879 E.02638
G1 X94.435 Y115.966 E.03075
G1 X94.142 Y115.15 E.02699
G1 X93.952 Y114.518 E.02053
G1 X93.743 Y113.706 E.02609
G1 X93.596 Y112.991 E.02271
G1 X93.476 Y112.24 E.02364
G1 X93.393 Y111.5 E.02318
G1 X93.335 Y110.492 E.03142
G1 X93.329 Y109.64 E.02651
G1 X93.382 Y108.674 E.03008
G1 X93.443 Y108.05 E.01953
G1 X93.586 Y107.063 E.03101
G1 X93.699 Y106.503 E.01777
G1 X93.918 Y105.596 E.02904
G1 X94.131 Y104.882 E.02318
G1 X94.473 Y103.929 E.03149
G1 X94.777 Y103.205 E.02443
G1 X95.023 Y102.683 E.01793
G1 X95.476 Y101.816 E.03043
G1 X95.857 Y101.176 E.02319
G1 X96.297 Y100.521 E.02454
G1 X96.858 Y99.75 E.02969
G1 X97.406 Y99.081 E.02689
G1 X97.907 Y98.53 E.02319
G1 X98.433 Y98.001 E.02318
G1 X98.981 Y97.497 E.02319
G1 X99.552 Y97.017 E.02319
G1 X100.156 Y96.554 E.02369
G1 X101.03 Y95.959 E.0329
G1 X101.705 Y95.549 E.02457
G1 X102.354 Y95.196 E.02298
G1 X103.031 Y94.867 E.02341
G1 X103.715 Y94.57 E.0232
G1 X104.67 Y94.219 E.03167
G1 X105.477 Y93.966 E.0263
G1 X106.199 Y93.78 E.0232
G1 X106.929 Y93.627 E.0232
G1 X107.674 Y93.513 E.02345
G1 X108.623 Y93.401 E.02974
G1 X109.521 Y93.349 E.02798
G1 X110.267 Y93.344 E.0232
G1 X111.012 Y93.373 E.0232
G1 X111.755 Y93.434 E.0232
G1 X112.856 Y93.588 E.03458
G1 X113.594 Y93.733 E.0234
G1 X114.318 Y93.91 E.0232
G1 X115.034 Y94.119 E.0232
G1 X115.74 Y94.36 E.02319
G1 X116.434 Y94.632 E.0232
G1 X116.622 Y94.715 E.00641
G1 X116.491 Y95.108 F9000
M204 P1000
;TYPE:Outer wall
;WIDTH:0.419999
G1 F5400
G1 X116.947 Y95.311 E.01439
G1 X117.825 Y95.762 E.02841
G1 X118.284 Y96.025 E.01525
G1 X119.07 Y96.526 E.02685
G1 X119.818 Y97.054 E.02638
G1 X120.575 Y97.658 E.0279
G1 X120.988 Y98.027 E.01596
G1 X121.657 Y98.672 E.02675
G1 X122.3 Y99.378 E.02751
G1 X122.849 Y100.041 E.02481
G1 X123.282 Y100.625 E.02093
G1 X123.691 Y101.231 E.02107
G1 X124.235 Y102.146 E.03066
G1 X124.733 Y103.13 E.03175
G1 X125.123 Y104.032 E.02832
G1 X125.317 Y104.55 E.01594
G1 X125.617 Y105.47 E.02785
G1 X125.816 Y106.217 E.02227
G1 X125.969 Y106.927 E.02094
G1 X126.115 Y107.85 E.02692
G1 X126.213 Y108.726 E.02538
G1 X126.247 Y109.343 E.01781
G1 X126.262 Y110.177 E.02404
G1 X126.238 Y110.903 E.02093
G1 X126.181 Y111.633 E.02107
G1 X126.036 Y112.705 E.03119
G1 X125.898 Y113.421 E.02099
G1 X125.729 Y114.127 E.02093
G1 X125.529 Y114.826 E.02093
G1 X125.295 Y115.519 E.02107
G1 X124.893 Y116.524 E.03119
G1 X124.669 Y117.005 E.01529
G1 X124.249 Y117.829 E.02662
G1 X123.885 Y118.457 E.02093
G1 X123.492 Y119.069 E.02093
G1 X123.073 Y119.663 E.02094
G1 X122.523 Y120.356 E.02549
G1 X121.912 Y121.059 E.02683
G1 X121.405 Y121.58 E.02094
G1 X120.872 Y122.081 E.02108
G1 X120.097 Y122.732 E.02915
G1 X119.685 Y123.045 E.01491
G1 X118.892 Y123.601 E.0279
G1 X118.239 Y124.005 E.02212
G1 X117.604 Y124.359 E.02094
G1 X116.954 Y124.685 E.02094
G1 X116.29 Y124.98 E.02094
G1 X115.613 Y125.246 E.02095
G1 X114.576 Y125.588 E.03144
G1 X113.875 Y125.777 E.02093
G1 X112.81 Y126 E.03135
G1 X112.089 Y126.11 E.02101
G1 X111.366 Y126.187 E.02095
G1 X110.64 Y126.232 E.02095
G1 X109.913 Y126.244 E.02095
G1 X109.181 Y126.224 E.02109
G1 X108.101 Y126.133 E.03122
G1 X107.379 Y126.032 E.02101
G1 X106.664 Y125.899 E.02095
G1 X105.956 Y125.734 E.02095
G1 X105.256 Y125.538 E.02095
G1 X104.565 Y125.311 E.02094
G1 X103.885 Y125.053 E.02095
G1 X103.217 Y124.764 E.02095
G1 X102.33 Y124.324 E.02854
G1 X101.612 Y123.917 E.02378
G1 X100.996 Y123.528 E.02096
G1 X100.396 Y123.109 E.02108
G1 X99.543 Y122.441 E.03121
G1 X98.995 Y121.961 E.021
G1 X98.471 Y121.457 E.02094
G1 X97.73 Y120.661 E.03133
G1 X97.263 Y120.101 E.021
G1 X96.824 Y119.522 E.02093
G1 X96.411 Y118.924 E.02093
G1 X96.025 Y118.308 E.02094
G1 X95.545 Y117.442 E.02852
G1 X95.185 Y116.699 E.02378
G1 X94.817 Y115.809 E.02776
G1 X94.532 Y115.014 E.02433
G1 X94.347 Y114.4 E.01847
G1 X94.143 Y113.605 E.02362
G1 X94 Y112.908 E.0205
G1 X93.884 Y112.176 E.02136
G1 X93.803 Y111.454 E.02093
G1 X93.747 Y110.469 E.02843
G1 X93.741 Y109.64 E.02388
G1 X93.794 Y108.697 E.02719
G1 X93.853 Y108.096 E.01742
G1 X93.994 Y107.127 E.02819
G1 X94.104 Y106.586 E.01593
G1 X94.318 Y105.696 E.02635
G1 X94.527 Y105 E.02093
G1 X94.861 Y104.068 E.02852
G1 X95.157 Y103.365 E.02198
G1 X95.395 Y102.862 E.01603
G1 X95.839 Y102.011 E.02764
G1 X96.211 Y101.387 E.02094
G1 X96.639 Y100.752 E.02205
G1 X97.187 Y99.999 E.02682
G1 X97.723 Y99.345 E.02437
G1 X98.212 Y98.808 E.02094
G1 X98.725 Y98.292 E.02094
G1 X99.26 Y97.801 E.02094
G1 X99.817 Y97.333 E.02094
G1 X100.398 Y96.888 E.02108
G1 X101.262 Y96.3 E.03013
G1 X101.918 Y95.902 E.02208
G1 X102.551 Y95.559 E.02074
G1 X103.211 Y95.238 E.02114
G1 X103.879 Y94.949 E.02095
G1 X104.812 Y94.606 E.02866
G1 X105.597 Y94.361 E.02369
G1 X106.302 Y94.18 E.02095
G1 X107.014 Y94.031 E.02095
G1 X107.736 Y93.921 E.02105
G1 X108.662 Y93.812 E.02687
G1 X109.542 Y93.761 E.02538
G1 X110.269 Y93.757 E.02095
G1 X110.996 Y93.785 E.02095
G1 X111.721 Y93.845 E.02096
G1 X112.798 Y93.997 E.03135
G1 X113.514 Y94.138 E.02101
G1 X114.22 Y94.311 E.02095
G1 X114.918 Y94.515 E.02095
G1 X115.606 Y94.75 E.02094
G1 X116.283 Y95.016 E.02095
G1 X116.455 Y95.092 E.00541
G1 E-.7 F2400
;WIPE_START
G1 F5400
G1 X116.947 Y95.311 E-.16184
G1 X117.357 Y95.522 E-.13816
;WIPE_END
G1 Z6.81 F9000
G1 X107.827 Y92.762
G1 Z6.81
G1 Z6.41
G1 E1 F2700
M204 P2500
;TYPE:Sparse infill
;WIDTH:0.45
G1 F10800
G1 X108.733 Y92.668 E.02831
G1 X109.45 Y92.632 E.02235
G1 X110.666 Y89.793 E.09607
G1 X111.554 Y88.905 E.03909
G1 X112.419 Y88.534 E.02927
G1 X113.428 Y88.666 E.03165
G1 X114.624 Y88.893 E.03786
G1 X115.756 Y89.173 E.03629
G1 X116.582 Y89.418 E.02682
G1 X117.083 Y89.594 E.0165
G1 X116.883 Y89.793 E.00878
G1 X115.552 Y92.902 E.10522
G1 X115.073 Y93.381 E.02106
G1 X116.005 Y93.69 E.03055
G1 X116.73 Y93.975 E.02425
G1 X117.461 Y94.302 E.02491
G1 X118.472 Y94.822 E.03538
G1 X120.881 Y93.79 E.08151
G1 X121.769 Y92.902 E.03909
G1 X122.112 Y92.101 E.02711
G1 X123.041 Y92.762 E.03546
G1 X123.996 Y93.525 E.03804
G1 X124.595 Y94.053 E.02484
G1 X125.176 Y94.614 E.02512
G1 X123.989 Y95.122 E.04015
G1 X123.101 Y96.011 E.03909
G1 X122.349 Y97.765 E.05939
G1 X123.236 Y98.724 E.04062
G1 X123.749 Y99.353 E.02526
G1 X124.209 Y99.975 E.02406
G1 X124.652 Y100.632 E.02466
G1 X124.853 Y100.97 E.01222
G1 X127.098 Y100.008 E.076
G1 X127.987 Y99.119 E.03909
G1 X128.276 Y98.445 E.02284
G1 X128.87 Y99.437 E.036
G1 X129.251 Y100.146 E.02502
G1 X129.604 Y100.868 E.02502
G1 X129.929 Y101.618 E.02541
G1 X129.319 Y102.228 E.02685
G1 X127.987 Y105.337 E.10522
G1 X127.098 Y106.225 E.03909
G1 X126.986 Y106.273 E.00378
G1 X127.085 Y106.733 E.01464
G1 X127.234 Y107.675 E.02965
G1 X127.342 Y108.638 E.03016
G1 X127.386 Y109.432 E.02475
G1 X127.394 Y110.207 E.0241
G1 X127.369 Y110.959 E.02343
G1 X127.31 Y111.707 E.02334
G1 X127.232 Y112.309 E.01888
G1 X127.987 Y111.554 E.0332
G1 X129.319 Y108.446 E.10522
G1 X130.207 Y107.557 E.03909
G1 X131.426 Y107.035 E.04126
G1 X131.563 Y108.285 E.03913
G1 X131.612 Y109.082 E.02482
G1 X131.629 Y110.303 E.03801
G1 X131.577 Y111.524 E.03801
G1 X131.506 Y112.319 E.02482
G1 X131.375 Y113.274 E.03
G1 X130.207 Y113.775 E.03955
G1 X129.319 Y114.663 E.03909
G1 X127.987 Y117.772 E.10522
G1 X127.098 Y118.66 E.03909
G1 X124.33 Y119.846 E.0937
G1 X123.963 Y120.364 E.01972
G1 X123.264 Y121.242 E.03491
G1 X122.657 Y121.917 E.02826
G1 X121.769 Y123.989 E.07015
G1 X120.881 Y124.878 E.03909
G1 X117.772 Y126.21 E.10522
G1 X116.883 Y127.098 E.03909
G1 X115.552 Y130.207 E.10522
G1 X114.666 Y131.093 E.03897
G1 X116.012 Y130.754 E.04319
G1 X116.775 Y130.518 E.02485
G1 X117.926 Y130.103 E.03806
G1 X119.045 Y129.626 E.03786
G1 X120.141 Y129.084 E.03805
G1 X120.84 Y128.697 E.02484
G1 X121.881 Y128.055 E.03804
G1 X123.044 Y127.232 E.04432
G1 X123.101 Y127.098 E.00453
G1 X123.989 Y126.21 E.03909
G1 X124.58 Y125.957 E.01999
G1 X125.038 Y125.53 E.01949
G1 X125.739 Y124.814 E.03117
G1 X115.7 Y131.212 F9000
;TYPE:Internal solid infill
;WIDTH:0.385066
G1 F10800
G1 X116.889 Y130.861 E.03238
G1 X118.058 Y130.439 E.03247
G1 X119.196 Y129.954 E.03232
G1 X120.305 Y129.405 E.03234
G1 X121.022 Y129.008 E.0214
G1 X122.079 Y128.356 E.03243
G1 X123.094 Y127.648 E.03234
G1 X123.743 Y127.149 E.0214
G1 X124.691 Y126.346 E.03245
G1 X125.29 Y125.788 E.02139
G1 X126.158 Y124.901 E.03243
G1 X126.972 Y123.969 E.03232
G1 X127.482 Y123.328 E.02139
G1 X128.207 Y122.32 E.03243
G1 X128.654 Y121.634 E.02139
G1 X129.282 Y120.564 E.03241
G1 X129.846 Y119.463 E.03231
G1 X130.186 Y118.718 E.02138
G1 X130.646 Y117.565 E.03243
G1 X130.914 Y116.792 E.02138
G1 X131.265 Y115.601 E.03243
G1 X131.459 Y114.806 E.02138
G1 X131.696 Y113.588 E.0324
G1 X131.864 Y112.363 E.03231
G1 X131.937 Y111.548 E.02138
G1 X131.99 Y110.308 E.0324
G1 X131.972 Y109.072 E.03231
G1 X131.922 Y108.255 E.02138
G1 X131.789 Y107.021 E.03242
G1 X131.663 Y106.212 E.02138
G1 X131.414 Y104.997 E.0324
G1 X131.193 Y104.146 E.02298
G1 X130.849 Y103.022 E.03071
G1 X130.427 Y101.861 E.03226
G1 X129.934 Y100.721 E.03246
G1 X129.573 Y99.984 E.02143
G1 X129.184 Y99.259 E.02149
G1 X128.546 Y98.194 E.03244
G1 X128.093 Y97.512 E.02139
G1 X127.352 Y96.503 E.0327
G1 X126.571 Y95.558 E.03201
G1 X125.732 Y94.65 E.0323
G1 X124.842 Y93.79 E.03233
G1 X124.228 Y93.249 E.02139
G1 X123.258 Y92.474 E.03243
G1 X122.251 Y91.757 E.03231
G1 X121.203 Y91.097 E.03233
G1 X120.49 Y90.693 E.02142
G1 X119.678 Y90.275 E.02385
G1 X118.63 Y89.795 E.03013
G1 X117.87 Y89.487 E.02142
G1 X116.697 Y89.076 E.03246
G1 X115.882 Y88.833 E.02223
G1 X114.706 Y88.542 E.03165
G1 X113.902 Y88.381 E.0214
G1 X112.677 Y88.196 E.03237
G1 X111.443 Y88.08 E.03238
G1 X110.594 Y88.042 E.02219
G1 X109.382 Y88.041 E.03167
G1 X108.146 Y88.111 E.03233
G1 X106.916 Y88.25 E.03235
G1 X106.106 Y88.38 E.02142
G1 X105.211 Y88.56 E.02385
G1 X104.093 Y88.84 E.0301
G1 X102.909 Y89.206 E.03236
G1 X102.139 Y89.484 E.02141
G1 X100.992 Y89.96 E.03243
G1 X99.877 Y90.498 E.03234
G1 X99.157 Y90.888 E.0214
G1 X98.096 Y91.529 E.03236
G1 X97.072 Y92.229 E.0324
G1 X96.417 Y92.723 E.02144
G1 X95.779 Y93.243 E.0215
G1 X94.855 Y94.072 E.03244
G1 X94.271 Y94.647 E.0214
G1 X93.421 Y95.566 E.03271
G1 X92.642 Y96.512 E.032
G1 X91.909 Y97.509 E.03232
G1 X91.439 Y98.217 E.02221
G1 X90.818 Y99.255 E.03159
G1 X90.243 Y100.351 E.03232
G1 X89.896 Y101.094 E.02143
G1 X89.577 Y101.851 E.02148
G1 X89.149 Y103.016 E.03241
G1 X88.789 Y104.198 E.03228
G1 X88.496 Y105.4 E.03231
G1 X88.339 Y106.203 E.02138
G1 X88.159 Y107.43 E.0324
G1 X88.072 Y108.334 E.02373
G1 X88.014 Y109.484 E.03007
G1 X88.02 Y110.721 E.03233
G1 X88.069 Y111.627 E.02369
G1 X88.184 Y112.772 E.03007
G1 X88.375 Y113.995 E.03232
G1 X88.539 Y114.797 E.02138
G1 X88.845 Y116 E.03243
G1 X89.111 Y116.867 E.0237
G1 X89.499 Y117.951 E.03007
G1 X89.98 Y119.091 E.03233
G1 X90.333 Y119.83 E.02139
G1 X90.921 Y120.924 E.03243
G1 X91.341 Y121.627 E.0214
G1 X91.841 Y122.39 E.02384
G1 X92.515 Y123.323 E.03008
G1 X93.294 Y124.285 E.03231
G1 X94.124 Y125.201 E.0323
G1 X94.749 Y125.821 E.02299
G1 X95.618 Y126.613 E.03072
G1 X96.581 Y127.398 E.03245
G1 X97.235 Y127.885 E.02129
G1 X98.271 Y128.577 E.03255
G1 X98.968 Y129 E.0213
G1 X100.06 Y129.59 E.03241
G1 X101.175 Y130.12 E.03228
G1 X102.328 Y130.586 E.03248
G1 X103.101 Y130.858 E.0214
G1 X104.292 Y131.213 E.03246
G1 X105.087 Y131.411 E.0214
G1 X106.305 Y131.654 E.03244
G1 X107.53 Y131.827 E.03232
G1 X108.764 Y131.932 E.03235
G1 X109.583 Y131.962 E.02142
G1 X110.497 Y131.96 E.02385
G1 X111.649 Y131.904 E.03013
G1 X112.465 Y131.828 E.02142
G1 X113.695 Y131.654 E.03245
G1 X114.908 Y131.412 E.03232
G1 X115.661 Y131.221 E.02029
G1 X112.952 Y126.755 F9000
G1 F10800
G1 X114.06 Y126.526 E.02956
G1 X114.802 Y126.327 E.02007
G1 X115.792 Y126 E.02724
G1 X116.565 Y125.702 E.02164
G1 X117.277 Y125.385 E.02036
G1 X117.955 Y125.047 E.01978
G1 X118.639 Y124.666 E.02045
G1 X119.286 Y124.265 E.01989
G1 X119.892 Y123.848 E.01921
G1 X120.551 Y123.358 E.02145
G1 X121.384 Y122.659 E.02841
G1 X121.952 Y122.125 E.02037
G1 X122.474 Y121.587 E.01957
G1 X122.993 Y121.004 E.0204
G1 X123.662 Y120.162 E.02809
G1 X124.124 Y119.513 E.0208
G1 X124.547 Y118.854 E.02046
G1 X124.926 Y118.201 E.01972
G1 X125.269 Y117.544 E.01937
G1 X125.607 Y116.818 E.02091
G1 X126.014 Y115.802 E.02858
G1 X126.258 Y115.079 E.01994
G1 X126.47 Y114.329 E.02037
G1 X126.651 Y113.575 E.02026
G1 X126.795 Y112.826 E.0199
G1 X126.943 Y111.74 E.02864
G1 X127.008 Y110.944 E.02087
G1 X127.033 Y110.206 E.01929
G1 X127.026 Y109.448 E.01981
G1 X126.983 Y108.67 E.02034
G1 X126.899 Y107.889 E.02051
G1 X126.741 Y106.86 E.02721
G1 X126.572 Y106.061 E.02133
G1 X126.379 Y105.324 E.0199
G1 X126.15 Y104.589 E.02012
G1 X125.887 Y103.859 E.02028
G1 X125.601 Y103.166 E.01957
G1 X125.271 Y102.459 E.0204
G1 X124.936 Y101.817 E.01889
G1 X124.348 Y100.827 E.03008
G1 X123.914 Y100.183 E.02028
G1 X123.464 Y99.575 E.01978
G1 X122.97 Y98.968 E.02043
G1 X122.217 Y98.141 E.02921
G1 X121.69 Y97.622 E.01934
G1 X121.113 Y97.102 E.0203
G1 X120.522 Y96.618 E.01993
G1 X119.883 Y96.144 E.02079
G1 X118.966 Y95.53 E.02882
G1 X118.3 Y95.139 E.02018
G1 X117.309 Y94.629 E.02912
G1 X116.604 Y94.314 E.02017
G1 X115.88 Y94.029 E.02032
G1 X115.188 Y93.791 E.01912
G1 X114.413 Y93.563 E.0211
G1 X113.674 Y93.383 E.01986
G1 X112.922 Y93.235 E.02003
G1 X111.936 Y93.097 E.026
G1 X111.216 Y93.029 E.01889
G1 X110.531 Y92.995 E.01792
G1 X109.533 Y92.989 E.02607
G1 X108.759 Y93.028 E.02025
G1 X108.019 Y93.098 E.01942
G1 X106.886 Y93.27 E.02993
G1 X106.139 Y93.426 E.01993
G1 X105.385 Y93.619 E.02034
G1 X104.651 Y93.844 E.02005
G1 X103.591 Y94.233 E.02951
G1 X102.894 Y94.534 E.01982
G1 X102.278 Y94.834 E.01791
G1 X101.526 Y95.237 E.02229
G1 X100.863 Y95.638 E.02024
G1 X99.954 Y96.257 E.02873
G1 X99.354 Y96.716 E.01973
G1 X98.75 Y97.221 E.02056
G1 X98.188 Y97.738 E.01994
G1 X97.65 Y98.279 E.01993
G1 X97.15 Y98.828 E.01941
G1 X96.668 Y99.407 E.01968
G1 X96.199 Y100.023 E.02022
G1 X95.634 Y100.861 E.0264
G1 X95.276 Y101.448 E.01795
G1 X94.903 Y102.124 E.02019
G1 X94.475 Y102.995 E.02535
G1 X94.149 Y103.771 E.02199
G1 X93.853 Y104.59 E.02275
G1 X93.632 Y105.298 E.01937
G1 X93.394 Y106.205 E.02447
G1 X93.24 Y106.958 E.02008
G1 X93.118 Y107.73 E.02043
G1 X93.032 Y108.497 E.02014
G1 X92.97 Y109.629 E.02964
G1 X92.97 Y110.392 E.01993
G1 X93.034 Y111.522 E.02956
G1 X93.119 Y112.274 E.01977
G1 X93.234 Y113.007 E.01937
G1 X93.385 Y113.752 E.01987
G1 X93.57 Y114.493 E.01993
G1 X93.789 Y115.226 E.01998
G1 X94.062 Y116.004 E.02156
G1 X94.47 Y116.99 E.02787
G1 X94.845 Y117.767 E.02254
G1 X95.358 Y118.697 E.02776
G1 X95.761 Y119.341 E.01984
G1 X96.194 Y119.968 E.0199
G1 X96.659 Y120.581 E.02009
G1 X97.155 Y121.176 E.02024
G1 X97.923 Y122.001 E.02943
G1 X98.47 Y122.526 E.01981
G1 X99.058 Y123.042 E.02043
G1 X99.917 Y123.715 E.02852
G1 X100.571 Y124.172 E.02085
G1 X101.202 Y124.571 E.0195
G1 X101.969 Y125.003 E.02298
G1 X102.887 Y125.462 E.02683
G1 X103.573 Y125.757 E.0195
G1 X104.294 Y126.033 E.02017
G1 X105.012 Y126.27 E.01975
G1 X105.763 Y126.482 E.02038
G1 X106.506 Y126.655 E.01994
G1 X107.264 Y126.796 E.02013
G1 X108.027 Y126.902 E.02013
G1 X109.115 Y126.993 E.02851
G1 X109.908 Y127.016 E.02072
G1 X110.67 Y127.004 E.01992
G1 X111.431 Y126.957 E.01991
G1 X112.19 Y126.874 E.01994
G1 X112.912 Y126.761 E.01909
G1 X112.174 Y127.238 F9000
;TYPE:Sparse infill
;WIDTH:0.45
G1 F10800
G1 X111.465 Y127.316 E.02219
G1 X110.551 Y127.366 E.02847
G1 X109.334 Y130.207 E.09615
G1 X108.446 Y131.095 E.03909
G1 X107.574 Y131.469 E.02951
G1 X106.366 Y131.298 E.03795
G1 X105.166 Y131.059 E.03806
G1 X104.391 Y130.867 E.02485
G1 X103.213 Y130.515 E.03825
G1 X102.914 Y130.41 E.00986
G1 X103.117 Y130.207 E.00892
G1 X104.448 Y127.098 E.10522
G1 X104.925 Y126.622 E.02097
G1 X104.173 Y126.373 E.02463
G1 X103.496 Y126.116 E.02253
G1 X102.736 Y125.79 E.02573
G1 X101.91 Y125.379 E.02872
G1 X101.539 Y125.173 E.01319
G1 X99.119 Y126.21 E.08191
G1 X98.231 Y127.098 E.03909
G1 X97.889 Y127.897 E.02705
G1 X97.126 Y127.363 E.02896
G1 X96.165 Y126.608 E.03804
G1 X95.251 Y125.805 E.03784
G1 X94.821 Y125.387 E.01864
G1 X96.011 Y124.878 E.04026
G1 X96.899 Y123.989 E.03909
G1 X97.65 Y122.237 E.05932
G1 X96.884 Y121.415 E.03495
G1 X96.379 Y120.808 E.02457
G1 X95.904 Y120.183 E.02444
G1 X95.462 Y119.542 E.02421
G1 X95.142 Y119.032 E.01871
G1 X92.902 Y119.992 E.07584
G1 X92.013 Y120.881 E.03909
G1 X91.725 Y121.554 E.0228
G1 X91.236 Y120.749 E.02931
G1 X90.655 Y119.667 E.03822
G1 X90.311 Y118.947 E.02483
G1 X90.072 Y118.381 E.01909
G1 X90.681 Y117.772 E.02681
G1 X92.013 Y114.663 E.10522
G1 X92.902 Y113.775 E.03909
G1 X93.012 Y113.727 E.00374
G1 X92.883 Y113.092 E.02019
G1 X92.761 Y112.323 E.02421
G1 X92.674 Y111.557 E.02398
G1 X92.61 Y110.418 E.03549
G1 X92.609 Y109.62 E.02484
G1 X92.672 Y108.489 E.03523
G1 X92.758 Y107.701 E.02467
G1 X92.013 Y108.446 E.03277
G1 X90.681 Y111.554 E.10522
G1 X89.793 Y112.443 E.03909
G1 X88.579 Y112.963 E.04109
G1 X88.422 Y111.512 E.04542
G1 X88.381 Y110.715 E.02482
G1 X88.375 Y109.492 E.03804
G1 X88.434 Y108.336 E.03602
G1 X88.517 Y107.478 E.02683
G1 X88.627 Y106.725 E.02367
G1 X89.793 Y106.225 E.03947
G1 X90.681 Y105.337 E.03909
G1 X92.013 Y102.228 E.10522
G1 X92.902 Y101.34 E.03909
G1 X95.679 Y100.15 E.09399
G1 X95.907 Y99.812 E.0127
G1 X96.383 Y99.185 E.02448
G1 X96.873 Y98.597 E.0238
G1 X97.345 Y98.078 E.02185
G1 X98.231 Y96.011 E.06996
G1 X99.119 Y95.122 E.03909
G1 X102.228 Y93.79 E.10522
G1 X103.117 Y92.902 E.03909
G1 X104.448 Y89.793 E.10522
G1 X105.347 Y88.9 E.0394
G1 X104.19 Y89.187 E.03707
G1 X103.021 Y89.549 E.03808
G1 X102.269 Y89.82 E.02486
G1 X101.14 Y90.289 E.03805
G1 X100.038 Y90.821 E.03805
G1 X99.336 Y91.201 E.02485
G1 X98.294 Y91.83 E.03785
G1 X97.28 Y92.524 E.03823
G1 X96.956 Y92.768 E.01261
G1 X96.899 Y92.902 E.00453
G1 X96.011 Y93.79 E.03909
G1 X95.434 Y94.037 E.01953
G1 X95.099 Y94.338 E.01399
G1 X94.267 Y95.173 E.03667
; stop printing object Генератор.stl id:18446744073679698525 copy 0
;LAYER_CHANGE
;Z:6.62
;HEIGHT:0.21
;BEFORE_LAYER_CHANGE
;6.62
G92 E0

G1 E-.77778 F2400
;WIPE_START
G1 F10800
G1 X94.973 Y94.464 E-.22222
;WIPE_END
;_SET_FAN_SPEED_CHANGING_LAYER
; printing object Генератор.stl id:18446744073679698525 copy 0
G17
G3 Z7.02 I-.368 J1.16 P1  F9000
G1 X132.025 Y106.203 Z7.02
G1 Z6.62
G1 E1 F2700
M204 P2000
;TYPE:Inner wall
;WIDTH:0.449999
G1 F7200
G1 X132.027 Y106.214 E.00036
G1 X132.152 Y107.036 E.02587
G1 X132.282 Y108.237 E.03758
G1 X132.333 Y109.121 E.02755
G1 X132.349 Y110.313 E.03709
G1 X132.296 Y111.571 E.03917
G1 X132.222 Y112.4 E.02587
G1 X132.051 Y113.647 E.03916
G1 X131.81 Y114.883 E.03917
G1 X131.613 Y115.691 E.02588
G1 X131.257 Y116.901 E.03926
G1 X130.985 Y117.687 E.02588
G1 X130.516 Y118.859 E.03926
G1 X130.172 Y119.616 E.02588
G1 X129.597 Y120.737 E.03918
G1 X128.96 Y121.823 E.03918
G1 X128.506 Y122.52 E.02588
G1 X127.768 Y123.545 E.03927
G1 X127.251 Y124.196 E.02589
G1 X126.422 Y125.145 E.03918
G1 X125.542 Y126.046 E.0392
G1 X124.933 Y126.613 E.02589
G1 X123.969 Y127.429 E.03928
G1 X123.31 Y127.936 E.02589
G1 X122.276 Y128.657 E.0392
G1 X121.204 Y129.319 E.0392
G1 X120.476 Y129.722 E.0259
G1 X119.346 Y130.28 E.0392
G1 X118.189 Y130.773 E.03911
G1 X117.007 Y131.201 E.03912
G1 X115.799 Y131.561 E.03921
G1 X114.991 Y131.762 E.0259
G1 X113.755 Y132.009 E.03921
G1 X112.507 Y132.185 E.03921
G1 X111.678 Y132.263 E.02591
G1 X110.481 Y132.32 E.0373
G1 X109.58 Y132.322 E.02801
G1 X108.746 Y132.291 E.02597
G1 X107.49 Y132.185 E.03922
G1 X106.245 Y132.009 E.03912
G1 X105.009 Y131.762 E.03921
G1 X104.201 Y131.561 E.0259
G1 X102.99 Y131.2 E.0393
G1 X102.205 Y130.924 E.0259
G1 X101.037 Y130.452 E.0392
G1 X99.899 Y129.916 E.03912
G1 X98.791 Y129.316 E.0392
G1 X98.079 Y128.885 E.0259
G1 X97.03 Y128.182 E.03929
G1 X96.361 Y127.687 E.02589
G1 X95.384 Y126.891 E.03921
G1 X94.501 Y126.086 E.03718
G1 X93.866 Y125.452 E.02791
G1 X93.021 Y124.519 E.03917
G1 X92.23 Y123.542 E.03911
G1 X91.531 Y122.573 E.03718
G1 X91.038 Y121.82 E.02799
G1 X90.609 Y121.105 E.02595
G1 X90.012 Y119.993 E.03927
G1 X89.654 Y119.242 E.02588
G1 X89.164 Y118.082 E.03918
G1 X88.741 Y116.896 E.03917
G1 X88.499 Y116.1 E.02587
G1 X88.188 Y114.877 E.03926
G1 X88.022 Y114.062 E.02587
G1 X87.827 Y112.818 E.03917
G1 X87.703 Y111.566 E.03917
G1 X87.661 Y110.735 E.02587
G1 X87.655 Y109.476 E.03918
G1 X87.715 Y108.283 E.03716
G1 X87.802 Y107.391 E.02789
G1 X87.984 Y106.143 E.03924
G1 X88.143 Y105.326 E.02587
G1 X88.442 Y104.103 E.03917
G1 X88.808 Y102.902 E.03908
G1 X89.242 Y101.72 E.03918
G1 X89.566 Y100.951 E.02597
G1 X89.919 Y100.194 E.02597
G1 X90.505 Y99.079 E.03919
G1 X91.118 Y98.053 E.03717
G1 X91.613 Y97.305 E.0279
G1 X92.358 Y96.291 E.03917
G1 X93.118 Y95.368 E.03718
G1 X93.719 Y94.703 E.0279
G1 X94.608 Y93.811 E.03917
G1 X95.546 Y92.97 E.03919
G1 X96.193 Y92.442 E.02599
G1 X96.859 Y91.939 E.02598
G1 X97.902 Y91.226 E.03929
G1 X98.61 Y90.789 E.02589
G1 X99.713 Y90.178 E.0392
G1 X100.845 Y89.632 E.03911
G1 X102.009 Y89.149 E.0392
G1 X102.792 Y88.866 E.0259
G1 X103.996 Y88.494 E.03922
G1 X105.156 Y88.204 E.0372
G1 X106.039 Y88.026 E.02801
G1 X106.863 Y87.894 E.02598
G1 X108.116 Y87.753 E.03921
G1 X109.371 Y87.682 E.03913
G1 X110.567 Y87.681 E.03721
G1 X111.464 Y87.721 E.02792
G1 X112.721 Y87.839 E.03928
G1 X113.546 Y87.956 E.0259
G1 X114.784 Y88.19 E.03922
G1 X115.945 Y88.478 E.0372
G1 X116.805 Y88.733 E.02792
G1 X117.997 Y89.151 E.03928
G1 X118.769 Y89.463 E.02591
G1 X119.858 Y89.962 E.03729
G1 X120.658 Y90.375 E.028
G1 X121.385 Y90.786 E.02597
G1 X122.451 Y91.458 E.0392
G1 X123.475 Y92.186 E.0391
G1 X124.459 Y92.973 E.0392
G1 X125.084 Y93.523 E.02589
G1 X125.989 Y94.399 E.03919
G1 X126.843 Y95.322 E.03911
G1 X127.604 Y96.243 E.03718
G1 X128.143 Y96.96 E.0279
G1 X128.85 Y98.001 E.03916
G1 X129.497 Y99.082 E.03918
G1 X129.892 Y99.817 E.02597
G1 X130.259 Y100.567 E.02597
G1 X130.759 Y101.722 E.03918
G1 X131.192 Y102.902 E.03909
G1 X131.541 Y104.044 E.03716
G1 X131.764 Y104.913 E.02789
G1 X132.017 Y106.164 E.03971
G1 X132.428 Y106.121 F9000
M204 P1000
;TYPE:Outer wall
;WIDTH:0.419999
G1 F5400
G1 X132.434 Y106.151 E.00086
G1 X132.562 Y106.992 E.02451
G1 X132.694 Y108.204 E.03513
G1 X132.745 Y109.115 E.02629
G1 X132.762 Y110.319 E.03468
G1 X132.708 Y111.599 E.03688
G1 X132.632 Y112.446 E.02451
G1 X132.458 Y113.714 E.03688
G1 X132.213 Y114.971 E.03688
G1 X132.012 Y115.798 E.02452
G1 X131.65 Y117.027 E.03691
G1 X131.371 Y117.831 E.02452
G1 X130.896 Y119.021 E.03691
G1 X130.543 Y119.796 E.02452
G1 X129.959 Y120.935 E.03689
G1 X129.311 Y122.04 E.03689
G1 X128.846 Y122.753 E.02452
G1 X128.097 Y123.793 E.03692
G1 X127.568 Y124.46 E.02453
G1 X126.725 Y125.425 E.03689
G1 X125.83 Y126.341 E.0369
G1 X125.207 Y126.921 E.02453
G1 X124.228 Y127.75 E.03693
G1 X123.553 Y128.269 E.02453
G1 X122.503 Y129.002 E.03691
G1 X121.412 Y129.675 E.03691
G1 X120.667 Y130.088 E.02454
G1 X119.518 Y130.655 E.03691
G1 X118.341 Y131.157 E.03688
G1 X117.136 Y131.592 E.03689
G1 X115.908 Y131.959 E.03692
G1 X115.081 Y132.165 E.02454
G1 X113.824 Y132.415 E.03692
G1 X112.555 Y132.595 E.03692
G1 X111.707 Y132.675 E.02454
G1 X110.491 Y132.733 E.03508
G1 X109.573 Y132.735 E.02644
G1 X108.721 Y132.703 E.02456
G1 X107.444 Y132.595 E.03692
G1 X106.176 Y132.415 E.03689
G1 X104.919 Y132.165 E.03692
G1 X104.092 Y131.959 E.02454
G1 X102.863 Y131.592 E.03695
G1 X102.059 Y131.31 E.02454
G1 X100.871 Y130.83 E.03691
G1 X99.713 Y130.284 E.03689
G1 X98.586 Y129.674 E.03691
G1 X97.857 Y129.233 E.02453
G1 X96.792 Y128.52 E.03694
G1 X96.108 Y128.013 E.02453
G1 X95.114 Y127.203 E.03691
G1 X94.216 Y126.384 E.03503
G1 X93.568 Y125.736 E.0264
G1 X92.707 Y124.788 E.03689
G1 X91.902 Y123.793 E.03687
G1 X91.191 Y122.807 E.03502
G1 X90.688 Y122.039 E.02642
G1 X90.251 Y121.308 E.02454
G1 X89.644 Y120.179 E.03692
G1 X89.277 Y119.411 E.02452
G1 X88.78 Y118.231 E.03689
G1 X88.35 Y117.025 E.03688
G1 X88.102 Y116.211 E.02451
G1 X87.786 Y114.969 E.03691
G1 X87.616 Y114.136 E.02451
G1 X87.418 Y112.871 E.03688
G1 X87.292 Y111.597 E.03688
G1 X87.248 Y110.747 E.02451
G1 X87.242 Y109.466 E.03688
G1 X87.304 Y108.253 E.03501
G1 X87.392 Y107.341 E.02639
G1 X87.578 Y106.073 E.0369
G1 X87.74 Y105.238 E.02451
G1 X88.044 Y103.994 E.03688
G1 X88.417 Y102.77 E.03685
G1 X88.858 Y101.568 E.03689
G1 X89.189 Y100.783 E.02454
G1 X89.55 Y100.011 E.02455
G1 X90.145 Y98.877 E.03689
G1 X90.769 Y97.834 E.03502
G1 X91.274 Y97.069 E.0264
G1 X92.032 Y96.037 E.03689
G1 X92.805 Y95.099 E.03503
G1 X93.42 Y94.419 E.0264
G1 X94.324 Y93.511 E.0369
G1 X95.277 Y92.656 E.0369
G1 X95.938 Y92.117 E.02456
G1 X96.619 Y91.604 E.02456
G1 X97.677 Y90.88 E.03694
G1 X98.402 Y90.433 E.02453
G1 X99.523 Y89.812 E.03691
G1 X100.676 Y89.255 E.03689
G1 X101.859 Y88.764 E.03691
G1 X102.661 Y88.475 E.02454
G1 X103.885 Y88.096 E.03692
G1 X105.066 Y87.802 E.03505
G1 X105.965 Y87.62 E.02644
G1 X106.807 Y87.485 E.02456
G1 X108.081 Y87.341 E.03692
G1 X109.36 Y87.269 E.0369
G1 X110.576 Y87.268 E.03505
G1 X111.493 Y87.309 E.02642
G1 X112.769 Y87.429 E.03694
G1 X113.613 Y87.549 E.02454
G1 X114.872 Y87.787 E.03692
G1 X116.053 Y88.08 E.03505
G1 X116.932 Y88.34 E.02641
G1 X118.142 Y88.765 E.03694
G1 X118.932 Y89.084 E.02454
G1 X120.039 Y89.591 E.03507
G1 X120.855 Y90.012 E.02644
G1 X121.596 Y90.432 E.02456
G1 X122.68 Y91.115 E.03691
G1 X123.723 Y91.857 E.03687
G1 X124.724 Y92.657 E.03691
G1 X125.363 Y93.22 E.02453
G1 X126.284 Y94.11 E.0369
G1 X127.153 Y95.05 E.03688
G1 X127.928 Y95.987 E.03502
G1 X128.479 Y96.72 E.0264
G1 X129.198 Y97.779 E.03689
G1 X129.856 Y98.878 E.03689
G1 X130.259 Y99.629 E.02455
G1 X130.633 Y100.394 E.02455
G1 X131.142 Y101.569 E.03689
G1 X131.583 Y102.77 E.03686
G1 X131.938 Y103.933 E.03501
G1 X132.166 Y104.82 E.02639
G1 X132.421 Y106.082 E.03709
G1 E-.7 F2400
;WIPE_START
G1 F5400
G1 X132.434 Y106.151 E-.02096
G1 X132.562 Y106.992 E-.25525
G1 X132.571 Y107.071 E-.02378
;WIPE_END
G17
G3 Z7.02 I.744 J-.963 P1  F9000
G1 X116.53 Y94.675 Z7.02
G1 Z6.62
G1 E1 F2700
M204 P2000
;TYPE:Inner wall
;WIDTH:0.449999
G1 F7200
G1 X117.115 Y94.935 E.01992
G1 X118.012 Y95.394 E.03136
G1 X118.493 Y95.669 E.01723
G1 X119.329 Y96.194 E.03071
G1 X120.094 Y96.746 E.02936
G1 X120.843 Y97.345 E.02985
G1 X121.263 Y97.721 E.01753
G1 X121.946 Y98.377 E.02946
G1 X122.606 Y99.101 E.03049
G1 X123.169 Y99.781 E.02746
G1 X123.554 Y100.299 E.02009
G1 X124.038 Y101.009 E.02674
G1 X124.59 Y101.935 E.03353
G1 X124.849 Y102.427 E.0173
G1 X125.107 Y102.955 E.01829
G1 X125.499 Y103.86 E.03066
G1 X125.777 Y104.609 E.02486
G1 X126.024 Y105.39 E.02549
G1 X126.215 Y106.112 E.02323
G1 X126.372 Y106.84 E.02318
G1 X126.5 Y107.59 E.02368
G1 X126.622 Y108.678 E.03405
G1 X126.659 Y109.32 E.02002
G1 X126.674 Y110.173 E.02653
G1 X126.65 Y110.917 E.02317
G1 X126.599 Y111.584 E.02081
G1 X126.501 Y112.397 E.02548
G1 X126.377 Y113.134 E.02323
G1 X126.261 Y113.675 E.01722
G1 X125.927 Y114.933 E.0405
G1 X125.683 Y115.661 E.02389
G1 X125.276 Y116.677 E.03405
G1 X125.043 Y117.18 E.01723
G1 X124.615 Y118.02 E.02933
G1 X124.241 Y118.664 E.02318
G1 X123.839 Y119.292 E.02318
G1 X123.41 Y119.901 E.02319
G1 X122.845 Y120.612 E.02825
G1 X122.22 Y121.333 E.02969
G1 X121.701 Y121.868 E.02318
G1 X121.158 Y122.378 E.02319
G1 X120.593 Y122.864 E.02319
G1 X119.994 Y123.334 E.02369
G1 X119.097 Y123.959 E.03399
G1 X118.456 Y124.356 E.02348
G1 X117.805 Y124.72 E.02319
G1 X117.138 Y125.054 E.02319
G1 X116.458 Y125.357 E.02319
G1 X115.764 Y125.63 E.0232
G1 X114.708 Y125.979 E.03457
G1 X113.982 Y126.175 E.0234
G1 X113.254 Y126.337 E.0232
G1 X112.233 Y126.506 E.0322
G1 X111.411 Y126.597 E.02572
G1 X110.665 Y126.644 E.02326
G1 X109.92 Y126.657 E.0232
G1 X109.158 Y126.636 E.0237
G1 X108.067 Y126.545 E.03408
G1 X107.321 Y126.441 E.0234
G1 X106.588 Y126.305 E.0232
G1 X105.862 Y126.136 E.0232
G1 X105.144 Y125.935 E.0232
G1 X104.436 Y125.702 E.02319
G1 X103.81 Y125.466 E.02083
G1 X103.29 Y125.244 E.01758
G1 X102.419 Y124.835 E.02993
G1 X101.583 Y124.373 E.02973
G1 X101.12 Y124.094 E.01683
G1 X100.286 Y123.536 E.03121
G1 X99.289 Y122.766 E.03919
G1 X98.723 Y122.27 E.0234
G1 X98.185 Y121.754 E.02319
G1 X97.428 Y120.942 E.03456
G1 X96.946 Y120.364 E.02339
G1 X96.495 Y119.771 E.02318
G1 X95.851 Y118.806 E.0361
G1 X95.174 Y117.622 E.04243
G1 X94.813 Y116.879 E.02571
G1 X94.433 Y115.965 E.0308
G1 X94.14 Y115.144 E.02713
G1 X93.953 Y114.522 E.02018
G1 X93.743 Y113.706 E.02623
G1 X93.596 Y112.991 E.02271
G1 X93.476 Y112.24 E.02364
G1 X93.393 Y111.5 E.02318
G1 X93.336 Y110.496 E.03128
G1 X93.329 Y109.64 E.02665
G1 X93.382 Y108.646 E.03097
G1 X93.445 Y108.042 E.01889
G1 X93.586 Y107.063 E.03077
G1 X93.699 Y106.503 E.01777
G1 X93.931 Y105.573 E.02982
G1 X94.204 Y104.672 E.02929
G1 X94.51 Y103.831 E.02785
G1 X94.772 Y103.215 E.02082
G1 X95.258 Y102.217 E.03454
G1 X95.661 Y101.496 E.02571
G1 X96.057 Y100.862 E.02324
G1 X96.48 Y100.249 E.02318
G1 X96.859 Y99.749 E.01952
G1 X97.406 Y99.081 E.02684
G1 X97.875 Y98.565 E.0217
G1 X98.433 Y98.001 E.02467
G1 X98.981 Y97.497 E.02319
G1 X99.552 Y97.017 E.02319
G1 X100.156 Y96.554 E.02369
G1 X101.044 Y95.95 E.03341
G1 X101.506 Y95.669 E.01683
G1 X102.36 Y95.193 E.03042
G1 X103.031 Y94.867 E.02319
G1 X103.715 Y94.57 E.0232
G1 X104.67 Y94.219 E.03167
G1 X105.477 Y93.966 E.0263
G1 X106.199 Y93.78 E.0232
G1 X106.929 Y93.627 E.0232
G1 X107.674 Y93.513 E.02345
G1 X108.623 Y93.401 E.02973
G1 X109.521 Y93.349 E.02799
G1 X110.489 Y93.353 E.03011
G1 X111.094 Y93.382 E.01882
G1 X112.09 Y93.474 E.03112
G1 X112.657 Y93.558 E.01783
G1 X113.594 Y93.733 E.02966
G1 X114.318 Y93.91 E.0232
G1 X115.034 Y94.119 E.0232
G1 X115.74 Y94.36 E.02319
G1 X116.434 Y94.632 E.0232
G1 X116.494 Y94.658 E.00204
G1 X116.363 Y95.051 F9000
M204 P1000
;TYPE:Outer wall
;WIDTH:0.419999
G1 F5400
G1 X116.947 Y95.311 E.01844
G1 X117.824 Y95.761 E.02837
G1 X118.284 Y96.025 E.01529
G1 X119.104 Y96.54 E.0279
G1 X119.851 Y97.08 E.02654
G1 X120.583 Y97.665 E.02699
G1 X120.988 Y98.027 E.01566
G1 X121.657 Y98.672 E.02675
G1 X122.301 Y99.379 E.02756
G1 X122.849 Y100.041 E.02476
G1 X123.222 Y100.545 E.01807
G1 X123.69 Y101.231 E.02392
G1 X124.235 Y102.146 E.03068
G1 X124.483 Y102.618 E.01536
G1 X124.733 Y103.13 E.0164
G1 X125.117 Y104.017 E.02786
G1 X125.389 Y104.749 E.0225
G1 X125.63 Y105.514 E.02309
G1 X125.816 Y106.217 E.02094
G1 X125.969 Y106.927 E.02093
G1 X126.092 Y107.648 E.02107
G1 X126.212 Y108.724 E.03119
G1 X126.247 Y109.343 E.01787
G1 X126.262 Y110.177 E.02404
G1 X126.238 Y110.903 E.02093
G1 X126.188 Y111.552 E.01875
G1 X126.092 Y112.348 E.02309
G1 X125.971 Y113.065 E.02094
G1 X125.858 Y113.588 E.01542
G1 X125.528 Y114.826 E.03692
G1 X125.295 Y115.519 E.02105
G1 X124.893 Y116.524 E.03119
G1 X124.249 Y117.829 E.04191
G1 X123.885 Y118.457 E.02093
G1 X123.492 Y119.069 E.02093
G1 X123.073 Y119.663 E.02094
G1 X122.523 Y120.356 E.0255
G1 X121.912 Y121.059 E.02683
G1 X121.405 Y121.58 E.02094
G1 X120.876 Y122.078 E.02094
G1 X120.324 Y122.551 E.02094
G1 X119.748 Y123.003 E.02108
G1 X118.862 Y123.621 E.03114
G1 X118.239 Y124.005 E.02107
G1 X117.604 Y124.359 E.02094
G1 X116.954 Y124.685 E.02094
G1 X116.29 Y124.98 E.02094
G1 X115.613 Y125.246 E.02095
G1 X114.579 Y125.587 E.03135
G1 X113.875 Y125.777 E.02101
G1 X113.165 Y125.934 E.02095
G1 X112.166 Y126.099 E.02917
G1 X111.366 Y126.187 E.02317
G1 X110.64 Y126.232 E.02097
G1 X109.913 Y126.244 E.02095
G1 X109.181 Y126.224 E.02109
G1 X108.101 Y126.133 E.03122
G1 X107.379 Y126.032 E.02101
G1 X106.664 Y125.899 E.02095
G1 X105.956 Y125.734 E.02095
G1 X105.256 Y125.538 E.02095
G1 X104.565 Y125.311 E.02094
G1 X103.956 Y125.08 E.01877
G1 X103.452 Y124.865 E.01577
G1 X102.599 Y124.464 E.02714
G1 X101.784 Y124.013 E.02686
G1 X101.34 Y123.745 E.01492
G1 X100.522 Y123.197 E.02836
G1 X99.541 Y122.439 E.03572
G1 X98.995 Y121.961 E.02091
G1 X98.471 Y121.457 E.02094
G1 X97.728 Y120.659 E.03139
G1 X97.263 Y120.101 E.02093
G1 X96.824 Y119.522 E.02093
G1 X96.411 Y118.924 E.02093
G1 X96.025 Y118.308 E.02094
G1 X95.535 Y117.423 E.02915
G1 X95.185 Y116.699 E.02316
G1 X94.814 Y115.807 E.02784
G1 X94.529 Y115.006 E.02447
G1 X94.348 Y114.404 E.01811
G1 X94.143 Y113.605 E.02376
G1 X94 Y112.908 E.0205
G1 X93.884 Y112.176 E.02136
G1 X93.803 Y111.454 E.02093
G1 X93.747 Y110.473 E.0283
G1 X93.741 Y109.64 E.02401
G1 X93.794 Y108.668 E.02803
G1 X93.855 Y108.087 E.01684
G1 X93.994 Y107.127 E.02792
G1 X94.104 Y106.586 E.01593
G1 X94.33 Y105.677 E.02696
G1 X94.597 Y104.798 E.02648
G1 X94.897 Y103.975 E.02522
G1 X95.152 Y103.377 E.01874
G1 X95.628 Y102.399 E.03134
G1 X96.021 Y101.698 E.02315
G1 X96.407 Y101.081 E.02095
G1 X96.82 Y100.483 E.02093
G1 X97.188 Y99.998 E.01754
G1 X97.723 Y99.345 E.02432
G1 X98.18 Y98.843 E.01956
G1 X98.725 Y98.292 E.02231
G1 X99.26 Y97.801 E.02094
G1 X99.817 Y97.333 E.02094
G1 X100.398 Y96.888 E.02108
G1 X101.276 Y96.291 E.03059
G1 X101.719 Y96.022 E.01492
G1 X102.557 Y95.556 E.02764
G1 X103.211 Y95.238 E.02094
G1 X103.879 Y94.949 E.02095
G1 X104.812 Y94.606 E.02866
G1 X105.597 Y94.361 E.02369
G1 X106.302 Y94.18 E.02095
G1 X107.014 Y94.031 E.02095
G1 X107.736 Y93.921 E.02105
G1 X108.662 Y93.812 E.02687
G1 X109.542 Y93.761 E.02539
G1 X110.487 Y93.766 E.02722
G1 X111.068 Y93.793 E.01676
G1 X112.046 Y93.884 E.02829
G1 X112.595 Y93.966 E.01598
G1 X113.514 Y94.138 E.02694
G1 X114.22 Y94.311 E.02095
G1 X114.918 Y94.515 E.02095
G1 X115.606 Y94.75 E.02095
G1 X116.283 Y95.016 E.02095
G1 X116.326 Y95.035 E.00136
G1 E-.7 F2400
;WIPE_START
G1 F5400
G1 X116.947 Y95.311 E-.20403
G1 X117.232 Y95.457 E-.09597
;WIPE_END
G1 Z7.02 F9000
G1 X131.774 Y114.216
G1 Z7.02
G1 Z6.62
G1 E1 F2700
M204 P500
;TYPE:Internal Bridge
;WIDTH:0.389872
;HEIGHT:0.389872
G1 F9000
G1 X131.774 Y106.936 E.31796
G1 X131.661 Y106.213 E.03199
G1 X131.411 Y104.994 E.05433
G1 X131.334 Y104.691 E.01364
G1 X131.334 Y115.311 E.46382
G1 X130.894 Y116.844 E.06968
G1 X130.894 Y103.164 E.59753
G1 X130.454 Y101.941 E.05673
G1 X130.454 Y118.041 E.70317
G1 X130.184 Y118.717 E.03181
G1 X130.014 Y119.09 E.01788
G1 X130.014 Y100.912 E.79395
G1 X129.574 Y99.991 E.04458
G1 X129.574 Y119.989 E.87345
G1 X129.134 Y120.811 E.04072
G1 X129.134 Y99.18 E.94475
G1 X128.694 Y98.446 E.03739
G1 X128.694 Y121.561 E1.00959
G1 X128.255 Y122.244 E.03547
G1 X128.255 Y97.768 E1.069
G1 X127.815 Y97.125 E.03405
G1 X127.815 Y122.861 E1.12409
G1 X127.375 Y123.459 E.0324
G1 X127.375 Y96.54 E1.17572
G1 X126.935 Y96.001 E.03037
G1 X126.935 Y124.008 E1.22325
G1 X126.495 Y124.512 E.0292
G1 X126.495 Y114.23 E.44907
G1 X126.271 Y115.047 E.03699
G1 X126.055 Y115.686 E.02946
G1 X126.055 Y125.003 E.40694
G1 X125.615 Y125.453 E.02748
G1 X125.615 Y116.804 E.37777
G1 X125.175 Y117.727 E.04466
G1 X125.175 Y125.892 E.35665
G1 X124.736 Y126.302 E.02625
G1 X124.736 Y118.533 E.3393
G1 X124.296 Y119.25 E.03672
G1 X124.296 Y126.678 E.32445
G1 X123.856 Y127.051 E.02518
G1 X123.856 Y119.895 E.31254
G1 X123.416 Y120.475 E.03181
G1 X123.416 Y127.398 E.30237
G1 X122.976 Y127.728 E.02402
G1 X122.976 Y121.028 E.29263
G1 X122.536 Y121.521 E.02887
G1 X122.536 Y128.035 E.28449
G1 X122.096 Y128.341 E.02342
G1 X122.096 Y121.98 E.27786
G1 X121.657 Y122.406 E.02674
G1 X121.657 Y128.614 E.27118
G1 X121.217 Y128.886 E.02257
G1 X121.217 Y122.805 E.26558
G1 X120.777 Y123.18 E.02523
G1 X120.777 Y129.142 E.26041
G1 X120.337 Y129.386 E.02196
G1 X120.337 Y123.524 E.25601
G1 X119.897 Y123.843 E.02372
G1 X119.897 Y129.605 E.25166
G1 X119.457 Y129.822 E.02143
G1 X119.457 Y124.149 E.24777
G1 X119.017 Y124.434 E.02289
G1 X119.017 Y130.027 E.2443
G1 X118.577 Y130.215 E.02088
G1 X118.577 Y124.703 E.24076
G1 X118.138 Y124.948 E.022
G1 X118.138 Y130.402 E.23822
G1 X118.057 Y130.437 E.00382
G1 X117.698 Y130.566 E.01669
G1 X117.698 Y125.178 E.23537
G1 X117.258 Y125.397 E.02147
G1 X117.258 Y130.725 E.23273
G1 X116.818 Y130.88 E.02036
G1 X116.818 Y125.593 E.23091
G1 X116.378 Y125.777 E.02084
G1 X116.378 Y131.011 E.22859
G1 X115.938 Y131.142 E.02005
G1 X115.938 Y125.95 E.22679
G1 X115.498 Y126.099 E.02029
G1 X115.498 Y131.264 E.22556
G1 X115.058 Y131.373 E.0198
G1 X115.058 Y126.244 E.22401
G1 X114.619 Y126.378 E.02009
G1 X114.619 Y131.468 E.22229
G1 X114.179 Y131.555 E.01959
G1 X114.179 Y126.497 E.22095
G1 X113.739 Y126.6 E.01973
G1 X113.739 Y131.643 E.22028
G1 X113.299 Y131.708 E.01942
G1 X113.299 Y126.696 E.21889
G1 X112.859 Y126.769 E.01947
G1 X112.859 Y131.77 E.21843
G1 X112.419 Y131.83 E.01939
G1 X112.419 Y126.842 E.21787
G1 X111.979 Y126.898 E.01937
G1 X111.979 Y131.871 E.2172
G1 X111.539 Y131.908 E.01928
G1 X111.539 Y126.947 E.21667
G1 X111.1 Y126.979 E.01926
G1 X111.1 Y131.929 E.21618
G1 X110.66 Y131.95 E.01923
G1 X110.66 Y127.006 E.21593
G1 X110.22 Y127.013 E.01921
G1 X110.22 Y131.959 E.21602
G1 X109.78 Y131.96 E.01921
G1 X109.78 Y127.015 E.21599
G1 X109.34 Y127.002 E.01922
G1 X109.34 Y131.951 E.21616
G1 X108.9 Y131.935 E.01923
G1 X108.9 Y126.977 E.21652
G1 X108.46 Y126.941 E.01928
G1 X108.46 Y131.904 E.21678
G1 X108.021 Y131.867 E.01928
G1 X108.021 Y126.903 E.21679
G1 X107.581 Y126.842 E.0194
G1 X107.581 Y131.829 E.21784
G1 X107.141 Y131.77 E.01939
G1 X107.141 Y126.775 E.21817
G1 X106.701 Y126.693 E.01954
G1 X106.701 Y131.708 E.21902
G1 X106.261 Y131.643 E.01942
G1 X106.261 Y126.6 E.22026
G1 X105.821 Y126.498 E.01972
G1 X105.821 Y131.555 E.2209
G1 X105.381 Y131.468 E.01959
G1 X105.381 Y126.377 E.22234
G1 X104.941 Y126.249 E.02001
G1 X104.941 Y131.373 E.22378
G1 X104.502 Y131.264 E.0198
G1 X104.502 Y126.104 E.22535
G1 X104.062 Y125.948 E.02039
G1 X104.062 Y131.142 E.22688
G1 X103.622 Y131.011 E.02005
G1 X103.622 Y125.779 E.2285
G1 X103.182 Y125.591 E.0209
G1 X103.182 Y130.88 E.23099
G1 X103.102 Y130.856 E.00364
G1 X102.742 Y130.729 E.01666
G1 X102.742 Y125.394 E.23303
G1 X102.302 Y125.18 E.02137
G1 X102.302 Y130.574 E.23558
G1 X101.862 Y130.396 E.02072
G1 X101.862 Y124.942 E.23818
G1 X101.422 Y124.697 E.022
G1 X101.422 Y130.218 E.24113
G1 X100.983 Y130.027 E.02095
G1 X100.983 Y124.435 E.24424
G1 X100.543 Y124.155 E.02277
G1 X100.543 Y129.82 E.2474
G1 X100.103 Y129.612 E.02124
G1 X100.103 Y123.848 E.25175
G1 X99.663 Y123.518 E.02402
G1 X99.663 Y129.377 E.25588
G1 X99.223 Y129.138 E.02185
G1 X99.223 Y123.174 E.26052
G1 X98.783 Y122.804 E.02511
G1 X98.783 Y128.888 E.26577
G1 X98.343 Y128.623 E.02245
G1 X98.343 Y122.408 E.27145
G1 X97.903 Y121.983 E.0267
G1 X97.903 Y128.333 E.27732
G1 X97.464 Y128.038 E.02313
G1 X97.464 Y121.511 E.28507
G1 X97.024 Y121.022 E.02871
G1 X97.024 Y127.728 E.29288
G1 X96.584 Y127.403 E.0239
G1 X96.584 Y120.486 E.30211
G1 X96.144 Y119.899 E.03201
G1 X96.144 Y127.044 E.31205
G1 X95.704 Y126.685 E.02479
G1 X95.704 Y119.254 E.32459
G1 X95.264 Y118.532 E.03693
G1 X95.264 Y126.292 E.33897
G1 X94.824 Y125.891 E.026
G1 X94.824 Y117.73 E.35645
G1 X94.385 Y116.79 E.04534
G1 X94.385 Y125.458 E.3786
G1 X93.945 Y124.999 E.02775
G1 X93.945 Y115.675 E.40725
G1 X93.791 Y115.241 E.0201
G1 X93.505 Y114.242 E.0454
G1 X93.505 Y124.809 E.46153
G1 E-.73333 F2400
;WIPE_START
G1 F9000
G1 X93.505 Y123.809 E-.26667
;WIPE_END
G17
G3 Z7.02 I.562 J1.079 P1
G1 X126.495 Y106.633 Z7.02
G1 Z6.62
G1 E1 F2700
G1 F9000
G1 X126.495 Y95.479 E.48716
G1 X126.055 Y95.003 E.0283
G1 X126.055 Y104.316 E.40679
G1 X125.895 Y103.874 E.02055
G1 X125.615 Y103.197 E.032
G1 X125.615 Y94.54 E.3781
G1 X125.176 Y94.115 E.02672
G1 X125.176 Y102.272 E.35626
G1 X124.929 Y101.8 E.02325
G1 X124.736 Y101.474 E.01654
G1 X124.736 Y93.699 E.3396
G1 X124.296 Y93.312 E.02559
G1 X124.296 Y100.745 E.32466
G1 X123.856 Y100.1 E.03408
G1 X123.856 Y92.954 E.31212
G1 X123.416 Y92.602 E.0246
G1 X123.416 Y99.513 E.30181
G1 X122.976 Y98.972 E.03043
G1 X122.976 Y92.275 E.2925
G1 X122.536 Y91.962 E.02358
G1 X122.536 Y98.488 E.28499
G1 X122.096 Y98.019 E.02806
G1 X122.096 Y91.662 E.27767
G1 X121.657 Y91.385 E.02271
G1 X121.657 Y97.588 E.27094
G1 X121.217 Y97.193 E.02584
G1 X121.217 Y91.108 E.26577
G1 X120.777 Y90.857 E.0221
G1 X120.777 Y96.825 E.26064
G1 X120.337 Y96.477 E.0245
G1 X120.337 Y90.616 E.25597
G1 X119.897 Y90.389 E.02161
G1 X119.897 Y96.156 E.25186
G1 X119.457 Y95.847 E.02348
G1 X119.457 Y90.176 E.24767
G1 X119.017 Y89.975 E.02114
G1 X119.017 Y95.561 E.244
G1 X118.577 Y95.299 E.02236
G1 X118.577 Y89.776 E.24126
G1 X118.138 Y89.598 E.02072
G1 X118.138 Y95.053 E.23826
G1 X117.698 Y94.826 E.02161
G1 X117.698 Y89.429 E.23574
G1 X117.258 Y89.275 E.02036
G1 X117.258 Y94.603 E.23273
G1 X116.818 Y94.407 E.02104
G1 X116.818 Y89.121 E.23089
G1 X116.378 Y88.983 E.02013
G1 X116.378 Y94.221 E.22878
G1 X115.938 Y94.049 E.02064
G1 X115.938 Y88.853 E.22693
G1 X115.498 Y88.74 E.01984
G1 X115.498 Y93.896 E.22519
G1 X115.058 Y93.75 E.02024
G1 X115.058 Y88.631 E.22358
G1 X114.619 Y88.527 E.01974
G1 X114.619 Y93.621 E.2225
G1 X114.179 Y93.504 E.01989
G1 X114.179 Y88.444 E.22101
G1 X113.739 Y88.36 E.01955
G1 X113.739 Y93.396 E.21996
G1 X113.299 Y93.307 E.01961
G1 X113.299 Y88.286 E.21929
G1 X112.859 Y88.224 E.0194
G1 X112.859 Y93.223 E.21834
G1 X112.419 Y93.156 E.01943
G1 X112.419 Y88.174 E.21761
G1 X111.979 Y88.133 E.0193
G1 X111.979 Y93.099 E.21692
G1 X111.54 Y93.052 E.01932
G1 X111.54 Y88.091 E.21669
G1 X111.439 Y88.082 E.00441
G1 X111.1 Y88.067 E.01484
G1 X111.1 Y93.02 E.21633
G1 X110.66 Y92.993 E.01925
G1 X110.66 Y88.047 E.21604
G1 X110.62 Y88.045 E.00175
G1 X110.22 Y88.045 E.01746
G1 X110.22 Y92.991 E.21603
G1 X109.78 Y92.988 E.01921
G1 X109.78 Y88.044 E.21595
G1 X109.382 Y88.044 E.0174
G1 X109.34 Y88.046 E.00181
G1 X109.34 Y92.996 E.2162
G1 X108.9 Y93.018 E.01924
G1 X108.9 Y88.071 E.21608
G1 X108.46 Y88.095 E.01924
G1 X108.46 Y93.054 E.21658
G1 X108.021 Y93.096 E.0193
G1 X108.021 Y88.127 E.21701
G1 X107.581 Y88.177 E.01933
G1 X107.581 Y93.162 E.21771
G1 X107.141 Y93.228 E.01943
G1 X107.141 Y88.227 E.21845
G1 X106.912 Y88.252 E.01005
G1 X106.701 Y88.286 E.00935
G1 X106.701 Y93.306 E.21926
G1 X106.261 Y93.398 E.01963
G1 X106.261 Y88.357 E.22018
G1 X105.821 Y88.439 E.01954
G1 X105.821 Y93.504 E.22122
G1 X105.381 Y93.618 E.01985
G1 X105.381 Y88.528 E.22233
G1 X105.236 Y88.557 E.00648
G1 X104.941 Y88.63 E.01325
G1 X104.941 Y93.753 E.22372
G1 X104.502 Y93.896 E.0202
G1 X104.502 Y88.74 E.22517
G1 X104.062 Y88.852 E.01982
G1 X104.062 Y94.057 E.22736
G1 X103.622 Y94.219 E.02047
G1 X103.622 Y88.988 E.22849
G1 X103.182 Y89.124 E.02011
G1 X103.182 Y94.407 E.23074
G1 X102.742 Y94.606 E.02108
G1 X102.742 Y89.268 E.23311
G1 X102.302 Y89.427 E.02043
G1 X102.302 Y94.819 E.23551
G1 X101.862 Y95.052 E.02174
G1 X101.862 Y89.601 E.23809
G1 X101.422 Y89.784 E.0208
G1 X101.422 Y95.297 E.24082
G1 X100.983 Y95.563 E.02244
G1 X100.983 Y89.967 E.24442
G1 X100.543 Y90.179 E.02133
G1 X100.543 Y95.853 E.24782
G1 X100.103 Y96.153 E.02324
G1 X100.103 Y90.392 E.25163
G1 X99.663 Y90.619 E.02163
G1 X99.663 Y96.476 E.25582
G1 X99.223 Y96.821 E.02441
G1 X99.223 Y90.863 E.26023
G1 X98.783 Y91.107 E.02198
G1 X98.783 Y97.191 E.2657
G1 X98.343 Y97.592 E.02602
G1 X98.343 Y91.379 E.27139
G1 X97.904 Y91.663 E.02288
G1 X97.903 Y98.021 E.27769
G1 X97.464 Y98.48 E.02778
G1 X97.464 Y91.964 E.28462
G1 X97.024 Y92.268 E.02336
G1 X97.024 Y98.976 E.29298
G1 X96.584 Y99.514 E.03035
G1 X96.584 Y92.6 E.30197
G1 X96.144 Y92.948 E.02451
G1 X96.144 Y100.1 E.31236
G1 X95.704 Y100.745 E.0341
G1 X95.704 Y93.313 E.32459
G1 X95.264 Y93.708 E.0258
G1 X95.264 Y101.465 E.33882
G1 X94.824 Y102.279 E.0404
G1 X94.824 Y94.106 E.35698
G1 X94.385 Y94.547 E.02722
G1 X94.385 Y103.204 E.37809
G1 X94.173 Y103.701 E.0236
G1 X93.945 Y104.311 E.02845
G1 X93.945 Y94.992 E.407
G1 X93.505 Y95.479 E.02866
G1 X93.505 Y106.639 E.48744
G1 X93.065 Y95.69
G1 X93.065 Y123.999 E1.23645
G1 X92.625 Y123.455 E.03054
G1 X92.625 Y96.538 E1.17566
G1 X92.185 Y97.137 E.03245
G1 X92.185 Y122.862 E1.12359
G1 X91.745 Y122.241 E.03325
G1 X91.745 Y97.76 E1.06922
G1 X91.305 Y98.444 E.03551
G1 X91.305 Y121.563 E1.00974
G1 X90.866 Y120.817 E.03781
G1 X90.866 Y99.18 E.94503
G1 X90.426 Y100.008 E.04093
G1 X90.426 Y119.998 E.87311
G1 X89.986 Y119.099 E.04373
G1 X89.986 Y100.907 E.79454
G1 X89.546 Y101.942 E.0491
G1 X89.546 Y118.056 E.70381
G1 X89.106 Y116.842 E.0564
G1 X89.106 Y103.164 E.59738
G1 X88.791 Y104.199 E.04723
G1 X88.666 Y104.71 E.02298
G1 X88.666 Y115.289 E.46208
G1 X88.541 Y114.796 E.02222
G1 X88.378 Y113.998 E.03558
G1 X88.226 Y113.029 E.04283
G1 X88.226 Y105.757 E.31763
; stop printing object Генератор.stl id:18446744073679698525 copy 0
;LAYER_CHANGE
;Z:6.83
;HEIGHT:0.21
;BEFORE_LAYER_CHANGE
;6.83
G92 E0

G1 E-.73333 F2400
;WIPE_START
G1 F9000
G1 X88.226 Y106.757 E-.26667
;WIPE_END
;_SET_FAN_SPEED_CHANGING_LAYER
; printing object Генератор.stl id:18446744073679698525 copy 0
G17
G3 Z7.23 I.015 J1.217 P1
G1 X132.025 Y106.206 Z7.23
G1 Z6.83
G1 E1 F2700
M204 P2000
;TYPE:Inner wall
;WIDTH:0.449999
G1 F7200
M106 S255
G1 X132.027 Y106.214 E.00027
G1 X132.189 Y107.378 E.03656
G1 X132.29 Y108.378 E.03127
G1 X132.333 Y109.121 E.02315
G1 X132.349 Y110.313 E.03709
G1 X132.296 Y111.571 E.03917
G1 X132.222 Y112.4 E.02587
G1 X132.051 Y113.647 E.03917
G1 X131.81 Y114.883 E.03917
G1 X131.613 Y115.691 E.02588
G1 X131.257 Y116.901 E.03926
G1 X130.985 Y117.687 E.02588
G1 X130.516 Y118.859 E.03926
G1 X130.172 Y119.616 E.02588
G1 X129.597 Y120.737 E.03918
G1 X128.96 Y121.823 E.03918
G1 X128.506 Y122.52 E.02588
G1 X127.77 Y123.542 E.03919
G1 X127.003 Y124.491 E.03797
G1 X126.424 Y125.143 E.02711
G1 X125.544 Y126.043 E.03918
G1 X124.616 Y126.891 E.0391
G1 X123.642 Y127.686 E.03911
G1 X122.622 Y128.426 E.0392
G1 X121.924 Y128.884 E.02598
G1 X121.209 Y129.316 E.02599
G1 X120.101 Y129.916 E.0392
G1 X118.961 Y130.453 E.03921
G1 X118.192 Y130.772 E.0259
G1 X117.007 Y131.201 E.03921
G1 X115.799 Y131.561 E.03921
G1 X114.991 Y131.762 E.0259
G1 X113.755 Y132.009 E.03921
G1 X112.507 Y132.185 E.03922
G1 X111.678 Y132.263 E.0259
G1 X110.416 Y132.322 E.03931
G1 X109.581 Y132.322 E.02599
G1 X108.746 Y132.291 E.02599
G1 X107.49 Y132.185 E.03921
G1 X106.245 Y132.009 E.03912
G1 X105.009 Y131.762 E.03922
G1 X104.201 Y131.561 E.0259
G1 X102.99 Y131.2 E.0393
G1 X102.205 Y130.924 E.0259
G1 X101.037 Y130.452 E.0392
G1 X99.896 Y129.915 E.03921
G1 X99.158 Y129.524 E.02599
G1 X98.435 Y129.105 E.02599
G1 X97.373 Y128.422 E.03929
G1 X96.695 Y127.94 E.0259
G1 X95.704 Y127.162 E.0392
G1 X94.76 Y126.332 E.0391
G1 X93.865 Y125.45 E.03911
G1 X93.044 Y124.546 E.03797
G1 X92.489 Y123.875 E.02711
G1 X91.734 Y122.867 E.03918
G1 X91.058 Y121.851 E.03796
G1 X90.609 Y121.104 E.0271
G1 X90.012 Y119.993 E.03926
G1 X89.654 Y119.242 E.02588
G1 X89.164 Y118.082 E.03918
G1 X88.741 Y116.896 E.03917
G1 X88.499 Y116.1 E.02587
G1 X88.188 Y114.877 E.03926
G1 X88.022 Y114.062 E.02587
G1 X87.827 Y112.819 E.03917
G1 X87.704 Y111.568 E.03908
G1 X87.651 Y110.35 E.03795
G1 X87.654 Y109.479 E.0271
G1 X87.717 Y108.258 E.03803
G1 X87.802 Y107.391 E.0271
G1 X87.978 Y106.181 E.03803
G1 X88.144 Y105.326 E.0271
G1 X88.442 Y104.103 E.03916
G1 X88.808 Y102.901 E.03909
G1 X89.228 Y101.756 E.03796
G1 X89.567 Y100.95 E.02719
G1 X89.919 Y100.194 E.02596
G1 X90.505 Y99.079 E.03918
G1 X91.152 Y97.999 E.03918
G1 X91.612 Y97.306 E.02588
G1 X92.358 Y96.291 E.03918
G1 X93.158 Y95.322 E.03909
G1 X94.013 Y94.397 E.03919
G1 X94.606 Y93.812 E.0259
G1 X95.516 Y92.995 E.03806
G1 X96.193 Y92.442 E.02721
G1 X96.859 Y91.939 E.02597
G1 X97.9 Y91.228 E.0392
G1 X98.976 Y90.578 E.03912
G1 X100.054 Y90.005 E.03798
G1 X100.843 Y89.633 E.02712
G1 X102.009 Y89.149 E.03929
G1 X102.792 Y88.866 E.0259
G1 X103.996 Y88.494 E.03922
G1 X105.181 Y88.198 E.03799
G1 X106.039 Y88.026 E.02722
G1 X106.863 Y87.894 E.02598
G1 X108.116 Y87.753 E.03921
G1 X109.371 Y87.682 E.03913
G1 X110.593 Y87.681 E.03799
G1 X111.464 Y87.721 E.02713
G1 X112.718 Y87.839 E.0392
G1 X113.964 Y88.027 E.03921
G1 X114.781 Y88.19 E.02591
G1 X116.007 Y88.494 E.0393
G1 X116.805 Y88.733 E.0259
G1 X117.997 Y89.151 E.0393
G1 X118.769 Y89.463 E.0259
G1 X119.881 Y89.973 E.03808
G1 X120.658 Y90.375 E.02721
G1 X121.385 Y90.786 E.02598
G1 X122.451 Y91.458 E.0392
G1 X123.475 Y92.186 E.03911
G1 X124.459 Y92.973 E.0392
G1 X125.084 Y93.523 E.02589
G1 X125.989 Y94.399 E.03919
G1 X126.842 Y95.322 E.03911
G1 X127.62 Y96.263 E.03797
G1 X128.143 Y96.959 E.02711
G1 X128.85 Y98.001 E.03917
G1 X129.497 Y99.082 E.03918
G1 X129.892 Y99.817 E.02597
G1 X130.259 Y100.567 E.02597
G1 X130.759 Y101.722 E.03918
G1 X131.192 Y102.902 E.03908
G1 X131.559 Y104.106 E.03917
G1 X131.764 Y104.912 E.02588
G1 X132.017 Y106.166 E.03981
G1 X132.429 Y106.124 F9000
M204 P1000
;TYPE:Outer wall
;WIDTH:0.419999
G1 F5400
G1 X132.434 Y106.151 E.00078
G1 X132.599 Y107.334 E.03441
G1 X132.702 Y108.353 E.02952
G1 X132.745 Y109.115 E.022
G1 X132.762 Y110.319 E.03468
G1 X132.708 Y111.599 E.03688
G1 X132.632 Y112.446 E.02451
G1 X132.458 Y113.714 E.03688
G1 X132.213 Y114.971 E.03688
G1 X132.012 Y115.798 E.02452
G1 X131.65 Y117.027 E.03691
G1 X131.371 Y117.831 E.02452
G1 X130.896 Y119.021 E.03691
G1 X130.543 Y119.796 E.02452
G1 X129.959 Y120.935 E.03689
G1 X129.311 Y122.04 E.03689
G1 X128.846 Y122.753 E.02452
G1 X128.098 Y123.793 E.0369
G1 X127.317 Y124.758 E.03576
G1 X126.726 Y125.424 E.02566
G1 X125.83 Y126.34 E.0369
G1 X124.885 Y127.204 E.03687
G1 X123.893 Y128.013 E.03688
G1 X122.856 Y128.765 E.03691
G1 X122.144 Y129.233 E.02456
G1 X121.414 Y129.674 E.02456
G1 X120.287 Y130.284 E.03691
G1 X119.128 Y130.83 E.03691
G1 X118.341 Y131.157 E.02454
G1 X117.136 Y131.592 E.03692
G1 X115.908 Y131.959 E.03692
G1 X115.081 Y132.165 E.02454
G1 X113.825 Y132.415 E.03692
G1 X112.555 Y132.595 E.03692
G1 X111.707 Y132.675 E.02454
G1 X110.426 Y132.735 E.03695
G1 X109.573 Y132.735 E.02457
G1 X108.721 Y132.703 E.02457
G1 X107.444 Y132.595 E.03692
G1 X106.176 Y132.415 E.03689
G1 X104.919 Y132.165 E.03692
G1 X104.092 Y131.959 E.02454
G1 X102.863 Y131.592 E.03695
G1 X102.059 Y131.31 E.02454
G1 X100.871 Y130.83 E.03691
G1 X99.712 Y130.284 E.03692
G1 X98.958 Y129.885 E.02456
G1 X98.22 Y129.458 E.02456
G1 X97.142 Y128.764 E.03694
G1 X96.448 Y128.27 E.02453
G1 X95.44 Y127.479 E.0369
G1 X94.479 Y126.634 E.03687
G1 X93.567 Y125.736 E.03687
G1 X92.733 Y124.816 E.03576
G1 X92.165 Y124.13 E.02566
G1 X91.397 Y123.105 E.03689
G1 X90.709 Y122.072 E.03576
G1 X90.251 Y121.308 E.02566
G1 X89.644 Y120.179 E.03691
G1 X89.277 Y119.411 E.02452
G1 X88.78 Y118.231 E.03689
G1 X88.35 Y117.025 E.03689
G1 X88.102 Y116.211 E.02451
G1 X87.786 Y114.969 E.03691
G1 X87.616 Y114.136 E.02451
G1 X87.418 Y112.871 E.03688
G1 X87.292 Y111.597 E.03685
G1 X87.239 Y110.358 E.03575
G1 X87.242 Y109.467 E.02565
G1 X87.305 Y108.227 E.03577
G1 X87.392 Y107.341 E.02565
G1 X87.571 Y106.112 E.03577
G1 X87.741 Y105.238 E.02565
G1 X88.044 Y103.994 E.03688
G1 X88.417 Y102.77 E.03686
G1 X88.844 Y101.605 E.03575
G1 X89.189 Y100.783 E.02568
G1 X89.55 Y100.011 E.02454
G1 X90.145 Y98.877 E.03689
G1 X90.803 Y97.778 E.03689
G1 X91.274 Y97.07 E.02452
G1 X92.032 Y96.037 E.03689
G1 X92.847 Y95.05 E.03687
G1 X93.716 Y94.109 E.0369
G1 X94.323 Y93.512 E.02453
G1 X95.248 Y92.682 E.03579
G1 X95.938 Y92.117 E.0257
G1 X96.619 Y91.604 E.02455
G1 X97.676 Y90.881 E.03691
G1 X98.772 Y90.219 E.03688
G1 X99.869 Y89.637 E.03578
G1 X100.675 Y89.256 E.02568
G1 X101.86 Y88.764 E.03694
G1 X102.661 Y88.475 E.02454
G1 X103.885 Y88.096 E.03692
G1 X105.09 Y87.796 E.03578
G1 X105.965 Y87.62 E.02571
G1 X106.807 Y87.485 E.02456
G1 X108.081 Y87.341 E.03692
G1 X109.36 Y87.269 E.0369
G1 X110.602 Y87.269 E.03578
G1 X111.492 Y87.309 E.02568
G1 X112.768 Y87.429 E.03692
G1 X114.036 Y87.621 E.03692
G1 X114.871 Y87.787 E.02454
G1 X116.116 Y88.096 E.03694
G1 X116.932 Y88.34 E.02454
G1 X118.142 Y88.765 E.03694
G1 X118.932 Y89.084 E.02454
G1 X120.062 Y89.602 E.0358
G1 X120.854 Y90.012 E.0257
G1 X121.596 Y90.432 E.02456
G1 X122.68 Y91.115 E.03691
G1 X123.723 Y91.857 E.03688
G1 X124.724 Y92.657 E.03691
G1 X125.363 Y93.22 E.02453
G1 X126.284 Y94.11 E.0369
G1 X127.153 Y95.05 E.03687
G1 X127.944 Y96.007 E.03576
G1 X128.479 Y96.72 E.02566
G1 X129.198 Y97.779 E.03689
G1 X129.856 Y98.878 E.03689
G1 X130.259 Y99.629 E.02455
G1 X130.633 Y100.394 E.02455
G1 X131.142 Y101.569 E.03689
G1 X131.583 Y102.77 E.03686
G1 X131.956 Y103.995 E.03688
G1 X132.166 Y104.82 E.02452
G1 X132.421 Y106.085 E.03717
G1 E-.7 F2400
;WIPE_START
G1 F5400
G1 X132.434 Y106.151 E-.02016
G1 X132.563 Y107.075 E-.27984
;WIPE_END
G17
G3 Z7.23 I.743 J-.964 P1  F9000
G1 X116.398 Y94.618 Z7.23
G1 Z6.83
G1 E1 F2700
M204 P2000
;TYPE:Inner wall
;WIDTH:0.449999
G1 F7200
G1 X116.434 Y94.632 E.00118
G1 X117.115 Y94.935 E.0232
G1 X118.011 Y95.394 E.03132
G1 X118.493 Y95.669 E.01727
G1 X119.298 Y96.183 E.02971
G1 X120.065 Y96.723 E.0292
G1 X120.836 Y97.34 E.0307
G1 X121.263 Y97.721 E.01781
G1 X121.945 Y98.377 E.02945
G1 X122.454 Y98.922 E.02318
G1 X122.937 Y99.49 E.02319
G1 X123.571 Y100.324 E.03261
G1 X124.082 Y101.09 E.02863
G1 X124.574 Y101.907 E.02968
G1 X125.107 Y102.955 E.03657
G1 X125.499 Y103.86 E.03066
G1 X125.802 Y104.68 E.02723
G1 X126.024 Y105.391 E.02318
G1 X126.215 Y106.112 E.02318
G1 X126.372 Y106.84 E.02319
G1 X126.523 Y107.786 E.02979
G1 X126.623 Y108.684 E.02813
G1 X126.659 Y109.32 E.01981
G1 X126.674 Y110.173 E.02653
G1 X126.65 Y110.917 E.02318
G1 X126.591 Y111.676 E.02368
G1 X126.444 Y112.761 E.03405
G1 X126.303 Y113.499 E.02338
G1 X126.13 Y114.223 E.02318
G1 X125.925 Y114.94 E.02318
G1 X125.683 Y115.661 E.02368
G1 X125.276 Y116.677 E.03405
G1 X125.043 Y117.18 E.01723
G1 X124.615 Y118.02 E.02933
G1 X124.241 Y118.664 E.02318
G1 X123.839 Y119.292 E.02318
G1 X123.41 Y119.901 E.02319
G1 X122.719 Y120.771 E.03455
G1 X122.229 Y121.323 E.02296
G1 X121.701 Y121.868 E.02362
G1 X121.158 Y122.378 E.02319
G1 X120.634 Y122.829 E.0215
G1 X120.155 Y123.207 E.01898
G1 X119.4 Y123.758 E.02908
G1 X118.868 Y124.104 E.01973
G1 X117.811 Y124.716 E.03803
G1 X117.138 Y125.054 E.0234
G1 X116.129 Y125.487 E.03417
G1 X115.229 Y125.807 E.02973
G1 X114.708 Y125.979 E.01706
G1 X113.982 Y126.175 E.02341
G1 X112.894 Y126.404 E.03457
G1 X112.151 Y126.518 E.0234
G1 X111.409 Y126.597 E.0232
G1 X110.665 Y126.644 E.0232
G1 X109.92 Y126.657 E.0232
G1 X109.158 Y126.636 E.0237
G1 X108.067 Y126.545 E.03408
G1 X107.321 Y126.441 E.0234
G1 X106.588 Y126.305 E.0232
G1 X105.862 Y126.136 E.0232
G1 X105.144 Y125.935 E.0232
G1 X104.436 Y125.702 E.02319
G1 X103.789 Y125.458 E.0215
G1 X103.292 Y125.245 E.01683
G1 X102.404 Y124.828 E.03051
G1 X101.412 Y124.278 E.03531
G1 X100.776 Y123.876 E.0234
G1 X100.151 Y123.441 E.02369
G1 X99.289 Y122.766 E.03407
G1 X98.723 Y122.27 E.0234
G1 X98.185 Y121.754 E.02319
G1 X97.428 Y120.942 E.03456
G1 X96.946 Y120.364 E.02339
G1 X96.495 Y119.771 E.02318
G1 X96.072 Y119.158 E.02318
G1 X95.676 Y118.527 E.02319
G1 X95.139 Y117.555 E.03455
G1 X94.813 Y116.877 E.02339
G1 X94.434 Y115.966 E.0307
G1 X94.14 Y115.143 E.02719
G1 X93.953 Y114.522 E.02016
G1 X93.743 Y113.706 E.02623
G1 X93.596 Y112.991 E.02271
G1 X93.476 Y112.24 E.02364
G1 X93.393 Y111.5 E.02318
G1 X93.33 Y110.392 E.03454
G1 X93.329 Y109.64 E.02339
G1 X93.385 Y108.627 E.03155
G1 X93.443 Y108.051 E.01801
G1 X93.581 Y107.099 E.02993
G1 X93.7 Y106.501 E.01897
G1 X93.918 Y105.596 E.02897
G1 X94.131 Y104.882 E.02318
G1 X94.488 Y103.888 E.03285
G1 X94.776 Y103.207 E.02299
G1 X95.023 Y102.683 E.01801
G1 X95.476 Y101.816 E.03043
G1 X95.856 Y101.176 E.02318
G1 X96.274 Y100.54 E.02367
G1 X96.879 Y99.722 E.03166
G1 X97.405 Y99.083 E.02576
G1 X97.907 Y98.53 E.02323
G1 X98.433 Y98.001 E.02318
G1 X98.981 Y97.497 E.02319
G1 X99.552 Y97.017 E.02319
G1 X100.156 Y96.554 E.02369
G1 X101.03 Y95.959 E.0329
G1 X101.705 Y95.549 E.02457
G1 X102.36 Y95.193 E.02319
G1 X103.031 Y94.867 E.02319
G1 X103.715 Y94.57 E.0232
G1 X104.67 Y94.219 E.03167
G1 X105.477 Y93.966 E.0263
G1 X106.199 Y93.78 E.0232
G1 X106.929 Y93.627 E.0232
G1 X107.674 Y93.513 E.02345
G1 X108.623 Y93.401 E.02973
G1 X109.521 Y93.349 E.02799
G1 X110.513 Y93.353 E.03085
G1 X111.092 Y93.381 E.01805
G1 X112.074 Y93.472 E.03066
G1 X112.862 Y93.589 E.02481
G1 X113.594 Y93.733 E.0232
G1 X114.318 Y93.91 E.0232
G1 X115.034 Y94.119 E.0232
G1 X115.74 Y94.36 E.02319
G1 X116.361 Y94.603 E.02077
G1 X116.248 Y95.002 F9000
M204 P1000
;TYPE:Outer wall
;WIDTH:0.419999
G1 F5400
G1 X116.283 Y95.016 E.00109
G1 X116.947 Y95.311 E.02095
G1 X117.822 Y95.761 E.02833
G1 X118.284 Y96.025 E.01533
G1 X119.07 Y96.526 E.02685
G1 X119.818 Y97.054 E.02638
G1 X120.575 Y97.658 E.02789
G1 X120.988 Y98.027 E.01596
G1 X121.656 Y98.671 E.02674
G1 X122.152 Y99.203 E.02094
G1 X122.623 Y99.757 E.02094
G1 X123.243 Y100.574 E.02953
G1 X123.737 Y101.317 E.02572
G1 X124.217 Y102.114 E.02682
G1 X124.733 Y103.13 E.0328
G1 X125.117 Y104.017 E.02786
G1 X125.414 Y104.821 E.02468
G1 X125.631 Y105.514 E.02093
G1 X125.816 Y106.217 E.02093
G1 X125.969 Y106.927 E.02094
G1 X126.115 Y107.85 E.02692
G1 X126.213 Y108.726 E.02538
G1 X126.247 Y109.343 E.01781
G1 X126.262 Y110.177 E.02404
G1 X126.238 Y110.903 E.02093
G1 X126.181 Y111.633 E.02107
G1 X126.036 Y112.705 E.03119
G1 X125.898 Y113.421 E.02099
G1 X125.729 Y114.127 E.02093
G1 X125.529 Y114.826 E.02093
G1 X125.295 Y115.519 E.02107
G1 X124.893 Y116.524 E.03119
G1 X124.669 Y117.005 E.01529
G1 X124.249 Y117.829 E.02662
G1 X123.885 Y118.457 E.02093
G1 X123.492 Y119.069 E.02093
G1 X123.073 Y119.663 E.02094
G1 X122.396 Y120.514 E.03133
G1 X121.921 Y121.049 E.0206
G1 X121.405 Y121.58 E.02134
G1 X120.876 Y122.078 E.02094
G1 X120.366 Y122.517 E.01938
G1 X119.9 Y122.883 E.01706
G1 X119.161 Y123.422 E.02637
G1 X118.644 Y123.758 E.01774
G1 X117.606 Y124.358 E.03455
G1 X116.954 Y124.685 E.021
G1 X115.978 Y125.103 E.03058
G1 X115.1 Y125.416 E.02686
G1 X114.579 Y125.587 E.01579
G1 X113.875 Y125.777 E.02101
G1 X112.81 Y126 E.03135
G1 X112.089 Y126.11 E.02101
G1 X111.366 Y126.187 E.02095
G1 X110.64 Y126.232 E.02095
G1 X109.913 Y126.244 E.02095
G1 X109.181 Y126.224 E.02109
G1 X108.101 Y126.133 E.03122
G1 X107.379 Y126.032 E.02101
G1 X106.664 Y125.899 E.02095
G1 X105.956 Y125.734 E.02095
G1 X105.256 Y125.538 E.02095
G1 X104.565 Y125.311 E.02094
G1 X103.935 Y125.072 E.01939
G1 X103.455 Y124.866 E.01507
G1 X102.585 Y124.457 E.02769
G1 X101.61 Y123.916 E.0321
G1 X100.996 Y123.528 E.02093
G1 X100.396 Y123.109 E.02108
G1 X99.543 Y122.441 E.03121
G1 X98.995 Y121.961 E.021
G1 X98.471 Y121.457 E.02094
G1 X97.73 Y120.661 E.03133
G1 X97.263 Y120.101 E.021
G1 X96.824 Y119.522 E.02093
G1 X96.411 Y118.924 E.02093
G1 X96.025 Y118.308 E.02094
G1 X95.5 Y117.356 E.03133
G1 X95.184 Y116.699 E.021
G1 X94.815 Y115.808 E.02778
G1 X94.529 Y115.006 E.02452
G1 X94.348 Y114.404 E.01811
G1 X94.143 Y113.605 E.02376
G1 X94 Y112.908 E.0205
G1 X93.884 Y112.176 E.02136
G1 X93.803 Y111.454 E.02093
G1 X93.741 Y110.369 E.03132
G1 X93.741 Y109.64 E.02099
G1 X93.796 Y108.65 E.02855
G1 X93.853 Y108.097 E.01602
G1 X93.988 Y107.163 E.02718
G1 X94.104 Y106.583 E.01704
G1 X94.318 Y105.696 E.02629
G1 X94.527 Y105 E.02093
G1 X94.876 Y104.028 E.02977
G1 X95.156 Y103.368 E.02064
G1 X95.395 Y102.862 E.01612
G1 X95.839 Y102.011 E.02764
G1 X96.211 Y101.387 E.02093
G1 X96.613 Y100.776 E.02107
G1 X97.211 Y99.967 E.02898
G1 X97.723 Y99.345 E.0232
G1 X98.212 Y98.808 E.02095
G1 X98.725 Y98.292 E.02094
G1 X99.26 Y97.801 E.02094
G1 X99.817 Y97.333 E.02094
G1 X100.398 Y96.888 E.02108
G1 X101.262 Y96.3 E.03013
G1 X101.918 Y95.902 E.02208
G1 X102.557 Y95.556 E.02094
G1 X103.211 Y95.238 E.02094
G1 X103.879 Y94.949 E.02095
G1 X104.812 Y94.606 E.02866
G1 X105.597 Y94.361 E.02369
G1 X106.302 Y94.18 E.02095
G1 X107.014 Y94.031 E.02095
G1 X107.736 Y93.921 E.02105
G1 X108.662 Y93.812 E.02687
G1 X109.542 Y93.761 E.02539
G1 X110.511 Y93.766 E.0279
G1 X111.067 Y93.793 E.01605
G1 X112.03 Y93.882 E.02786
G1 X112.8 Y93.997 E.02244
G1 X113.514 Y94.138 E.02095
G1 X114.22 Y94.311 E.02095
G1 X114.918 Y94.515 E.02095
G1 X115.606 Y94.75 E.02094
G1 X116.211 Y94.987 E.01871
G1 E-.7 F2400
;WIPE_START
G1 F5400
G1 X116.283 Y95.016 E-.02332
G1 X116.947 Y95.311 E-.2182
G1 X117.121 Y95.4 E-.05848
;WIPE_END
G1 Z7.23 F9000
G1 X127.502 Y123.618
G1 Z7.23
G1 Z6.83
G1 E1 F2700
M204 P2500
;TYPE:Internal solid infill
;WIDTH:0.421252
G1 F10800
G1 X125.304 Y125.816 E.08983
G1 X124.401 Y126.642 E.03539
G1 X123.441 Y127.425 E.0358
G1 X122.432 Y128.156 E.03601
G1 X128.183 Y122.406 E.23506
G1 X128.68 Y121.65 E.02614
G1 X129.068 Y120.989 E.02215
G1 X121.004 Y129.052 E.32958
G1 X119.858 Y129.667 E.0376
G1 X129.69 Y119.835 E.40189
G1 X129.875 Y119.473 E.01175
G1 X130.173 Y118.82 E.02074
G1 X118.852 Y130.141 E.46274
G1 X117.951 Y130.51 E.02813
G1 X130.535 Y117.925 E.51437
G1 X130.846 Y117.083 E.02595
G1 X117.118 Y130.81 E.56111
G1 X116.34 Y131.056 E.02358
G1 X131.088 Y116.308 E.60282
G1 X131.307 Y115.558 E.0226
G1 X115.59 Y131.274 E.64241
G1 X114.885 Y131.448 E.021
G1 X131.479 Y114.854 E.67827
G1 X131.61 Y114.19 E.01954
G1 X114.22 Y131.58 E.7108
G1 X113.565 Y131.703 E.01925
G1 X131.734 Y113.534 E.74265
G1 X131.819 Y112.918 E.01798
G1 X112.946 Y131.791 E.77143
G1 X112.334 Y131.871 E.01784
G1 X131.9 Y112.304 E.79977
G1 X131.952 Y111.72 E.01695
G1 X123.91 Y119.763 E.32874
G1 X123.65 Y120.129 E.01297
G1 X122.971 Y120.984 E.03156
G1 X122.44 Y121.58 E.02306
G1 X121.934 Y122.101 E.021
G1 X121.373 Y122.627 E.02223
G1 X120.831 Y123.094 E.02067
G1 X120.184 Y123.603 E.02379
G1 X119.784 Y123.888 E.01422
G1 X111.746 Y131.926 E.32853
G1 X111.184 Y131.957 E.01629
G1 X118.358 Y124.783 E.29323
G1 X117.956 Y125.013 E.01339
G1 X117.239 Y125.37 E.02314
G1 X110.626 Y131.983 E.27031
G1 X110.083 Y131.993 E.01567
G1 X116.305 Y125.771 E.25431
G1 X115.86 Y125.946 E.01381
G1 X115.47 Y126.074 E.01188
G1 X109.553 Y131.992 E.24187
G1 X109.04 Y131.972 E.01483
G1 X114.686 Y126.327 E.23077
G1 X113.965 Y126.515 E.02154
G1 X108.537 Y131.943 E.22184
G1 X108.047 Y131.901 E.01423
G1 X113.291 Y126.657 E.21437
G1 X112.64 Y126.776 E.01913
G1 X107.556 Y131.86 E.20781
G1 X107.089 Y131.796 E.01364
G1 X112.021 Y126.863 E.20162
G1 X111.426 Y126.926 E.01731
G1 X106.623 Y131.73 E.19633
G1 X106.164 Y131.657 E.01344
G1 X110.859 Y126.962 E.19192
G1 X110.309 Y126.979 E.0159
G1 X105.72 Y131.568 E.18757
G1 X105.276 Y131.48 E.01307
G1 X109.774 Y126.982 E.18384
G1 X109.257 Y126.967 E.01495
G1 X104.843 Y131.382 E.18044
G1 X104.416 Y131.276 E.01269
G1 X108.759 Y126.933 E.17751
G1 X108.268 Y126.892 E.01424
G1 X104.002 Y131.158 E.1744
G1 X103.592 Y131.036 E.01236
G1 X107.79 Y126.838 E.17158
G1 X107.323 Y126.773 E.01363
G1 X103.183 Y130.914 E.16923
G1 X102.785 Y130.779 E.01213
G1 X106.872 Y126.692 E.16705
G1 X106.427 Y126.605 E.01311
G1 X102.391 Y130.641 E.16495
G1 X102.321 Y130.616 E.00215
G1 X102.01 Y130.49 E.0097
G1 X105.995 Y126.505 E.16291
G1 X105.572 Y126.397 E.01264
G1 X101.631 Y130.337 E.16107
G1 X101.252 Y130.184 E.01181
G1 X105.156 Y126.28 E.15957
G1 X104.752 Y126.153 E.01225
G1 X100.887 Y130.018 E.15798
G1 X100.525 Y129.847 E.01155
G1 X104.352 Y126.02 E.15641
G1 X103.964 Y125.876 E.01196
G1 X100.163 Y129.677 E.15535
G1 X99.811 Y129.497 E.01143
G1 X103.581 Y125.727 E.15409
G1 X103.209 Y125.567 E.01171
G1 X99.463 Y129.313 E.1531
G1 X99.122 Y129.122 E.0113
G1 X102.839 Y125.405 E.15194
G1 X102.481 Y125.231 E.0115
G1 X98.785 Y128.927 E.15108
G1 X98.454 Y128.726 E.01119
G1 X102.127 Y125.053 E.15014
G1 X101.786 Y124.862 E.0113
G1 X98.13 Y128.518 E.14941
G1 X97.807 Y128.31 E.01113
G1 X101.444 Y124.672 E.14869
G1 X101.108 Y124.476 E.01124
G1 X97.486 Y128.098 E.14806
G1 X97.175 Y127.877 E.01103
G1 X100.782 Y124.27 E.14744
G1 X100.462 Y124.059 E.0111
G1 X96.865 Y127.655 E.147
G1 X96.567 Y127.421 E.01095
G1 X100.148 Y123.84 E.14638
G1 X99.84 Y123.616 E.01101
G1 X96.269 Y127.187 E.14596
G1 X95.971 Y126.953 E.01095
G1 X99.542 Y123.382 E.14595
G1 X99.244 Y123.149 E.01095
G1 X95.685 Y126.707 E.14545
G1 X95.402 Y126.458 E.0109
G1 X98.952 Y122.908 E.1451
G1 X98.669 Y122.659 E.0109
G1 X95.119 Y126.209 E.14508
G1 X94.844 Y125.952 E.01088
G1 X98.389 Y122.407 E.14491
G1 X98.118 Y122.146 E.01087
G1 X94.576 Y125.688 E.14478
G1 X94.308 Y125.424 E.01087
G1 X97.852 Y121.88 E.14486
G1 X97.595 Y121.605 E.01088
G1 X94.043 Y125.157 E.14519
G1 X93.79 Y124.878 E.01089
G1 X97.339 Y121.329 E.14505
G1 X97.088 Y121.048 E.01089
G1 X93.537 Y124.599 E.14513
G1 X93.284 Y124.32 E.01089
G1 X96.846 Y120.758 E.14558
G1 X96.608 Y120.464 E.01093
G1 X93.043 Y124.029 E.1457
G1 X92.803 Y123.737 E.01092
G1 X96.378 Y120.162 E.14616
G1 X96.153 Y119.855 E.011
G1 X92.572 Y123.436 E.14639
G1 X92.344 Y123.132 E.01098
G1 X95.936 Y119.54 E.14681
G1 X95.722 Y119.222 E.01108
G1 X92.116 Y122.828 E.14741
G1 X91.896 Y122.516 E.01103
G1 X95.518 Y118.894 E.14803
G1 X95.318 Y118.562 E.01121
G1 X91.683 Y122.197 E.14858
G1 X91.471 Y121.877 E.01109
G1 X95.129 Y118.219 E.14954
G1 X94.94 Y117.876 E.01132
G1 X91.263 Y121.553 E.15031
G1 X91.063 Y121.221 E.01121
G1 X94.759 Y117.525 E.15107
G1 X94.586 Y117.166 E.01152
G1 X90.866 Y120.886 E.15207
G1 X90.68 Y120.54 E.01136
G1 X94.423 Y116.797 E.15299
G1 X94.267 Y116.421 E.01176
G1 X90.494 Y120.194 E.15421
G1 X90.308 Y119.848 E.01136
G1 X94.111 Y116.045 E.15542
G1 X93.971 Y115.653 E.01204
G1 X90.136 Y119.488 E.15675
G1 X89.964 Y119.128 E.01153
G1 X93.832 Y115.26 E.15811
G1 X93.709 Y114.851 E.01233
G1 X89.805 Y118.755 E.15954
G1 X89.648 Y118.38 E.01174
G1 X93.588 Y114.44 E.16106
G1 X93.481 Y114.015 E.01267
G1 X89.49 Y118.006 E.16314
G1 X89.348 Y117.616 E.012
G1 X93.382 Y113.582 E.16488
G1 X93.291 Y113.141 E.01302
G1 X89.208 Y117.224 E.16689
G1 X89.068 Y116.832 E.01203
G1 X93.214 Y112.686 E.16948
G1 X93.143 Y112.225 E.01347
G1 X88.942 Y116.426 E.1717
G1 X88.818 Y116.018 E.01232
G1 X93.089 Y111.747 E.17458
G1 X93.049 Y111.255 E.01426
G1 X88.71 Y115.594 E.17735
G1 X88.602 Y115.17 E.01265
G1 X93.02 Y110.751 E.18059
G1 X93 Y110.24 E.0148
G1 X88.497 Y114.743 E.18407
G1 X88.406 Y114.301 E.01303
G1 X93 Y109.708 E.18775
G1 X93.026 Y109.15 E.01615
G1 X88.322 Y113.854 E.19227
G1 X88.25 Y113.393 E.01346
G1 X93.058 Y108.586 E.1965
G1 X93.119 Y107.993 E.01722
G1 X88.178 Y112.933 E.20192
G1 X88.122 Y112.457 E.01385
G1 X93.204 Y107.376 E.2077
G1 X93.317 Y106.731 E.01894
G1 X88.075 Y111.973 E.21429
G1 X88.03 Y111.486 E.01414
G1 X93.464 Y106.051 E.22214
G1 X93.654 Y105.33 E.02155
G1 X88.008 Y110.976 E.23077
G1 X87.986 Y110.466 E.01476
G1 X93.899 Y104.553 E.2417
G1 X94.204 Y103.716 E.02574
G1 X87.982 Y109.938 E.25431
G1 X87.988 Y109.4 E.01555
G1 X94.615 Y102.772 E.27089
G1 X94.841 Y102.303 E.01504
G1 X95.175 Y101.681 E.02041
G1 X87.839 Y109.017 E.29986
G1 E-.77778 F2400
;WIPE_START
G1 F10800
G1 X88.546 Y108.31 E-.22222
;WIPE_END
G17
G3 Z7.23 I-.074 J1.215 P1  F9000
G1 X132.161 Y110.98 Z7.23
G1 Z6.83
G1 E1 F2700
G1 F10800
G1 X124.823 Y118.317 E.2999
G1 X125.257 Y117.501 E.02671
G1 X125.386 Y117.223 E.00886
G1 X132.008 Y110.601 E.27067
G1 X132.017 Y110.06 E.01563
G1 X125.785 Y116.291 E.25469
G1 X125.987 Y115.788 E.01567
G1 X126.104 Y115.441 E.01057
G1 X132.009 Y109.535 E.24139
G1 X131.999 Y109.013 E.01509
G1 X126.346 Y114.667 E.23108
G1 X126.535 Y113.946 E.02154
G1 X131.969 Y108.512 E.22211
G1 X131.928 Y108.021 E.01424
G1 X126.683 Y113.265 E.21438
G1 X126.795 Y112.621 E.0189
G1 X131.876 Y107.541 E.20766
G1 X131.824 Y107.061 E.01395
G1 X126.878 Y112.006 E.20213
G1 X126.941 Y111.411 E.01728
G1 X131.754 Y106.599 E.19671
G1 X131.679 Y106.141 E.01339
G1 X126.981 Y110.839 E.19203
G1 X127 Y110.288 E.01594
G1 X131.589 Y105.7 E.18755
G1 X131.498 Y105.258 E.01303
G1 X126.999 Y109.758 E.18393
G1 X126.984 Y109.24 E.01496
G1 X131.401 Y104.823 E.18056
G1 X131.294 Y104.399 E.01265
G1 X126.956 Y108.736 E.1773
G1 X126.909 Y108.251 E.01409
G1 X131.177 Y103.983 E.17445
G1 X131.053 Y103.575 E.01232
G1 X126.854 Y107.774 E.17163
G1 X126.782 Y107.315 E.01344
G1 X130.929 Y103.167 E.16951
G1 X130.793 Y102.771 E.01211
G1 X126.709 Y106.855 E.16694
G1 X126.617 Y106.415 E.01299
G1 X130.65 Y102.382 E.16486
G1 X130.507 Y101.993 E.01198
G1 X126.52 Y105.981 E.163
G1 X126.409 Y105.559 E.01259
G1 X130.354 Y101.615 E.16123
G1 X130.193 Y101.243 E.01169
G1 X126.292 Y105.144 E.15944
G1 X126.166 Y104.739 E.01228
G1 X130.032 Y100.872 E.15804
G1 X129.96 Y100.705 E.00528
G1 X129.864 Y100.508 E.00631
G1 X126.03 Y104.342 E.15671
G1 X125.889 Y103.952 E.01201
G1 X129.689 Y100.151 E.15533
G1 X129.509 Y99.8 E.01142
G1 X125.735 Y103.573 E.15423
G1 X125.58 Y103.196 E.01177
G1 X129.323 Y99.453 E.15299
G1 X129.132 Y99.113 E.01129
G1 X125.412 Y102.832 E.15203
G1 X125.242 Y102.47 E.01156
G1 X128.932 Y98.78 E.15083
G1 X128.733 Y98.447 E.01121
G1 X125.06 Y102.121 E.15015
G1 X124.876 Y101.772 E.01138
G1 X128.531 Y98.117 E.14938
G1 X128.316 Y97.8 E.01107
G1 X124.681 Y101.435 E.14858
G1 X124.483 Y101.102 E.01122
G1 X128.101 Y97.483 E.14789
G1 X127.886 Y97.166 E.01107
G1 X124.272 Y100.781 E.14772
G1 X124.061 Y100.459 E.0111
G1 X127.658 Y96.862 E.14704
G1 X127.43 Y96.558 E.01098
G1 X123.845 Y100.143 E.14651
G1 X123.616 Y99.84 E.01098
G1 X127.193 Y96.263 E.14621
G1 X126.952 Y95.972 E.01092
G1 X123.387 Y99.537 E.14575
G1 X123.155 Y99.237 E.01096
G1 X126.712 Y95.68 E.14539
G1 X126.463 Y95.397 E.0109
G1 X122.91 Y98.95 E.14524
G1 X122.663 Y98.665 E.0109
G1 X126.208 Y95.12 E.1449
G1 X125.952 Y94.844 E.01088
G1 X122.407 Y98.389 E.14493
G1 X122.149 Y98.115 E.01088
G1 X125.694 Y94.571 E.14489
G1 X125.423 Y94.309 E.01087
G1 X121.88 Y97.852 E.1448
G1 X121.61 Y97.59 E.01087
G1 X125.152 Y94.048 E.1448
G1 X124.882 Y93.786 E.01087
G1 X121.33 Y97.338 E.14519
G1 X121.048 Y97.088 E.01089
G1 X124.6 Y93.536 E.14518
G1 X124.317 Y93.287 E.01089
G1 X120.756 Y96.848 E.14557
G1 X120.463 Y96.609 E.01093
G1 X124.024 Y93.048 E.14559
G1 X123.729 Y92.811 E.01094
G1 X120.158 Y96.382 E.14595
G1 X119.852 Y96.156 E.01099
G1 X123.433 Y92.575 E.14638
G1 X123.131 Y92.345 E.01098
G1 X119.533 Y95.943 E.14706
G1 X119.213 Y95.731 E.01109
G1 X122.82 Y92.124 E.14742
G1 X122.509 Y91.903 E.01103
G1 X118.891 Y95.521 E.14788
G1 X118.556 Y95.324 E.01123
G1 X122.195 Y91.685 E.14873
G1 X121.868 Y91.48 E.01115
G1 X118.217 Y95.131 E.14922
G1 X117.866 Y94.95 E.01142
G1 X121.542 Y91.274 E.15024
G1 X121.215 Y91.069 E.01115
G1 X117.515 Y94.769 E.15125
G1 X117.158 Y94.594 E.0115
G1 X120.876 Y90.876 E.15197
G1 X120.536 Y90.684 E.01128
G1 X116.79 Y94.43 E.15313
G1 X116.417 Y94.271 E.01172
G1 X120.186 Y90.502 E.15409
G1 X119.836 Y90.32 E.01141
G1 X116.035 Y94.121 E.15536
G1 X115.644 Y93.98 E.012
G1 X119.475 Y90.149 E.15658
G1 X119.11 Y89.982 E.0116
G1 X115.248 Y93.844 E.15787
G1 X114.84 Y93.72 E.01232
G1 X118.746 Y89.814 E.15963
G1 X118.638 Y89.765 E.00341
G1 X118.371 Y89.657 E.00833
G1 X114.428 Y93.6 E.16115
G1 X114.002 Y93.494 E.0127
G1 X117.992 Y89.504 E.1631
G1 X117.881 Y89.459 E.00348
G1 X117.603 Y89.361 E.00851
G1 X113.571 Y93.393 E.16481
G1 X113.126 Y93.306 E.01309
G1 X117.209 Y89.223 E.16687
G1 X116.815 Y89.085 E.01206
G1 X112.672 Y93.228 E.16932
G1 X112.21 Y93.158 E.01351
G1 X116.41 Y88.958 E.17166
G1 X116 Y88.836 E.01236
G1 X111.731 Y93.105 E.17451
G1 X111.243 Y93.061 E.01416
G1 X115.577 Y88.727 E.17716
G1 X115.151 Y88.621 E.01269
G1 X110.742 Y93.03 E.18023
G1 X110.217 Y93.023 E.01517
G1 X114.725 Y88.515 E.18427
G1 X114.282 Y88.426 E.01306
G1 X109.688 Y93.02 E.18779
G1 X109.137 Y93.039 E.01592
G1 X113.835 Y88.34 E.19204
G1 X113.373 Y88.271 E.01351
G1 X108.567 Y93.077 E.19644
G1 X107.978 Y93.134 E.01713
G1 X112.911 Y88.201 E.20165
G1 X112.437 Y88.143 E.01381
G1 X107.351 Y93.229 E.2079
G1 X106.71 Y93.337 E.01877
G1 X111.951 Y88.097 E.21419
G1 X111.464 Y88.052 E.01412
G1 X106.032 Y93.483 E.22202
G1 X105.31 Y93.674 E.02159
G1 X110.957 Y88.027 E.2308
G1 X110.439 Y88.013 E.01496
G1 X104.533 Y93.919 E.24139
G1 X103.692 Y94.228 E.02591
G1 X109.908 Y88.012 E.25408
G1 X109.376 Y88.011 E.01536
G1 X102.75 Y94.638 E.27086
G1 X102.212 Y94.899 E.01728
G1 X101.653 Y95.203 E.01841
G1 X108.813 Y88.043 E.29267
G1 X108.249 Y88.075 E.01632
G1 X100.194 Y96.13 E.32927
G1 X99.35 Y96.757 E.03037
G1 X98.767 Y97.246 E.022
G1 X98.207 Y97.762 E.022
G1 X97.67 Y98.302 E.02201
G1 X97.17 Y98.851 E.02145
G1 X96.63 Y99.505 E.02452
G1 X96.096 Y100.228 E.02598
G1 X88.046 Y108.278 E.32905
G1 X88.103 Y107.689 E.01712
G1 X107.656 Y88.136 E.79922
G1 X107.056 Y88.203 E.01744
G1 X88.179 Y107.08 E.77158
G1 X88.27 Y106.457 E.01819
G1 X106.431 Y88.297 E.74231
G1 X105.782 Y88.414 E.01905
G1 X88.385 Y105.811 E.7111
G1 X88.529 Y105.135 E.01998
G1 X105.108 Y88.556 E.67765
G1 X104.399 Y88.732 E.0211
G1 X88.701 Y104.431 E.64167
G1 X88.913 Y103.687 E.02236
G1 X103.657 Y88.943 E.60264
G1 X102.886 Y89.182 E.02332
G1 X89.154 Y102.913 E.56127
G1 X89.462 Y102.073 E.02586
G1 X102.046 Y89.49 E.51435
G1 X101.136 Y89.867 E.02847
G1 X89.83 Y101.174 E.46216
G1 X90.306 Y100.166 E.03224
G1 X100.138 Y90.334 E.40188
G1 X98.98 Y90.96 E.03805
G1 X90.93 Y99.01 E.32904
G1 X91.43 Y98.175 E.02814
G1 X91.821 Y97.587 E.02041
G1 X97.525 Y91.882 E.23315
G1 X97.052 Y92.206 E.01658
G1 X96.397 Y92.701 E.02372
G1 X95.73 Y93.245 E.02487
G1 X94.831 Y94.052 E.03492
G1 X92.48 Y96.395 E.09593
; stop printing object Генератор.stl id:18446744073679698525 copy 0
;LAYER_CHANGE
;Z:7.04
;HEIGHT:0.21
;BEFORE_LAYER_CHANGE
;7.04
G92 E0

G1 E-.77778 F2400
;WIPE_START
G1 F10800
G1 X93.189 Y95.689 E-.22222
;WIPE_END
;_SET_FAN_SPEED_CHANGING_LAYER
; printing object Генератор.stl id:18446744073679698525 copy 0
G17
G3 Z7.44 I-.318 J1.175 P1  F9000
G1 X132.024 Y106.208 Z7.44
G1 Z7.04
G1 E1 F2700
M204 P2000
;TYPE:Inner wall
;WIDTH:0.449999
G1 F7200
G1 X132.028 Y106.224 E.00052
G1 X132.203 Y107.444 E.03832
G1 X132.29 Y108.378 E.02921
G1 X132.333 Y109.121 E.02315
G1 X132.349 Y110.314 E.0371
G1 X132.297 Y111.558 E.03874
G1 X132.222 Y112.4 E.02631
G1 X132.051 Y113.647 E.03916
G1 X131.811 Y114.88 E.03908
G1 X131.501 Y116.1 E.03917
G1 X131.258 Y116.899 E.02597
G1 X130.985 Y117.687 E.02597
G1 X130.517 Y118.857 E.03918
G1 X129.986 Y119.995 E.03909
G1 X129.392 Y121.102 E.03909
G1 X128.742 Y122.165 E.03875
G1 X128.266 Y122.867 E.02641
G1 X127.772 Y123.54 E.02597
G1 X126.979 Y124.519 E.03919
G1 X126.143 Y125.442 E.03876
G1 X125.544 Y126.044 E.02641
G1 X124.933 Y126.613 E.02597
G1 X123.971 Y127.427 E.0392
G1 X122.966 Y128.186 E.0392
G1 X122.279 Y128.656 E.02589
G1 X121.206 Y129.317 E.0392
G1 X120.101 Y129.916 E.03911
G1 X118.961 Y130.453 E.03921
G1 X118.192 Y130.772 E.0259
G1 X117.007 Y131.201 E.03921
G1 X115.799 Y131.561 E.03921
G1 X114.991 Y131.762 E.0259
G1 X113.755 Y132.009 E.03921
G1 X112.507 Y132.185 E.03922
G1 X111.678 Y132.263 E.0259
G1 X110.43 Y132.322 E.03887
G1 X109.581 Y132.322 E.02643
G1 X108.746 Y132.291 E.02599
G1 X107.49 Y132.185 E.03922
G1 X106.245 Y132.009 E.03912
G1 X105.009 Y131.762 E.03921
G1 X104.201 Y131.561 E.0259
G1 X102.99 Y131.2 E.0393
G1 X102.205 Y130.924 E.0259
G1 X101.036 Y130.452 E.03921
G1 X99.899 Y129.916 E.03912
G1 X98.791 Y129.316 E.0392
G1 X98.079 Y128.885 E.0259
G1 X97.03 Y128.182 E.03929
G1 X96.361 Y127.687 E.02589
G1 X95.384 Y126.891 E.0392
G1 X94.464 Y126.051 E.03876
G1 X93.865 Y125.45 E.02641
G1 X93.298 Y124.837 E.02597
G1 X92.487 Y123.873 E.03919
G1 X91.734 Y122.867 E.0391
G1 X91.044 Y121.83 E.03875
G1 X90.609 Y121.104 E.02631
G1 X90.012 Y119.993 E.03927
G1 X89.654 Y119.242 E.02588
G1 X89.163 Y118.079 E.03926
G1 X88.877 Y117.298 E.02587
G1 X88.497 Y116.095 E.03926
G1 X88.285 Y115.291 E.02588
G1 X88.021 Y114.059 E.03917
G1 X87.827 Y112.818 E.03908
G1 X87.704 Y111.568 E.03908
G1 X87.651 Y110.324 E.03874
G1 X87.654 Y109.479 E.02631
G1 X87.719 Y108.233 E.03882
G1 X87.801 Y107.391 E.02631
G1 X87.984 Y106.143 E.03926
G1 X88.143 Y105.326 E.02587
G1 X88.442 Y104.103 E.03917
G1 X88.808 Y102.902 E.03908
G1 X89.237 Y101.733 E.03874
G1 X89.567 Y100.95 E.0264
G1 X89.919 Y100.194 E.02596
G1 X90.505 Y99.079 E.03918
G1 X91.152 Y97.999 E.03918
G1 X91.612 Y97.306 E.02588
G1 X92.358 Y96.291 E.03918
G1 X93.159 Y95.319 E.03919
G1 X93.719 Y94.703 E.02589
G1 X94.608 Y93.811 E.03919
G1 X95.546 Y92.97 E.03919
G1 X96.193 Y92.442 E.02598
G1 X96.859 Y91.939 E.02598
G1 X97.9 Y91.228 E.0392
G1 X98.976 Y90.578 E.03911
G1 X100.077 Y89.994 E.03877
G1 X100.842 Y89.633 E.02633
G1 X102.009 Y89.149 E.03929
G1 X102.792 Y88.866 E.0259
G1 X103.996 Y88.494 E.03921
G1 X105.205 Y88.193 E.03878
G1 X106.038 Y88.026 E.02643
G1 X106.863 Y87.894 E.02599
G1 X108.116 Y87.753 E.03921
G1 X109.371 Y87.682 E.03913
G1 X110.618 Y87.682 E.03878
G1 X111.464 Y87.721 E.02634
G1 X112.718 Y87.839 E.03921
G1 X113.964 Y88.027 E.03921
G1 X114.781 Y88.19 E.0259
G1 X116.007 Y88.494 E.0393
G1 X116.805 Y88.733 E.0259
G1 X117.984 Y89.146 E.03887
G1 X118.769 Y89.463 E.02633
G1 X119.916 Y89.99 E.03929
G1 X120.658 Y90.374 E.02599
G1 X121.385 Y90.786 E.02599
G1 X122.451 Y91.458 E.0392
G1 X123.475 Y92.186 E.03911
G1 X124.457 Y92.972 E.03911
G1 X125.394 Y93.813 E.03919
G1 X125.987 Y94.397 E.02589
G1 X126.842 Y95.322 E.03919
G1 X127.644 Y96.293 E.03918
G1 X128.143 Y96.959 E.02589
G1 X128.85 Y98.001 E.03918
G1 X129.497 Y99.082 E.03918
G1 X129.892 Y99.817 E.02597
G1 X130.259 Y100.567 E.02597
G1 X130.759 Y101.722 E.03917
G1 X131.192 Y102.902 E.03908
G1 X131.559 Y104.106 E.03917
G1 X131.764 Y104.912 E.02588
G1 X132.016 Y106.169 E.03988
G1 X132.428 Y106.127 F9000
M204 P1000
;TYPE:Outer wall
;WIDTH:0.419999
G1 F5400
G1 X132.436 Y106.165 E.00111
G1 X132.614 Y107.403 E.03603
G1 X132.702 Y108.353 E.02749
G1 X132.745 Y109.115 E.022
G1 X132.762 Y110.319 E.03468
G1 X132.709 Y111.585 E.03648
G1 X132.632 Y112.446 E.02492
G1 X132.458 Y113.715 E.03688
G1 X132.214 Y114.97 E.03685
G1 X131.898 Y116.211 E.03688
G1 X131.65 Y117.026 E.02454
G1 X131.371 Y117.831 E.02454
G1 X130.896 Y119.02 E.03689
G1 X130.355 Y120.18 E.03686
G1 X129.75 Y121.307 E.03686
G1 X129.089 Y122.388 E.03649
G1 X128.603 Y123.105 E.02495
G1 X128.099 Y123.792 E.02455
G1 X127.293 Y124.788 E.0369
G1 X126.442 Y125.726 E.0365
G1 X125.83 Y126.34 E.02496
G1 X125.207 Y126.921 E.02455
G1 X124.229 Y127.749 E.03691
G1 X123.206 Y128.521 E.03691
G1 X122.503 Y129.002 E.02453
G1 X121.413 Y129.674 E.03691
G1 X120.287 Y130.284 E.03688
G1 X119.128 Y130.831 E.03692
G1 X118.341 Y131.157 E.02453
G1 X117.136 Y131.592 E.03692
G1 X115.908 Y131.959 E.03692
G1 X115.081 Y132.165 E.02454
G1 X113.824 Y132.415 E.03692
G1 X112.555 Y132.595 E.03692
G1 X111.707 Y132.675 E.02454
G1 X110.44 Y132.734 E.03655
G1 X109.573 Y132.735 E.02497
G1 X108.721 Y132.703 E.02456
G1 X107.444 Y132.595 E.03692
G1 X106.176 Y132.415 E.03689
G1 X104.919 Y132.165 E.03692
G1 X104.092 Y131.959 E.02454
G1 X102.863 Y131.592 E.03695
G1 X102.059 Y131.31 E.02454
G1 X100.871 Y130.83 E.03691
G1 X99.713 Y130.284 E.03689
G1 X98.586 Y129.674 E.03691
G1 X97.857 Y129.233 E.02454
G1 X96.792 Y128.52 E.03694
G1 X96.108 Y128.013 E.02453
G1 X95.115 Y127.204 E.03691
G1 X94.179 Y126.349 E.0365
G1 X93.567 Y125.736 E.02496
G1 X92.989 Y125.11 E.02455
G1 X92.164 Y124.129 E.0369
G1 X91.397 Y123.105 E.03687
G1 X90.696 Y122.05 E.03649
G1 X90.251 Y121.308 E.02492
G1 X89.644 Y120.179 E.03692
G1 X89.277 Y119.411 E.02452
G1 X88.779 Y118.23 E.03691
G1 X88.486 Y117.432 E.02452
G1 X88.101 Y116.209 E.03691
G1 X87.884 Y115.386 E.02452
G1 X87.615 Y114.135 E.03688
G1 X87.418 Y112.871 E.03685
G1 X87.292 Y111.598 E.03685
G1 X87.238 Y110.332 E.03648
G1 X87.242 Y109.467 E.02492
G1 X87.307 Y108.202 E.0365
G1 X87.392 Y107.341 E.02492
G1 X87.578 Y106.073 E.03691
G1 X87.74 Y105.238 E.02451
G1 X88.044 Y103.994 E.03688
G1 X88.417 Y102.77 E.03686
G1 X88.853 Y101.581 E.03648
G1 X89.189 Y100.783 E.02495
G1 X89.55 Y100.011 E.02454
G1 X90.145 Y98.877 E.03689
G1 X90.803 Y97.778 E.03689
G1 X91.274 Y97.07 E.02452
G1 X92.032 Y96.037 E.03689
G1 X92.847 Y95.049 E.0369
G1 X93.42 Y94.419 E.02453
G1 X94.324 Y93.511 E.0369
G1 X95.277 Y92.656 E.0369
G1 X95.938 Y92.117 E.02456
G1 X96.619 Y91.604 E.02456
G1 X97.676 Y90.881 E.03691
G1 X98.772 Y90.219 E.03688
G1 X99.892 Y89.625 E.03651
G1 X100.675 Y89.256 E.02494
G1 X101.86 Y88.764 E.03694
G1 X102.661 Y88.475 E.02454
G1 X103.885 Y88.096 E.03692
G1 X105.115 Y87.79 E.03651
G1 X105.965 Y87.62 E.02497
G1 X106.807 Y87.485 E.02457
G1 X108.081 Y87.341 E.03692
G1 X109.36 Y87.269 E.03689
G1 X110.627 Y87.269 E.03652
G1 X111.492 Y87.309 E.02495
G1 X112.768 Y87.429 E.03692
G1 X114.036 Y87.621 E.03692
G1 X114.871 Y87.787 E.02454
G1 X116.116 Y88.096 E.03695
G1 X116.932 Y88.34 E.02454
G1 X118.129 Y88.76 E.03654
G1 X118.932 Y89.084 E.02494
G1 X120.097 Y89.62 E.03694
G1 X120.854 Y90.012 E.02456
G1 X121.596 Y90.432 E.02456
G1 X122.68 Y91.115 E.03691
G1 X123.723 Y91.857 E.03688
G1 X124.723 Y92.657 E.03688
G1 X125.677 Y93.512 E.0369
G1 X126.284 Y94.109 E.02453
G1 X127.153 Y95.05 E.0369
G1 X127.968 Y96.038 E.03689
G1 X128.479 Y96.719 E.02453
G1 X129.198 Y97.779 E.03689
G1 X129.856 Y98.878 E.03689
G1 X130.259 Y99.629 E.02455
G1 X130.633 Y100.394 E.02455
G1 X131.142 Y101.569 E.03689
G1 X131.583 Y102.77 E.03686
G1 X131.956 Y103.995 E.03688
G1 X132.166 Y104.82 E.02452
G1 X132.42 Y106.088 E.03725
G1 E-.7 F2400
;WIPE_START
G1 F5400
G1 X132.436 Y106.165 E-.02354
G1 X132.567 Y107.077 E-.27646
;WIPE_END
G17
G3 Z7.44 I.741 J-.965 P1  F9000
G1 X116.28 Y94.572 Z7.44
G1 Z7.04
G1 E1 F2700
M204 P2000
;TYPE:Inner wall
;WIDTH:0.449999
G1 F7200
G1 X116.434 Y94.632 E.00514
G1 X117.115 Y94.934 E.02319
G1 X117.782 Y95.267 E.0232
G1 X118.519 Y95.687 E.02638
G1 X119.329 Y96.194 E.02972
G1 X120.091 Y96.745 E.02927
G1 X120.827 Y97.332 E.02927
G1 X121.413 Y97.855 E.02445
G1 X121.946 Y98.377 E.02319
G1 X122.605 Y99.1 E.03043
G1 X123.169 Y99.781 E.02751
G1 X123.552 Y100.297 E.01998
G1 X124.038 Y101.009 E.02684
G1 X124.59 Y101.935 E.03352
G1 X125.107 Y102.955 E.03559
G1 X125.499 Y103.86 E.03066
G1 X125.802 Y104.68 E.02723
G1 X126.024 Y105.391 E.02318
G1 X126.215 Y106.112 E.02318
G1 X126.372 Y106.84 E.02319
G1 X126.547 Y107.937 E.03454
G1 X126.623 Y108.684 E.02338
G1 X126.659 Y109.32 E.01981
G1 X126.674 Y110.173 E.02653
G1 X126.65 Y110.917 E.02318
G1 X126.591 Y111.676 E.02368
G1 X126.444 Y112.761 E.03405
G1 X126.303 Y113.499 E.02338
G1 X126.13 Y114.223 E.02318
G1 X125.925 Y114.94 E.02318
G1 X125.683 Y115.661 E.02368
G1 X125.277 Y116.675 E.03398
G1 X124.959 Y117.359 E.02345
G1 X124.615 Y118.02 E.02318
G1 X124.241 Y118.665 E.02319
G1 X123.632 Y119.593 E.03455
G1 X123.245 Y120.117 E.02027
G1 X122.715 Y120.776 E.0263
G1 X122.22 Y121.333 E.02319
G1 X121.701 Y121.868 E.02318
G1 X121.158 Y122.379 E.0232
G1 X120.374 Y123.037 E.03184
G1 X119.706 Y123.545 E.02612
G1 X119.137 Y123.932 E.02141
G1 X118.456 Y124.356 E.02497
G1 X117.805 Y124.72 E.02319
G1 X117.138 Y125.054 E.02319
G1 X116.129 Y125.487 E.03417
G1 X115.229 Y125.807 E.02973
G1 X114.708 Y125.979 E.01706
G1 X113.982 Y126.175 E.0234
G1 X113.254 Y126.337 E.0232
G1 X112.19 Y126.512 E.03356
G1 X111.41 Y126.597 E.0244
G1 X110.665 Y126.644 E.02322
G1 X109.92 Y126.657 E.0232
G1 X109.158 Y126.636 E.0237
G1 X108.067 Y126.545 E.03408
G1 X107.321 Y126.441 E.0234
G1 X106.588 Y126.305 E.0232
G1 X105.862 Y126.136 E.0232
G1 X105.144 Y125.935 E.0232
G1 X104.436 Y125.702 E.02319
G1 X103.769 Y125.45 E.02218
G1 X103.294 Y125.246 E.01607
G1 X102.451 Y124.843 E.02909
G1 X101.609 Y124.391 E.02972
G1 X101.12 Y124.094 E.01781
G1 X100.286 Y123.536 E.03121
G1 X99.289 Y122.766 E.03919
G1 X98.723 Y122.27 E.0234
G1 X98.185 Y121.754 E.02319
G1 X97.505 Y121.025 E.03102
G1 X96.946 Y120.364 E.02692
G1 X96.495 Y119.771 E.02318
G1 X96.072 Y119.158 E.02318
G1 X95.676 Y118.527 E.02319
G1 X95.139 Y117.555 E.03455
G1 X94.813 Y116.877 E.02339
G1 X94.52 Y116.192 E.02319
G1 X94.238 Y115.415 E.0257
G1 X93.944 Y114.491 E.03017
G1 X93.801 Y113.938 E.01778
G1 X93.593 Y112.976 E.03061
G1 X93.476 Y112.24 E.02317
G1 X93.393 Y111.5 E.02318
G1 X93.33 Y110.392 E.03454
G1 X93.329 Y109.624 E.02389
G1 X93.386 Y108.604 E.03179
G1 X93.443 Y108.053 E.01721
G1 X93.586 Y107.063 E.03114
G1 X93.699 Y106.503 E.01777
G1 X93.918 Y105.596 E.02904
G1 X94.131 Y104.882 E.02318
G1 X94.496 Y103.868 E.03353
G1 X94.774 Y103.211 E.0222
G1 X95.023 Y102.683 E.01813
G1 X95.476 Y101.816 E.03043
G1 X95.857 Y101.176 E.02319
G1 X96.297 Y100.521 E.02454
G1 X96.858 Y99.75 E.02969
G1 X97.406 Y99.081 E.02689
G1 X97.873 Y98.568 E.02159
G1 X98.444 Y97.99 E.02526
G1 X99.259 Y97.258 E.03409
G1 X100.19 Y96.534 E.03669
G1 X101.004 Y95.976 E.0307
G1 X101.705 Y95.549 E.02555
G1 X102.361 Y95.193 E.0232
G1 X103.204 Y94.794 E.02903
G1 X104.062 Y94.434 E.02894
G1 X105.099 Y94.078 E.0341
G1 X105.836 Y93.87 E.02385
G1 X106.469 Y93.722 E.02022
G1 X107.642 Y93.513 E.03706
G1 X108.623 Y93.401 E.03073
G1 X109.521 Y93.349 E.02799
G1 X110.536 Y93.354 E.03158
G1 X111.091 Y93.381 E.01727
G1 X112.074 Y93.472 E.0307
G1 X112.862 Y93.589 E.02481
G1 X113.594 Y93.733 E.0232
G1 X114.318 Y93.91 E.0232
G1 X115.034 Y94.119 E.0232
G1 X115.74 Y94.36 E.02319
G1 X116.243 Y94.557 E.01682
G1 X116.129 Y94.955 F9000
M204 P1000
;TYPE:Outer wall
;WIDTH:0.419999
G1 F5400
G1 X116.283 Y95.016 E.00475
G1 X116.947 Y95.311 E.02094
G1 X117.598 Y95.636 E.02095
G1 X118.314 Y96.046 E.02377
G1 X119.104 Y96.54 E.02685
G1 X119.848 Y97.078 E.02645
G1 X120.566 Y97.651 E.02645
G1 X121.138 Y98.162 E.02209
G1 X121.657 Y98.672 E.02094
G1 X122.3 Y99.378 E.02751
G1 X122.849 Y100.041 E.02481
G1 X123.22 Y100.542 E.01797
G1 X123.69 Y101.231 E.02402
G1 X124.235 Y102.146 E.03068
G1 X124.733 Y103.13 E.03176
G1 X125.117 Y104.017 E.02786
G1 X125.414 Y104.821 E.02468
G1 X125.631 Y105.514 E.02093
G1 X125.816 Y106.217 E.02093
G1 X125.969 Y106.927 E.02094
G1 X126.139 Y108.001 E.03132
G1 X126.213 Y108.726 E.02099
G1 X126.247 Y109.343 E.01781
G1 X126.262 Y110.177 E.02404
G1 X126.238 Y110.903 E.02093
G1 X126.181 Y111.633 E.02107
G1 X126.036 Y112.705 E.03119
G1 X125.898 Y113.421 E.02099
G1 X125.729 Y114.127 E.02093
G1 X125.529 Y114.826 E.02093
G1 X125.295 Y115.519 E.02107
G1 X124.894 Y116.522 E.03113
G1 X124.586 Y117.185 E.02105
G1 X124.249 Y117.829 E.02093
G1 X123.885 Y118.458 E.02094
G1 X123.287 Y119.366 E.03133
G1 X122.913 Y119.871 E.0181
G1 X122.395 Y120.516 E.02382
G1 X121.912 Y121.059 E.02094
G1 X121.405 Y121.58 E.02094
G1 X120.875 Y122.078 E.02095
G1 X120.109 Y122.721 E.02882
G1 X119.459 Y123.214 E.02352
G1 X118.905 Y123.591 E.0193
G1 X118.239 Y124.005 E.02259
G1 X117.604 Y124.359 E.02094
G1 X116.954 Y124.685 E.02094
G1 X115.978 Y125.103 E.03057
G1 X115.1 Y125.416 E.02686
G1 X114.579 Y125.587 E.01579
G1 X113.875 Y125.777 E.02101
G1 X113.165 Y125.934 E.02095
G1 X112.123 Y126.105 E.03041
G1 X111.366 Y126.187 E.02193
G1 X110.64 Y126.232 E.02096
G1 X109.913 Y126.244 E.02095
G1 X109.181 Y126.224 E.02109
G1 X108.101 Y126.133 E.03122
G1 X107.379 Y126.032 E.02101
G1 X106.664 Y125.899 E.02095
G1 X105.956 Y125.734 E.02095
G1 X105.256 Y125.538 E.02095
G1 X104.565 Y125.311 E.02094
G1 X103.915 Y125.064 E.02001
G1 X103.218 Y124.764 E.02188
G1 X101.814 Y124.033 E.0456
G1 X101.34 Y123.745 E.01596
G1 X100.522 Y123.197 E.02837
G1 X99.541 Y122.439 E.03572
G1 X98.995 Y121.961 E.02091
G1 X98.471 Y121.457 E.02094
G1 X97.807 Y120.744 E.02806
G1 X97.263 Y120.101 E.02426
G1 X96.824 Y119.522 E.02093
G1 X96.411 Y118.924 E.02093
G1 X96.025 Y118.308 E.02094
G1 X95.5 Y117.356 E.03133
G1 X95.184 Y116.699 E.02099
G1 X94.899 Y116.03 E.02094
G1 X94.626 Y115.275 E.02313
G1 X94.339 Y114.373 E.02727
G1 X94.201 Y113.837 E.01593
G1 X93.997 Y112.894 E.02781
G1 X93.884 Y112.176 E.02093
G1 X93.803 Y111.454 E.02093
G1 X93.741 Y110.369 E.03132
G1 X93.741 Y109.635 E.02113
G1 X93.798 Y108.627 E.02909
G1 X93.853 Y108.1 E.01527
G1 X93.994 Y107.127 E.0283
G1 X94.104 Y106.586 E.01593
G1 X94.318 Y105.696 E.02635
G1 X94.527 Y105 E.02094
G1 X94.884 Y104.008 E.03039
G1 X95.154 Y103.372 E.0199
G1 X95.395 Y102.862 E.01624
G1 X95.839 Y102.011 E.02764
G1 X96.211 Y101.387 E.02094
G1 X96.639 Y100.752 E.02205
G1 X97.187 Y99.999 E.02682
G1 X97.723 Y99.345 E.02437
G1 X98.178 Y98.845 E.01946
G1 X98.728 Y98.289 E.02254
G1 X99.534 Y97.565 E.03121
G1 X100.433 Y96.867 E.03278
G1 X101.232 Y96.319 E.0279
G1 X101.918 Y95.902 E.02313
G1 X102.557 Y95.555 E.02095
G1 X103.38 Y95.167 E.02621
G1 X104.217 Y94.816 E.02614
G1 X105.224 Y94.471 E.03068
G1 X105.948 Y94.267 E.02167
G1 X106.563 Y94.123 E.01818
G1 X107.699 Y93.922 E.03325
G1 X108.662 Y93.812 E.02792
G1 X109.542 Y93.761 E.02538
G1 X110.534 Y93.766 E.02858
G1 X111.066 Y93.793 E.01533
G1 X112.03 Y93.882 E.0279
G1 X112.8 Y93.997 E.02244
G1 X113.514 Y94.138 E.02095
G1 X114.22 Y94.311 E.02095
G1 X114.918 Y94.515 E.02095
G1 X115.606 Y94.75 E.02095
G1 X116.092 Y94.941 E.01504
G1 E-.7 F2400
;WIPE_START
G1 F5400
G1 X116.283 Y95.016 E-.06147
G1 X116.947 Y95.311 E-.21813
G1 X117.008 Y95.342 E-.02041
;WIPE_END
G1 Z7.44 F9000
G1 X123.681 Y92.557
G1 Z7.44
G1 Z7.04
G1 E1 F2700
M204 P2500
;TYPE:Internal solid infill
;WIDTH:0.42125
G1 F10800
G1 X125.762 Y94.638 E.08505
G1 X126.594 Y95.538 E.03544
G1 X127.385 Y96.497 E.03591
G1 X127.875 Y97.15 E.0236
G1 X128.153 Y97.561 E.01435
G1 X122.462 Y91.87 E.23263
G1 X122.267 Y91.731 E.0069
G1 X121.016 Y90.955 E.04256
G1 X129.07 Y99.01 E.32922
G1 X129.698 Y100.17 E.03811
G1 X119.861 Y90.332 E.40209
G1 X118.866 Y89.87 E.03169
G1 X130.157 Y101.161 E.46151
G1 X130.537 Y102.072 E.02854
G1 X117.953 Y89.488 E.51436
G1 X117.127 Y89.194 E.02534
G1 X130.846 Y102.913 E.56075
G1 X131.087 Y103.687 E.02342
G1 X116.337 Y88.936 E.60291
G1 X115.601 Y88.733 E.02207
G1 X131.303 Y104.434 E.6418
G1 X131.474 Y105.137 E.02092
G1 X114.893 Y88.557 E.67773
G1 X114.217 Y88.413 E.01997
G1 X131.611 Y105.806 E.71094
G1 X131.729 Y106.457 E.01911
G1 X113.573 Y88.301 E.74211
G1 X112.946 Y88.206 E.01832
G1 X131.82 Y107.08 E.77147
G1 X131.897 Y107.689 E.01772
G1 X112.342 Y88.134 E.79928
G1 X111.755 Y88.079 E.01705
G1 X119.806 Y96.13 E.32908
G1 X120.475 Y96.619 E.02394
G1 X121.096 Y97.127 E.02319
G1 X121.661 Y97.636 E.02199
G1 X122.205 Y98.172 E.02207
G1 X122.94 Y98.979 E.03155
G1 X123.436 Y99.588 E.02271
G1 X123.918 Y100.242 E.02348
G1 X131.954 Y108.278 E.32847
G1 X131.989 Y108.845 E.01641
G1 X124.815 Y101.67 E.29325
G1 X125.25 Y102.485 E.0267
G1 X125.384 Y102.772 E.00915
G1 X132.007 Y109.395 E.27072
G1 X132.015 Y109.935 E.0156
G1 X125.794 Y103.713 E.25428
G1 X126.108 Y104.56 E.02611
G1 X132.013 Y110.465 E.24136
G1 X131.992 Y110.976 E.01477
G1 X126.35 Y105.333 E.23063
G1 X126.539 Y106.055 E.02157
G1 X131.971 Y111.486 E.222
G1 X131.929 Y111.977 E.01423
G1 X126.685 Y106.733 E.21435
G1 X126.79 Y107.37 E.01867
G1 X131.881 Y112.461 E.20809
G1 X131.817 Y112.929 E.01365
G1 X126.884 Y107.995 E.20166
G1 X126.944 Y108.588 E.01721
G1 X131.753 Y113.397 E.19657
G1 X131.676 Y113.852 E.01333
G1 X126.979 Y109.155 E.19198
G1 X126.998 Y109.706 E.01593
G1 X131.589 Y114.297 E.18766
G1 X131.502 Y114.742 E.01311
G1 X127.002 Y110.242 E.18396
G1 X126.984 Y110.756 E.01487
G1 X131.398 Y115.17 E.18041
G1 X131.29 Y115.594 E.01265
G1 X126.953 Y111.257 E.17725
G1 X126.913 Y111.749 E.01426
G1 X131.182 Y116.018 E.17448
G1 X131.058 Y116.426 E.01232
G1 X126.85 Y112.218 E.172
G1 X126.786 Y112.686 E.01367
G1 X130.932 Y116.832 E.16946
G1 X130.796 Y117.227 E.01209
G1 X126.707 Y113.139 E.16711
G1 X126.621 Y113.585 E.01312
G1 X130.657 Y117.621 E.16497
G1 X130.505 Y118.001 E.01183
G1 X126.518 Y114.014 E.16295
G1 X126.411 Y114.439 E.01266
G1 X130.353 Y118.381 E.16113
G1 X130.215 Y118.726 E.01074
G1 X130.2 Y118.759 E.00107
G1 X126.292 Y114.852 E.1597
G1 X126.165 Y115.257 E.01227
G1 X130.03 Y119.122 E.15797
G1 X129.861 Y119.485 E.01157
G1 X126.031 Y115.655 E.15654
G1 X125.885 Y116.041 E.01193
G1 X129.692 Y119.848 E.15559
G1 X129.506 Y120.194 E.01136
G1 X125.733 Y116.421 E.1542
G1 X125.581 Y116.801 E.01183
G1 X129.32 Y120.54 E.15282
G1 X129.134 Y120.886 E.01136
G1 X125.413 Y117.165 E.15212
G1 X125.243 Y117.527 E.01156
G1 X128.935 Y121.219 E.1509
G1 X128.733 Y121.549 E.01118
G1 X125.061 Y117.877 E.1501
G1 X124.877 Y118.225 E.01138
G1 X128.531 Y121.879 E.14936
G1 X128.32 Y122.2 E.01111
G1 X124.682 Y118.561 E.14873
G1 X124.484 Y118.896 E.01123
G1 X128.105 Y122.517 E.14803
G1 X127.885 Y122.829 E.01103
G1 X124.273 Y119.217 E.14766
G1 X124.062 Y119.538 E.0111
G1 X127.66 Y123.136 E.14708
G1 X127.43 Y123.438 E.01097
G1 X123.848 Y119.856 E.14645
G1 X123.621 Y120.161 E.01099
G1 X127.193 Y123.732 E.14597
G1 X126.955 Y124.027 E.01093
G1 X123.392 Y120.464 E.14561
G1 X123.154 Y120.758 E.01093
G1 X126.716 Y124.32 E.1456
G1 X126.463 Y124.599 E.01089
G1 X122.913 Y121.049 E.14507
G1 X122.663 Y121.331 E.01089
G1 X126.21 Y124.878 E.14497
G1 X125.957 Y125.157 E.01089
G1 X122.41 Y121.61 E.14496
G1 X122.148 Y121.88 E.01087
G1 X125.694 Y125.426 E.14494
G1 X125.429 Y125.693 E.01087
G1 X121.884 Y122.148 E.14489
G1 X121.609 Y122.405 E.01088
G1 X125.157 Y125.953 E.14502
G1 X124.882 Y126.21 E.01088
G1 X121.333 Y122.661 E.14504
G1 X121.044 Y122.904 E.01091
G1 X124.602 Y126.462 E.1454
G1 X124.313 Y126.706 E.01091
G1 X120.755 Y123.147 E.14544
G1 X120.463 Y123.387 E.01092
G1 X124.025 Y126.949 E.1456
G1 X123.736 Y127.192 E.01092
G1 X120.16 Y123.616 E.14618
G1 X119.854 Y123.842 E.01099
G1 X123.433 Y127.421 E.14629
G1 X123.13 Y127.65 E.01098
G1 X119.538 Y124.058 E.14682
G1 X119.219 Y124.271 E.01108
G1 X122.826 Y127.878 E.14744
G1 X122.513 Y128.097 E.01105
G1 X118.891 Y124.475 E.14805
G1 X118.559 Y124.675 E.01119
G1 X122.197 Y128.313 E.14867
G1 X121.872 Y128.52 E.01114
G1 X118.218 Y124.866 E.14934
G1 X117.874 Y125.054 E.01134
G1 X121.543 Y128.723 E.14997
G1 X121.214 Y128.926 E.01117
G1 X117.519 Y125.231 E.15102
G1 X117.16 Y125.405 E.01151
G1 X120.877 Y129.121 E.15191
G1 X120.532 Y129.308 E.01134
G1 X116.792 Y125.568 E.15286
G1 X116.419 Y125.727 E.01173
G1 X120.187 Y129.495 E.15403
G1 X119.952 Y129.622 E.00772
G1 X119.837 Y129.677 E.00369
G1 X116.037 Y125.877 E.15533
G1 X115.645 Y126.017 E.01203
G1 X119.475 Y129.847 E.15656
G1 X119.113 Y130.017 E.01155
G1 X115.245 Y126.149 E.15814
G1 X114.844 Y126.281 E.01218
G1 X118.749 Y130.185 E.15959
G1 X118.373 Y130.341 E.01176
G1 X114.428 Y126.396 E.16125
G1 X114.007 Y126.507 E.01258
G1 X117.994 Y130.494 E.16296
G1 X117.603 Y130.635 E.01201
G1 X113.571 Y126.604 E.16479
G1 X113.128 Y126.692 E.01308
G1 X117.212 Y130.776 E.16696
G1 X116.817 Y130.914 E.01208
G1 X112.671 Y126.767 E.1695
G1 X112.213 Y126.841 E.01339
G1 X116.408 Y131.036 E.17145
G1 X115.998 Y131.158 E.01236
G1 X111.733 Y126.893 E.17433
G1 X111.245 Y126.938 E.01416
G1 X115.584 Y131.276 E.17732
G1 X115.158 Y131.382 E.01269
G1 X110.744 Y126.969 E.18038
G1 X110.225 Y126.981 E.01503
G1 X114.724 Y131.48 E.1839
G1 X114.28 Y131.568 E.01307
G1 X109.692 Y126.98 E.18755
G1 X109.144 Y126.964 E.01584
G1 X113.837 Y131.657 E.19181
G1 X113.377 Y131.73 E.01344
G1 X108.565 Y126.917 E.19672
G1 X107.981 Y126.865 E.01694
G1 X112.911 Y131.795 E.20154
G1 X112.444 Y131.86 E.01363
G1 X107.363 Y126.779 E.20771
G1 X106.715 Y126.663 E.01903
G1 X111.958 Y131.906 E.21431
G1 X111.463 Y131.944 E.01433
G1 X106.034 Y126.514 E.22194
G1 X105.312 Y126.324 E.02158
G1 X110.955 Y131.967 E.23068
G1 X110.447 Y131.991 E.0147
G1 X104.538 Y126.082 E.24155
G1 X103.699 Y125.776 E.0258
G1 X109.917 Y131.993 E.25413
G1 X109.377 Y131.985 E.0156
G1 X102.753 Y125.362 E.27073
G1 X101.656 Y124.796 E.03567
G1 X109 Y132.14 E.30016
G1 E-.77778 F2400
;WIPE_START
G1 F10800
G1 X108.292 Y131.433 E-.22222
;WIPE_END
G17
G3 Z7.44 I1.215 J.076 P1  F9000
G1 X111.004 Y87.86 Z7.44
G1 Z7.04
G1 E1 F2700
G1 F10800
G1 X118.366 Y95.221 E.30088
G1 X117.943 Y94.979 E.01408
G1 X117.245 Y94.633 E.02252
G1 X110.626 Y88.014 E.27055
G1 X110.093 Y88.013 E.01541
G1 X116.31 Y94.229 E.25411
G1 X115.467 Y93.919 E.02594
G1 X109.56 Y88.011 E.24148
G1 X109.046 Y88.03 E.01485
G1 X114.693 Y93.677 E.23082
G1 X113.971 Y93.487 E.02159
G1 X108.542 Y88.058 E.22188
G1 X108.044 Y88.092 E.01444
G1 X113.29 Y93.338 E.21444
G1 X112.643 Y93.223 E.01899
G1 X107.566 Y88.146 E.20754
G1 X107.088 Y88.2 E.0139
G1 X112.024 Y93.136 E.20177
G1 X111.43 Y93.073 E.01728
G1 X106.622 Y88.266 E.1965
G1 X106.164 Y88.34 E.01342
G1 X110.862 Y93.038 E.19202
G1 X110.316 Y93.024 E.01578
G1 X105.718 Y88.426 E.18793
G1 X105.277 Y88.514 E.01299
G1 X109.781 Y93.021 E.18414
G1 X109.261 Y93.032 E.01504
G1 X104.849 Y88.621 E.18033
G1 X104.423 Y88.727 E.01269
G1 X108.755 Y93.059 E.17707
G1 X108.269 Y93.105 E.01411
G1 X104.001 Y88.837 E.17446
G1 X103.594 Y88.962 E.01229
G1 X107.792 Y93.16 E.17158
G1 X107.326 Y93.225 E.01362
G1 X103.188 Y89.088 E.16912
G1 X102.786 Y89.218 E.01221
G1 X106.875 Y93.307 E.16712
G1 X106.429 Y93.393 E.01312
G1 X102.395 Y89.359 E.16488
G1 X102.009 Y89.505 E.01193
G1 X105.998 Y93.493 E.16303
G1 X105.574 Y93.602 E.01264
G1 X101.633 Y89.661 E.16108
G1 X101.257 Y89.817 E.01176
G1 X105.159 Y93.719 E.15949
G1 X104.756 Y93.848 E.01224
G1 X100.885 Y89.977 E.15822
G1 X100.523 Y90.147 E.01155
G1 X104.359 Y93.983 E.15679
G1 X103.963 Y94.119 E.0121
G1 X100.164 Y90.32 E.15528
G1 X99.817 Y90.505 E.01137
G1 X103.585 Y94.273 E.15404
G1 X103.208 Y94.428 E.01179
G1 X99.469 Y90.689 E.15283
G1 X99.122 Y90.874 E.01136
G1 X102.846 Y94.598 E.15224
G1 X102.485 Y94.769 E.01155
G1 X98.79 Y91.074 E.15102
G1 X98.459 Y91.275 E.0112
G1 X102.129 Y94.945 E.15003
G1 X101.784 Y95.132 E.01135
G1 X98.127 Y91.475 E.14947
G1 X97.809 Y91.689 E.01108
G1 X101.443 Y95.323 E.14856
G1 X101.111 Y95.523 E.01121
G1 X97.493 Y91.905 E.14789
G1 X97.177 Y92.121 E.01106
G1 X100.784 Y95.728 E.14743
G1 X100.464 Y95.94 E.01109
G1 X96.868 Y92.344 E.14695
G1 X96.565 Y92.573 E.01098
G1 X100.149 Y96.157 E.14648
G1 X99.841 Y96.381 E.011
G1 X96.267 Y92.807 E.14612
G1 X95.974 Y93.046 E.01093
G1 X99.539 Y96.611 E.14574
G1 X99.244 Y96.848 E.01094
G1 X95.684 Y93.288 E.14552
G1 X95.403 Y93.539 E.01089
G1 X98.954 Y97.09 E.14512
G1 X98.674 Y97.342 E.01089
G1 X95.123 Y93.791 E.14513
G1 X94.842 Y94.042 E.01089
G1 X98.393 Y97.593 E.14514
G1 X98.119 Y97.851 E.01088
G1 X94.576 Y94.308 E.14481
G1 X94.311 Y94.575 E.01087
G1 X97.854 Y98.118 E.14481
G1 X97.592 Y98.388 E.01087
G1 X94.045 Y94.841 E.14495
G1 X93.788 Y95.116 E.01088
G1 X97.338 Y98.666 E.14511
G1 X97.089 Y98.949 E.01089
G1 X93.535 Y95.395 E.14526
G1 X93.288 Y95.68 E.0109
G1 X96.847 Y99.24 E.14548
G1 X96.609 Y99.533 E.01093
G1 X93.048 Y95.972 E.14557
G1 X92.807 Y96.263 E.01092
G1 X96.38 Y99.836 E.14602
G1 X96.155 Y100.143 E.011
G1 X92.57 Y96.558 E.14654
G1 X92.345 Y96.865 E.011
G1 X95.941 Y100.461 E.14698
G1 X95.726 Y100.778 E.01108
G1 X92.12 Y97.172 E.14743
G1 X91.894 Y97.478 E.011
G1 X95.518 Y101.102 E.14813
G1 X95.319 Y101.435 E.01121
G1 X91.681 Y97.797 E.14871
G1 X91.469 Y98.117 E.01109
G1 X95.126 Y101.774 E.14948
G1 X94.94 Y102.12 E.01135
G1 X91.267 Y98.447 E.15012
G1 X91.068 Y98.78 E.01121
G1 X94.76 Y102.472 E.15091
G1 X94.587 Y102.831 E.01152
G1 X90.868 Y99.112 E.152
G1 X90.679 Y99.455 E.01132
G1 X94.422 Y103.198 E.15301
G1 X94.264 Y103.572 E.01173
G1 X90.496 Y99.804 E.15402
G1 X90.313 Y100.153 E.01139
G1 X94.115 Y103.955 E.15541
G1 X93.974 Y104.346 E.01201
G1 X90.136 Y100.508 E.15686
G1 X89.967 Y100.871 E.01157
G1 X93.833 Y104.737 E.15802
G1 X93.709 Y105.145 E.01234
G1 X89.802 Y101.239 E.15969
G1 X89.645 Y101.613 E.01174
G1 X93.589 Y105.557 E.16122
G1 X93.482 Y105.982 E.01266
G1 X89.492 Y101.993 E.16307
G1 X89.35 Y102.382 E.01198
G1 X93.382 Y106.414 E.16482
G1 X93.292 Y106.856 E.01303
G1 X89.207 Y102.771 E.16696
G1 X89.071 Y103.167 E.01211
G1 X93.214 Y107.31 E.16934
G1 X93.144 Y107.772 E.01349
G1 X88.947 Y103.575 E.17153
G1 X88.823 Y103.983 E.01232
G1 X93.09 Y108.25 E.1744
G1 X93.049 Y108.741 E.01425
G1 X88.708 Y104.4 E.17743
G1 X88.604 Y104.828 E.01272
G1 X93.021 Y109.245 E.18053
G1 X93 Y109.756 E.01478
G1 X88.5 Y105.256 E.18395
G1 X88.407 Y105.695 E.01298
G1 X93 Y110.288 E.18774
G1 X93.026 Y110.846 E.01613
G1 X88.32 Y106.14 E.19233
G1 X88.25 Y106.602 E.0135
G1 X93.058 Y111.41 E.19652
G1 X93.118 Y112.002 E.0172
G1 X88.182 Y107.066 E.20176
G1 X88.118 Y107.534 E.01366
G1 X93.203 Y112.62 E.20786
G1 X93.317 Y113.265 E.01894
G1 X88.07 Y108.019 E.21444
G1 X88.034 Y108.514 E.01435
G1 X93.464 Y113.944 E.22194
G1 X93.653 Y114.665 E.02154
G1 X88.008 Y109.02 E.23073
G1 X87.983 Y109.528 E.01469
G1 X93.899 Y115.443 E.24178
G1 X94.199 Y116.275 E.02558
G1 X87.981 Y110.057 E.25415
G1 X87.992 Y110.6 E.01569
G1 X94.613 Y117.221 E.27062
G1 X94.845 Y117.703 E.01547
G1 X95.192 Y118.332 E.02075
G1 X88.016 Y111.156 E.29331
G1 X88.05 Y111.722 E.01639
G1 X96.087 Y119.759 E.32852
G1 X96.679 Y120.557 E.02871
G1 X97.184 Y121.164 E.02283
G1 X97.943 Y121.978 E.03215
G1 X98.478 Y122.492 E.02147
G1 X99.071 Y123.013 E.02282
G1 X99.955 Y123.706 E.03244
G1 X100.215 Y123.887 E.00916
G1 X108.246 Y131.918 E.32828
G1 X107.665 Y131.869 E.01686
G1 X88.108 Y112.312 E.79937
G1 X88.175 Y112.911 E.01742
G1 X107.054 Y131.791 E.77169
G1 X106.435 Y131.703 E.01809
G1 X88.273 Y113.542 E.74233
G1 X88.385 Y114.185 E.01887
G1 X105.78 Y131.58 E.71103
G1 X105.116 Y131.448 E.01958
G1 X88.53 Y114.862 E.67793
G1 X88.697 Y115.561 E.02078
G1 X104.41 Y131.274 E.64226
G1 X103.66 Y131.056 E.02257
G1 X88.909 Y116.305 E.60295
G1 X89.153 Y117.082 E.02353
G1 X102.886 Y130.814 E.56131
G1 X102.044 Y130.504 E.02594
G1 X89.453 Y117.913 E.51464
G1 X89.837 Y118.829 E.02869
G1 X101.149 Y130.141 E.46238
G1 X100.143 Y129.667 E.03214
G1 X90.294 Y119.818 E.40257
G1 X90.911 Y120.967 E.0377
G1 X98.996 Y129.052 E.33049
G1 X98.256 Y128.608 E.02497
G1 X97.54 Y128.128 E.0249
G1 X91.833 Y122.421 E.23327
G1 X92.003 Y122.677 E.00888
G1 X92.745 Y123.668 E.03579
G1 X93.545 Y124.619 E.03591
G1 X94.102 Y125.222 E.02373
G1 X96.357 Y127.477 E.09218
; stop printing object Генератор.stl id:18446744073679698525 copy 0
;LAYER_CHANGE
;Z:7.25
;HEIGHT:0.21
;BEFORE_LAYER_CHANGE
;7.25
G92 E0

G1 E-.77778 F2400
;WIPE_START
G1 F10800
G1 X95.65 Y126.77 E-.22222
;WIPE_END
;_SET_FAN_SPEED_CHANGING_LAYER
; printing object Генератор.stl id:18446744073679698525 copy 0
G17
G3 Z7.65 I.6 J1.059 P1  F9000
G1 X131.933 Y106.23 Z7.65
G1 Z7.25
G1 E1 F2700
M204 P2000
;TYPE:Inner wall
;WIDTH:0.449999
G1 F7200
G1 X132.06 Y107.069 E.0264
G1 X132.186 Y108.238 E.03658
G1 X132.251 Y109.547 E.04078
G1 X132.254 Y110.312 E.02381
G1 X132.227 Y111.143 E.02585
G1 X132.127 Y112.395 E.03909
G1 X132.022 Y113.217 E.02576
G1 X131.805 Y114.451 E.039
G1 X131.52 Y115.669 E.03892
G1 X131.167 Y116.869 E.03891
G1 X130.746 Y118.05 E.039
G1 X130.431 Y118.816 E.02577
G1 X129.9 Y119.955 E.0391
G1 X129.514 Y120.691 E.02586
G1 X129.1 Y121.412 E.02586
G1 X128.425 Y122.469 E.03902
G1 X127.693 Y123.487 E.03902
G1 X127.177 Y124.136 E.02577
G1 X126.352 Y125.08 E.03902
G1 X125.477 Y125.975 E.03893
G1 X124.553 Y126.819 E.03894
G1 X123.583 Y127.61 E.03894
G1 X122.568 Y128.347 E.03903
G1 X121.875 Y128.802 E.02578
G1 X120.793 Y129.442 E.03912
G1 X120.06 Y129.83 E.02579
G1 X118.923 Y130.366 E.03913
G1 X118.155 Y130.685 E.02587
G1 X117.355 Y130.982 E.02654
G1 X116.179 Y131.357 E.03838
G1 X114.964 Y131.671 E.03905
G1 X114.153 Y131.84 E.02579
G1 X112.914 Y132.039 E.03905
G1 X111.666 Y132.168 E.03904
G1 X110.816 Y132.216 E.02646
G1 X109.583 Y132.227 E.03838
G1 X108.329 Y132.168 E.03905
G1 X107.504 Y132.091 E.02579
G1 X106.261 Y131.915 E.03905
G1 X105.033 Y131.67 E.03896
G1 X103.818 Y131.356 E.03904
G1 X103.026 Y131.111 E.02579
G1 X101.843 Y130.684 E.03913
G1 X101.075 Y130.365 E.02588
G1 X100.319 Y130.017 E.02588
G1 X99.205 Y129.44 E.03904
G1 X98.127 Y128.803 E.03894
G1 X97.085 Y128.105 E.03904
G1 X96.419 Y127.612 E.02578
G1 X95.447 Y126.819 E.03903
G1 X94.52 Y125.973 E.03903
G1 X93.936 Y125.386 E.02578
G1 X93.091 Y124.455 E.03911
G1 X92.564 Y123.816 E.02577
G1 X91.81 Y122.81 E.0391
G1 X91.334 Y122.106 E.02644
G1 X90.691 Y121.055 E.03835
G1 X90.098 Y119.95 E.03901
G1 X89.732 Y119.183 E.02643
G1 X89.253 Y118.047 E.03835
G1 X88.833 Y116.869 E.03892
G1 X88.48 Y115.669 E.03891
G1 X88.194 Y114.449 E.03901
G1 X88.043 Y113.634 E.02576
G1 X87.873 Y112.389 E.03909
G1 X87.799 Y111.562 E.02585
G1 X87.756 Y110.732 E.02585
G1 X87.75 Y109.478 E.039
G1 X87.815 Y108.227 E.039
G1 X87.899 Y107.381 E.02643
G1 X88.078 Y106.162 E.03834
G1 X88.329 Y104.934 E.03901
G1 X88.533 Y104.131 E.02576
G1 X88.899 Y102.929 E.03909
G1 X89.185 Y102.129 E.02643
G1 X89.654 Y100.989 E.03835
G1 X90.194 Y99.858 E.03901
G1 X90.597 Y99.11 E.02644
G1 X91.231 Y98.052 E.03835
G1 X91.935 Y97.015 E.03902
G1 X92.431 Y96.352 E.02577
G1 X93.231 Y95.382 E.03911
G1 X93.788 Y94.768 E.02578
G1 X94.673 Y93.88 E.03903
G1 X95.607 Y93.042 E.03903
G1 X96.252 Y92.517 E.02586
G1 X96.933 Y92.004 E.02654
G1 X97.951 Y91.308 E.03837
G1 X99.025 Y90.659 E.03903
G1 X99.773 Y90.255 E.02645
G1 X100.884 Y89.719 E.03837
G1 X102.043 Y89.238 E.03905
G1 X102.822 Y88.956 E.02579
G1 X104.021 Y88.585 E.03904
G1 X105.239 Y88.283 E.03905
G1 X106.052 Y88.121 E.02579
G1 X107.296 Y87.933 E.03913
G1 X108.121 Y87.848 E.02579
G1 X109.377 Y87.777 E.03913
G1 X110.227 Y87.77 E.02646
G1 X111.46 Y87.816 E.03839
G1 X112.709 Y87.934 E.03904
G1 X113.551 Y88.053 E.02646
G1 X114.766 Y88.284 E.03847
G1 X115.593 Y88.482 E.02646
G1 X116.778 Y88.824 E.03838
G1 X117.963 Y89.24 E.03904
G1 X118.734 Y89.551 E.02588
G1 X119.493 Y89.892 E.02588
G1 X120.615 Y90.46 E.03913
G1 X121.336 Y90.868 E.02579
G1 X122.398 Y91.537 E.03903
G1 X123.417 Y92.262 E.03894
G1 X124.395 Y93.044 E.03894
G1 X125.329 Y93.882 E.03902
G1 X125.919 Y94.463 E.02578
G1 X126.771 Y95.384 E.03902
G1 X127.569 Y96.351 E.03901
G1 X128.078 Y97.032 E.02644
G1 X128.771 Y98.055 E.03844
G1 X129.214 Y98.78 E.02644
G1 X129.808 Y99.863 E.03843
G1 X130.181 Y100.626 E.02644
G1 X130.67 Y101.758 E.03835
G1 X131.102 Y102.932 E.03892
G1 X131.467 Y104.131 E.039
G1 X131.675 Y104.954 E.02643
G1 X131.925 Y106.191 E.03923
G1 X132.337 Y106.148 F9000
M204 P1000
;TYPE:Outer wall
;WIDTH:0.419999
G1 F5400
G1 X132.34 Y106.166 E.00055
G1 X132.47 Y107.024 E.02499
G1 X132.598 Y108.206 E.03425
G1 X132.663 Y109.545 E.03861
G1 X132.667 Y110.318 E.02227
G1 X132.639 Y111.166 E.02444
G1 X132.537 Y112.438 E.03675
G1 X132.43 Y113.278 E.02441
G1 X132.21 Y114.534 E.03673
G1 X131.919 Y115.775 E.0367
G1 X131.559 Y116.997 E.0367
G1 X131.131 Y118.198 E.03673
G1 X130.809 Y118.982 E.02441
G1 X130.27 Y120.138 E.03676
G1 X129.875 Y120.89 E.02445
G1 X129.453 Y121.626 E.02444
G1 X128.767 Y122.701 E.03674
G1 X128.022 Y123.736 E.03674
G1 X127.494 Y124.4 E.02442
G1 X126.655 Y125.36 E.03674
G1 X125.764 Y126.272 E.03672
G1 X124.823 Y127.132 E.03672
G1 X123.835 Y127.937 E.03672
G1 X122.803 Y128.686 E.03675
G1 X122.094 Y129.152 E.02443
G1 X120.994 Y129.802 E.03678
G1 X120.245 Y130.199 E.02443
G1 X119.09 Y130.743 E.03679
G1 X118.306 Y131.069 E.02446
G1 X117.489 Y131.372 E.02508
G1 X116.294 Y131.753 E.03615
G1 X115.058 Y132.073 E.03676
G1 X114.228 Y132.246 E.02444
G1 X112.968 Y132.448 E.03677
G1 X111.698 Y132.58 E.03676
G1 X110.83 Y132.628 E.02506
G1 X109.575 Y132.639 E.03615
G1 X108.3 Y132.58 E.03677
G1 X107.455 Y132.5 E.02444
G1 X106.192 Y132.322 E.03677
G1 X104.941 Y132.072 E.03674
G1 X103.705 Y131.753 E.03676
G1 X102.895 Y131.502 E.02444
G1 X101.694 Y131.068 E.03679
G1 X100.909 Y130.743 E.02446
G1 X100.138 Y130.388 E.02446
G1 X99.005 Y129.801 E.03676
G1 X97.907 Y129.152 E.03672
G1 X96.847 Y128.442 E.03676
G1 X96.166 Y127.938 E.02443
G1 X95.177 Y127.131 E.03675
G1 X94.235 Y126.271 E.03675
G1 X93.637 Y125.67 E.02442
G1 X92.779 Y124.725 E.03677
G1 X92.24 Y124.071 E.02442
G1 X91.474 Y123.049 E.03677
G1 X90.987 Y122.33 E.02504
G1 X90.333 Y121.26 E.03612
G1 X89.73 Y120.137 E.03674
G1 X89.355 Y119.352 E.02503
G1 X88.869 Y118.197 E.03612
G1 X88.441 Y116.997 E.0367
G1 X88.081 Y115.775 E.0367
G1 X87.79 Y114.533 E.03673
G1 X87.636 Y113.7 E.02441
G1 X87.463 Y112.436 E.03675
G1 X87.387 Y111.591 E.02444
G1 X87.343 Y110.744 E.02444
G1 X87.337 Y109.469 E.03673
G1 X87.403 Y108.195 E.03672
G1 X87.489 Y107.331 E.02503
G1 X87.671 Y106.091 E.03611
G1 X87.927 Y104.842 E.03673
G1 X88.136 Y104.02 E.02441
G1 X88.508 Y102.8 E.03675
G1 X88.8 Y101.981 E.02503
G1 X89.277 Y100.822 E.03611
G1 X89.826 Y99.671 E.03673
G1 X90.238 Y98.906 E.02504
G1 X90.883 Y97.831 E.03612
G1 X91.599 Y96.775 E.03674
G1 X92.107 Y96.097 E.02442
G1 X92.919 Y95.112 E.03677
G1 X93.489 Y94.484 E.02442
G1 X94.389 Y93.58 E.03675
G1 X95.339 Y92.729 E.03675
G1 X95.997 Y92.192 E.02445
G1 X96.692 Y91.668 E.02508
G1 X97.728 Y90.961 E.03614
G1 X98.82 Y90.301 E.03676
G1 X99.585 Y89.887 E.02505
G1 X100.715 Y89.342 E.03614
G1 X101.894 Y88.853 E.03676
G1 X102.691 Y88.565 E.02443
G1 X103.911 Y88.188 E.03676
G1 X105.149 Y87.88 E.03676
G1 X105.981 Y87.714 E.02444
G1 X107.244 Y87.524 E.03679
G1 X108.088 Y87.436 E.02444
G1 X109.363 Y87.365 E.03679
G1 X110.233 Y87.357 E.02506
G1 X111.487 Y87.404 E.03615
G1 X112.758 Y87.524 E.03676
G1 X113.619 Y87.646 E.02506
G1 X114.853 Y87.88 E.03617
G1 X115.698 Y88.083 E.02506
G1 X116.904 Y88.431 E.03615
G1 X118.108 Y88.854 E.03676
G1 X118.895 Y89.172 E.02446
G1 X119.67 Y89.519 E.02446
G1 X120.81 Y90.096 E.03678
G1 X121.548 Y90.514 E.02443
G1 X122.627 Y91.194 E.03675
G1 X123.666 Y91.933 E.03672
G1 X124.662 Y92.729 E.03672
G1 X125.611 Y93.581 E.03675
G1 X126.215 Y94.176 E.02443
G1 X127.081 Y95.113 E.03674
G1 X127.893 Y96.096 E.03674
G1 X128.414 Y96.793 E.02504
G1 X129.118 Y97.831 E.03615
G1 X129.571 Y98.573 E.02504
G1 X130.174 Y99.673 E.03615
G1 X130.556 Y100.454 E.02503
G1 X131.053 Y101.605 E.03611
G1 X131.493 Y102.801 E.0367
G1 X131.864 Y104.02 E.03673
G1 X132.078 Y104.862 E.02503
G1 X132.329 Y106.109 E.03662
G1 E-.7 F2400
;WIPE_START
G1 F5400
G1 X132.34 Y106.166 E-.0177
G1 X132.47 Y107.024 E-.2603
G1 X132.478 Y107.097 E-.022
;WIPE_END
G17
G3 Z7.65 I.743 J-.964 P1  F9000
G1 X116.168 Y94.528 Z7.65
G1 Z7.25
G1 E1 F2700
M204 P2000
;TYPE:Inner wall
;WIDTH:0.449999
G1 F7200
G1 X116.434 Y94.632 E.00889
G1 X117.115 Y94.935 E.0232
G1 X118.022 Y95.4 E.03171
G1 X118.493 Y95.669 E.01687
G1 X119.298 Y96.182 E.02971
G1 X120.065 Y96.723 E.0292
G1 X120.823 Y97.329 E.03018
G1 X121.413 Y97.855 E.02461
G1 X121.945 Y98.377 E.02319
G1 X122.465 Y98.934 E.02369
G1 X123.165 Y99.776 E.03406
G1 X123.563 Y100.312 E.02079
G1 X124.03 Y100.997 E.02578
G1 X124.419 Y101.632 E.02318
G1 X124.779 Y102.285 E.02318
G1 X125.109 Y102.952 E.02318
G1 X125.405 Y103.624 E.02284
G1 X125.679 Y104.329 E.02351
G1 X125.917 Y105.035 E.02319
G1 X126.216 Y106.117 E.03491
G1 X126.372 Y106.84 E.02302
G1 X126.5 Y107.59 E.02368
G1 X126.622 Y108.678 E.03405
G1 X126.665 Y109.428 E.02338
G1 X126.674 Y110.173 E.02318
G1 X126.644 Y110.86 E.0214
G1 X126.571 Y111.827 E.03015
G1 X126.498 Y112.394 E.0178
G1 X126.329 Y113.364 E.03063
G1 X126.13 Y114.223 E.02745
G1 X125.925 Y114.94 E.02318
G1 X125.688 Y115.646 E.02318
G1 X125.419 Y116.341 E.02318
G1 X124.962 Y117.353 E.03455
G1 X124.615 Y118.02 E.02339
G1 X124.299 Y118.566 E.01962
G1 X123.832 Y119.304 E.02719
G1 X123.207 Y120.167 E.03315
G1 X122.867 Y120.589 E.01685
G1 X122.221 Y121.333 E.03066
G1 X121.69 Y121.879 E.0237
G1 X120.891 Y122.613 E.03373
G1 X120.302 Y123.097 E.02373
G1 X119.706 Y123.545 E.0232
G1 X119.09 Y123.965 E.02319
G1 X118.456 Y124.356 E.02319
G1 X117.805 Y124.72 E.02319
G1 X117.138 Y125.054 E.02319
G1 X116.114 Y125.493 E.03468
G1 X115.058 Y125.872 E.03489
G1 X113.989 Y126.173 E.03457
G1 X113.239 Y126.34 E.0239
G1 X112.168 Y126.515 E.03375
G1 X111.41 Y126.597 E.02373
G1 X110.665 Y126.644 E.02321
G1 X109.92 Y126.657 E.0232
G1 X109.174 Y126.637 E.02321
G1 X108.067 Y126.545 E.03458
G1 X107.321 Y126.441 E.0234
G1 X106.588 Y126.305 E.0232
G1 X105.862 Y126.136 E.0232
G1 X104.785 Y125.817 E.03496
G1 X103.841 Y125.477 E.03121
G1 X103.297 Y125.248 E.01837
G1 X102.763 Y125.002 E.0183
G1 X101.917 Y124.559 E.02971
G1 X101.412 Y124.278 E.01797
G1 X100.776 Y123.876 E.0234
G1 X100.287 Y123.536 E.01854
G1 X99.289 Y122.766 E.03922
G1 X98.723 Y122.27 E.0234
G1 X98.105 Y121.677 E.02666
G1 X97.307 Y120.797 E.03696
G1 X96.966 Y120.377 E.01684
G1 X96.499 Y119.776 E.02364
G1 X96.072 Y119.158 E.02339
G1 X95.676 Y118.527 E.02319
G1 X95.139 Y117.555 E.03455
G1 X94.813 Y116.877 E.02339
G1 X94.437 Y115.97 E.03055
G1 X94.139 Y115.142 E.02738
G1 X93.925 Y114.428 E.02318
G1 X93.743 Y113.706 E.02318
G1 X93.593 Y112.976 E.02318
G1 X93.433 Y111.888 E.0342
G1 X93.363 Y111.129 E.02371
G1 X93.336 Y110.528 E.01871
G1 X93.329 Y109.626 E.02809
G1 X93.386 Y108.593 E.03219
G1 X93.445 Y108.033 E.0175
G1 X93.584 Y107.08 E.02996
G1 X93.737 Y106.318 E.02419
G1 X93.927 Y105.594 E.02329
G1 X94.205 Y104.667 E.03012
G1 X94.406 Y104.109 E.01846
G1 X94.772 Y103.216 E.03001
G1 X95.124 Y102.473 E.02558
G1 X95.473 Y101.838 E.02254
G1 X95.949 Y101.035 E.02904
G1 X96.48 Y100.249 E.02953
G1 X96.848 Y99.763 E.01896
G1 X97.406 Y99.081 E.02741
G1 X97.873 Y98.568 E.02158
G1 X98.551 Y97.897 E.0297
G1 X99.26 Y97.257 E.0297
G1 X99.718 Y96.889 E.01829
G1 X100.206 Y96.523 E.01898
G1 X101.003 Y95.977 E.03005
G1 X101.705 Y95.549 E.02559
G1 X102.361 Y95.193 E.0232
G1 X103.217 Y94.788 E.02946
G1 X104.062 Y94.434 E.02851
G1 X105.103 Y94.077 E.03423
G1 X105.837 Y93.869 E.02373
G1 X107.044 Y93.609 E.03843
G1 X108.034 Y93.458 E.03116
G1 X108.607 Y93.403 E.0179
G1 X109.521 Y93.349 E.0285
G1 X110.171 Y93.352 E.02021
G1 X111.106 Y93.382 E.0291
G1 X112.088 Y93.474 E.03068
G1 X112.676 Y93.561 E.01851
G1 X113.583 Y93.731 E.02872
G1 X114.22 Y93.886 E.02038
G1 X115.034 Y94.119 E.02635
G1 X115.74 Y94.36 E.02319
G1 X116.131 Y94.513 E.01306
G1 X116.017 Y94.911 F9000
M204 P1000
;TYPE:Outer wall
;WIDTH:0.419999
G1 F5400
G1 X116.283 Y95.016 E.00822
G1 X116.947 Y95.311 E.02095
G1 X117.834 Y95.766 E.0287
G1 X118.284 Y96.025 E.01496
G1 X119.07 Y96.526 E.02684
G1 X119.818 Y97.054 E.02638
G1 X120.562 Y97.648 E.02741
G1 X121.138 Y98.162 E.02225
G1 X121.656 Y98.671 E.02094
G1 X122.155 Y99.207 E.02108
G1 X122.848 Y100.04 E.0312
G1 X123.232 Y100.558 E.01858
G1 X123.688 Y101.227 E.02334
G1 X124.067 Y101.847 E.02093
G1 X124.418 Y102.484 E.02093
G1 X124.74 Y103.135 E.02093
G1 X125.028 Y103.79 E.02062
G1 X125.294 Y104.478 E.02124
G1 X125.526 Y105.167 E.02094
G1 X125.816 Y106.218 E.03142
G1 X125.969 Y106.927 E.02089
G1 X126.092 Y107.648 E.02107
G1 X126.212 Y108.724 E.03119
G1 X126.253 Y109.451 E.02099
G1 X126.262 Y110.178 E.02093
G1 X126.232 Y110.842 E.01915
G1 X126.161 Y111.785 E.02725
G1 X126.09 Y112.334 E.01595
G1 X125.924 Y113.286 E.02783
G1 X125.729 Y114.127 E.02489
G1 X125.529 Y114.826 E.02093
G1 X125.297 Y115.514 E.02093
G1 X125.035 Y116.192 E.02094
G1 X124.586 Y117.183 E.03132
G1 X124.249 Y117.829 E.02099
G1 X123.942 Y118.358 E.01764
G1 X123.49 Y119.073 E.02435
G1 X122.873 Y119.925 E.03032
G1 X122.547 Y120.329 E.01494
G1 X121.912 Y121.059 E.02786
G1 X121.402 Y121.583 E.02109
G1 X120.612 Y122.309 E.03089
G1 X120.041 Y122.779 E.02131
G1 X119.459 Y123.214 E.02094
G1 X118.858 Y123.624 E.02094
G1 X118.239 Y124.005 E.02094
G1 X117.604 Y124.359 E.02094
G1 X116.954 Y124.685 E.02094
G1 X115.963 Y125.109 E.03106
G1 X114.925 Y125.482 E.03177
G1 X113.877 Y125.776 E.03135
G1 X113.16 Y125.935 E.02115
G1 X112.102 Y126.108 E.03091
G1 X111.366 Y126.187 E.02132
G1 X110.64 Y126.232 E.02095
G1 X109.913 Y126.244 E.02095
G1 X109.186 Y126.224 E.02096
G1 X108.101 Y126.133 E.03135
G1 X107.379 Y126.032 E.02101
G1 X106.664 Y125.899 E.02095
G1 X105.956 Y125.734 E.02095
G1 X105.444 Y125.591 E.01531
G1 X104.914 Y125.426 E.016
G1 X103.987 Y125.092 E.02837
G1 X102.943 Y124.631 E.03288
G1 X101.613 Y123.917 E.04348
G1 X100.996 Y123.528 E.021
G1 X100.523 Y123.198 E.01663
G1 X99.541 Y122.439 E.03574
G1 X98.995 Y121.961 E.02091
G1 X98.471 Y121.457 E.02094
G1 X97.618 Y120.526 E.03637
G1 X96.824 Y119.521 E.0369
G1 X96.411 Y118.924 E.02091
G1 X96.025 Y118.308 E.02094
G1 X95.5 Y117.356 E.03133
G1 X95.184 Y116.699 E.021
G1 X94.818 Y115.813 E.02762
G1 X94.529 Y115.006 E.02469
G1 X94.32 Y114.31 E.02093
G1 X94.143 Y113.605 E.02093
G1 X93.997 Y112.893 E.02093
G1 X93.841 Y111.828 E.03101
G1 X93.774 Y111.092 E.0213
G1 X93.748 Y110.51 E.01679
G1 X93.741 Y109.636 E.02519
G1 X93.798 Y108.616 E.02943
G1 X93.855 Y108.079 E.01554
G1 X93.991 Y107.145 E.0272
G1 X94.141 Y106.401 E.02187
G1 X94.326 Y105.699 E.0209
G1 X94.598 Y104.794 E.02722
G1 X94.793 Y104.253 E.01656
G1 X95.151 Y103.378 E.02725
G1 X95.496 Y102.652 E.02315
G1 X95.834 Y102.037 E.0202
G1 X96.299 Y101.254 E.02622
G1 X96.82 Y100.483 E.02681
G1 X97.177 Y100.012 E.01702
G1 X97.723 Y99.345 E.02485
G1 X98.178 Y98.846 E.01945
G1 X98.84 Y98.191 E.02683
G1 X99.532 Y97.567 E.02683
G1 X99.976 Y97.211 E.01641
G1 X100.449 Y96.856 E.01705
G1 X101.231 Y96.32 E.02729
G1 X101.918 Y95.902 E.02316
G1 X102.557 Y95.555 E.02095
G1 X103.393 Y95.161 E.02662
G1 X104.217 Y94.816 E.02573
G1 X105.236 Y94.467 E.03104
G1 X105.948 Y94.267 E.02132
G1 X107.12 Y94.015 E.03451
G1 X108.092 Y93.867 E.02832
G1 X108.646 Y93.814 E.01604
G1 X109.542 Y93.761 E.02586
G1 X110.169 Y93.764 E.01805
G1 X111.08 Y93.794 E.02628
G1 X112.044 Y93.884 E.02788
G1 X112.614 Y93.969 E.01661
G1 X113.503 Y94.136 E.02606
G1 X114.122 Y94.287 E.01834
G1 X114.918 Y94.515 E.02386
G1 X115.606 Y94.75 E.02095
G1 X115.98 Y94.897 E.01157
G1 E-.7 F2400
;WIPE_START
G1 F5400
G1 X116.283 Y95.016 E-.09765
G1 X116.899 Y95.29 E-.20235
;WIPE_END
G1 Z7.65 F9000
G1 X123.611 Y127.433
G1 Z7.65
G1 Z7.25
G1 E1 F2700
M204 P2500
;TYPE:Top surface
;WIDTH:0.420269
G1 F6000
G1 X127.471 Y123.572 E.15738
G1 E-.7 F2400
;WIPE_START
G1 F6000
G1 X126.764 Y124.279 E-.3
;WIPE_END
G17
G3 Z7.65 I.957 J.752 P1  F9000
G1 X128.705 Y121.809 Z7.65
G1 Z7.25
G1 E1 F2700
G1 F6000
G1 X121.816 Y128.697 E.28083
G1 X120.545 Y129.437 F9000
G1 F6000
G1 X129.474 Y120.509 E.36399
G1 X130.004 Y119.448 F9000
G1 F6000
G1 X119.482 Y129.97 E.42896
G1 X118.517 Y130.405 F9000
G1 F6000
G1 X130.438 Y118.483 E.48602
G1 X130.772 Y117.618 F9000
G1 F6000
G1 X117.644 Y130.746 E.53519
G1 X116.84 Y131.02 F9000
G1 F6000
G1 X131.063 Y116.797 E.57984
G1 X131.285 Y116.045 F9000
G1 F6000
G1 X116.068 Y131.262 E.62035
G1 X115.352 Y131.447 F9000
G1 F6000
G1 X131.479 Y115.32 E.65744
G1 X131.641 Y114.627 F9000
G1 F6000
G1 X114.656 Y131.613 E.69246
G1 X113.993 Y131.745 F9000
G1 F6000
G1 X131.768 Y113.969 E.72465
G1 X131.881 Y113.326 F9000
G1 F6000
G1 X113.361 Y131.846 E.75502
G1 X112.74 Y131.937 F9000
G1 F6000
G1 X131.966 Y112.711 E.7838
G1 X132.029 Y112.117 F9000
G1 F6000
G1 X112.148 Y131.998 E.8105
G1 X111.561 Y132.054 F9000
G1 F6000
G1 X120.64 Y122.976 E.37012
G1 E-.7 F2400
;WIPE_START
G1 F6000
G1 X119.933 Y123.683 E-.3
;WIPE_END
G17
G3 Z7.65 I-.571 J-1.074 P1  F9000
G1 X118.799 Y124.285 Z7.65
G1 Z7.25
G1 E1 F2700
G1 F6000
G1 X110.999 Y132.085 E.31799
G1 X110.455 Y132.099 F9000
G1 F6000
G1 X117.594 Y124.959 E.29106
G1 X116.597 Y125.426 F9000
G1 F6000
G1 X109.919 Y132.104 E.27222
G1 X109.395 Y132.098 F9000
G1 F6000
G1 X115.72 Y125.773 E.25787
G1 X114.928 Y126.034 F9000
G1 F6000
G1 X108.888 Y132.074 E.24626
G1 X108.381 Y132.05 F9000
G1 F6000
G1 X114.19 Y126.241 E.23683
G1 X113.495 Y126.406 F9000
G1 F6000
G1 X107.894 Y132.007 E.22832
G1 X107.414 Y131.957 F9000
G1 F6000
G1 X112.844 Y126.526 E.22141
G1 X112.21 Y126.63 F9000
G1 F6000
G1 X106.949 Y131.891 E.21448
G1 X106.484 Y131.825 F9000
G1 F6000
G1 X111.613 Y126.696 E.20909
G1 X111.038 Y126.741 F9000
G1 F6000
G1 X106.032 Y131.747 E.20409
G1 X105.589 Y131.659 F9000
G1 F6000
G1 X110.48 Y126.767 E.1994
G1 X109.941 Y126.776 F9000
G1 F6000
G1 X105.147 Y131.57 E.19544
G1 X104.721 Y131.465 F9000
G1 F6000
G1 X109.423 Y126.763 E.1917
G1 X108.92 Y126.736 F9000
G1 F6000
G1 X104.299 Y131.357 E.18836
G1 X103.878 Y131.248 F9000
G1 F6000
G1 X108.43 Y126.695 E.18559
G1 X107.946 Y126.649 F9000
G1 F6000
G1 X103.471 Y131.123 E.18242
G1 X103.066 Y130.998 F9000
G1 F6000
G1 X107.48 Y126.584 E.17995
G1 X107.026 Y126.508 F9000
G1 F6000
G1 X102.676 Y130.857 E.17732
G1 X102.286 Y130.716 F9000
G1 F6000
G1 X106.578 Y126.425 E.17497
G1 X106.147 Y126.325 F9000
G1 F6000
G1 X101.897 Y130.576 E.17328
G1 X101.521 Y130.42 F9000
G1 F6000
G1 X105.72 Y126.221 E.17119
G1 X105.306 Y126.105 F9000
G1 F6000
G1 X101.146 Y130.265 E.16959
G1 X100.782 Y130.098 F9000
G1 F6000
G1 X104.899 Y125.981 E.16785
G1 X104.5 Y125.85 F9000
G1 F6000
G1 X100.419 Y129.931 E.1664
G1 X100.067 Y129.752 F9000
G1 F6000
G1 X104.111 Y125.708 E.16487
G1 X103.727 Y125.562 F9000
G1 F6000
G1 X99.718 Y129.571 E.16345
G1 X99.368 Y129.39 F9000
G1 F6000
G1 X103.355 Y125.403 E.16253
G1 X102.984 Y125.243 F9000
G1 F6000
G1 X99.03 Y129.198 E.16122
G1 X98.696 Y129 F9000
G1 F6000
G1 X102.627 Y125.069 E.16026
G1 X102.272 Y124.894 F9000
G1 F6000
G1 X98.363 Y128.803 E.15938
G1 X98.037 Y128.598 F9000
G1 F6000
G1 X101.931 Y124.704 E.15876
G1 X101.591 Y124.514 F9000
G1 F6000
G1 X97.719 Y128.386 E.15782
G1 X97.402 Y128.173 F9000
G1 F6000
G1 X101.254 Y124.32 E.15705
G1 X100.929 Y124.115 F9000
G1 F6000
G1 X97.087 Y127.957 E.15664
G1 X96.782 Y127.731 F9000
G1 F6000
G1 X100.607 Y123.906 E.15596
G1 X100.295 Y123.688 F9000
G1 F6000
G1 X96.477 Y127.505 E.15562
G1 X96.185 Y127.267 F9000
G1 F6000
G1 X99.987 Y123.465 E.15499
G1 X99.689 Y123.232 F9000
G1 F6000
G1 X95.893 Y127.028 E.15477
G1 X95.601 Y126.79 F9000
G1 F6000
G1 X99.392 Y122.999 E.15456
G1 X99.1 Y122.76 F9000
G1 F6000
G1 X95.319 Y126.54 E.15412
G1 X95.042 Y126.287 F9000
G1 F6000
G1 X98.817 Y122.512 E.15391
G1 X98.538 Y122.26 F9000
G1 F6000
G1 X94.765 Y126.034 E.15384
G1 X94.493 Y125.775 F9000
G1 F6000
G1 X98.268 Y122 E.1539
G1 X98.001 Y121.736 F9000
G1 F6000
G1 X94.228 Y125.509 E.15384
G1 X93.966 Y125.241 F9000
G1 F6000
G1 X97.743 Y121.464 E.15397
G1 X97.488 Y121.188 F9000
G1 F6000
G1 X93.714 Y124.963 E.15388
G1 X93.461 Y124.684 F9000
G1 F6000
G1 X97.241 Y120.904 E.1541
G1 X96.999 Y120.616 F9000
G1 F6000
G1 X93.209 Y124.406 E.15454
G1 X92.968 Y124.117 F9000
G1 F6000
G1 X96.767 Y120.317 E.15491
G1 X96.535 Y120.018 F9000
G1 F6000
G1 X92.728 Y123.826 E.15524
G1 X92.497 Y123.526 F9000
G1 F6000
G1 X96.31 Y119.713 E.15544
G1 X96.093 Y119.4 F9000
G1 F6000
G1 X92.27 Y123.223 E.15586
G1 X92.042 Y122.92 F9000
G1 F6000
G1 X95.881 Y119.081 E.15651
G1 X95.677 Y118.754 F9000
G1 F6000
G1 X91.82 Y122.611 E.15722
G1 X91.606 Y122.295 F9000
G1 F6000
G1 X95.48 Y118.421 E.15792
G1 X95.291 Y118.079 F9000
G1 F6000
G1 X91.394 Y121.976 E.15886
G1 X91.193 Y121.646 F9000
G1 F6000
G1 X95.102 Y117.737 E.15938
G1 X94.924 Y117.385 F9000
G1 F6000
G1 X90.992 Y121.317 E.1603
G1 X90.791 Y120.987 F9000
G1 F6000
G1 X94.751 Y117.027 E.16147
G1 X94.591 Y116.656 F9000
G1 F6000
G1 X90.605 Y120.642 E.16249
G1 X90.42 Y120.297 F9000
G1 F6000
G1 X94.436 Y116.281 E.16372
G1 X94.281 Y115.906 F9000
G1 F6000
G1 X90.235 Y119.952 E.16494
G1 X90.061 Y119.595 F9000
G1 F6000
G1 X94.143 Y115.513 E.1664
G1 X94.007 Y115.118 F9000
G1 F6000
G1 X89.89 Y119.235 E.16785
G1 X89.728 Y118.866 F9000
G1 F6000
G1 X93.884 Y114.71 E.16943
G1 X93.768 Y114.296 F9000
G1 F6000
G1 X89.571 Y118.493 E.1711
G1 X89.414 Y118.119 F9000
G1 F6000
G1 X93.661 Y113.872 E.17315
G1 X93.565 Y113.437 F9000
G1 F6000
G1 X89.269 Y117.734 E.17516
G1 X89.129 Y117.343 F9000
G1 F6000
G1 X93.475 Y112.997 E.17717
G1 X93.407 Y112.535 F9000
G1 F6000
G1 X88.99 Y116.952 E.18006
G1 X88.863 Y116.547 F9000
G1 F6000
G1 X93.339 Y112.072 E.18244
G1 X93.285 Y111.595 F9000
G1 F6000
G1 X88.743 Y116.137 E.18519
G1 X88.622 Y115.728 F9000
G1 F6000
G1 X93.242 Y111.107 E.18836
G1 X93.219 Y110.6 F9000
G1 F6000
G1 X88.517 Y115.302 E.19169
G1 X88.416 Y114.872 F9000
G1 F6000
G1 X93.209 Y110.079 E.1954
G1 X93.213 Y109.544 F9000
G1 F6000
G1 X88.316 Y114.442 E.19967
G1 X88.232 Y113.995 F9000
G1 F6000
G1 X93.244 Y108.983 E.20435
G1 X93.283 Y108.413 F9000
G1 F6000
G1 X88.152 Y113.544 E.20918
G1 X88.088 Y113.078 F9000
G1 F6000
G1 X93.349 Y107.817 E.21448
G1 X93.445 Y107.19 F9000
G1 F6000
G1 X88.024 Y112.611 E.22099
G1 X87.97 Y112.134 F9000
G1 F6000
G1 X93.572 Y106.533 E.22837
G1 X93.74 Y105.834 F9000
G1 F6000
G1 X87.927 Y111.647 E.23699
G1 X87.897 Y111.146 F9000
G1 F6000
G1 X93.937 Y105.107 E.24621
G1 X94.203 Y104.309 F9000
G1 F6000
G1 X87.875 Y110.637 E.25798
G1 X87.873 Y110.109 F9000
G1 F6000
G1 X94.55 Y103.432 E.27222
G1 X95.004 Y102.447 F9000
G1 F6000
G1 X87.87 Y109.581 E.29084
G1 X87.893 Y109.028 F9000
G1 F6000
G1 X95.677 Y101.244 E.31733
G1 E-.7 F2400
;WIPE_START
G1 F6000
G1 X94.97 Y101.951 E-.3
;WIPE_END
G17
G3 Z7.65 I.955 J.754 P1  F9000
G1 X96.962 Y99.429 Z7.65
G1 Z7.25
G1 E1 F2700
G1 F6000
G1 X87.922 Y108.468 E.36851
G1 E-.7 F2400
;WIPE_START
G1 F6000
G1 X88.629 Y107.761 E-.3
;WIPE_END
G17
G3 Z7.65 I-.426 J1.14 P1  F9000
G1 X123.002 Y120.613 Z7.65
G1 Z7.25
G1 E1 F2700
G1 F6000
G1 X132.075 Y111.54 E.36987
G1 X132.112 Y110.972 F9000
G1 F6000
G1 X124.321 Y118.763 E.31762
G1 X124.985 Y117.569 F9000
G1 F6000
G1 X132.13 Y110.423 E.2913
G1 X132.132 Y109.891 F9000
G1 F6000
G1 X125.444 Y116.58 E.27268
G1 X125.797 Y115.696 F9000
G1 F6000
G1 X132.124 Y109.368 E.25795
G1 X132.098 Y108.864 F9000
G1 F6000
G1 X126.061 Y114.901 E.24613
G1 X126.268 Y114.164 F9000
G1 F6000
G1 X132.072 Y108.359 E.23664
G1 X132.027 Y107.874 F9000
G1 F6000
G1 X126.43 Y113.471 E.22816
G1 X126.556 Y112.814 F9000
G1 F6000
G1 X131.975 Y107.395 E.2209
G1 X131.919 Y106.921 F9000
G1 F6000
G1 X126.649 Y112.191 E.21484
G1 X126.715 Y111.594 F9000
G1 F6000
G1 X131.847 Y106.462 E.20923
G1 X131.769 Y106.01 F9000
G1 F6000
G1 X126.757 Y111.022 E.20432
G1 X126.782 Y110.466 F9000
G1 F6000
G1 X131.679 Y105.569 E.19963
G1 X131.589 Y105.129 F9000
G1 F6000
G1 X126.791 Y109.926 E.19559
G1 X126.784 Y109.402 F9000
G1 F6000
G1 X131.487 Y104.699 E.19173
G1 X131.38 Y104.276 F9000
G1 F6000
G1 X126.756 Y108.9 E.18852
G1 X126.713 Y108.412 F9000
G1 F6000
G1 X131.26 Y103.865 E.18539
G1 X131.136 Y103.458 F9000
G1 F6000
G1 X126.659 Y107.936 E.18253
G1 X126.6 Y107.464 F9000
G1 F6000
G1 X131.013 Y103.051 E.17988
G1 X130.874 Y102.66 F9000
G1 F6000
G1 X126.523 Y107.01 E.17736
G1 X126.436 Y106.567 F9000
G1 F6000
G1 X130.731 Y102.272 E.17511
G1 X130.589 Y101.884 F9000
G1 F6000
G1 X126.342 Y106.131 E.17315
G1 X126.229 Y105.713 F9000
G1 F6000
G1 X130.432 Y101.509 E.17135
G1 X130.272 Y101.139 F9000
G1 F6000
G1 X126.114 Y105.297 E.1695
G1 X125.994 Y104.887 F9000
G1 F6000
G1 X130.112 Y100.768 E.16789
G1 X129.941 Y100.409 F9000
G1 F6000
G1 X125.86 Y104.489 E.16637
G1 X125.719 Y104.101 F9000
G1 F6000
G1 X129.767 Y100.052 E.16505
G1 X129.584 Y99.704 F9000
G1 F6000
G1 X125.57 Y103.718 E.16363
G1 X125.413 Y103.344 F9000
G1 F6000
G1 X129.396 Y99.362 E.16237
G1 X129.208 Y99.019 F9000
G1 F6000
G1 X125.251 Y102.976 E.16132
G1 X125.078 Y102.619 F9000
G1 F6000
G1 X129.014 Y98.683 E.16046
G1 X128.813 Y98.353 F9000
G1 F6000
G1 X124.902 Y102.264 E.15942
G1 X124.715 Y101.921 F9000
G1 F6000
G1 X128.608 Y98.028 E.1587
G1 X128.393 Y97.712 F9000
G1 F6000
G1 X124.526 Y101.579 E.15766
G1 X124.325 Y101.249 F9000
G1 F6000
G1 X128.179 Y97.395 E.15712
G1 X127.964 Y97.08 F9000
G1 F6000
G1 X124.123 Y100.92 E.15657
G1 X123.909 Y100.604 F9000
G1 F6000
G1 X127.737 Y96.776 E.15603
G1 X127.51 Y96.473 F9000
G1 F6000
G1 X123.695 Y100.288 E.15553
G1 X123.469 Y99.983 F9000
G1 F6000
G1 X127.272 Y96.18 E.15504
G1 X127.032 Y95.889 F9000
G1 F6000
G1 X123.241 Y99.68 E.15455
G1 X123 Y99.39 F9000
G1 F6000
G1 X126.792 Y95.599 E.15459
G1 X126.544 Y95.316 F9000
G1 F6000
G1 X122.759 Y99.101 E.1543
G1 X122.515 Y98.814 F9000
G1 F6000
G1 X126.289 Y95.04 E.15385
G1 X126.034 Y94.764 F9000
G1 F6000
G1 X122.26 Y98.539 E.15388
G1 X122.003 Y98.265 F9000
G1 F6000
G1 X125.777 Y94.491 E.15386
G1 X125.509 Y94.228 F9000
G1 F6000
G1 X121.735 Y98.002 E.15387
G1 X121.465 Y97.742 F9000
G1 F6000
G1 X125.242 Y93.965 E.15397
G1 X124.962 Y93.714 F9000
G1 F6000
G1 X121.186 Y97.49 E.15395
G1 X120.904 Y97.241 F9000
G1 F6000
G1 X124.682 Y93.463 E.15402
G1 X124.403 Y93.212 F9000
G1 F6000
G1 X120.613 Y97.002 E.1545
G1 X120.32 Y96.764 F9000
G1 F6000
G1 X124.112 Y92.972 E.1546
G1 X123.818 Y92.736 F9000
G1 F6000
G1 X120.017 Y96.537 E.15496
G1 X119.71 Y96.313 F9000
G1 F6000
G1 X123.523 Y92.5 E.15542
G1 X123.222 Y92.271 F9000
G1 F6000
G1 X119.392 Y96.101 E.15615
G1 X119.073 Y95.889 F9000
G1 F6000
G1 X122.912 Y92.05 E.15651
G1 X122.602 Y91.829 F9000
G1 F6000
G1 X118.75 Y95.681 E.15702
G1 X118.416 Y95.485 F9000
G1 F6000
G1 X122.29 Y91.611 E.15793
G1 X121.964 Y91.406 F9000
G1 F6000
G1 X118.077 Y95.293 E.15849
G1 X117.726 Y95.113 F9000
G1 F6000
G1 X121.639 Y91.201 E.1595
G1 X121.313 Y90.995 F9000
G1 F6000
G1 X117.376 Y94.933 E.16051
G1 X117.018 Y94.761 F9000
G1 F6000
G1 X120.976 Y90.802 E.16138
G1 X120.637 Y90.61 F9000
G1 F6000
G1 X116.651 Y94.597 E.16253
G1 X116.276 Y94.441 F9000
G1 F6000
G1 X120.288 Y90.429 E.16357
G1 X119.936 Y90.25 F9000
G1 F6000
G1 X115.895 Y94.291 E.16474
G1 X115.503 Y94.153 F9000
G1 F6000
G1 X119.584 Y90.072 E.16635
G1 X119.223 Y89.902 F9000
G1 F6000
G1 X115.108 Y94.017 E.16776
G1 X114.698 Y93.896 F9000
G1 F6000
G1 X118.857 Y89.738 E.16952
G1 X118.484 Y89.58 F9000
G1 F6000
G1 X114.285 Y93.779 E.1712
G1 X113.858 Y93.675 F9000
G1 F6000
G1 X118.106 Y89.427 E.17317
G1 X117.721 Y89.282 F9000
G1 F6000
G1 X113.425 Y93.578 E.17513
G1 X112.981 Y93.491 F9000
G1 F6000
G1 X117.328 Y89.144 E.17719
G1 X116.935 Y89.006 F9000
G1 F6000
G1 X112.525 Y93.417 E.17979
G1 X112.06 Y93.351 F9000
G1 F6000
G1 X116.533 Y88.878 E.18233
G1 X116.121 Y88.759 F9000
G1 F6000
G1 X111.58 Y93.3 E.18511
G1 X111.088 Y93.261 F9000
G1 F6000
G1 X115.709 Y88.64 E.18838
G1 X115.287 Y88.532 F9000
G1 F6000
G1 X110.585 Y93.234 E.1917
G1 X110.057 Y93.231 F9000
G1 F6000
G1 X114.859 Y88.429 E.19576
G1 X114.418 Y88.34 F9000
G1 F6000
G1 X109.529 Y93.229 E.19932
G1 X108.97 Y93.257 F9000
G1 F6000
G1 X113.972 Y88.255 E.2039
G1 X113.526 Y88.171 F9000
G1 F6000
G1 X108.393 Y93.303 E.20924
G1 X107.795 Y93.371 F9000
G1 F6000
G1 X113.061 Y88.105 E.21469
G1 X112.592 Y88.043 F9000
G1 F6000
G1 X107.171 Y93.464 E.22101
G1 X106.517 Y93.587 F9000
G1 F6000
G1 X112.107 Y87.997 E.22788
G1 X111.622 Y87.952 F9000
G1 F6000
G1 X105.826 Y93.748 E.23631
G1 X105.087 Y93.956 F9000
G1 F6000
G1 X111.12 Y87.923 E.24593
G1 X110.609 Y87.904 F9000
G1 F6000
G1 X104.281 Y94.231 E.25795
G1 X103.413 Y94.569 F9000
G1 F6000
G1 X110.089 Y87.893 E.27216
G1 X109.556 Y87.896 F9000
G1 F6000
G1 X102.421 Y95.031 E.29088
G1 X101.219 Y95.702 F9000
G1 F6000
G1 X109.003 Y87.918 E.31733
G1 X108.44 Y87.95 F9000
G1 F6000
G1 X99.396 Y96.994 E.36871
G1 E-.7 F2400
;WIPE_START
G1 F6000
G1 X100.103 Y96.287 E-.3
;WIPE_END
G17
G3 Z7.65 I.888 J.832 P1  F9000
G1 X107.865 Y87.995 Z7.65
G1 Z7.25
G1 E1 F2700
G1 F6000
G1 X87.969 Y107.891 E.81113
G1 X88.032 Y107.296 F9000
G1 F6000
G1 X107.271 Y88.058 E.78431
G1 X106.646 Y88.152 F9000
G1 F6000
G1 X88.124 Y106.675 E.75511
G1 X88.225 Y106.043 F9000
G1 F6000
G1 X106.018 Y88.25 E.72539
G1 X105.355 Y88.382 F9000
G1 F6000
G1 X88.361 Y105.376 E.69281
G1 X88.514 Y104.692 F9000
G1 F6000
G1 X104.655 Y88.552 E.65802
G1 X103.94 Y88.736 F9000
G1 F6000
G1 X88.708 Y103.968 E.62095
G1 X88.941 Y103.204 F9000
G1 F6000
G1 X103.172 Y88.974 E.58016
G1 X102.366 Y89.248 F9000
G1 F6000
G1 X89.217 Y102.398 E.53609
G1 X89.566 Y101.518 F9000
G1 F6000
G1 X101.485 Y89.599 E.4859
G1 X100.532 Y90.022 F9000
G1 F6000
G1 X89.99 Y100.563 E.42975
G1 X90.524 Y99.499 F9000
G1 F6000
G1 X99.466 Y90.557 E.36455
G1 X98.186 Y91.306 F9000
G1 F6000
G1 X91.267 Y98.225 E.28208
G1 E-.7 F2400
;WIPE_START
G1 F6000
G1 X91.974 Y97.518 E-.3
;WIPE_END
G17
G3 Z7.65 I1.09 J.54 P1  F9000
G1 X92.495 Y96.466 Z7.65
G1 Z7.25
G1 E1 F2700
G1 F6000
G1 X96.425 Y92.536 E.16022
; stop printing object Генератор.stl id:18446744073679698525 copy 0
G1 E-.7 F2400
;WIPE_START
G1 F6000
G1 X95.718 Y93.243 E-.3
;WIPE_END
M106 S0
;TYPE:Custom
; filament end gcode 
G91 ;Relative positionning 
G1 E-2 F2700 ;Retract a bit 
G1 E-2 Z0.2 F2400 ;Retract and raise Z 
G1 X5 Y5 F3000 ;Wipe out 
G1 Z10 ;Raise Z more 
G90 ;Absolute positionning 
 
G1 X0 Y220 ;Present print 
M106 S0 ;Turn-off fan 
M104 S0 ;Turn-off hotend 
M140 S0 ;Turn-off bed 
 
M84 X Y E ;Disable all steppers but Z
; EXECUTABLE_BLOCK_END

; filament used [mm] = 1180.37
; filament used [cm3] = 2.84
; filament used [g] = 3.52
; filament cost = 0.07
; total filament used [g] = 3.52
; total filament cost = 0.07
; total layers count = 36
; estimated printing time (normal mode) = 11m 2s
; estimated first layer printing time (normal mode) = 13s

; CONFIG_BLOCK_START
; accel_to_decel_enable = 1
; accel_to_decel_factor = 50%
; activate_air_filtration = 0
; activate_chamber_temp_control = 0
; adaptive_bed_mesh_margin = 0
; adaptive_pressure_advance = 0
; adaptive_pressure_advance_bridges = 0
; adaptive_pressure_advance_model = "0,0,0\n0,0,0"
; adaptive_pressure_advance_overhangs = 0
; additional_cooling_fan_speed = 70
; alternate_extra_wall = 0
; auxiliary_fan = 0
; bbl_calib_mark_logo = 1
; bbl_use_printhost = 0
; bed_custom_model = 
; bed_custom_texture = 
; bed_exclude_area = 0x0
; bed_mesh_max = 99999,99999
; bed_mesh_min = -99999,-99999
; bed_mesh_probe_distance = 50,50
; before_layer_change_gcode = ;BEFORE_LAYER_CHANGE\n;[layer_z]\nG92 E0\n
; best_object_pos = 0.5,0.5
; bottom_shell_layers = 4
; bottom_shell_thickness = 0
; bottom_solid_infill_flow_ratio = 1
; bottom_surface_pattern = monotonic
; bridge_acceleration = 50%
; bridge_angle = 0
; bridge_density = 100%
; bridge_flow = 0.95
; bridge_no_support = 0
; bridge_speed = 100
; brim_ears_detection_length = 1
; brim_ears_max_angle = 125
; brim_object_gap = 0.1
; brim_type = no_brim
; brim_width = 5
; chamber_temperature = 0
; change_extrusion_role_gcode = 
; change_filament_gcode = M600
; close_fan_the_first_x_layers = 1
; complete_print_exhaust_fan_speed = 80
; cool_plate_temp = 55
; cool_plate_temp_initial_layer = 55
; cooling_tube_length = 5
; cooling_tube_retraction = 91.5
; counterbore_hole_bridging = none
; curr_bed_type = High Temp Plate
; default_acceleration = 2500
; default_filament_colour = ""
; default_filament_profile = "Creality Generic PLA @Ender-3V3-all"
; default_jerk = 0
; default_print_profile = 0.20mm Standard @Creality Ender3V3SE 0.4
; deretraction_speed = 30
; detect_narrow_internal_solid_infill = 1
; detect_overhang_wall = 1
; detect_thin_wall = 1
; different_settings_to_system = elefant_foot_compensation;enable_support;inner_wall_speed;outer_wall_speed;precise_outer_wall;precise_z_height;sparse_infill_density;support_style;support_type;top_surface_speed;xy_contour_compensation;enable_pressure_advance;filament_deretraction_speed;filament_flow_ratio;filament_retraction_length;filament_retraction_speed;nozzle_temperature;nozzle_temperature_initial_layer;nozzle_temperature_range_high;pressure_advance;slow_down_layer_time;slow_down_min_speed;
; disable_m73 = 1
; dont_filter_internal_bridges = disabled
; dont_slow_down_outer_wall = 0
; draft_shield = disabled
; during_print_exhaust_fan_speed = 60
; elefant_foot_compensation = 0.3
; elefant_foot_compensation_layers = 1
; emit_machine_limits_to_gcode = 1
; enable_arc_fitting = 0
; enable_extra_bridge_layer = disabled
; enable_filament_ramming = 1
; enable_long_retraction_when_cut = 0
; enable_overhang_bridge_fan = 1
; enable_overhang_speed = 1
; enable_pressure_advance = 1
; enable_prime_tower = 0
; enable_support = 1
; enforce_support_layers = 0
; eng_plate_temp = 55
; eng_plate_temp_initial_layer = 55
; ensure_vertical_shell_thickness = ensure_all
; exclude_object = 0
; extra_loading_move = -2
; extra_perimeters_on_overhangs = 0
; extruder_clearance_height_to_lid = 34
; extruder_clearance_height_to_rod = 47
; extruder_clearance_radius = 90
; extruder_colour = #26A69A
; extruder_offset = 0x0
; extrusion_rate_smoothing_external_perimeter_only = 0
; fan_cooling_layer_time = 100
; fan_kickstart = 0
; fan_max_speed = 100
; fan_min_speed = 100
; fan_speedup_overhangs = 1
; fan_speedup_time = 0
; filament_colour = #26A69A
; filament_cooling_final_speed = 3.4
; filament_cooling_initial_speed = 2.2
; filament_cooling_moves = 4
; filament_cost = 20
; filament_density = 1.24
; filament_deretraction_speed = 45
; filament_diameter = 1.75
; filament_end_gcode = "; filament end gcode \n"
; filament_flow_ratio = 0.88
; filament_ids = GFL99
; filament_is_support = 0
; filament_loading_speed = 28
; filament_loading_speed_start = 3
; filament_max_volumetric_speed = 18
; filament_minimal_purge_on_wipe_tower = 15
; filament_multitool_ramming = 0
; filament_multitool_ramming_flow = 10
; filament_multitool_ramming_volume = 10
; filament_notes = ""
; filament_ramming_parameters = "120 100 6.6 6.8 7.2 7.6 7.9 8.2 8.7 9.4 9.9 10.0| 0.05 6.6 0.45 6.8 0.95 7.8 1.45 8.3 1.95 9.7 2.45 10 2.95 7.6 3.45 7.6 3.95 7.6 4.45 7.6 4.95 7.6"
; filament_retraction_length = 1
; filament_retraction_speed = 40
; filament_settings_id = "Creality PLA test"
; filament_shrink = 100%
; filament_shrinkage_compensation_z = 100%
; filament_soluble = 0
; filament_stamping_distance = 0
; filament_stamping_loading_speed = 0
; filament_start_gcode = "; filament start gcode\n"
; filament_toolchange_delay = 0
; filament_type = PLA
; filament_unloading_speed = 90
; filament_unloading_speed_start = 100
; filament_vendor = Generic
; filename_format = {input_filename_base}_{filament_type[initial_tool]}_{print_time}.gcode
; filter_out_gap_fill = 0
; first_layer_print_sequence = 0
; flush_into_infill = 0
; flush_into_objects = 0
; flush_into_support = 1
; flush_multiplier = 0
; flush_volumes_matrix = 0
; flush_volumes_vector = 140,140
; full_fan_speed_layer = 0
; fuzzy_skin = none
; fuzzy_skin_first_layer = 0
; fuzzy_skin_noise_type = classic
; fuzzy_skin_octaves = 4
; fuzzy_skin_persistence = 0.5
; fuzzy_skin_point_distance = 0.3
; fuzzy_skin_scale = 1
; fuzzy_skin_thickness = 0.2
; gap_fill_target = nowhere
; gap_infill_speed = 50
; gcode_add_line_number = 0
; gcode_comments = 0
; gcode_flavor = marlin2
; gcode_label_objects = 1
; has_scarf_joint_seam = 0
; head_wrap_detect_zone = 
; high_current_on_filament_swap = 0
; hole_to_polyhole = 0
; hole_to_polyhole_threshold = 0.01
; hole_to_polyhole_twisted = 1
; host_type = octoprint
; hot_plate_temp = 55
; hot_plate_temp_initial_layer = 55
; idle_temperature = 0
; independent_support_layer_height = 1
; infill_anchor = 400%
; infill_anchor_max = 20
; infill_combination = 0
; infill_combination_max_layer_height = 100%
; infill_direction = 45
; infill_jerk = 9
; infill_wall_overlap = 15%
; inherits_group = "0.20mm Standard @Creality Ender3V3SE 0.4";"Creality Generic PLA @Ender-3V3-all";
; initial_layer_acceleration = 500
; initial_layer_infill_speed = 80
; initial_layer_jerk = 9
; initial_layer_line_width = 0.46
; initial_layer_min_bead_width = 85%
; initial_layer_print_height = 0.2
; initial_layer_speed = 30
; initial_layer_travel_speed = 100%
; inner_wall_acceleration = 2000
; inner_wall_jerk = 9
; inner_wall_line_width = 0.45
; inner_wall_speed = 120
; interface_shells = 0
; interlocking_beam = 0
; interlocking_beam_layer_count = 2
; interlocking_beam_width = 0.8
; interlocking_boundary_avoidance = 2
; interlocking_depth = 2
; interlocking_orientation = 22.5
; internal_bridge_angle = 0
; internal_bridge_density = 100%
; internal_bridge_fan_speed = -1
; internal_bridge_flow = 1
; internal_bridge_speed = 150%
; internal_solid_infill_acceleration = 100%
; internal_solid_infill_line_width = 0.42
; internal_solid_infill_pattern = monotonic
; internal_solid_infill_speed = 180
; ironing_angle = -1
; ironing_flow = 15%
; ironing_inset = 0
; ironing_pattern = zig-zag
; ironing_spacing = 0.1
; ironing_speed = 20
; ironing_type = no ironing
; is_infill_first = 0
; lattice_angle_1 = -45
; lattice_angle_2 = 45
; layer_change_gcode = 
; layer_height = 0.2
; line_width = 0.46
; long_retractions_when_cut = 0
; machine_end_gcode = G91 ;Relative positionning \nG1 E-2 F2700 ;Retract a bit \nG1 E-2 Z0.2 F2400 ;Retract and raise Z \nG1 X5 Y5 F3000 ;Wipe out \nG1 Z10 ;Raise Z more \nG90 ;Absolute positionning \n \nG1 X0 Y220 ;Present print \nM106 S0 ;Turn-off fan \nM104 S0 ;Turn-off hotend \nM140 S0 ;Turn-off bed \n \nM84 X Y E ;Disable all steppers but Z
; machine_load_filament_time = 11
; machine_max_acceleration_e = 5000,5000
; machine_max_acceleration_extruding = 2500,2500
; machine_max_acceleration_retracting = 500,500
; machine_max_acceleration_travel = 2500,2500
; machine_max_acceleration_x = 2500,2500
; machine_max_acceleration_y = 2500,2500
; machine_max_acceleration_z = 500,500
; machine_max_jerk_e = 5,5
; machine_max_jerk_x = 10,10
; machine_max_jerk_y = 10,10
; machine_max_jerk_z = 0.4,0.4
; machine_max_speed_e = 40,40
; machine_max_speed_x = 250,250
; machine_max_speed_y = 250,250
; machine_max_speed_z = 5,5
; machine_min_extruding_rate = 0,0
; machine_min_travel_rate = 0,0
; machine_pause_gcode = M25
; machine_start_gcode = M220 S100 ;Reset Feedrate \nM221 S100 ;Reset Flowrate \n \nM104 S[nozzle_temperature_initial_layer] ;Set final nozzle temp \nM190 S[bed_temperature_initial_layer_single] ;Set and wait for bed temp to stabilize \nG28 ;Home \nG92 E0 ;Reset Extruder \nG1 Z2.0 F3000 ;Move Z Axis up \nG1 X-2.1 Y20 Z0.28 F5000.0 ;Move to start position \nM109 S[nozzle_temperature_initial_layer] ;Wait for nozzle temp to stabilize \nG1 X-2.1 Y145.0 Z0.28 F1500.0 E15 ;Draw the first line \nG1 X-2.4 Y145.0 Z0.28 F5000.0 ;Move to side a little \nG1 X-2.4 Y20 Z0.28 F1500.0 E30 ;Draw the second line \nG92 E0  ;Reset Extruder \nG1 E-1.0000 F1800 ;Retract a bit \nG1 Z2.0 F3000 ;Move Z Axis up \nG1 E0.0000 F1800
; machine_tool_change_time = 0
; machine_unload_filament_time = 0
; make_overhang_printable = 0
; make_overhang_printable_angle = 55
; make_overhang_printable_hole_size = 0
; manual_filament_change = 1
; max_bridge_length = 10
; max_layer_height = 0.32
; max_travel_detour_distance = 0
; max_volumetric_extrusion_rate_slope = 0
; max_volumetric_extrusion_rate_slope_segment_length = 3
; min_bead_width = 85%
; min_feature_size = 25%
; min_layer_height = 0.08
; min_length_factor = 0.5
; min_skirt_length = 0
; min_width_top_surface = 300%
; minimum_sparse_infill_area = 10
; mmu_segmented_region_interlocking_depth = 0
; mmu_segmented_region_max_width = 0
; notes = 
; nozzle_diameter = 0.4
; nozzle_height = 2.5
; nozzle_hrc = 0
; nozzle_temperature = 210
; nozzle_temperature_initial_layer = 210
; nozzle_temperature_range_high = 210
; nozzle_temperature_range_low = 190
; nozzle_type = brass
; nozzle_volume = 0
; only_one_wall_first_layer = 0
; only_one_wall_top = 0
; ooze_prevention = 0
; other_layers_print_sequence = 0
; other_layers_print_sequence_nums = 0
; outer_wall_acceleration = 1000
; outer_wall_jerk = 9
; outer_wall_line_width = 0.42
; outer_wall_speed = 90
; overhang_1_4_speed = 0
; overhang_2_4_speed = 20
; overhang_3_4_speed = 15
; overhang_4_4_speed = 10
; overhang_fan_speed = 100
; overhang_fan_threshold = 50%
; overhang_reverse = 0
; overhang_reverse_internal_only = 0
; overhang_reverse_threshold = 50%
; overhang_speed_classic = 0
; parking_pos_retraction = 92
; pellet_flow_coefficient = 0.4157
; pellet_modded_printer = 0
; post_process = 
; precise_outer_wall = 1
; precise_z_height = 1
; preferred_orientation = 0
; preheat_steps = 1
; preheat_time = 30
; pressure_advance = 0.115
; prime_tower_brim_width = 3
; prime_tower_width = 60
; prime_volume = 45
; print_compatible_printers = "Creality Ender-3 V3 SE 0.4 nozzle"
; print_flow_ratio = 1
; print_order = default
; print_sequence = by layer
; print_settings_id = 0.20mm Standard @Creality Ender3V3SE 0.4 - Copy
; printable_area = 0x0,220x0,220x220,0x220
; printable_height = 250
; printer_model = Creality Ender-3 V3 SE
; printer_notes = 
; printer_settings_id = Creality Ender-3 V3 SE 0.4 nozzle
; printer_structure = i3
; printer_technology = FFF
; printer_variant = 0.4
; printhost_authorization_type = key
; printhost_ssl_ignore_revoke = 0
; printing_by_object_gcode = 
; purge_in_prime_tower = 1
; raft_contact_distance = 0.1
; raft_expansion = 1.5
; raft_first_layer_density = 90%
; raft_first_layer_expansion = 2
; raft_layers = 0
; reduce_crossing_wall = 0
; reduce_fan_stop_start_freq = 1
; reduce_infill_retraction = 1
; required_nozzle_HRC = 0
; resolution = 0.012
; retract_before_wipe = 70%
; retract_length_toolchange = 1
; retract_lift_above = 0
; retract_lift_below = 0
; retract_lift_enforce = All Surfaces
; retract_on_top_layer = 1
; retract_restart_extra = 0
; retract_restart_extra_toolchange = 0
; retract_when_changing_layer = 1
; retraction_distances_when_cut = 18
; retraction_length = 1.2
; retraction_minimum_travel = 2
; retraction_speed = 40
; role_based_wipe_speed = 1
; rotate_solid_infill_direction = 1
; scan_first_layer = 0
; scarf_angle_threshold = 155
; scarf_joint_flow_ratio = 1
; scarf_joint_speed = 100%
; scarf_overhang_threshold = 40%
; seam_gap = 10%
; seam_position = aligned
; seam_slope_conditional = 0
; seam_slope_entire_loop = 0
; seam_slope_inner_walls = 0
; seam_slope_min_length = 20
; seam_slope_start_height = 0
; seam_slope_steps = 10
; seam_slope_type = none
; silent_mode = 0
; single_extruder_multi_material = 1
; single_extruder_multi_material_priming = 0
; single_loop_draft_shield = 0
; skirt_distance = 2
; skirt_height = 2
; skirt_loops = 0
; skirt_speed = 50
; skirt_start_angle = -135
; skirt_type = combined
; slice_closing_radius = 0.049
; slicing_mode = regular
; slow_down_for_layer_cooling = 1
; slow_down_layer_time = 5
; slow_down_layers = 0
; slow_down_min_speed = 40
; slowdown_for_curled_perimeters = 1
; small_area_infill_flow_compensation = 0
; small_area_infill_flow_compensation_model = 0,0;"\n0.2,0.4444";"\n0.4,0.6145";"\n0.6,0.7059";"\n0.8,0.7619";"\n1.5,0.8571";"\n2,0.8889";"\n3,0.9231";"\n5,0.9520";"\n10,1"
; small_perimeter_speed = 50%
; small_perimeter_threshold = 0
; solid_infill_direction = 45
; solid_infill_filament = 1
; sparse_infill_acceleration = 100%
; sparse_infill_density = 10%
; sparse_infill_filament = 1
; sparse_infill_line_width = 0.45
; sparse_infill_pattern = crosshatch
; sparse_infill_speed = 180
; spiral_finishing_flow_ratio = 0
; spiral_mode = 0
; spiral_mode_max_xy_smoothing = 200%
; spiral_mode_smooth = 0
; spiral_starting_flow_ratio = 0
; staggered_inner_seams = 0
; standby_temperature_delta = -5
; start_end_points = 30x-3,54x245
; supertack_plate_temp = 35
; supertack_plate_temp_initial_layer = 35
; support_air_filtration = 0
; support_angle = 0
; support_base_pattern = rectilinear
; support_base_pattern_spacing = 2.5
; support_bottom_interface_spacing = 0.5
; support_bottom_z_distance = 0.2
; support_chamber_temp_control = 0
; support_critical_regions_only = 0
; support_expansion = 0
; support_filament = 0
; support_interface_bottom_layers = -1
; support_interface_filament = 0
; support_interface_loop_pattern = 0
; support_interface_not_for_body = 1
; support_interface_pattern = auto
; support_interface_spacing = 0.5
; support_interface_speed = 80
; support_interface_top_layers = 2
; support_line_width = 0.38
; support_material_interface_fan_speed = -1
; support_multi_bed_types = 0
; support_object_first_layer_gap = 0.2
; support_object_xy_distance = 0.35
; support_on_build_plate_only = 0
; support_remove_small_overhang = 1
; support_speed = 50
; support_style = default
; support_threshold_angle = 30
; support_threshold_overlap = 50%
; support_top_z_distance = 0.15
; support_type = tree(auto)
; temperature_vitrification = 60
; template_custom_gcode = 
; textured_cool_plate_temp = 40
; textured_cool_plate_temp_initial_layer = 40
; textured_plate_temp = 55
; textured_plate_temp_initial_layer = 55
; thick_bridges = 0
; thick_internal_bridges = 1
; thumbnails = 
; thumbnails_format = PNG
; time_cost = 0
; time_lapse_gcode = 
; timelapse_type = 0
; top_bottom_infill_wall_overlap = 25%
; top_shell_layers = 4
; top_shell_thickness = 0.8
; top_solid_infill_flow_ratio = 1
; top_surface_acceleration = 2500
; top_surface_jerk = 9
; top_surface_line_width = 0.42
; top_surface_pattern = monotonicline
; top_surface_speed = 100
; travel_acceleration = 2500
; travel_jerk = 12
; travel_slope = 3
; travel_speed = 150
; travel_speed_z = 0
; tree_support_adaptive_layer_height = 1
; tree_support_angle_slow = 25
; tree_support_auto_brim = 1
; tree_support_branch_angle = 40
; tree_support_branch_angle_organic = 40
; tree_support_branch_diameter = 5
; tree_support_branch_diameter_angle = 5
; tree_support_branch_diameter_organic = 2
; tree_support_branch_distance = 5
; tree_support_branch_distance_organic = 1
; tree_support_brim_width = 3
; tree_support_tip_diameter = 0.8
; tree_support_top_rate = 30%
; tree_support_wall_count = 2
; upward_compatible_machine = 
; use_firmware_retraction = 0
; use_relative_e_distances = 1
; wall_direction = auto
; wall_distribution_count = 1
; wall_filament = 1
; wall_generator = arachne
; wall_loops = 2
; wall_sequence = inner wall/outer wall
; wall_transition_angle = 10
; wall_transition_filter_deviation = 25%
; wall_transition_length = 100%
; wipe = 1
; wipe_before_external_loop = 0
; wipe_distance = 1
; wipe_on_loops = 0
; wipe_speed = 80%
; wipe_tower_bridging = 10
; wipe_tower_cone_angle = 0
; wipe_tower_extra_flow = 100%
; wipe_tower_extra_spacing = 100%
; wipe_tower_filament = 0
; wipe_tower_max_purge_speed = 90
; wipe_tower_no_sparse_layers = 0
; wipe_tower_rotation_angle = 0
; wipe_tower_x = 0.000
; wipe_tower_x = 0
; wipe_tower_y = 250.000
; wipe_tower_y = 250
; wiping_volumes_extruders = 70,70,70,70,70,70,70,70,70,70
; xy_contour_compensation = 0.099
; xy_hole_compensation = 0
; z_hop = 0.4
; z_hop_types = Spiral Lift
; z_offset = 0
; first_layer_bed_temperature = 55
; bed_shape = 0x0,220x0,220x220,0x220
; first_layer_temperature = 210
; first_layer_height = 0.200
; CONFIG_BLOCK_END


