; HEADER_BLOCK_START
; generated by OrcaSlicer 2.3.0 on 2026-03-03 at 18:13:24
; total layer number: 10
;_GP_TOTAL_LAYER_NUMBER_PLACEHOLDER
; filament_density: 1.24
; filament_diameter: 1.75
; max_z_height: 2.00
; HEADER_BLOCK_END

; external perimeters extrusion width = 0.42mm
; perimeters extrusion width = 0.45mm
; infill extrusion width = 0.45mm
; solid infill extrusion width = 0.42mm
; top infill extrusion width = 0.42mm
; support material extrusion width = 0.38mm
; first layer extrusion width = 0.46mm

; EXECUTABLE_BLOCK_START
M201 X2500 Y2500 Z500 E5000
M203 X250 Y250 Z5 E40
M204 P2500 R500 T2500 ; sets acceleration (P, T) and retract acceleration (R), mm/sec^2
M205 X10.00 Y10.00 Z0.40 E5.00 ; sets the jerk limits, mm/sec
;TYPE:Custom
M220 S100 ;Reset Feedrate 
M221 S100 ;Reset Flowrate 
 
M104 S210 ;Set final nozzle temp 
M190 S55 ;Set and wait for bed temp to stabilize 
G28 ;Home 
G92 E0 ;Reset Extruder 
G1 Z2.0 F3000 ;Move Z Axis up 
G1 X-2.1 Y20 Z0.28 F5000.0 ;Move to start position 
M109 S210 ;Wait for nozzle temp to stabilize 
G1 X-2.1 Y145.0 Z0.28 F1500.0 E15 ;Draw the first line 
G1 X-2.4 Y145.0 Z0.28 F5000.0 ;Move to side a little 
G1 X-2.4 Y20 Z0.28 F1500.0 E30 ;Draw the second line 
G92 E0  ;Reset Extruder 
G1 E-1.0000 F1800 ;Retract a bit 
G1 Z2.0 F3000 ;Move Z Axis up 
G1 E0.0000 F1800
G90
G21
M83 ; use relative distances for extrusion
; filament start gcode
M900 K0.115; Override pressure advance value
M106 S0
;LAYER_CHANGE
;Z:0.2
;HEIGHT:0.2
;BEFORE_LAYER_CHANGE
;0.2
G92 E0

G1 E-1 F2400
;_SET_FAN_SPEED_CHANGING_LAYER
M204 P500
; printing object ОсновнойПрофиль.stl id:503862 copy 0
M204 T500
G1 X80.134 Y110.127 F9000
G1 Z.6
G1 Z.2
G1 E1 F2700
;TYPE:Inner wall
;WIDTH:0.459999
G1 F1800
G1 X80.154 Y109.961 E.00509
G1 X80.071 Y109.687 E.00875
G1 X78.136 Y106.339 E.11802
G1 X77.819 Y105.81 E.01882
G1 X77.648 Y105.667 E.0068
G1 X77.404 Y105.59 E.0078
G1 X73.145 Y105.153 E.13067
G1 X72.056 Y105.153 E.03322
G1 X72.139 Y104.504 E.01996
G1 X72.408 Y102.894 E.04981
G1 X72.624 Y101.835 E.033
G1 X73.007 Y100.249 E.04978
G1 X73.457 Y98.681 E.04979
G1 X73.792 Y97.654 E.03299
G1 X74.354 Y96.119 E.04986
G1 X74.761 Y95.118 E.03299
G1 X75.43 Y93.627 E.04986
G1 X75.908 Y92.655 E.03307
G1 X76.414 Y91.697 E.03309
G1 X77.188 Y90.347 E.04746
G1 X77.8 Y89.362 E.0354
G1 X78.712 Y88.007 E.04986
G1 X79.347 Y87.131 E.03303
G1 X79.739 Y86.627 E.01948
G1 X80.534 Y87.416 E.03419
G1 X83.831 Y90.096 E.12964
G1 X84.083 Y90.219 E.00858
G1 X84.387 Y90.214 E.00928
G1 X88.68 Y89.062 E.13565
G1 X88.921 Y88.895 E.00894
G1 X89.058 Y88.64 E.00883
G1 X90.067 Y84.881 E.11877
G1 X90.206 Y84.348 E.01682
G1 X90.185 Y84.068 E.00858
G1 X90.072 Y83.858 E.00727
G1 X87.37 Y80.54 E.1306
G1 X86.601 Y79.773 E.03316
G1 X87.576 Y79.036 E.03728
G1 X88.461 Y78.415 E.03301
G1 X89.833 Y77.524 E.0499
G1 X90.76 Y76.968 E.03301
G1 X92.198 Y76.173 E.05015
G1 X93.169 Y75.681 E.0332
G1 X94.114 Y75.235 E.03191
;WIDTH:0.498204
G1 X94.281 Y75.183 E.00582
;WIDTH:0.536409
G1 X94.448 Y75.131 E.00631
;WIDTH:0.574614
G1 X94.615 Y75.08 E.0068
G1 X94.532 Y75.168 E.00471
;WIDTH:0.539118
G1 X94.358 Y75.371 E.00972
;WIDTH:0.499559
G1 X94.184 Y75.574 E.00894
;WIDTH:0.459999
G1 X93.708 Y76.332 E.02731
G1 X93.468 Y77.169 E.02658
G1 X93.448 Y77.83 E.02017
G1 X93.592 Y78.555 E.02259
G1 X93.859 Y79.153 E.01997
G1 X94.164 Y79.595 E.01638
G1 X94.542 Y79.97 E.01626
G1 X95.277 Y80.437 E.02658
G1 X95.77 Y80.612 E.01596
G1 X96.049 Y80.669 E.00869
G1 X96.562 Y80.71 E.01573
G1 X97.077 Y80.649 E.01581
G1 X97.68 Y80.505 E.01893
G1 X98.392 Y80.121 E.0247
G1 X98.833 Y79.734 E.01788
G1 X98.996 Y79.528 E.00803
G1 X99.408 Y78.878 E.0235
G1 X99.583 Y78.385 E.01595
G1 X99.674 Y77.865 E.01613
G1 X99.666 Y77.269 E.01817
G1 X99.483 Y76.49 E.02445
G1 X99.258 Y76.018 E.01595
G1 X98.96 Y75.592 E.01588
G1 X98.582 Y75.216 E.01626
G1 X97.847 Y74.749 E.02658
G1 X97.203 Y74.541 E.02065
G1 X96.488 Y74.476 E.0219
;WIDTH:0.494953
G1 X96.221 Y74.485 E.00885
;WIDTH:0.529906
G1 X95.953 Y74.495 E.00954
G1 X96.313 Y74.336 E.01402
;WIDTH:0.494953
G1 X96.673 Y74.177 E.01301
;WIDTH:0.459999
G1 X98.125 Y73.671 E.04692
G1 X99.244 Y73.325 E.03576
G1 X100.747 Y72.918 E.0475
G1 X101.878 Y72.655 E.03545
G1 X103.406 Y72.356 E.04751
G1 X104.554 Y72.173 E.03548
G1 X105.148 Y72.099 E.01827
G1 X105.151 Y73.218 E.03414
G1 X105.586 Y77.441 E.12957
G1 X105.679 Y77.71 E.00868
G1 X105.896 Y77.919 E.00919
G1 X109.742 Y80.133 E.13545
G1 X110.025 Y80.188 E.00879
G1 X110.312 Y80.105 E.00914
G1 X114.176 Y77.877 E.13611
G1 X114.337 Y77.684 E.00767
G1 X114.414 Y77.441 E.00778
G1 X114.852 Y73.153 E.13152
G1 X114.852 Y72.099 E.03219
G1 X115.489 Y72.179 E.0196
G1 X117.101 Y72.448 E.04988
G1 X118.239 Y72.681 E.03544
G1 X119.752 Y73.046 E.04751
G1 X120.87 Y73.359 E.03545
G1 X122.354 Y73.831 E.04751
G1 X123.447 Y74.223 E.03545
G1 X124.892 Y74.798 E.04745
G1 X126.312 Y75.432 E.04745
G1 X127.355 Y75.942 E.03544
G1 X128.728 Y76.676 E.0475
G1 X129.732 Y77.259 E.03545
G1 X131.049 Y78.088 E.04749
G1 X132.011 Y78.742 E.03551
G1 X132.89 Y79.379 E.03311
G1 X133.398 Y79.773 E.01962
G1 X132.61 Y80.565 E.03413
G1 X129.927 Y83.858 E.12962
G1 X129.802 Y84.116 E.00873
G1 X129.808 Y84.415 E.00915
G1 X130.818 Y88.18 E.11895
G1 X131.013 Y88.807 E.02003
G1 X131.181 Y88.986 E.00749
G1 X131.384 Y89.082 E.00686
G1 X135.67 Y90.23 E.1354
G1 X135.962 Y90.207 E.00895
G1 X136.169 Y90.096 E.00718
G1 X139.491 Y87.396 E.13062
G1 X140.261 Y86.627 E.03322
G1 X140.998 Y87.6 E.03727
G1 X141.62 Y88.485 E.03301
G1 X142.512 Y89.855 E.04989
G1 X143.069 Y90.782 E.033
G1 X143.55 Y91.65 E.03029
G1 X144.065 Y92.612 E.03329
G1 X144.824 Y94.174 E.05299
;WIDTH:0.497953
G1 X144.938 Y94.487 E.0111
;WIDTH:0.535906
G1 X145.053 Y94.8 E.01203
G1 X144.947 Y94.675 E.0059
;WIDTH:0.504067
G1 X144.462 Y94.199 E.02293
;WIDTH:0.459999
G1 X143.727 Y93.732 E.02656
G1 X143.235 Y93.558 E.01595
G1 X143.001 Y93.517 E.00723
G1 X142.214 Y93.464 E.02407
G1 X141.548 Y93.589 E.0207
G1 X140.889 Y93.872 E.02187
G1 X140.44 Y94.18 E.01661
G1 X140.064 Y94.557 E.01626
G1 X139.596 Y95.292 E.02658
G1 X139.395 Y95.887 E.01917
G1 X139.334 Y96.423 E.01645
G1 X139.372 Y97.16 E.02253
G1 X139.52 Y97.669 E.01617
G1 X139.73 Y98.077 E.014
G1 X140.086 Y98.621 E.01983
G1 X140.728 Y99.185 E.0261
G1 X141.331 Y99.491 E.02064
G1 X142.203 Y99.686 E.02727
G1 X143.091 Y99.628 E.02715
G1 X143.851 Y99.361 E.02459
G1 X144.468 Y98.95 E.02261
G1 X144.919 Y98.476 E.01997
G1 X145.197 Y98.052 E.01549
G1 X145.403 Y97.572 E.01592
G1 X145.525 Y97.071 E.01576
G1 X145.553 Y96.323 E.02284
;WIDTH:0.49154
G1 X145.428 Y95.617 E.02352
G1 X145.863 Y96.689 E.03796
;WIDTH:0.459999
G1 X146.369 Y98.139 E.04688
G1 X146.716 Y99.257 E.03573
G1 X147.123 Y100.758 E.04746
G1 X147.387 Y101.888 E.03541
G1 X147.686 Y103.414 E.04746
G1 X147.869 Y104.56 E.03543
G1 X147.943 Y105.153 E.01822
G1 X146.823 Y105.156 E.03419
G1 X142.621 Y105.587 E.1289
G1 X142.323 Y105.684 E.00956
G1 X142.118 Y105.899 E.00908
G1 X140.21 Y109.2 E.11634
G1 X139.863 Y109.848 E.02244
G1 X139.853 Y110.101 E.00774
G1 X139.926 Y110.308 E.00669
G1 X142.155 Y114.165 E.13597
G1 X142.352 Y114.333 E.00788
G1 X142.595 Y114.41 E.0078
G1 X146.887 Y114.847 E.13165
G1 X147.944 Y114.847 E.03226
G1 X147.781 Y116.023 E.03621
G1 X147.595 Y117.091 E.03309
G1 X147.378 Y118.153 E.03308
G1 X147.002 Y119.714 E.04902
G1 X146.682 Y120.858 E.03625
G1 X146.21 Y122.34 E.04745
G1 X145.817 Y123.432 E.03542
G1 X145.242 Y124.875 E.04741
G1 X144.607 Y126.293 E.04742
G1 X144.096 Y127.335 E.03542
G1 X143.362 Y128.706 E.04747
G1 X142.778 Y129.71 E.03543
G1 X141.948 Y131.025 E.04747
G1 X141.293 Y131.986 E.0355
G1 X140.656 Y132.864 E.0331
G1 X140.261 Y133.373 E.01967
G1 X139.466 Y132.584 E.03419
G1 X136.169 Y129.904 E.12964
G1 X135.922 Y129.782 E.00843
G1 X135.613 Y129.786 E.00943
G1 X131.949 Y130.766 E.11575
G1 X131.231 Y130.981 E.02286
G1 X131.039 Y131.155 E.00794
G1 X130.941 Y131.36 E.00691
G1 X129.795 Y135.632 E.13499
G1 X129.815 Y135.932 E.00917
G1 X129.927 Y136.142 E.00727
G1 X132.63 Y139.46 E.1306
G1 X133.398 Y140.227 E.03316
G1 X132.425 Y140.963 E.03722
G1 X131.54 Y141.584 E.03302
G1 X130.168 Y142.475 E.04991
G1 X129.24 Y143.032 E.03303
G1 X127.615 Y143.922 E.05655
G1 X125.845 Y144.785 E.0601
;WIDTH:0.50461
G1 X125.12 Y145.069 E.0263
G1 X125.44 Y144.804 E.01406
;WIDTH:0.459999
G1 X125.816 Y144.426 E.01626
G1 X126.292 Y143.668 E.02731
G1 X126.532 Y142.831 E.02658
G1 X126.551 Y142.17 E.02017
G1 X126.407 Y141.445 E.02259
G1 X126.141 Y140.847 E.01997
G1 X125.836 Y140.405 E.01638
G1 X125.458 Y140.03 E.01626
G1 X124.723 Y139.563 E.02658
G1 X124.079 Y139.355 E.02065
G1 X123.225 Y139.292 E.02612
G1 X122.627 Y139.402 E.01857
G1 X122.048 Y139.611 E.01876
G1 X121.608 Y139.879 E.01574
G1 X121.167 Y140.266 E.0179
G1 X121.004 Y140.472 E.00803
G1 X120.592 Y141.122 E.0235
G1 X120.417 Y141.615 E.01595
G1 X120.326 Y142.135 E.01613
G1 X120.333 Y142.731 E.01817
G1 X120.517 Y143.51 E.02445
G1 X120.742 Y143.982 E.01595
G1 X121.04 Y144.408 E.01588
G1 X121.404 Y144.774 E.01575
G1 X122.03 Y145.19 E.02292
G1 X122.869 Y145.474 E.02705
G1 X123.691 Y145.515 E.02512
;WIDTH:0.489628
G1 X124.397 Y145.39 E.02344
G1 X123.327 Y145.823 E.03775
;WIDTH:0.459999
G1 X121.875 Y146.329 E.04692
G1 X120.755 Y146.675 E.03576
G1 X119.253 Y147.082 E.0475
G1 X118.122 Y147.345 E.03545
G1 X116.594 Y147.644 E.04751
G1 X115.446 Y147.827 E.03548
G1 X114.852 Y147.901 E.01827
G1 X114.848 Y146.782 E.03414
G1 X114.414 Y142.559 E.12957
G1 X114.321 Y142.29 E.00868
G1 X114.104 Y142.081 E.00919
G1 X110.916 Y140.243 E.11231
G1 X110.17 Y139.835 E.02594
G1 X109.906 Y139.818 E.0081
G1 X109.687 Y139.895 E.00706
G1 X105.838 Y142.115 E.13561
G1 X105.665 Y142.313 E.00803
G1 X105.586 Y142.559 E.00789
G1 X105.148 Y146.847 E.13152
G1 X105.148 Y147.901 E.03219
G1 X104.511 Y147.821 E.0196
G1 X102.899 Y147.552 E.04989
G1 X101.838 Y147.336 E.03304
G1 X100.248 Y146.954 E.04992
G1 X99.204 Y146.663 E.03305
G1 X97.645 Y146.169 E.04991
G1 X96.625 Y145.805 E.03305
G1 X95.108 Y145.202 E.04984
G1 X93.617 Y144.535 E.04985
G1 X92.645 Y144.058 E.03303
G1 X91.203 Y143.286 E.04992
G1 X90.266 Y142.74 E.0331
G1 X89.344 Y142.168 E.03312
G1 X88.051 Y141.301 E.04751
G1 X87.109 Y140.621 E.03545
G1 X86.601 Y140.227 E.01961
G1 X87.39 Y139.435 E.03412
G1 X90.072 Y136.142 E.12962
G1 X90.197 Y135.889 E.0086
G1 X90.192 Y135.585 E.00929
G1 X89.247 Y132.063 E.11126
G1 X89.005 Y131.226 E.02659
G1 X88.838 Y131.028 E.00793
G1 X88.616 Y130.918 E.00756
G1 X84.387 Y129.786 E.1336
G1 X84.118 Y129.774 E.00821
G1 X83.831 Y129.904 E.00964
G1 X80.509 Y132.604 E.13062
G1 X79.739 Y133.373 E.03322
G1 X79.002 Y132.4 E.03727
G1 X78.38 Y131.515 E.03301
G1 X77.488 Y130.145 E.04989
G1 X76.93 Y129.218 E.033
G1 X76.042 Y127.6 E.05633
G1 X75.578 Y126.678 E.0315
G1 X75.176 Y125.826 E.02874
;WIDTH:0.501985
G1 X75.076 Y125.542 E.01013
;WIDTH:0.54397
G1 X74.976 Y125.257 E.01105
G1 X75.046 Y125.331 E.00372
;WIDTH:0.522229
G1 X75.292 Y125.566 E.01193
;WIDTH:0.491114
G1 X75.538 Y125.801 E.01115
;WIDTH:0.459999
G1 X76.296 Y126.275 E.02729
G1 X77.133 Y126.515 E.02658
G1 X77.794 Y126.534 E.02017
G1 X78.52 Y126.391 E.02259
G1 X79.118 Y126.125 E.01998
G1 X79.56 Y125.82 E.01638
G1 X79.936 Y125.443 E.01626
G1 X80.404 Y124.708 E.02658
G1 X80.595 Y124.161 E.01769
G1 X80.669 Y123.662 E.0154
G1 X80.615 Y122.79 E.02664
G1 X80.404 Y122.146 E.02071
G1 X80.028 Y121.518 E.02232
G1 X79.724 Y121.205 E.01333
G1 X79.257 Y120.807 E.01871
G1 X78.538 Y120.461 E.02436
G1 X77.907 Y120.322 E.01972
G1 X77.329 Y120.311 E.01764
G1 X76.663 Y120.436 E.0207
G1 X75.989 Y120.726 E.02239
G1 X75.532 Y121.05 E.01709
G1 X75.081 Y121.524 E.01997
G1 X74.802 Y121.948 E.01549
G1 X74.596 Y122.428 E.01592
G1 X74.474 Y122.929 E.01576
G1 X74.447 Y123.677 E.02284
;WIDTH:0.49174
G1 X74.572 Y124.383 E.02353
G1 X74.137 Y123.311 E.03797
;WIDTH:0.459999
G1 X73.63 Y121.861 E.04688
G1 X73.284 Y120.742 E.03574
G1 X72.876 Y119.24 E.04751
G1 X72.612 Y118.107 E.03549
G1 X72.312 Y116.58 E.0475
G1 X72.13 Y115.431 E.03551
G1 X72.056 Y114.847 E.01794
G1 X73.177 Y114.844 E.0342
G1 X77.459 Y114.402 E.13138
G1 X77.718 Y114.287 E.00866
G1 X77.882 Y114.101 E.00757
G1 X79.663 Y111.019 E.10864
G1 X80.126 Y110.188 E.02901
G1 X80.129 Y110.167 E.00066
G1 X79.708 Y110.056 F9000
;TYPE:Outer wall
G1 F1800
G1 X79.692 Y109.906 E.0046
G1 X77.484 Y106.092 E.13451
G1 X77.36 Y106.026 E.00429
G1 X73.122 Y105.591 E.12999
G1 X71.559 Y105.591 E.04772
G1 X71.705 Y104.44 E.03541
G1 X71.977 Y102.814 E.05031
G1 X72.196 Y101.739 E.03347
G1 X72.583 Y100.137 E.0503
G1 X73.038 Y98.553 E.05031
G1 X73.378 Y97.51 E.03346
G1 X73.945 Y95.961 E.05033
G1 X74.358 Y94.946 E.03347
G1 X75.033 Y93.441 E.05034
G1 X75.517 Y92.456 E.03349
G1 X76.03 Y91.485 E.03351
G1 X76.811 Y90.123 E.04793
G1 X77.431 Y89.124 E.03588
G1 X78.352 Y87.755 E.05034
G1 X78.997 Y86.867 E.03349
G1 X79.698 Y85.966 E.03485
G1 X80.803 Y87.07 E.04769
G1 X84.13 Y89.774 E.13084
G1 X84.274 Y89.791 E.00441
G1 X88.53 Y88.649 E.13449
G1 X88.635 Y88.527 E.00492
G1 X89.772 Y84.282 E.13412
G1 X89.732 Y84.135 E.00463
G1 X87.044 Y80.835 E.12991
G1 X85.936 Y79.728 E.04778
G1 X86 Y79.677 E.00248
G1 X87.318 Y78.682 E.05041
G1 X88.216 Y78.052 E.03348
G1 X89.6 Y77.152 E.05037
G1 X90.541 Y76.588 E.03349
G1 X91.993 Y75.785 E.05063
G1 X92.976 Y75.287 E.03363
G1 X93.973 Y74.816 E.03364
G1 X95.374 Y74.213 E.04655
G1 X96.521 Y73.766 E.03759
G1 X97.988 Y73.255 E.0474
G1 X99.122 Y72.904 E.03624
G1 X100.64 Y72.493 E.04798
G1 X101.786 Y72.226 E.03593
G1 X103.329 Y71.924 E.04799
G1 X104.492 Y71.739 E.03594
G1 X105.587 Y71.602 E.03366
G1 X105.587 Y73.163 E.04764
G1 X106.023 Y77.404 E.13012
G1 X106.115 Y77.539 E.00497
G1 X109.931 Y79.737 E.1344
G1 X110.093 Y79.725 E.00497
G1 X113.909 Y77.525 E.13443
G1 X113.978 Y77.396 E.00445
G1 X114.413 Y73.153 E.13015
G1 X114.413 Y71.601 E.04737
G1 X115.552 Y71.745 E.03504
G1 X117.181 Y72.017 E.05039
G1 X118.334 Y72.253 E.03592
G1 X119.862 Y72.622 E.04799
G1 X120.996 Y72.939 E.03592
G1 X122.494 Y73.416 E.04799
G1 X123.603 Y73.813 E.03592
G1 X125.063 Y74.394 E.04796
G1 X126.498 Y75.035 E.04796
G1 X127.555 Y75.552 E.03592
G1 X128.941 Y76.293 E.04798
G1 X129.959 Y76.884 E.03592
G1 X131.289 Y77.721 E.04797
G1 X132.263 Y78.383 E.03594
G1 X133.153 Y79.028 E.03353
G1 X134.06 Y79.731 E.03503
G1 X132.956 Y80.835 E.04766
G1 X130.248 Y84.159 E.13084
G1 X130.232 Y84.302 E.0044
G1 X131.374 Y88.552 E.13432
G1 X131.497 Y88.659 E.00498
G1 X135.744 Y89.796 E.13418
G1 X135.893 Y89.755 E.00469
G1 X139.197 Y87.07 E.12993
G1 X140.305 Y85.963 E.04781
G1 X140.355 Y86.025 E.00242
G1 X141.352 Y87.342 E.05043
G1 X141.983 Y88.24 E.03349
G1 X142.884 Y89.622 E.05036
G1 X143.449 Y90.563 E.03348
G1 X144.253 Y92.013 E.05061
G1 X144.752 Y92.995 E.03361
G1 X145.223 Y93.991 E.03361
G1 X145.837 Y95.416 E.04736
G1 X146.274 Y96.537 E.03672
G1 X146.786 Y98.002 E.04735
G1 X147.137 Y99.135 E.0362
G1 X147.548 Y100.651 E.04794
G1 X147.816 Y101.796 E.03589
G1 X148.118 Y103.337 E.04794
G1 X148.303 Y104.499 E.03589
G1 X148.44 Y105.591 E.03361
G1 X146.877 Y105.591 E.04771
G1 X142.631 Y106.027 E.13029
G1 X142.497 Y106.119 E.00493
G1 X140.59 Y109.419 E.11634
G1 X140.289 Y109.955 E.01874
G1 X140.307 Y110.092 E.00424
G1 X142.51 Y113.903 E.13433
G1 X142.64 Y113.974 E.00453
G1 X146.887 Y114.409 E.13028
G1 X148.444 Y114.409 E.04752
G1 X148.43 Y114.534 E.00383
G1 X148.214 Y116.09 E.04796
G1 X148.026 Y117.172 E.03351
G1 X147.806 Y118.248 E.0335
G1 X147.427 Y119.825 E.0495
G1 X147.102 Y120.984 E.03673
G1 X146.625 Y122.48 E.04793
G1 X146.228 Y123.587 E.0359
G1 X145.646 Y125.046 E.04792
G1 X145.004 Y126.479 E.04793
G1 X144.487 Y127.535 E.0359
G1 X143.745 Y128.92 E.04794
G1 X143.153 Y129.937 E.0359
G1 X142.315 Y131.265 E.04794
G1 X141.652 Y132.238 E.03593
G1 X141.007 Y133.127 E.03352
G1 X140.302 Y134.034 E.03505
G1 X139.197 Y132.93 E.04769
G1 X135.869 Y130.226 E.13085
G1 X135.726 Y130.209 E.00439
G1 X132.062 Y131.19 E.11575
G1 X131.452 Y131.36 E.01935
G1 X131.366 Y131.471 E.00428
G1 X130.228 Y135.713 E.13405
G1 X130.267 Y135.865 E.00478
G1 X132.956 Y139.165 E.12991
G1 X134.063 Y140.272 E.04778
G1 X134.002 Y140.321 E.0024
G1 X132.684 Y141.317 E.05044
G1 X131.785 Y141.948 E.0335
G1 X130.4 Y142.847 E.05039
G1 X129.459 Y143.412 E.0335
G1 X128.007 Y144.215 E.05065
G1 X127.024 Y144.713 E.03363
G1 X126.027 Y145.184 E.03364
G1 X124.626 Y145.787 E.04655
G1 X123.478 Y146.234 E.03759
G1 X122.012 Y146.745 E.0474
G1 X120.878 Y147.096 E.03624
G1 X119.36 Y147.507 E.04798
G1 X118.213 Y147.774 E.03593
G1 X116.67 Y148.076 E.04799
G1 X115.507 Y148.261 E.03594
G1 X114.413 Y148.398 E.03366
G1 X114.413 Y146.837 E.04764
G1 X113.977 Y142.596 E.13012
G1 X113.885 Y142.461 E.00497
G1 X110.697 Y140.623 E.11231
G1 X110.051 Y140.257 E.02267
G1 X109.906 Y140.275 E.00444
G1 X106.096 Y142.472 E.13425
G1 X106.022 Y142.604 E.00461
G1 X105.587 Y146.847 E.13015
G1 X105.587 Y148.399 E.04737
G1 X104.447 Y148.255 E.03504
G1 X102.819 Y147.983 E.05039
G1 X101.743 Y147.765 E.03352
G1 X100.137 Y147.378 E.05039
G1 X99.079 Y147.084 E.03352
G1 X97.505 Y146.584 E.05039
G1 X96.471 Y146.215 E.03352
G1 X94.937 Y145.606 E.05037
G1 X93.431 Y144.932 E.05037
G1 X92.445 Y144.449 E.0335
G1 X90.989 Y143.669 E.05039
G1 X90.04 Y143.116 E.03353
G1 X89.106 Y142.536 E.03354
G1 X87.8 Y141.661 E.04797
G1 X86.846 Y140.972 E.03592
G1 X85.939 Y140.269 E.03503
G1 X87.044 Y139.165 E.04765
G1 X89.752 Y135.835 E.13101
G1 X89.768 Y135.698 E.0042
G1 X88.619 Y131.433 E.13479
G1 X88.502 Y131.341 E.00454
G1 X84.253 Y130.205 E.13424
G1 X84.107 Y130.245 E.00461
G1 X80.803 Y132.93 E.12993
G1 X79.695 Y134.037 E.04781
G1 X79.645 Y133.975 E.00242
G1 X78.647 Y132.658 E.05042
G1 X78.016 Y131.76 E.03349
G1 X77.116 Y130.378 E.05036
G1 X76.551 Y129.437 E.03348
G1 X75.747 Y127.987 E.05062
G1 X75.248 Y127.005 E.03361
G1 X74.777 Y126.009 E.03361
G1 X74.162 Y124.584 E.04736
G1 X73.725 Y123.463 E.03672
G1 X73.214 Y121.998 E.04736
G1 X72.862 Y120.865 E.03622
G1 X72.451 Y119.347 E.04799
G1 X72.183 Y118.199 E.03597
G1 X71.88 Y116.657 E.04798
G1 X71.695 Y115.492 E.03597
G1 X71.559 Y114.409 E.03333
G1 X73.122 Y114.409 E.04771
G1 X77.376 Y113.971 E.13049
G1 X77.502 Y113.881 E.00474
G1 X79.688 Y110.091 E.13353
G1 E-.7 F2400
;WIPE_START
G1 F1800
G1 X79.692 Y109.906 E-.05539
G1 X79.283 Y109.201 E-.24461
;WIPE_END
G17
G3 Z.6 I.271 J1.186 P1  F9000
G1 X140.085 Y95.323 Z.6
G1 Z.2
G1 E1 F2700
G1 F1800
G1 X140.429 Y94.801 E.01907
G1 X140.763 Y94.481 E.01412
G1 X141.084 Y94.266 E.01179
G1 X141.721 Y93.992 E.02116
G1 X142.283 Y93.897 E.0174
G1 X142.961 Y93.954 E.02077
G1 X143.581 Y94.146 E.0198
G1 X144.218 Y94.564 E.02327
G1 X144.604 Y94.984 E.0174
G1 X144.965 Y95.656 E.02327
G1 X145.123 Y96.409 E.02348
G1 X145.088 Y97.042 E.01937
G1 X144.97 Y97.487 E.01403
G1 X144.797 Y97.87 E.01284
G1 X144.601 Y98.174 E.01103
G1 X144.15 Y98.648 E.01997
G1 X143.618 Y98.99 E.01931
G1 X142.956 Y99.211 E.0213
G1 X142.186 Y99.248 E.02351
G1 X141.44 Y99.066 E.02346
G1 X140.937 Y98.8 E.01735
G1 X140.382 Y98.298 E.02284
G1 X139.953 Y97.586 E.02537
G1 X139.805 Y97.085 E.01594
G1 X139.772 Y96.406 E.02075
G1 X139.835 Y95.931 E.01461
G1 X140.009 Y95.439 E.01595
G1 X140.063 Y95.357 E.00299
G1 E-.7 F2400
;WIPE_START
G1 F1800
G1 X140.429 Y94.801 E-.1995
G1 X140.671 Y94.569 E-.1005
;WIPE_END
G17
G3 Z.6 I-.064 J1.215 P1  F9000
G1 X145.053 Y94.8 Z.6
G1 Z.2
G1 E1 F2700
;TYPE:Inner wall
;WIDTH:0.535906
G1 F1800
G1 X145.207 Y95.123 E.01293
;WIDTH:0.50824
G1 X145.362 Y95.446 E.0122
;WIDTH:0.491602
G1 X145.428 Y95.617 E.00599
G1 E-.7 F2400
;WIPE_START
G1 F1800
G1 X145.362 Y95.446 E-.06088
G1 X145.207 Y95.123 E-.11956
G1 X145.053 Y94.8 E-.11956
;WIPE_END
G17
G3 Z.6 I.348 J-1.166 P1  F9000
G1 X96.319 Y80.245 Z.6
G1 Z.2
G1 E1 F2700
;TYPE:Outer wall
;WIDTH:0.459999
G1 F1800
G1 X95.947 Y80.206 E.01141
G1 X95.423 Y80.024 E.01692
G1 X94.785 Y79.605 E.02329
G1 X94.465 Y79.272 E.01412
G1 X94.23 Y78.908 E.01322
G1 X93.993 Y78.377 E.01774
G1 X93.881 Y77.755 E.01928
G1 X93.906 Y77.192 E.01721
G1 X94.127 Y76.462 E.02327
G1 X94.548 Y75.818 E.0235
G1 X94.89 Y75.492 E.01441
G1 X95.386 Y75.18 E.01788
G1 X95.979 Y74.973 E.01919
G1 X96.448 Y74.912 E.01442
G1 X97.162 Y74.978 E.0219
G1 X97.7 Y75.162 E.01735
G1 X98.338 Y75.581 E.02329
G1 X98.659 Y75.914 E.01411
G1 X98.878 Y76.241 E.01201
G1 X99.096 Y76.701 E.01553
G1 X99.238 Y77.36 E.02058
G1 X99.233 Y77.888 E.01609
G1 X99.169 Y78.239 E.01088
G1 X98.995 Y78.731 E.01595
G1 X98.632 Y79.284 E.0202
G1 X98.248 Y79.664 E.01647
G1 X98.065 Y79.817 E.00729
G1 X97.481 Y80.114 E.01999
G1 X96.991 Y80.219 E.01528
G1 X96.574 Y80.272 E.01284
G1 X96.358 Y80.249 E.00662
G1 E-.7 F2400
;WIPE_START
G1 F1800
G1 X95.947 Y80.206 E-.12416
G1 X95.423 Y80.024 E-.16631
G1 X95.397 Y80.007 E-.00953
;WIPE_END
G17
G3 Z.6 I1.202 J-.191 P1  F9000
G1 X94.615 Y75.08 Z.6
G1 Z.2
G1 E1 F2700
;TYPE:Inner wall
;WIDTH:0.574614
G1 F1800
G1 X94.881 Y74.94 E.01168
;WIDTH:0.528057
G1 X95.146 Y74.8 E.01066
;WIDTH:0.511558
G1 X95.83 Y74.533 E.02516
;WIDTH:0.529906
G1 X95.953 Y74.495 E.0046
G1 E-.7 F2400
;WIPE_START
G1 F1800
G1 X95.83 Y74.533 E-.0387
G1 X95.146 Y74.8 E-.22012
G1 X95.025 Y74.864 E-.04118
;WIPE_END
G17
G3 Z.6 I-1.161 J-.364 P1  F9000
G1 X79.146 Y125.578 Z.6
G1 Z.2
G1 E1 F2700
;TYPE:Outer wall
;WIDTH:0.459999
G1 F1800
G1 X78.876 Y125.752 E.00982
G1 X78.342 Y125.99 E.01786
G1 X77.72 Y126.102 E.01929
G1 X77.156 Y126.077 E.01722
G1 X76.426 Y125.857 E.02328
G1 X75.781 Y125.436 E.02348
G1 X75.395 Y125.016 E.0174
G1 X75.035 Y124.344 E.02327
G1 X74.877 Y123.591 E.02348
G1 X74.912 Y122.958 E.01937
G1 X75.03 Y122.513 E.01403
G1 X75.203 Y122.13 E.01284
G1 X75.399 Y121.826 E.01103
G1 X75.85 Y121.352 E.01997
G1 X76.177 Y121.122 E.01222
G1 X76.836 Y120.839 E.02187
G1 X77.398 Y120.744 E.0174
G1 X77.909 Y120.762 E.0156
G1 X78.436 Y120.887 E.01654
G1 X79.058 Y121.198 E.02123
G1 X79.618 Y121.702 E.02298
G1 X79.973 Y122.281 E.02072
G1 X80.064 Y122.472 E.00645
G1 X80.203 Y122.961 E.01551
G1 X80.231 Y123.679 E.02193
G1 X80.165 Y124.069 E.01207
G1 X79.99 Y124.561 E.01595
G1 X79.571 Y125.199 E.02328
G1 X79.237 Y125.519 E.01412
G1 X79.18 Y125.556 E.00208
G1 E-.7 F2400
;WIPE_START
G1 F1800
G1 X78.876 Y125.752 E-.10849
G1 X78.342 Y125.99 E-.17553
G1 X78.289 Y125.999 E-.01599
;WIPE_END
G17
G3 Z.6 I.266 J-1.188 P1  F9000
G1 X74.976 Y125.257 Z.6
G1 Z.2
G1 E1 F2700
;TYPE:Inner wall
;WIDTH:0.54397
G1 F1800
G1 X74.807 Y124.905 E.01432
;WIDTH:0.512275
G1 X74.638 Y124.554 E.01341
;WIDTH:0.49174
G1 X74.572 Y124.383 E.00602
G1 E-.7 F2400
;WIPE_START
G1 F1800
G1 X74.638 Y124.554 E-.05701
G1 X74.807 Y124.905 E-.12149
G1 X74.976 Y125.257 E-.12149
;WIPE_END
G17
G3 Z.6 I.565 J1.078 P1  F9000
G1 X128.971 Y96.939 Z.6
G1 Z.2
G1 E1 F2700
;WIDTH:0.459999
G1 F1800
G1 X129.012 Y96.997 E.00217
G1 X129.675 Y98.022 E.03726
G1 X130.143 Y98.826 E.02839
G1 X130.74 Y99.974 E.03949
G1 X131.129 Y100.82 E.02842
G1 X131.545 Y101.853 E.03398
G1 X131.917 Y102.9 E.03392
G1 X132.282 Y104.141 E.03948
G1 X132.565 Y105.349 E.03785
G1 X132.747 Y106.336 E.03063
G1 X132.909 Y107.546 E.03726
G1 X132.961 Y108.136 E.01808
G1 X133.04 Y109.765 E.04978
G1 X133.031 Y110.619 E.02606
G1 X132.959 Y111.935 E.04022
G1 X132.861 Y112.87 E.02868
G1 X132.664 Y114.151 E.03956
G1 X132.397 Y115.404 E.0391
G1 X132.16 Y116.305 E.02842
G1 X131.789 Y117.483 E.0377
G1 X131.479 Y118.324 E.02736
G1 X130.964 Y119.549 E.04053
G1 X130.392 Y120.714 E.03963
G1 X129.942 Y121.529 E.02842
G1 X129.262 Y122.63 E.03948
G1 X128.726 Y123.41 E.02888
G1 X127.952 Y124.428 E.03904
G1 X127.556 Y124.9 E.01879
G1 X126.515 Y126.05 E.04734
G1 X125.852 Y126.703 E.02841
G1 X124.875 Y127.578 E.04004
G1 X123.872 Y128.377 E.03912
G1 X123.105 Y128.931 E.02888
G1 X122.082 Y129.598 E.03728
G1 X121.303 Y130.057 E.02759
G1 X120.443 Y130.509 E.02964
G1 X119.372 Y131.025 E.03628
G1 X118.138 Y131.533 E.04072
G1 X117.21 Y131.86 E.03003
G1 X116.026 Y132.216 E.03775
G1 X114.762 Y132.519 E.03966
G1 X113.774 Y132.706 E.03068
G1 X112.564 Y132.874 E.03729
G1 X111.84 Y132.94 E.02217
G1 X110.343 Y133.014 E.04576
G1 X109.411 Y133.009 E.02845
G1 X108.177 Y132.944 E.03772
G1 X107.235 Y132.851 E.02887
G1 X105.952 Y132.659 E.03961
G1 X104.696 Y132.399 E.03913
G1 X103.793 Y132.166 E.02844
G1 X102.612 Y131.801 E.03773
G1 X101.682 Y131.464 E.0302
G1 X100.533 Y130.984 E.038
G1 X99.371 Y130.421 E.0394
G1 X98.553 Y129.975 E.02844
G1 X97.448 Y129.302 E.0395
G1 X96.665 Y128.77 E.02889
G1 X95.642 Y128.001 E.03904
G1 X95.058 Y127.517 E.02316
G1 X94.458 Y126.981 E.02457
G1 X94.008 Y126.57 E.01856
G1 X93.354 Y125.915 E.02826
G1 X92.486 Y124.956 E.03948
G1 X91.886 Y124.225 E.02888
G1 X91.157 Y123.245 E.03726
G1 X90.636 Y122.474 E.0284
G1 X89.965 Y121.368 E.03949
G1 X89.528 Y120.546 E.02841
G1 X89.101 Y119.681 E.02944
G1 X88.485 Y118.237 E.04791
G1 X88.263 Y117.62 E.02002
G1 X87.865 Y116.371 E.03999
G1 X87.48 Y114.864 E.04749
G1 X87.298 Y113.935 E.02887
G1 X87.115 Y112.67 E.03902
G1 X87.033 Y111.828 E.0258
G1 X86.963 Y110.451 E.0421
G1 X86.975 Y109.152 E.03964
G1 X87.029 Y108.208 E.02886
G1 X87.157 Y106.994 E.03725
G1 X87.309 Y106.002 E.03063
G1 X87.557 Y104.789 E.03779
G1 X87.882 Y103.55 E.03909
G1 X88.166 Y102.647 E.02888
G1 X88.524 Y101.676 E.0316
G1 X89.126 Y100.256 E.04707
G1 X89.537 Y99.42 E.02841
G1 X89.98 Y98.607 E.02827
G1 X90.62 Y97.551 E.03768
G1 X91.148 Y96.766 E.02886
G1 X91.913 Y95.741 E.03904
G1 X92.45 Y95.099 E.02554
G1 X93.379 Y94.06 E.04254
G1 X94.314 Y93.14 E.04003
G1 X95.137 Y92.417 E.03344
G1 X96.016 Y91.707 E.0345
G1 X97.008 Y90.991 E.03733
G1 X97.788 Y90.482 E.02841
G1 X98.663 Y89.969 E.03096
G1 X99.824 Y89.356 E.04006
G1 X100.528 Y89.023 E.02375
G1 X102.059 Y88.394 E.05054
G1 X102.939 Y88.09 E.0284
G1 X104.183 Y87.729 E.03952
G1 X105.104 Y87.509 E.02889
G1 X106.361 Y87.272 E.03905
G1 X107.284 Y87.144 E.02845
G1 X108.154 Y87.065 E.02664
G1 X109.447 Y86.99 E.03952
G1 X110.817 Y86.998 E.04182
G1 X111.946 Y87.068 E.03452
G1 X112.979 Y87.176 E.03169
G1 X114.261 Y87.38 E.03964
G1 X115.515 Y87.652 E.03914
G1 X116.415 Y87.893 E.02844
G1 X117.592 Y88.269 E.03772
G1 X118.3 Y88.533 E.02303
G1 X119.656 Y89.102 E.04491
G1 X120.82 Y89.68 E.03965
G1 X121.647 Y90.14 E.02889
G1 X122.733 Y90.817 E.03905
G1 X123.511 Y91.356 E.02889
G1 X124.527 Y92.134 E.03904
G1 X124.914 Y92.461 E.01547
G1 X126.143 Y93.577 E.05066
G1 X126.726 Y94.172 E.02542
G1 X127.666 Y95.223 E.04303
G1 X128.461 Y96.228 E.03911
G1 X128.947 Y96.907 E.02548
G1 X128.615 Y97.195 F9000
;TYPE:Outer wall
G1 F1800
G1 X128.649 Y97.244 E.00183
G1 X129.306 Y98.26 E.03694
G1 X129.764 Y99.046 E.02777
G1 X130.351 Y100.176 E.03884
G1 X130.73 Y101.003 E.02778
G1 X131.138 Y102.016 E.03333
G1 X131.503 Y103.044 E.03326
G1 X131.861 Y104.265 E.03884
G1 X132.138 Y105.449 E.03711
G1 X132.314 Y106.405 E.02967
G1 X132.475 Y107.604 E.03693
G1 X132.524 Y108.174 E.01744
G1 X132.601 Y109.782 E.04913
G1 X132.592 Y110.614 E.02541
G1 X132.522 Y111.906 E.03947
G1 X132.426 Y112.813 E.02785
G1 X132.232 Y114.072 E.03886
G1 X131.968 Y115.313 E.03872
G1 X131.736 Y116.193 E.02777
G1 X131.371 Y117.351 E.03707
G1 X131.068 Y118.172 E.02672
G1 X130.561 Y119.377 E.03989
G1 X129.999 Y120.52 E.03888
G1 X129.558 Y121.317 E.02778
G1 X128.889 Y122.399 E.03883
G1 X128.371 Y123.153 E.02792
G1 X127.603 Y124.163 E.03871
G1 X127.221 Y124.617 E.01813
G1 X126.193 Y125.752 E.04672
G1 X125.545 Y126.391 E.02778
G1 X124.591 Y127.243 E.03903
G1 X123.599 Y128.034 E.03873
G1 X122.857 Y128.57 E.02792
G1 X121.842 Y129.231 E.03695
G1 X121.081 Y129.678 E.02697
G1 X120.24 Y130.12 E.02899
G1 X119.188 Y130.627 E.03564
G1 X117.976 Y131.125 E.03997
G1 X117.065 Y131.447 E.02951
G1 X115.9 Y131.795 E.0371
G1 X114.66 Y132.093 E.03892
G1 X113.703 Y132.273 E.0297
G1 X112.504 Y132.439 E.03696
G1 X111.801 Y132.503 E.02154
G1 X110.324 Y132.576 E.04511
G1 X109.414 Y132.57 E.0278
G1 X108.2 Y132.507 E.0371
G1 X107.289 Y132.415 E.02793
G1 X106.029 Y132.227 E.0389
G1 X104.785 Y131.969 E.03876
G1 X103.903 Y131.741 E.0278
G1 X102.742 Y131.382 E.03709
G1 X101.832 Y131.052 E.02956
G1 X100.708 Y130.582 E.03718
G1 X99.563 Y130.027 E.03883
G1 X98.763 Y129.591 E.0278
G1 X97.677 Y128.927 E.03885
G1 X96.919 Y128.413 E.02793
G1 X95.906 Y127.651 E.03872
G1 X95.338 Y127.18 E.02251
G1 X94.307 Y126.249 E.0424
G1 X93.665 Y125.605 E.02773
G1 X92.811 Y124.662 E.03884
G1 X92.231 Y123.954 E.02792
G1 X91.508 Y122.984 E.03694
G1 X91 Y122.229 E.02777
G1 X90.34 Y121.14 E.03884
G1 X89.915 Y120.34 E.02766
G1 X89.497 Y119.494 E.02879
G1 X88.89 Y118.069 E.04727
G1 X88.676 Y117.472 E.01937
G1 X88.284 Y116.244 E.03934
G1 X87.905 Y114.759 E.04675
G1 X87.73 Y113.862 E.02791
G1 X87.549 Y112.607 E.03869
G1 X87.47 Y111.787 E.02515
G1 X87.401 Y110.428 E.04152
G1 X87.413 Y109.156 E.03881
G1 X87.466 Y108.243 E.02791
G1 X87.593 Y107.04 E.03693
G1 X87.741 Y106.079 E.02966
G1 X87.984 Y104.888 E.0371
G1 X88.307 Y103.661 E.03872
G1 X88.581 Y102.789 E.02792
G1 X88.936 Y101.828 E.03126
G1 X89.528 Y100.43 E.04631
G1 X89.93 Y99.614 E.02777
G1 X90.365 Y98.817 E.02772
G1 X90.995 Y97.778 E.03706
G1 X91.506 Y97.02 E.02791
G1 X92.264 Y96.003 E.03871
G1 X92.786 Y95.381 E.02479
G1 X93.701 Y94.358 E.04189
G1 X94.612 Y93.462 E.03901
G1 X95.426 Y92.746 E.03307
G1 X96.282 Y92.055 E.03357
G1 X97.265 Y91.347 E.03697
G1 X98.027 Y90.849 E.02778
G1 X98.885 Y90.348 E.03031
G1 X100.024 Y89.747 E.03931
G1 X100.708 Y89.423 E.02311
G1 X102.221 Y88.801 E.04991
G1 X103.082 Y88.505 E.02779
G1 X104.305 Y88.15 E.03887
G1 X105.195 Y87.938 E.02793
G1 X106.442 Y87.703 E.03872
G1 X107.344 Y87.578 E.0278
G1 X108.193 Y87.502 E.026
G1 X109.465 Y87.428 E.03889
G1 X110.802 Y87.436 E.0408
G1 X111.919 Y87.506 E.03415
G1 X112.921 Y87.611 E.03077
G1 X114.18 Y87.811 E.03891
G1 X115.421 Y88.081 E.03876
G1 X116.301 Y88.317 E.02779
G1 X117.459 Y88.687 E.03709
G1 X118.146 Y88.943 E.02239
G1 X119.483 Y89.505 E.04427
G1 X120.625 Y90.072 E.03891
G1 X121.424 Y90.518 E.02793
G1 X122.501 Y91.189 E.03871
G1 X123.253 Y91.71 E.02792
G1 X124.26 Y92.482 E.03871
G1 X124.955 Y93.071 E.02779
G1 X125.844 Y93.898 E.03708
G1 X126.412 Y94.479 E.02478
G1 X127.33 Y95.505 E.042
G1 X128.117 Y96.5 E.03873
G1 X128.591 Y97.162 E.02486
G1 E-.7 F2400
;WIPE_START
G1 F1800
G1 X128.649 Y97.244 E-.03
G1 X129.138 Y98 E-.27
;WIPE_END
G17
G3 Z.6 I-1.209 J-.137 P1  F9000
G1 X124.402 Y139.916 Z.6
G1 Z.2
G1 E1 F2700
G1 F1800
G1 X124.577 Y139.976 E.00565
G1 X125.214 Y140.395 E.02329
G1 X125.535 Y140.728 E.01412
G1 X125.77 Y141.092 E.01322
G1 X126.007 Y141.623 E.01774
G1 X126.119 Y142.245 E.01928
G1 X126.094 Y142.808 E.01722
G1 X125.873 Y143.538 E.02327
G1 X125.452 Y144.182 E.0235
G1 X125.118 Y144.502 E.01411
G1 X124.825 Y144.706 E.01088
G1 X124.353 Y144.93 E.01596
G1 X123.606 Y145.085 E.02329
G1 X122.904 Y145.037 E.02147
G1 X122.181 Y144.778 E.02341
G1 X121.657 Y144.416 E.01945
G1 X121.341 Y144.086 E.01395
G1 X121.121 Y143.759 E.01201
G1 X120.903 Y143.299 E.01553
G1 X120.762 Y142.64 E.02058
G1 X120.765 Y142.127 E.01565
G1 X120.831 Y141.761 E.01132
G1 X121.005 Y141.269 E.01595
G1 X121.368 Y140.716 E.0202
G1 X121.456 Y140.595 E.00455
G1 X121.897 Y140.209 E.01789
G1 X122.301 Y139.975 E.01424
G1 X122.856 Y139.787 E.01788
G1 X123.324 Y139.726 E.01442
G1 X124.039 Y139.792 E.0219
G1 X124.364 Y139.903 E.01048
G1 E-.7 F2400
;WIPE_START
G1 F1800
G1 X124.577 Y139.976 E-.06751
G1 X125.214 Y140.395 E-.22891
G1 X125.223 Y140.403 E-.00357
;WIPE_END
G17
G3 Z.6 I-1.217 J-.032 P1  F9000
G1 X125.1 Y145.08 Z.6
G1 Z.2
G1 E1 F2700
;TYPE:Inner wall
;WIDTH:0.507208
G1 F1800
G1 X124.545 Y145.334 E.02075
;WIDTH:0.489628
G1 X124.397 Y145.39 E.00517
G1 E-.7 F2400
;WIPE_START
G1 F1800
G1 X124.545 Y145.334 E-.06166
G1 X125.1 Y145.08 E-.23834
;WIPE_END
G1 Z.6 F9000
G1 X146.35 Y98.497
G1 Z.6
G1 Z.2
G1 E1 F2700
;TYPE:Bottom surface
;WIDTH:0.460657
G1 F4800
G1 X145.647 Y97.794 E.03039
G1 X145.468 Y98.207 E.01374
G1 X146.33 Y99.069 E.03725
G1 X146.565 Y99.894 E.02623
G1 X145.241 Y98.57 E.05724
G1 X144.963 Y98.883 E.01279
G1 X146.785 Y100.705 E.07875
G1 X146.971 Y101.482 E.02442
G1 X144.673 Y99.184 E.09932
G1 X144.52 Y99.31 E.00606
G1 X144.328 Y99.43 E.00691
G1 X147.137 Y102.239 E.1214
G1 X147.281 Y102.974 E.0229
G1 X143.963 Y99.655 E.14344
G1 X143.53 Y99.814 E.01408
G1 X147.415 Y103.698 E.16792
G1 X147.527 Y104.401 E.02175
G1 X143.077 Y99.951 E.19237
G1 X142.521 Y99.986 E.01702
G1 X147.377 Y104.841 E.2099
G1 X146.789 Y104.845 E.01795
G1 X141.639 Y99.695 E.22264
G1 E-.7 F2400
;WIPE_START
G1 F4800
G1 X142.346 Y100.402 E-.3
;WIPE_END
G17
G3 Z.6 I1.217 J-.013 P1  F9000
G1 X142.23 Y89.652 Z.6
G1 Z.2
G1 E1 F2700
G1 F4800
G1 X139.952 Y87.374 E.09846
G1 X139.654 Y87.666 E.01277
G1 X142.606 Y90.618 E.1276
G1 X143.374 Y91.977 E.0477
G1 X139.328 Y87.931 E.17489
G1 X139.002 Y88.196 E.01284
G1 X144.02 Y93.214 E.21693
G1 X144.222 Y93.632 E.01417
G1 X144.198 Y93.653 E.00096
G1 X143.928 Y93.477 E.00984
G1 X143.558 Y93.343 E.01205
G1 X138.676 Y88.461 E.21102
G1 X138.35 Y88.726 E.01284
G1 X142.81 Y93.186 E.19278
G1 X142.392 Y93.147 E.01285
G1 X142.187 Y93.154 E.00624
G1 X138.024 Y88.991 E.17996
G1 X137.699 Y89.256 E.01284
G1 X141.676 Y93.233 E.17192
G1 X141.43 Y93.299 E.00777
G1 X141.235 Y93.383 E.00649
G1 X137.373 Y89.52 E.16697
G1 X137.047 Y89.785 E.01284
G1 X140.822 Y93.56 E.16319
G1 X140.456 Y93.785 E.01313
G1 X136.721 Y90.05 E.16144
G1 X136.395 Y90.315 E.01284
G1 X140.132 Y94.052 E.16154
G1 X139.834 Y94.345 E.01277
G1 X136.002 Y90.513 E.16565
G1 X135.938 Y90.535 E.00208
G1 X135.721 Y90.548 E.00664
G1 X135.372 Y90.474 E.01089
G1 X139.596 Y94.698 E.18259
G1 X139.365 Y95.058 E.01307
G1 X134.565 Y90.258 E.2075
G1 X133.759 Y90.042 E.02553
G1 X139.199 Y95.482 E.23517
G1 X139.101 Y95.763 E.00908
G1 X139.073 Y95.947 E.0057
G1 X132.952 Y89.826 E.2646
G1 X132.145 Y89.61 E.02553
G1 X139.219 Y96.684 E.3058
G1 E-.7 F2400
;WIPE_START
G1 F4800
G1 X138.512 Y95.977 E-.3
;WIPE_END
G17
G3 Z.6 I1.144 J-.415 P1  F9000
G1 X132.788 Y80.209 Z.6
G1 Z.2
G1 E1 F2700
G1 F4800
G1 X131.035 Y78.457 E.07576
G1 X129.436 Y77.449 E.05776
G1 X132.362 Y80.374 E.12645
G1 X132.097 Y80.7 E.01284
G1 X128.082 Y76.685 E.17353
G1 X126.849 Y76.043 E.04253
G1 X131.831 Y81.025 E.2154
G1 X131.566 Y81.351 E.01284
G1 X125.73 Y75.514 E.2523
G1 X124.671 Y75.047 E.03538
G1 X131.301 Y81.677 E.2866
G1 X131.036 Y82.002 E.01284
G1 X123.69 Y74.656 E.31756
G1 X122.747 Y74.304 E.03075
G1 X130.771 Y82.328 E.34684
G1 X130.505 Y82.653 E.01284
G1 X121.852 Y74 E.37408
G1 X120.986 Y73.724 E.02778
G1 X130.24 Y82.979 E.40006
G1 X129.975 Y83.304 E.01284
G1 X120.154 Y73.484 E.42453
G1 X119.351 Y73.271 E.0254
G1 X129.71 Y83.63 E.44779
G1 X129.583 Y83.812 E.00679
G1 X129.509 Y84.02 E.00674
G1 X118.572 Y73.083 E.47278
G1 X117.811 Y72.913 E.02385
G1 X129.547 Y84.648 E.50732
G1 X129.763 Y85.456 E.02555
G1 X117.068 Y72.76 E.54879
G1 X116.358 Y72.641 E.02201
G1 X129.98 Y86.263 E.58885
G1 X130.196 Y87.07 E.02555
G1 X115.649 Y72.523 E.62885
G1 X115.164 Y72.453 E.01498
G1 X115.163 Y72.628 E.00533
G1 X130.679 Y88.143 E.67071
G1 E-.7 F2400
;WIPE_START
G1 F4800
G1 X129.971 Y87.436 E-.3
;WIPE_END
G17
G3 Z.6 I-.887 J.834 P1  F9000
G1 X139.297 Y97.352 Z.6
G1 Z.2
G1 E1 F2700
G1 F4800
G1 X115.16 Y73.216 E1.04338
G1 X115.108 Y73.754 E.01653
G1 X139.296 Y97.943 E1.04564
G1 X139.79 Y98.765 E.02932
G1 X140.419 Y99.351 E.02625
G1 X140.575 Y99.458 E.00579
G1 X141.08 Y99.726 E.01748
G1 X146.254 Y104.9 E.22366
G1 X145.718 Y104.955 E.01646
G1 X115.052 Y74.29 E1.3256
G1 X114.997 Y74.825 E.01646
G1 X145.182 Y105.01 E1.30482
G1 X144.646 Y105.065 E.01646
G1 X114.942 Y75.361 E1.28405
G1 X114.887 Y75.897 E.01646
G1 X144.111 Y105.12 E1.26327
G1 X143.575 Y105.175 E.01646
G1 X114.832 Y76.432 E1.24249
G1 X114.777 Y76.968 E.01646
G1 X143.039 Y105.23 E1.22171
G1 X142.509 Y105.291 E.0163
G1 X114.719 Y77.501 E1.20131
G1 X114.67 Y77.709 E.00655
G1 X114.552 Y77.924 E.0075
G1 X142.096 Y105.469 E1.19068
G1 X141.976 Y105.568 E.00475
G1 X141.822 Y105.785 E.00816
G1 X114.239 Y78.202 E1.19239
G1 X113.864 Y78.418 E.01322
G1 X141.606 Y106.16 E1.19923
G1 X141.389 Y106.534 E.01322
G1 X113.489 Y78.634 E1.20607
G1 X113.115 Y78.85 E.01322
G1 X141.173 Y106.909 E1.21291
G1 X140.957 Y107.283 E.01322
G1 X112.74 Y79.066 E1.21975
G1 X112.365 Y79.282 E.01322
G1 X140.74 Y107.657 E1.22659
G1 X140.524 Y108.032 E.01322
G1 X129.164 Y96.672 E.49108
G1 X128.708 Y96.036 E.02392
G1 X127.89 Y95.004 E.04024
G1 X127.047 Y94.055 E.0388
G1 X126.358 Y93.35 E.03014
G1 X125.471 Y92.525 E.03702
G1 X124.751 Y91.913 E.02889
G1 X123.712 Y91.115 E.04003
G1 X123.372 Y90.88 E.01265
G1 X111.991 Y79.498 E.49199
G1 X111.616 Y79.715 E.01322
G1 X121.731 Y89.83 E.43728
G1 X120.962 Y89.401 E.02694
G1 X120.464 Y89.153 E.01699
G1 X111.241 Y79.931 E.39868
G1 X110.867 Y80.147 E.01322
G1 X119.351 Y88.631 E.36675
G1 X118.345 Y88.216 E.03326
G1 X110.492 Y80.363 E.33947
G1 X110.161 Y80.489 E.01082
G1 X110.037 Y80.499 E.00381
G1 X117.426 Y87.888 E.31943
G1 X116.559 Y87.611 E.02785
G1 X109.041 Y80.094 E.32495
G1 X107.646 Y79.289 E.04925
G1 X116.013 Y87.656 E.36169
G1 E-.7 F2400
;WIPE_START
G1 F4800
G1 X115.306 Y86.949 E-.3
;WIPE_END
G17
G3 Z.6 I.97 J-.735 P1  F9000
G1 X104.255 Y72.354 Z.6
G1 Z.2
G1 E1 F2700
G1 F4800
G1 X104.835 Y72.934 E.02507
G1 X104.835 Y73.159 E.00687
G1 X104.877 Y73.566 E.01252
G1 X103.907 Y72.596 E.04192
G1 X103.396 Y72.676 E.0158
G1 X104.944 Y74.224 E.0669
G1 X105.011 Y74.882 E.02021
G1 X102.902 Y72.773 E.09115
G1 X102.408 Y72.87 E.01539
G1 X105.078 Y75.54 E.1154
G1 X105.145 Y76.197 E.02021
G1 X101.915 Y72.968 E.13961
G1 X101.436 Y73.079 E.01504
G1 X105.422 Y77.065 E.1723
G1 E-.7 F2400
;WIPE_START
G1 F4800
G1 X104.715 Y76.358 E-.3
;WIPE_END
G17
G3 Z.6 I.788 J-.928 P1  F9000
G1 X100.8 Y73.034 Z.6
G1 Z.2
G1 E1 F2700
G1 F4800
G1 X114.983 Y87.217 E.6131
G1 X114.234 Y87.059 E.02342
G1 X100.488 Y73.313 E.59422
G1 X100.023 Y73.439 E.01472
G1 X113.532 Y86.947 E.58395
G1 X112.841 Y86.847 E.02133
G1 X99.558 Y73.564 E.57419
G1 X99.1 Y73.697 E.01457
G1 X112.177 Y86.774 E.5653
G1 X111.542 Y86.73 E.01947
G1 X98.649 Y73.837 E.55734
G1 X98.198 Y73.977 E.01442
G1 X110.913 Y86.691 E.54961
G1 X110.313 Y86.682 E.01835
G1 X97.613 Y73.982 E.54898
G1 E-.7 F2400
;WIPE_START
G1 F4800
G1 X98.32 Y74.689 E-.3
;WIPE_END
G17
G3 Z.6 I-1.001 J.693 P1  F9000
G1 X99.649 Y76.61 Z.6
G1 Z.2
G1 E1 F2700
G1 F4800
G1 X109.719 Y86.679 E.43527
G1 X109.139 Y86.69 E.01771
G1 X99.987 Y77.537 E.39565
G1 X99.983 Y77.943 E.01239
G1 X99.957 Y78.099 E.00483
G1 X108.573 Y86.715 E.37245
G1 X108.03 Y86.763 E.01666
G1 X99.84 Y78.572 E.35405
G1 X99.689 Y79.012 E.01421
G1 X107.488 Y86.811 E.33716
G1 X106.959 Y86.873 E.01628
G1 X99.468 Y79.382 E.32381
G1 X99.23 Y79.735 E.013
G1 X106.441 Y86.945 E.31171
G1 X105.938 Y87.034 E.0156
G1 X98.946 Y80.042 E.30224
G1 X98.636 Y80.322 E.01279
G1 X105.441 Y87.127 E.29418
G1 X104.947 Y87.224 E.01538
G1 X98.274 Y80.552 E.28845
G1 X97.88 Y80.748 E.01347
G1 X104.471 Y87.339 E.28491
G1 X103.998 Y87.457 E.01489
G1 X97.433 Y80.892 E.2838
G1 X96.944 Y80.994 E.01526
G1 X103.54 Y87.59 E.28514
G1 X103.083 Y87.723 E.01457
G1 X96.378 Y81.018 E.28984
G1 X96.267 Y81.015 E.00338
G1 X95.676 Y80.907 E.01836
G1 X102.782 Y88.013 E.30715
G1 E-.7 F2400
;WIPE_START
G1 F4800
G1 X102.075 Y87.305 E-.3
;WIPE_END
G17
G3 Z.6 I.979 J-.723 P1  F9000
G1 X93.738 Y76.015 Z.6
G1 Z.2
G1 E1 F2700
G1 F4800
G1 X93.563 Y75.84 E.00755
G1 X93.165 Y76.033 E.01352
G1 X93.4 Y76.268 E.01016
G1 X93.264 Y76.722 E.01449
G1 X92.773 Y76.232 E.02119
G1 X92.381 Y76.431 E.01343
G1 X93.157 Y77.206 E.03352
G1 X93.133 Y77.773 E.01735
G1 X92 Y76.64 E.04899
G1 X91.619 Y76.85 E.01329
G1 X93.561 Y78.792 E.08392
G1 E-.7 F2400
;WIPE_START
G1 F4800
G1 X92.854 Y78.085 E-.3
;WIPE_END
G17
G3 Z.6 I.672 J-1.014 P1  F9000
G1 X91.101 Y76.922 Z.6
G1 Z.2
G1 E1 F2700
G1 F4800
G1 X102.195 Y88.016 E.47957
G1 X101.763 Y88.175 E.01407
G1 X90.86 Y77.273 E.47129
G1 X90.491 Y77.494 E.01316
G1 X101.34 Y88.343 E.46897
G1 X100.917 Y88.511 E.01391
G1 X90.122 Y77.716 E.46666
G1 X89.76 Y77.945 E.01309
G1 X100.505 Y88.69 E.4645
G1 X100.099 Y88.874 E.01364
G1 X89.402 Y78.177 E.46242
G1 X89.044 Y78.41 E.01305
G1 X99.701 Y89.068 E.46071
G1 X99.311 Y89.268 E.01342
G1 X88.685 Y78.643 E.4593
G1 X88.337 Y78.885 E.01298
G1 X98.92 Y89.468 E.45749
G1 X98.54 Y89.679 E.01328
G1 X87.989 Y79.128 E.45608
G1 X87.646 Y79.375 E.01294
G1 X98.167 Y89.897 E.45482
G1 X97.795 Y90.115 E.0132
G1 X87.309 Y79.63 E.45326
G1 X87.076 Y79.806 E.00893
G1 X87.624 Y80.357 E.02376
G1 X88.405 Y81.316 E.03781
G1 X97.431 Y90.342 E.39018
G1 X97.074 Y90.575 E.01305
G1 X90.472 Y83.974 E.28537
G1 X90.513 Y84.093 E.00386
G1 X90.525 Y84.309 E.00661
G1 X90.474 Y84.567 E.00802
G1 X96.721 Y90.813 E.27001
G1 X96.377 Y91.061 E.01294
G1 X90.349 Y85.033 E.26057
G1 X90.225 Y85.499 E.01474
G1 X96.034 Y91.308 E.25113
G1 X95.697 Y91.562 E.01289
G1 X90.1 Y85.964 E.24198
G1 X89.975 Y86.43 E.01474
G1 X95.369 Y91.824 E.23317
G1 X95.04 Y92.086 E.01285
G1 X89.85 Y86.896 E.22436
G1 X89.725 Y87.362 E.01474
G1 X94.725 Y92.363 E.21616
G1 X94.411 Y92.639 E.01279
G1 X89.6 Y87.828 E.20798
G1 X89.475 Y88.294 E.01474
G1 X94.097 Y92.916 E.1998
G1 X93.799 Y93.208 E.01277
G1 X89.347 Y88.756 E.19244
G1 X89.271 Y88.942 E.00612
G1 X89.128 Y89.128 E.00718
G1 X93.501 Y93.501 E.18904
G1 X93.203 Y93.794 E.01277
G1 X88.765 Y89.356 E.19184
G1 X88.3 Y89.482 E.01473
G1 X92.917 Y94.099 E.1996
G1 X92.634 Y94.406 E.01278
G1 X87.835 Y89.607 E.20745
G1 X87.37 Y89.733 E.01473
G1 X92.358 Y94.721 E.21564
G1 X92.089 Y95.043 E.01282
G1 X86.904 Y89.858 E.22411
G1 X86.439 Y89.984 E.01473
G1 X91.819 Y95.364 E.23257
G1 X91.559 Y95.694 E.01286
G1 X85.974 Y90.11 E.24141
G1 X85.509 Y90.235 E.01473
G1 X91.306 Y96.032 E.25059
G1 X91.053 Y96.37 E.0129
G1 X85.044 Y90.361 E.25977
G1 X84.579 Y90.487 E.01473
G1 X90.807 Y96.714 E.26922
G1 X90.568 Y97.067 E.01301
G1 X84.03 Y90.529 E.28265
G1 X83.781 Y90.437 E.00811
G1 X83.637 Y90.341 E.00528
G1 X81.581 Y88.67 E.081
G1 X90.333 Y97.422 E.37835
G1 X90.11 Y97.79 E.01314
G1 X79.615 Y87.296 E.45365
G1 X79.366 Y87.637 E.01292
G1 X89.886 Y98.157 E.45476
G1 X89.667 Y98.529 E.01319
G1 X79.118 Y87.98 E.45603
G1 X78.874 Y88.326 E.01296
G1 X89.459 Y98.911 E.45757
G1 X89.251 Y99.294 E.01332
G1 X78.636 Y88.679 E.45885
G1 X78.398 Y89.032 E.01301
G1 X89.056 Y99.69 E.46069
G1 X88.861 Y100.085 E.01348
G1 X78.161 Y89.385 E.46253
G1 X77.93 Y89.745 E.01307
G1 X88.68 Y100.496 E.46473
G1 X88.501 Y100.908 E.01372
G1 X77.703 Y90.11 E.46678
G1 X77.477 Y90.474 E.01311
G1 X88.323 Y101.32 E.46884
G1 X88.163 Y101.751 E.01406
G1 X77.261 Y90.849 E.4713
G1 X77.046 Y91.224 E.01323
G1 X88.004 Y102.183 E.47371
G1 X87.848 Y102.617 E.01411
G1 X76.83 Y91.6 E.47625
G1 X76.619 Y91.979 E.01327
G1 X87.706 Y103.067 E.47929
G1 X87.567 Y103.518 E.01444
G1 X76.415 Y92.366 E.4821
G1 X76.211 Y92.752 E.01336
G1 X87.444 Y103.986 E.48561
G1 X87.321 Y104.454 E.01479
G1 X76.015 Y93.147 E.48876
G1 X75.82 Y93.543 E.01349
G1 X87.209 Y104.933 E.49234
G1 X87.109 Y105.423 E.0153
G1 X75.63 Y93.944 E.49618
G1 X75.447 Y94.352 E.01366
G1 X87.008 Y105.913 E.49975
G1 X86.928 Y106.424 E.01581
G1 X75.264 Y94.76 E.50421
G1 X75.081 Y95.168 E.01366
G1 X86.849 Y106.936 E.5087
G1 X86.792 Y107.469 E.01641
G1 X74.908 Y95.586 E.51371
G1 X74.738 Y96.006 E.01386
G1 X86.736 Y108.004 E.51868
G1 X86.696 Y108.554 E.01686
G1 X74.573 Y96.431 E.52405
G1 X74.414 Y96.864 E.01408
G1 X86.664 Y109.113 E.52951
G1 X86.657 Y109.697 E.01785
G1 X74.256 Y97.296 E.53606
G1 X74.098 Y97.729 E.01408
G1 X86.652 Y110.283 E.54268
G1 X86.671 Y110.893 E.01866
G1 X73.952 Y98.174 E.54983
G1 X73.807 Y98.619 E.01432
G1 X86.7 Y111.513 E.55737
G1 X86.751 Y112.154 E.01966
G1 X73.67 Y99.073 E.56544
G1 X73.538 Y99.532 E.0146
G1 X86.82 Y112.814 E.57415
G1 X86.92 Y113.504 E.02131
G1 X73.407 Y99.991 E.58414
G1 X73.279 Y100.455 E.01469
G1 X87.033 Y114.209 E.59456
G1 X87.177 Y114.943 E.02287
G1 X73.164 Y100.931 E.60573
G1 X73.049 Y101.407 E.01496
G1 X76.863 Y105.22 E.16484
G1 X76.204 Y105.152 E.02023
G1 X72.935 Y101.882 E.14135
G1 X72.834 Y102.372 E.01529
G1 X75.546 Y105.085 E.11725
G1 X74.888 Y105.017 E.02023
G1 X72.734 Y102.863 E.09312
G1 X72.646 Y103.366 E.01561
G1 X74.229 Y104.95 E.06844
G1 X73.571 Y104.882 E.02023
G1 X72.561 Y103.872 E.04364
G1 X72.477 Y104.378 E.01568
G1 X73.13 Y105.032 E.02823
G1 E-.7 F2400
;WIPE_START
G1 F4800
G1 X72.477 Y104.378 E-.27709
G1 X72.489 Y104.303 E-.02291
;WIPE_END
G17
G3 Z.6 I-.492 J1.113 P1  F9000
G1 X78.689 Y107.046 Z.6
G1 Z.2
G1 E1 F2700
G1 F4800
G1 X87.369 Y115.726 E.3752
G1 X87.589 Y116.537 E.0257
G1 X80.011 Y108.959 E.3276
G1 X80.364 Y109.569 E.02155
G1 X80.436 Y109.753 E.00603
G1 X80.464 Y110.003 E.00769
G1 X87.849 Y117.387 E.3192
G1 X88.177 Y118.307 E.02985
G1 X80.341 Y110.471 E.33874
G1 X80.125 Y110.845 E.01322
G1 X88.591 Y119.312 E.36598
G1 X89.105 Y120.415 E.03721
G1 X79.909 Y111.22 E.39752
G1 X79.692 Y111.594 E.01322
G1 X90.362 Y122.263 E.46122
G1 E-.7 F2400
;WIPE_START
G1 F4800
G1 X89.655 Y121.556 E-.3
;WIPE_END
G17
G3 Z.6 I.623 J1.046 P1  F9000
G1 X129.64 Y97.739 Z.6
G1 Z.2
G1 E1 F2700
G1 F4800
G1 X140.307 Y108.406 E.46113
G1 X140.091 Y108.78 E.01322
G1 X130.885 Y99.574 E.39796
G1 X131.416 Y100.697 E.03796
G1 X139.875 Y109.155 E.36563
G1 X139.658 Y109.529 E.01322
G1 X131.814 Y101.685 E.3391
G1 X132.146 Y102.608 E.02998
G1 X139.534 Y109.996 E.31937
G1 X139.544 Y110.152 E.00479
G1 X139.595 Y110.341 E.00599
G1 X139.987 Y111.04 E.02447
G1 X132.408 Y103.46 E.32763
G1 X132.636 Y104.279 E.02597
G1 X141.31 Y112.953 E.37496
G1 E-.7 F2400
;WIPE_START
G1 F4800
G1 X140.603 Y112.246 E-.3
;WIPE_END
G17
G3 Z.6 I-.485 J1.116 P1  F9000
G1 X146.872 Y114.971 Z.6
G1 Z.2
G1 E1 F2700
G1 F4800
G1 X147.521 Y115.62 E.02806
G1 X147.444 Y116.133 E.01588
G1 X146.428 Y115.118 E.04391
G1 X145.77 Y115.05 E.02023
G1 X147.356 Y116.636 E.06857
G1 X147.266 Y117.137 E.01554
G1 X145.112 Y114.983 E.09313
G1 X144.453 Y114.915 E.02023
G1 X147.166 Y117.628 E.11726
G1 X147.065 Y118.117 E.01529
G1 X143.795 Y114.848 E.14135
G1 X143.137 Y114.78 E.02023
G1 X146.95 Y118.593 E.16485
G1 X146.836 Y119.07 E.01497
G1 X132.817 Y105.051 E.60601
G1 X132.964 Y105.788 E.023
G1 X146.721 Y119.546 E.5947
G1 X146.594 Y120.01 E.01471
G1 X133.085 Y106.5 E.584
G1 X133.175 Y107.182 E.02102
G1 X146.465 Y120.471 E.57449
G1 X146.331 Y120.928 E.01455
G1 X133.25 Y107.847 E.56548
G1 X133.305 Y108.492 E.01981
G1 X146.188 Y121.376 E.55694
G1 X146.046 Y121.824 E.01437
G1 X133.328 Y109.106 E.54977
G1 X133.351 Y109.72 E.01878
G1 X145.902 Y122.271 E.54255
G1 X145.746 Y122.706 E.01412
G1 X133.346 Y110.306 E.53601
G1 X133.333 Y110.884 E.01766
G1 X145.59 Y123.141 E.52982
G1 X145.426 Y123.568 E.01399
G1 X133.301 Y111.442 E.52417
G1 X133.267 Y112 E.01708
G1 X145.258 Y123.99 E.51832
G1 X145.089 Y124.413 E.0139
G1 X133.211 Y112.534 E.51349
G1 X133.148 Y113.062 E.01626
G1 X144.918 Y124.832 E.5088
G1 X144.736 Y125.24 E.01367
G1 X133.069 Y113.573 E.50434
G1 X132.989 Y114.085 E.01582
G1 X144.553 Y125.648 E.49988
G1 X144.37 Y126.057 E.01367
G1 X132.892 Y114.579 E.49617
G1 X132.789 Y115.066 E.01522
G1 X144.179 Y126.456 E.49238
G1 X143.985 Y126.852 E.0135
G1 X132.682 Y115.549 E.4886
G1 X132.559 Y116.017 E.01478
G1 X143.789 Y127.247 E.48545
G1 X143.583 Y127.632 E.01334
G1 X132.432 Y116.481 E.48202
G1 X132.29 Y116.93 E.0144
G1 X143.376 Y128.017 E.47923
G1 X143.17 Y128.401 E.01334
G1 X132.149 Y117.38 E.47643
G1 X131.998 Y117.82 E.01422
G1 X142.957 Y128.779 E.47374
G1 X142.74 Y129.153 E.01321
G1 X131.839 Y118.252 E.47123
G1 X131.674 Y118.677 E.01396
G1 X142.523 Y129.526 E.46897
G1 X142.295 Y129.889 E.0131
G1 X131.498 Y119.092 E.46673
G1 X131.322 Y119.507 E.01377
G1 X142.066 Y130.251 E.46447
G1 X141.838 Y130.613 E.01309
G1 X131.135 Y119.911 E.46264
G1 X130.941 Y120.307 E.01349
G1 X141.606 Y130.972 E.46102
G1 X141.366 Y131.323 E.013
G1 X130.746 Y120.703 E.45909
G1 X130.542 Y121.089 E.01336
G1 X141.127 Y131.675 E.45758
G1 X140.882 Y132.021 E.01295
G1 X130.331 Y121.47 E.45609
G1 X130.115 Y121.845 E.01322
G1 X140.633 Y132.363 E.45467
G1 X140.384 Y132.704 E.01292
G1 X129.89 Y122.21 E.45366
G1 X129.664 Y122.575 E.01312
G1 X138.419 Y131.33 E.37845
G1 X136.363 Y129.659 E.08099
G1 X136.216 Y129.561 E.00537
G1 X135.97 Y129.471 E.00802
G1 X129.432 Y122.934 E.2826
G1 X129.192 Y123.284 E.01299
G1 X135.421 Y129.513 E.26927
G1 X134.955 Y129.638 E.01475
G1 X128.95 Y123.633 E.25957
G1 X128.694 Y123.968 E.01288
G1 X134.489 Y129.763 E.25048
G1 X134.023 Y129.887 E.01475
G1 X128.439 Y124.304 E.24138
G1 X128.183 Y124.639 E.01288
G1 X133.557 Y130.012 E.23228
G1 X133.091 Y130.137 E.01475
G1 X127.914 Y124.96 E.22379
G1 X127.644 Y125.281 E.01282
G1 X132.625 Y130.262 E.21532
G1 X132.159 Y130.386 E.01475
G1 X127.364 Y125.592 E.20727
G1 X127.08 Y125.898 E.01278
G1 X131.692 Y130.511 E.1994
G1 X131.234 Y130.643 E.01459
G1 X126.796 Y126.205 E.19184
G1 X126.502 Y126.502 E.01277
G1 X130.874 Y130.874 E.18898
G1 X130.785 Y130.971 E.00403
G1 X130.691 Y131.134 E.00575
G1 X130.651 Y131.242 E.00352
G1 X126.204 Y126.795 E.19224
G1 X125.9 Y127.081 E.01277
G1 X130.525 Y131.706 E.19993
G1 X130.4 Y132.172 E.01474
G1 X125.588 Y127.36 E.20801
G1 X125.276 Y127.639 E.01279
G1 X130.275 Y132.638 E.21609
G1 X130.15 Y133.104 E.01474
G1 X124.957 Y127.911 E.22445
G1 X124.629 Y128.174 E.01285
G1 X130.025 Y133.57 E.23325
G1 X129.9 Y134.035 E.01474
G1 X124.3 Y128.436 E.24205
G1 X123.968 Y128.694 E.01287
G1 X129.775 Y134.501 E.25103
G1 X129.65 Y134.967 E.01474
G1 X123.625 Y128.942 E.26046
G1 X123.281 Y129.189 E.01294
G1 X129.525 Y135.433 E.26991
G1 X129.475 Y135.69 E.00801
G1 X129.487 Y135.907 E.00663
G1 X129.528 Y136.026 E.00386
G1 X122.924 Y129.422 E.28548
G1 X122.566 Y129.656 E.01305
G1 X131.595 Y138.684 E.39029
G1 X132.376 Y139.644 E.03782
G1 X132.923 Y140.194 E.02373
G1 X132.69 Y140.371 E.00893
G1 X122.207 Y129.887 E.45317
G1 X121.835 Y130.106 E.01319
G1 X132.354 Y140.625 E.4547
G1 X132.01 Y140.872 E.01294
G1 X121.463 Y130.325 E.45592
G1 X121.077 Y130.529 E.01336
G1 X131.663 Y141.115 E.45761
G1 X131.314 Y141.357 E.01298
G1 X120.689 Y130.733 E.45929
G1 X120.302 Y130.936 E.01338
G1 X130.956 Y141.59 E.46056
G1 X130.598 Y141.823 E.01305
G1 X119.899 Y131.124 E.46247
G1 X119.496 Y131.311 E.0136
G1 X130.24 Y142.055 E.46445
G1 X129.878 Y142.284 E.01309
G1 X119.081 Y131.487 E.46675
G1 X118.661 Y131.658 E.01386
G1 X129.509 Y142.506 E.46894
G1 X129.14 Y142.727 E.01316
G1 X118.24 Y131.828 E.47115
G1 X117.804 Y131.982 E.01416
G1 X128.761 Y142.94 E.47366
G1 X128.38 Y143.15 E.01329
G1 X126.757 Y141.527 E.07016
G1 X126.867 Y142.227 E.02166
G1 X128 Y143.36 E.04899
G1 X127.618 Y143.569 E.0133
G1 X126.843 Y142.794 E.03352
G1 X126.833 Y142.957 E.00499
G1 X126.736 Y143.278 E.01025
G1 X127.226 Y143.768 E.02119
G1 X126.834 Y143.967 E.01343
G1 X126.599 Y143.732 E.01016
G1 X126.479 Y143.998 E.00892
G1 X126.397 Y144.12 E.0045
G1 X126.577 Y144.301 E.0078
G1 E-.7 F2400
;WIPE_START
G1 F4800
G1 X126.397 Y144.12 E-.07655
G1 X126.479 Y143.998 E-.0442
G1 X126.599 Y143.732 E-.08757
G1 X126.816 Y143.948 E-.09168
;WIPE_END
G17
G3 Z.6 I1.097 J-.527 P1  F9000
G1 X124.628 Y139.398 Z.6
G1 Z.2
G1 E1 F2700
G1 F4800
G1 X117.367 Y132.136 E.3139
G1 X116.915 Y132.276 E.01444
G1 X123.643 Y139.003 E.29083
G1 X123.384 Y138.977 E.00798
G1 X123.052 Y139.003 E.01016
G1 X116.46 Y132.411 E.28497
G1 X116.002 Y132.544 E.01458
G1 X122.554 Y139.096 E.28323
G1 X122.114 Y139.247 E.01422
G1 X115.526 Y132.658 E.28481
G1 X115.049 Y132.772 E.01498
G1 X121.724 Y139.447 E.28852
G1 X121.44 Y139.611 E.01001
G1 X121.364 Y139.678 E.00311
G1 X114.561 Y132.875 E.29407
G1 X114.064 Y132.969 E.01547
G1 X121.049 Y139.954 E.30194
G1 X120.956 Y140.035 E.00378
G1 X120.767 Y140.263 E.00903
G1 X113.556 Y133.052 E.31173
G1 X113.037 Y133.123 E.01602
G1 X120.533 Y140.619 E.32402
G1 X120.346 Y140.902 E.01035
G1 X120.314 Y140.991 E.00291
G1 X112.516 Y133.193 E.3371
G1 X111.974 Y133.242 E.01664
G1 X120.157 Y141.425 E.35374
G1 X120.099 Y141.583 E.00516
G1 X120.042 Y141.901 E.00985
G1 X111.423 Y133.282 E.37259
G1 X110.856 Y133.306 E.01734
G1 X120.011 Y142.46 E.39574
G1 X120.026 Y142.79 E.0101
G1 X120.104 Y143.144 E.01106
G1 X110.286 Y133.326 E.42438
G1 X109.692 Y133.323 E.01815
G1 X122.239 Y145.87 E.54238
G1 X121.801 Y146.023 E.01418
G1 X109.083 Y133.305 E.54977
G1 X108.46 Y133.272 E.01909
G1 X121.351 Y146.163 E.55726
G1 X120.9 Y146.303 E.01444
G1 X107.82 Y133.223 E.56539
G1 X107.162 Y133.156 E.02022
G1 X120.442 Y146.436 E.57404
G1 X119.977 Y146.562 E.01472
G1 X106.467 Y133.052 E.584
G1 X105.764 Y132.94 E.02175
G1 X119.512 Y146.687 E.59428
G1 X119.043 Y146.809 E.01481
G1 X105.019 Y132.785 E.60624
G1 X104.249 Y132.606 E.02415
G1 X112.354 Y140.711 E.35035
G1 X110.958 Y139.906 E.04925
G1 X103.434 Y132.382 E.32524
G1 X102.58 Y132.118 E.02735
G1 X109.965 Y139.504 E.31927
G1 X109.855 Y139.508 E.00337
G1 X109.508 Y139.638 E.01132
G1 X101.659 Y131.788 E.33931
G1 X100.653 Y131.373 E.03326
G1 X109.133 Y139.854 E.36659
G1 X108.759 Y140.07 E.01322
G1 X99.54 Y130.851 E.39852
G1 X99.232 Y130.702 E.01044
G1 X98.266 Y130.167 E.03376
G1 X108.384 Y140.286 E.43739
G1 X108.009 Y140.502 E.01322
G1 X96.634 Y129.127 E.49172
G1 X95.42 Y128.225 E.04624
G1 X94.694 Y127.62 E.02889
G1 X93.794 Y126.799 E.03723
G1 X93.103 Y126.105 E.02993
G1 X92.227 Y125.134 E.03997
G1 X91.627 Y124.401 E.02895
G1 X90.832 Y123.324 E.04093
G1 X79.476 Y111.968 E.49089
G1 X79.259 Y112.343 E.01322
G1 X107.635 Y140.718 E1.2266
G1 X107.26 Y140.934 E.01322
G1 X79.043 Y112.717 E1.21975
G1 X78.827 Y113.091 E.01322
G1 X106.885 Y141.15 E1.21291
G1 X106.51 Y141.366 E.01322
G1 X78.61 Y113.466 E1.20606
G1 X78.394 Y113.84 E.01322
G1 X106.136 Y141.582 E1.19922
G1 X105.761 Y141.798 E.01322
G1 X78.178 Y114.215 E1.19237
G1 X77.987 Y114.469 E.00971
G1 X77.903 Y114.531 E.00319
G1 X105.448 Y142.076 E1.19068
G1 X105.33 Y142.289 E.00744
G1 X105.281 Y142.499 E.00661
G1 X77.492 Y114.711 E1.20124
G1 X76.961 Y114.77 E.01634
G1 X105.223 Y143.032 E1.22171
G1 X105.168 Y143.568 E.01646
G1 X76.425 Y114.825 E1.24249
G1 X75.889 Y114.88 E.01646
G1 X105.113 Y144.104 E1.26327
G1 X105.057 Y144.639 E.01646
G1 X75.353 Y114.935 E1.28405
G1 X74.818 Y114.99 E.01646
G1 X105.002 Y145.175 E1.30483
G1 X104.947 Y145.711 E.01646
G1 X74.282 Y115.045 E1.3256
G1 X73.746 Y115.1 E.01646
G1 X78.943 Y120.297 E.22464
G1 X79.466 Y120.566 E.018
G1 X79.605 Y120.671 E.00531
G1 X80.236 Y121.268 E.02658
G1 X80.708 Y122.062 E.02821
G1 X104.892 Y146.246 E1.04544
G1 X104.84 Y146.784 E.01653
G1 X80.95 Y122.895 E1.0327
G1 X80.973 Y123.509 E.01878
G1 X87.855 Y130.391 E.29751
G1 X87.048 Y130.175 E.02553
G1 X80.929 Y124.055 E.26455
G1 X80.898 Y124.238 E.00567
G1 X80.801 Y124.518 E.00906
G1 X86.242 Y129.959 E.23519
G1 X85.435 Y129.742 E.02553
G1 X80.634 Y124.942 E.20751
G1 X80.404 Y125.302 E.01307
G1 X84.628 Y129.526 E.18259
G1 X84.279 Y129.452 E.01089
G1 X84.062 Y129.465 E.00664
G1 X83.998 Y129.487 E.00208
G1 X80.166 Y125.655 E.16565
G1 X79.868 Y125.948 E.01277
G1 X83.605 Y129.685 E.16154
G1 X83.279 Y129.95 E.01284
G1 X79.547 Y126.218 E.16133
G1 X79.321 Y126.373 E.00836
G1 X79.176 Y126.438 E.00486
G1 X82.953 Y130.215 E.16325
G1 X82.627 Y130.48 E.01284
G1 X78.769 Y126.622 E.16677
G1 X78.641 Y126.679 E.00429
G1 X78.319 Y126.762 E.01018
G1 X82.301 Y130.744 E.17215
G1 X81.975 Y131.009 E.01284
G1 X77.811 Y126.845 E.17999
G1 X77.644 Y126.855 E.00511
G1 X77.203 Y126.828 E.01352
G1 X81.649 Y131.274 E.1922
G1 X81.323 Y131.539 E.01284
G1 X76.426 Y126.641 E.21172
G1 X76.196 Y126.572 E.00733
G1 X75.967 Y126.463 E.00777
G1 X75.806 Y126.356 E.00591
G1 X75.782 Y126.376 E.00097
G1 X75.979 Y126.786 E.0139
G1 X80.998 Y131.804 E.21692
G1 X80.672 Y132.069 E.01284
G1 X76.626 Y128.023 E.17488
G1 X77.394 Y129.382 E.0477
G1 X80.346 Y132.334 E.1276
G1 X80.047 Y132.626 E.01277
G1 X77.77 Y130.348 E.09845
G1 E-.7 F2400
;WIPE_START
G1 F4800
G1 X78.477 Y131.055 E-.3
;WIPE_END
G17
G3 Z.6 I1.217 J-.015 P1  F9000
G1 X78.341 Y120.286 Z.6
G1 Z.2
G1 E1 F2700
G1 F4800
G1 X73.21 Y115.155 E.22181
G1 X72.623 Y115.159 E.01795
G1 X77.456 Y119.991 E.2089
G1 X76.931 Y120.057 E.01616
G1 X72.473 Y115.599 E.19271
G1 X72.585 Y116.302 E.02174
G1 X76.464 Y120.181 E.16769
G1 X76.051 Y120.359 E.01375
G1 X72.719 Y117.026 E.14404
G1 X72.863 Y117.762 E.0229
G1 X75.668 Y120.566 E.12124
G1 X75.442 Y120.716 E.00829
G1 X75.326 Y120.816 E.00466
G1 X73.029 Y118.518 E.0993
G1 X73.215 Y119.295 E.02442
G1 X75.037 Y121.117 E.07875
G1 X74.759 Y121.43 E.01279
G1 X73.435 Y120.106 E.05724
G1 X73.67 Y120.931 E.02623
G1 X74.531 Y121.793 E.03725
G1 X74.353 Y122.206 E.01374
G1 X73.65 Y121.503 E.03038
G1 E-.7 F2400
;WIPE_START
G1 F4800
G1 X74.353 Y122.206 E-.2982
G1 X74.355 Y122.2 E-.0018
;WIPE_END
G17
G3 Z.6 I-.66 J1.023 P1  F9000
G1 X89.321 Y131.857 Z.6
G1 Z.2
G1 E1 F2700
G1 F4800
G1 X104.837 Y147.372 E.67071
G1 X104.836 Y147.547 E.00533
G1 X104.351 Y147.477 E.01499
G1 X89.803 Y132.93 E.62885
G1 X90.02 Y133.737 E.02555
G1 X103.642 Y147.359 E.58884
G1 X102.932 Y147.24 E.022
G1 X90.236 Y134.544 E.54879
G1 X90.453 Y135.352 E.02555
G1 X102.19 Y147.089 E.50738
G1 X101.426 Y146.916 E.02395
G1 X90.493 Y135.983 E.4726
G1 X90.416 Y136.188 E.00668
G1 X90.29 Y136.37 E.00679
G1 X100.648 Y146.728 E.44777
G1 X99.846 Y146.517 E.02535
G1 X90.025 Y136.696 E.42457
G1 X89.759 Y137.021 E.01284
G1 X99.013 Y146.274 E.39999
G1 X98.147 Y146 E.02774
G1 X89.494 Y137.347 E.37405
G1 X89.229 Y137.672 E.01284
G1 X97.254 Y145.697 E.34689
G1 X96.309 Y145.343 E.03086
G1 X88.964 Y137.998 E.31749
G1 X88.699 Y138.324 E.01284
G1 X95.328 Y144.953 E.28659
G1 X94.268 Y144.484 E.03544
G1 X88.434 Y138.649 E.25223
G1 X88.168 Y138.975 E.01284
G1 X93.152 Y143.959 E.21545
G1 X91.915 Y143.313 E.04266
G1 X87.903 Y139.3 E.17344
G1 X87.638 Y139.626 E.01284
G1 X90.564 Y142.552 E.12648
G1 X89.514 Y141.905 E.0377
G1 X88.946 Y141.524 E.0209
G1 X87.212 Y139.791 E.07494
G1 E-.7 F2400
;WIPE_START
G1 F4800
G1 X87.919 Y140.498 E-.3
;WIPE_END
G17
G3 Z.6 I-.111 J1.212 P1  F9000
G1 X114.578 Y142.935 Z.6
G1 Z.2
G1 E1 F2700
G1 F4800
G1 X118.564 Y146.921 E.17228
G1 X118.084 Y147.032 E.01504
G1 X114.856 Y143.804 E.13955
G1 X114.924 Y144.463 E.02024
G1 X117.591 Y147.13 E.1153
G1 X117.097 Y147.227 E.01539
G1 X114.992 Y145.121 E.09102
G1 X115.06 Y145.78 E.02024
G1 X116.603 Y147.324 E.06674
G1 X116.096 Y147.407 E.01573
G1 X115.127 Y146.438 E.04186
G1 X115.16 Y146.756 E.00975
G1 X115.162 Y147.063 E.0094
G1 X115.75 Y147.652 E.02544
; stop printing object ОсновнойПрофиль.stl id:503862 copy 0
M106 S255
;LAYER_CHANGE
;Z:0.4
;HEIGHT:0.2
;BEFORE_LAYER_CHANGE
;0.4
G92 E0

G1 E-.7 F2400
;WIPE_START
G1 F4800
G1 X115.162 Y147.063 E-.24966
G1 X115.161 Y146.895 E-.05034
;WIPE_END
;_SET_FAN_SPEED_CHANGING_LAYER
M204 P2500
; printing object ОсновнойПрофиль.stl id:503862 copy 0
M204 T2500
G17
G3 Z.8 I.876 J-.845 P1  F9000
G1 X79.725 Y110.153 Z.8
G1 Z.4
G1 E1 F2700
M204 P2000
;TYPE:Inner wall
;WIDTH:0.449999
G1 F7200
G1 X79.763 Y109.968 E.00562
G1 X79.686 Y109.709 E.00803
G1 X77.621 Y106.137 E.12289
G1 X77.444 Y105.99 E.00686
G1 X77.217 Y105.917 E.00712
G1 X73.098 Y105.498 E.12333
G1 X71.665 Y105.498 E.04268
G1 X71.732 Y104.927 E.0171
G1 X71.971 Y103.369 E.04696
G1 X72.188 Y102.228 E.03461
G1 X72.537 Y100.692 E.04692
G1 X72.95 Y99.172 E.04692
G1 X73.293 Y98.062 E.03461
G1 X73.812 Y96.573 E.04697
G1 X74.233 Y95.49 E.03461
G1 X74.857 Y94.042 E.04697
G1 X75.354 Y92.992 E.0346
G1 X76.112 Y91.531 E.04901
G1 X76.895 Y90.164 E.04692
G1 X77.508 Y89.177 E.03461
G1 X78.427 Y87.812 E.04902
G1 X79.36 Y86.543 E.04692
G1 X79.706 Y86.106 E.01659
G1 X80.764 Y87.158 E.04444
G1 X83.929 Y89.731 E.12151
G1 X84.156 Y89.844 E.00755
G1 X84.446 Y89.842 E.00862
G1 X87.78 Y88.949 E.10281
G1 X88.432 Y88.769 E.02014
G1 X88.646 Y88.615 E.00787
G1 X88.77 Y88.384 E.00783
G1 X89.815 Y84.49 E.12009
G1 X89.823 Y84.192 E.00886
G1 X89.708 Y83.957 E.00779
G1 X87.114 Y80.772 E.12237
G1 X86.083 Y79.742 E.0434
G1 X86.873 Y79.125 E.02986
G1 X88.268 Y78.129 E.05106
G1 X89.649 Y77.233 E.04903
G1 X90.587 Y76.669 E.0326
G1 X91.479 Y76.167 E.03049
G1 X93.003 Y75.378 E.05114
G1 X94.063 Y74.88 E.03487
;WIDTH:0.49027
G1 X94.289 Y74.803 E.0078
;WIDTH:0.53054
G1 X94.514 Y74.726 E.0085
;WIDTH:0.570811
G1 X94.739 Y74.649 E.0092
;WIDTH:0.611081
G1 X95.541 Y74.339 E.03572
;WIDTH:0.604834
G1 X95.68 Y74.263 E.00654
;WIDTH:0.566126
G1 X95.82 Y74.187 E.00609
;WIDTH:0.527417
G1 X95.96 Y74.11 E.00564
;WIDTH:0.488708
G1 X96.099 Y74.034 E.00519
;WIDTH:0.449999
G1 X97.498 Y73.517 E.04443
G1 X98.542 Y73.177 E.0327
G1 X100.135 Y72.719 E.04936
G1 X101.197 Y72.455 E.03261
G1 X102.267 Y72.221 E.03261
G1 X103.89 Y71.925 E.04914
G1 X105.493 Y71.707 E.0482
G1 X105.496 Y73.198 E.0444
G1 X105.913 Y77.253 E.12143
G1 X105.997 Y77.499 E.00774
G1 X106.201 Y77.696 E.00846
G1 X109.216 Y79.435 E.10367
G1 X109.81 Y79.766 E.02025
G1 X110.095 Y79.79 E.00852
G1 X110.29 Y79.72 E.00617
G1 X113.782 Y77.706 E.12008
G1 X113.982 Y77.53 E.00794
G1 X114.086 Y77.253 E.00881
G1 X114.507 Y73.168 E.12232
G1 X114.507 Y71.707 E.04353
G1 X116.151 Y71.932 E.04944
G1 X117.705 Y72.215 E.04704
G1 X118.772 Y72.448 E.03255
G1 X120.371 Y72.856 E.04914
G1 X121.419 Y73.164 E.03254
G1 X122.984 Y73.685 E.04914
G1 X124.01 Y74.068 E.03261
G1 X125.024 Y74.479 E.03261
G1 X126.466 Y75.123 E.04703
G1 X127.511 Y75.634 E.03465
G1 X128.903 Y76.379 E.04702
G1 X129.909 Y76.963 E.03465
G1 X131.245 Y77.804 E.04702
G1 X132.207 Y78.458 E.03464
G1 X133.479 Y79.391 E.04701
G1 X133.92 Y79.739 E.01673
G1 X132.867 Y80.795 E.0444
G1 X130.292 Y83.957 E.12148
G1 X130.178 Y84.187 E.00765
G1 X130.181 Y84.474 E.00855
G1 X131.103 Y87.911 E.106
G1 X131.297 Y88.538 E.01954
G1 X131.452 Y88.705 E.00679
G1 X131.64 Y88.794 E.00621
G1 X135.554 Y89.842 E.12068
G1 X135.838 Y89.846 E.00845
G1 X136.07 Y89.731 E.00772
G1 X139.28 Y87.119 E.12328
G1 X140.294 Y86.106 E.04268
G1 X140.618 Y86.515 E.01554
G1 X141.593 Y87.841 E.04904
G1 X142.473 Y89.149 E.04694
G1 X143.088 Y90.135 E.03463
G1 X143.873 Y91.503 E.04698
G1 X144.42 Y92.539 E.03489
G1 X145.143 Y94.043 E.04971
;WIDTH:0.494716
G1 X145.187 Y94.201 E.00542
;WIDTH:0.539432
G1 X145.231 Y94.359 E.00596
;WIDTH:0.584149
G1 X145.275 Y94.518 E.0065
;WIDTH:0.628865
G1 X145.319 Y94.676 E.00703
G1 X145.564 Y95.208 E.02515
;WIDTH:0.599763
G1 X145.842 Y95.858 E.0288
;WIDTH:0.575671
G1 X145.956 Y96.093 E.01017
;WIDTH:0.533781
G1 X146.07 Y96.328 E.00937
;WIDTH:0.49189
G1 X146.184 Y96.562 E.00857
;WIDTH:0.449999
G1 X146.699 Y98.035 E.04647
G1 X147.045 Y99.154 E.03489
G1 X147.458 Y100.676 E.04698
G1 X147.723 Y101.808 E.03462
G1 X148.026 Y103.354 E.04693
G1 X148.276 Y104.989 E.04927
G1 X148.336 Y105.498 E.01525
G1 X146.843 Y105.501 E.04446
G1 X142.783 Y105.917 E.12156
G1 X142.514 Y106.016 E.00853
G1 X142.342 Y106.2 E.00751
G1 X140.314 Y109.709 E.12073
G1 X140.236 Y109.992 E.00873
G1 X140.314 Y110.291 E.00919
G1 X142.34 Y113.795 E.12059
G1 X142.513 Y113.983 E.00759
G1 X142.783 Y114.083 E.00859
G1 X146.902 Y114.502 E.12333
G1 X148.331 Y114.502 E.04256
G1 X148.204 Y115.537 E.03106
G1 X148.019 Y116.684 E.03461
G1 X147.714 Y118.232 E.04699
G1 X147.465 Y119.297 E.03258
G1 X147.186 Y120.355 E.03258
G1 X146.71 Y121.93 E.04901
G1 X146.142 Y123.548 E.05107
G1 X145.56 Y125.009 E.04687
G1 X144.916 Y126.447 E.04694
G1 X144.404 Y127.491 E.03463
G1 X143.659 Y128.882 E.04699
G1 X143.074 Y129.887 E.03463
G1 X142.232 Y131.221 E.04699
G1 X141.578 Y132.182 E.03463
G1 X140.643 Y133.453 E.04699
G1 X140.294 Y133.894 E.01677
G1 X139.236 Y132.842 E.04444
G1 X136.07 Y130.269 E.12151
G1 X135.845 Y130.156 E.00749
G1 X135.554 Y130.158 E.00868
G1 X132.243 Y131.045 E.10211
G1 X131.545 Y131.241 E.02157
G1 X131.321 Y131.425 E.00864
G1 X131.23 Y131.616 E.00633
G1 X130.181 Y135.526 E.12056
G1 X130.178 Y135.816 E.00865
G1 X130.292 Y136.043 E.00755
G1 X132.907 Y139.249 E.12325
G1 X133.92 Y140.261 E.04265
G1 X133.512 Y140.584 E.0155
G1 X132.184 Y141.558 E.04906
G1 X130.875 Y142.437 E.04696
G1 X129.887 Y143.051 E.03465
G1 X128.517 Y143.835 E.04701
G1 X127.48 Y144.381 E.03493
G1 X125.933 Y145.12 E.05106
;WIDTH:0.494484
G1 X125.78 Y145.162 E.00526
;WIDTH:0.538969
G1 X125.626 Y145.205 E.00578
;WIDTH:0.583454
G1 X125.472 Y145.247 E.0063
;WIDTH:0.627939
G1 X125.319 Y145.289 E.00682
G1 X125.061 Y145.411 E.01222
;WIDTH:0.622883
G1 X124.195 Y145.761 E.03965
G1 X124.109 Y145.818 E.00437
;WIDTH:0.579662
G1 X124.023 Y145.875 E.00404
;WIDTH:0.536441
G1 X123.937 Y145.932 E.00372
;WIDTH:0.49322
G1 X123.851 Y145.988 E.00339
;WIDTH:0.449999
G1 X123.452 Y146.144 E.01274
G1 X121.978 Y146.658 E.0465
G1 X120.858 Y147.004 E.03492
G1 X119.334 Y147.417 E.04703
G1 X118.201 Y147.681 E.03466
G1 X116.654 Y147.984 E.04697
G1 X115.025 Y148.233 E.04908
G1 X114.507 Y148.293 E.01554
G1 X114.504 Y146.802 E.0444
G1 X114.082 Y142.712 E.12249
G1 X113.977 Y142.463 E.00805
G1 X113.799 Y142.304 E.00712
G1 X110.29 Y140.28 E.12065
G1 X110.005 Y140.202 E.00879
G1 X109.71 Y140.28 E.0091
G1 X106.201 Y142.304 E.12065
G1 X106.019 Y142.469 E.00732
G1 X105.913 Y142.747 E.00887
G1 X105.493 Y146.862 E.1232
G1 X105.493 Y148.293 E.04262
G1 X104.934 Y148.227 E.01677
G1 X103.373 Y147.989 E.04702
G1 X102.23 Y147.772 E.03466
G1 X100.69 Y147.423 E.04702
G1 X99.566 Y147.126 E.03465
G1 X98.054 Y146.669 E.04703
G1 X96.954 Y146.292 E.03465
G1 X95.48 Y145.73 E.04698
G1 X94.031 Y145.107 E.04697
G1 X92.979 Y144.611 E.03465
G1 X91.579 Y143.887 E.04695
G1 X90.087 Y143.035 E.05117
G1 X89.159 Y142.459 E.03253
G1 X87.848 Y141.58 E.04703
G1 X86.905 Y140.9 E.03463
G1 X86.083 Y140.258 E.03108
G1 X87.114 Y139.228 E.0434
G1 X89.708 Y136.043 E.12237
G1 X89.822 Y135.814 E.00761
G1 X89.819 Y135.526 E.0086
G1 X88.904 Y132.116 E.10516
G1 X88.743 Y131.538 E.01788
G1 X88.566 Y131.308 E.00863
G1 X88.359 Y131.206 E.00686
G1 X84.446 Y130.158 E.12068
G1 X84.154 Y130.156 E.00869
G1 X83.929 Y130.269 E.00748
G1 X80.719 Y132.881 E.12328
G1 X79.706 Y133.894 E.04268
G1 X79.382 Y133.485 E.01554
G1 X78.406 Y132.159 E.04904
G1 X77.527 Y130.851 E.04694
G1 X76.912 Y129.865 E.03463
G1 X76.127 Y128.497 E.04699
G1 X75.58 Y127.461 E.03489
G1 X74.857 Y125.957 E.04971
;WIDTH:0.494716
G1 X74.813 Y125.799 E.00542
;WIDTH:0.539432
G1 X74.769 Y125.641 E.00596
;WIDTH:0.584149
G1 X74.725 Y125.482 E.0065
;WIDTH:0.628865
G1 X74.681 Y125.324 E.00703
G1 X74.436 Y124.792 E.02515
;WIDTH:0.630743
G1 X74.183 Y124.132 E.03039
G1 X74.091 Y123.958 E.00845
;WIDTH:0.585557
G1 X74 Y123.785 E.0078
;WIDTH:0.540371
G1 X73.908 Y123.611 E.00715
;WIDTH:0.495185
G1 X73.816 Y123.438 E.0065
;WIDTH:0.449999
G1 X73.301 Y121.965 E.04647
G1 X72.954 Y120.845 E.03491
G1 X72.541 Y119.322 E.04702
G1 X72.276 Y118.188 E.03469
G1 X71.973 Y116.64 E.04697
G1 X71.723 Y115.011 E.04909
G1 X71.664 Y114.502 E.01526
G1 X73.157 Y114.499 E.04446
G1 X77.217 Y114.083 E.12156
G1 X77.494 Y113.978 E.00882
G1 X77.658 Y113.8 E.00722
G1 X79.704 Y110.257 E.12185
G1 X79.717 Y110.192 E.00199
G1 X79.336 Y110.067 F9000
M204 P1000
;TYPE:Outer wall
;WIDTH:0.419999
G1 F5400
G1 X79.329 Y109.919 E.00409
G1 X77.302 Y106.411 E.11177
G1 X77.174 Y106.329 E.00419
G1 X73.106 Y105.911 E.11284
G1 X71.2 Y105.911 E.05259
G1 X71.322 Y104.872 E.02887
G1 X71.563 Y103.299 E.04391
G1 X71.784 Y102.143 E.03246
G1 X72.136 Y100.592 E.0439
G1 X72.552 Y99.056 E.0439
G1 X72.9 Y97.932 E.03246
G1 X73.424 Y96.43 E.04392
G1 X73.85 Y95.333 E.03246
G1 X74.48 Y93.871 E.04392
G1 X74.983 Y92.808 E.03246
G1 X75.749 Y91.333 E.04585
G1 X76.54 Y89.952 E.0439
G1 X77.161 Y88.953 E.03247
G1 X78.089 Y87.574 E.04585
G1 X79.031 Y86.292 E.0439
G1 X79.67 Y85.486 E.02838
G1 X81.024 Y86.837 E.0528
G1 X84.19 Y89.41 E.11256
G1 X84.339 Y89.442 E.00419
G1 X88.273 Y88.387 E.11239
G1 X88.371 Y88.276 E.00408
G1 X89.419 Y84.367 E.11168
G1 X89.387 Y84.218 E.0042
G1 X86.806 Y81.049 E.11277
G1 X85.459 Y79.704 E.05253
G1 X86.625 Y78.794 E.04081
G1 X88.035 Y77.788 E.0478
G1 X89.429 Y76.882 E.04587
G1 X90.379 Y76.312 E.03056
G1 X91.282 Y75.803 E.0286
G1 X92.832 Y75.001 E.04816
G1 X93.753 Y74.565 E.0281
G1 X94.769 Y74.118 E.03064
G1 X96.405 Y73.468 E.04857
G1 X97.365 Y73.126 E.02811
G1 X98.421 Y72.781 E.03065
G1 X100.028 Y72.32 E.04613
G1 X101.103 Y72.052 E.03058
G1 X102.185 Y71.815 E.03057
G1 X103.823 Y71.517 E.04593
G1 X104.919 Y71.357 E.03056
G1 X105.907 Y71.242 E.02743
G1 X105.908 Y73.155 E.05277
G1 X106.325 Y77.21 E.11248
G1 X106.406 Y77.337 E.00415
G1 X109.937 Y79.372 E.11245
G1 X110.083 Y79.362 E.00404
G1 X113.592 Y77.338 E.11176
G1 X113.675 Y77.21 E.0042
G1 X114.093 Y73.147 E.11272
G1 X114.093 Y71.243 E.05254
G1 X115.051 Y71.353 E.02662
G1 X116.218 Y71.524 E.03253
G1 X117.786 Y71.809 E.04397
G1 X118.868 Y72.045 E.03055
G1 X120.48 Y72.458 E.04592
G1 X121.542 Y72.77 E.03055
G1 X123.122 Y73.295 E.04592
G1 X124.16 Y73.682 E.03057
G1 X125.186 Y74.099 E.03057
G1 X126.641 Y74.748 E.04396
G1 X127.699 Y75.266 E.0325
G1 X129.104 Y76.017 E.04396
G1 X130.123 Y76.609 E.0325
G1 X131.471 Y77.458 E.04396
G1 X132.445 Y78.12 E.03249
G1 X133.73 Y79.062 E.04395
G1 X134.541 Y79.703 E.02854
G1 X133.188 Y81.056 E.0528
G1 X130.612 Y84.218 E.11253
G1 X130.581 Y84.367 E.0042
G1 X131.635 Y88.293 E.11216
G1 X131.747 Y88.395 E.00418
G1 X135.661 Y89.442 E.11179
G1 X135.81 Y89.41 E.00419
G1 X138.982 Y86.832 E.11279
G1 X140.33 Y85.485 E.05257
G1 X140.947 Y86.264 E.0274
G1 X141.932 Y87.603 E.04587
G1 X142.82 Y88.924 E.04392
G1 X143.442 Y89.923 E.03248
G1 X144.235 Y91.304 E.04393
G1 X144.789 Y92.353 E.03273
G1 X145.512 Y93.854 E.04598
G1 X146.136 Y95.3 E.04344
G1 X146.572 Y96.419 E.03314
G1 X147.091 Y97.906 E.04345
G1 X147.442 Y99.039 E.03273
G1 X147.86 Y100.575 E.04392
G1 X148.127 Y101.721 E.03247
G1 X148.434 Y103.283 E.04391
G1 X148.687 Y104.941 E.04629
G1 X148.8 Y105.911 E.02694
G1 X146.885 Y105.912 E.05283
G1 X142.825 Y106.329 E.11261
G1 X142.699 Y106.409 E.00414
G1 X140.663 Y109.934 E.11231
G1 X140.671 Y110.082 E.00408
G1 X142.698 Y113.589 E.11176
G1 X142.825 Y113.671 E.00419
G1 X146.902 Y114.089 E.11308
G1 X148.799 Y114.089 E.05232
G1 X148.613 Y115.595 E.04188
G1 X148.426 Y116.757 E.03247
G1 X148.118 Y118.319 E.04393
G1 X147.866 Y119.397 E.03054
G1 X147.584 Y120.467 E.03054
G1 X147.103 Y122.058 E.04586
G1 X146.53 Y123.693 E.0478
G1 X145.941 Y125.17 E.04389
G1 X145.29 Y126.623 E.04391
G1 X144.772 Y127.68 E.03248
G1 X144.02 Y129.083 E.04393
G1 X143.428 Y130.101 E.03248
G1 X142.578 Y131.448 E.04393
G1 X141.915 Y132.421 E.03249
G1 X140.972 Y133.703 E.04393
G1 X140.33 Y134.514 E.02854
G1 X138.975 Y133.163 E.0528
G1 X135.81 Y130.59 E.11256
G1 X135.661 Y130.558 E.00419
G1 X131.727 Y131.612 E.11238
G1 X131.629 Y131.724 E.00408
G1 X130.581 Y135.633 E.11168
G1 X130.612 Y135.782 E.0042
G1 X133.199 Y138.957 E.113
G1 X134.541 Y140.297 E.05233
G1 X133.763 Y140.913 E.02739
G1 X132.422 Y141.897 E.04589
G1 X131.099 Y142.784 E.04394
G1 X130.099 Y143.406 E.0325
G1 X128.717 Y144.198 E.04395
G1 X127.666 Y144.751 E.03276
G1 X126.247 Y145.435 E.04347
G1 X124.793 Y146.064 E.04372
G1 X123.596 Y146.532 E.03546
G1 X122.107 Y147.051 E.04349
G1 X120.973 Y147.401 E.03275
G1 X119.435 Y147.818 E.04397
G1 X118.288 Y148.085 E.03251
G1 X116.725 Y148.392 E.04395
G1 X115.08 Y148.643 E.04591
G1 X114.093 Y148.758 E.02741
G1 X114.092 Y146.845 E.05277
G1 X113.675 Y142.79 E.11248
G1 X113.594 Y142.663 E.00415
G1 X110.07 Y140.631 E.11223
G1 X109.916 Y140.638 E.00424
G1 X106.408 Y142.662 E.11176
G1 X106.325 Y142.79 E.0042
G1 X105.907 Y146.853 E.11272
G1 X105.907 Y148.757 E.05253
G1 X104.879 Y148.637 E.02856
G1 X103.304 Y148.396 E.04396
G1 X102.146 Y148.177 E.03251
G1 X100.592 Y147.825 E.04396
G1 X99.453 Y147.524 E.03251
G1 X97.928 Y147.062 E.04397
G1 X96.813 Y146.681 E.0325
G1 X95.325 Y146.113 E.04395
G1 X93.861 Y145.484 E.04395
G1 X92.796 Y144.982 E.0325
G1 X91.381 Y144.251 E.04394
G1 X89.875 Y143.391 E.04785
G1 X88.935 Y142.807 E.03054
G1 X87.611 Y141.92 E.04396
G1 X86.657 Y141.23 E.03249
G1 X85.459 Y140.296 E.04191
G1 X86.806 Y138.951 E.05253
G1 X89.387 Y135.782 E.11277
G1 X89.419 Y135.633 E.0042
G1 X88.365 Y131.708 E.11213
G1 X88.252 Y131.605 E.00421
G1 X84.339 Y130.558 E.11179
G1 X84.19 Y130.59 E.00419
G1 X81.018 Y133.168 E.11279
G1 X79.67 Y134.515 E.05257
G1 X79.053 Y133.736 E.0274
G1 X78.068 Y132.397 E.04587
G1 X77.18 Y131.076 E.04392
G1 X76.557 Y130.077 E.03248
G1 X75.765 Y128.696 E.04393
G1 X75.211 Y127.647 E.03273
G1 X74.488 Y126.146 E.04598
G1 X73.864 Y124.7 E.04344
G1 X73.428 Y123.581 E.03314
G1 X72.908 Y122.094 E.04345
G1 X72.557 Y120.961 E.03274
G1 X72.14 Y119.423 E.04396
G1 X71.872 Y118.274 E.03254
G1 X71.565 Y116.711 E.04395
G1 X71.313 Y115.066 E.04592
G1 X71.2 Y114.089 E.02716
G1 X73.115 Y114.088 E.05284
G1 X77.174 Y113.671 E.11261
G1 X77.301 Y113.591 E.00414
G1 X79.316 Y110.101 E.11119
G1 E-.7 F2400
;WIPE_START
G1 F5400
G1 X79.329 Y109.919 E-.0549
G1 X78.92 Y109.211 E-.2451
;WIPE_END
G17
G3 Z.8 I.271 J1.186 P1  F9000
G1 X140.01 Y95.249 Z.8
G1 Z.4
G1 E1 F2700
M204 P2000
;TYPE:Inner wall
;WIDTH:0.449999
G1 F7200
G1 X140.28 Y94.833 E.01477
G1 X140.703 Y94.413 E.01776
G1 X141.192 Y94.098 E.01733
G1 X141.672 Y93.909 E.01538
G1 X142.236 Y93.808 E.01706
G1 X142.753 Y93.817 E.01538
G1 X143.311 Y93.94 E.01703
G1 X143.841 Y94.178 E.01732
G1 X144.262 Y94.478 E.01538
;WIDTH:0.496453
G1 X144.475 Y94.671 E.00955
;WIDTH:0.542906
G1 X144.688 Y94.865 E.01052
;WIDTH:0.585886
G1 X144.743 Y94.903 E.00267
;WIDTH:0.628865
G1 X144.798 Y94.942 E.00288
G1 X145.046 Y95.412 E.02279
;WIDTH:0.619105
G1 X145.234 Y95.932 E.02334
G1 X145.23 Y96.109 E.00745
;WIDTH:0.576829
G1 X145.226 Y96.286 E.0069
;WIDTH:0.534552
G1 X145.222 Y96.462 E.00636
;WIDTH:0.492276
G1 X145.218 Y96.639 E.00581
;WIDTH:0.449999
G1 X145.086 Y97.424 E.0237
G1 X144.871 Y97.883 E.0151
G1 X144.638 Y98.273 E.01354
G1 X144.197 Y98.726 E.01881
G1 X143.693 Y99.055 E.01795
G1 X143.212 Y99.244 E.01539
G1 X142.387 Y99.349 E.02477
G1 X141.595 Y99.218 E.02393
G1 X141.106 Y99.013 E.01579
G1 X140.669 Y98.716 E.01572
G1 X140.298 Y98.345 E.01564
G1 X140.01 Y97.923 E.01521
G1 X139.796 Y97.423 E.0162
G1 X139.684 Y96.886 E.01636
G1 X139.678 Y96.293 E.01766
G1 X139.762 Y95.845 E.01356
G1 X139.972 Y95.306 E.01726
G1 X139.988 Y95.282 E.00083
G1 X140.359 Y95.456 F9000
M204 P1000
;TYPE:Outer wall
;WIDTH:0.419999
G1 F5400
G1 X140.361 Y95.449 E.00021
G1 X140.713 Y94.974 E.0163
G1 X141.016 Y94.69 E.01147
G1 X141.437 Y94.436 E.01356
G1 X141.847 Y94.289 E.01202
G1 X142.434 Y94.219 E.01632
G1 X142.769 Y94.235 E.00924
G1 X143.249 Y94.354 E.01364
G1 X143.692 Y94.569 E.01358
G1 X144.039 Y94.832 E.01202
G1 X144.366 Y95.199 E.01357
G1 X144.586 Y95.575 E.01202
G1 X144.748 Y96.048 E.0138
G1 X144.806 Y96.677 E.01742
G1 X144.68 Y97.343 E.01871
G1 X144.37 Y97.946 E.01871
G1 X143.901 Y98.437 E.01874
G1 X143.477 Y98.703 E.01381
G1 X143.029 Y98.866 E.01316
G1 X142.344 Y98.938 E.019
G1 X141.675 Y98.812 E.01877
G1 X141.298 Y98.646 E.01138
G1 X140.905 Y98.374 E.01318
G1 X140.594 Y98.053 E.01235
G1 X140.354 Y97.689 E.01201
G1 X140.168 Y97.231 E.01363
G1 X140.082 Y96.618 E.01708
G1 X140.086 Y96.364 E.00701
G1 X140.169 Y95.922 E.01243
G1 X140.343 Y95.493 E.01277
G1 E-.7 F2400
;WIPE_START
G1 F5400
G1 X140.361 Y95.449 E-.01427
G1 X140.713 Y94.974 E-.17727
G1 X140.977 Y94.727 E-.10846
;WIPE_END
G17
G3 Z.8 I-.234 J-1.194 P1  F9000
G1 X128.687 Y97.138 Z.8
G1 Z.4
G1 E1 F2700
M204 P2000
;TYPE:Inner wall
;WIDTH:0.449999
G1 F7200
G1 X128.756 Y97.234 E.00354
G1 X129.327 Y98.116 E.03127
G1 X129.843 Y98.995 E.03036
G1 X130.394 Y100.053 E.03553
G1 X130.829 Y100.996 E.03093
G1 X131.29 Y102.144 E.03686
G1 X131.626 Y103.124 E.03087
G1 X131.963 Y104.285 E.03601
G1 X132.207 Y105.323 E.03175
G1 X132.396 Y106.325 E.03036
G1 X132.561 Y107.537 E.03644
G1 X132.649 Y108.541 E.03001
G1 X132.695 Y109.777 E.03685
G1 X132.682 Y110.795 E.03033
G1 X132.62 Y111.845 E.03133
G1 X132.515 Y112.859 E.03037
G1 X132.325 Y114.084 E.03692
G1 X132.071 Y115.282 E.03648
G1 X131.814 Y116.257 E.03002
G1 X131.44 Y117.436 E.03686
G1 X131.179 Y118.138 E.0223
G1 X130.671 Y119.36 E.03942
G1 X130.129 Y120.472 E.03684
G1 X129.644 Y121.355 E.03001
G1 X128.995 Y122.409 E.03688
G1 X128.416 Y123.251 E.03045
G1 X127.673 Y124.224 E.03645
G1 X127.015 Y125.004 E.03041
G1 X126.302 Y125.774 E.03127
G1 X125.585 Y126.481 E.02997
G1 X124.65 Y127.316 E.03736
G1 X123.692 Y128.081 E.0365
G1 X122.864 Y128.678 E.03042
G1 X121.985 Y129.252 E.03128
G1 X121.236 Y129.695 E.0259
G1 X120.023 Y130.341 E.04094
G1 X119.108 Y130.766 E.03004
G1 X117.961 Y131.231 E.03689
G1 X117.09 Y131.535 E.02747
G1 X115.989 Y131.868 E.03424
G1 X114.785 Y132.162 E.03693
G1 X113.781 Y132.355 E.03046
G1 X112.568 Y132.526 E.03648
G1 X111.982 Y132.58 E.01753
G1 X110.326 Y132.669 E.0494
G1 X109.305 Y132.661 E.03043
G1 X108.256 Y132.605 E.03129
G1 X107.24 Y132.504 E.0304
G1 X106.013 Y132.32 E.03695
G1 X104.813 Y132.072 E.03651
G1 X103.836 Y131.82 E.03004
G1 X102.654 Y131.451 E.03689
G1 X101.822 Y131.146 E.02641
G1 X100.727 Y130.693 E.03529
G1 X99.609 Y130.156 E.03692
G1 X98.723 Y129.675 E.03003
G1 X97.665 Y129.031 E.03689
G1 X96.819 Y128.457 E.03046
G1 X95.842 Y127.72 E.03646
G1 X95.068 Y127.074 E.03001
G1 X94.284 Y126.357 E.03168
G1 X93.573 Y125.644 E.02997
G1 X92.743 Y124.726 E.03687
G1 X92.097 Y123.935 E.03042
G1 X91.471 Y123.093 E.03126
G1 X90.908 Y122.259 E.02996
G1 X90.267 Y121.2 E.03687
G1 X89.683 Y120.105 E.03696
G1 X89.186 Y119.03 E.03528
G1 X88.783 Y118.049 E.0316
G1 X88.446 Y117.099 E.03003
G1 X88.173 Y116.205 E.02784
G1 X87.939 Y115.293 E.02804
G1 X87.639 Y113.882 E.04297
G1 X87.462 Y112.669 E.03653
G1 X87.394 Y111.969 E.02092
G1 X87.308 Y110.427 E.04603
G1 X87.318 Y109.189 E.03687
G1 X87.378 Y108.169 E.03044
G1 X87.51 Y106.953 E.03643
G1 X87.67 Y105.945 E.0304
G1 X87.885 Y104.902 E.0317
G1 X88.193 Y103.718 E.03645
G1 X88.493 Y102.756 E.03001
G1 X88.835 Y101.828 E.02947
G1 X89.323 Y100.665 E.03757
G1 X89.858 Y99.552 E.03678
G1 X90.342 Y98.671 E.02994
G1 X90.662 Y98.144 E.01836
G1 X91.462 Y96.92 E.04356
G1 X92.197 Y95.938 E.03654
G1 X92.994 Y94.986 E.03697
G1 X93.635 Y94.293 E.02814
G1 X94.574 Y93.37 E.03921
G1 X95.363 Y92.674 E.03133
G1 X96.156 Y92.034 E.03037
G1 X97.147 Y91.315 E.03647
G1 X97.99 Y90.762 E.03003
G1 X99.071 Y90.129 E.03731
G1 X100.01 Y89.647 E.03144
G1 X101.081 Y89.152 E.03516
G1 X102.07 Y88.758 E.03169
G1 X103.443 Y88.303 E.0431
G1 X104.208 Y88.079 E.02375
G1 X105.217 Y87.837 E.03089
G1 X106.406 Y87.614 E.03604
G1 X107.405 Y87.477 E.03005
G1 X108.654 Y87.368 E.03733
G1 X109.706 Y87.331 E.03134
G1 X110.684 Y87.339 E.02914
G1 X111.948 Y87.412 E.03773
G1 X112.965 Y87.522 E.03046
G1 X114.19 Y87.718 E.03695
G1 X115.388 Y87.977 E.03652
G1 X116.375 Y88.241 E.03043
G1 X117.376 Y88.56 E.03129
G1 X118.182 Y88.856 E.02556
G1 X119.46 Y89.392 E.04129
G1 X120.367 Y89.832 E.03003
G1 X121.453 Y90.427 E.03689
G1 X122.324 Y90.962 E.03046
G1 X123.346 Y91.662 E.0369
G1 X124.182 Y92.301 E.03133
G1 X124.976 Y92.964 E.03081
G1 X125.863 Y93.786 E.03602
G1 X126.517 Y94.454 E.02785
G1 X127.401 Y95.444 E.03953
G1 X128.162 Y96.404 E.03649
G1 X128.664 Y97.105 E.02569
G1 X128.351 Y97.379 F9000
M204 P1000
;TYPE:Outer wall
;WIDTH:0.419999
G1 F5400
G1 X128.415 Y97.467 E.00301
G1 X128.98 Y98.34 E.0287
G1 X129.481 Y99.195 E.02733
G1 X130.027 Y100.244 E.03262
G1 X130.453 Y101.168 E.02809
G1 X130.907 Y102.301 E.03366
G1 X131.31 Y103.518 E.03538
G1 X131.566 Y104.401 E.02535
G1 X131.805 Y105.418 E.02882
G1 X131.988 Y106.391 E.02733
G1 X132.152 Y107.593 E.03347
G1 X132.237 Y108.576 E.02724
G1 X132.281 Y109.792 E.03357
G1 X132.268 Y110.782 E.02732
G1 X132.208 Y111.821 E.02871
G1 X132.105 Y112.806 E.02733
G1 X131.918 Y114.009 E.03359
G1 X131.667 Y115.196 E.03348
G1 X131.415 Y116.151 E.02724
G1 X131.046 Y117.311 E.03358
G1 X130.791 Y117.993 E.02008
G1 X130.291 Y119.197 E.03597
G1 X129.758 Y120.29 E.03357
G1 X129.282 Y121.155 E.02725
G1 X128.643 Y122.191 E.03359
G1 X128.081 Y123.008 E.02736
G1 X127.345 Y123.973 E.03348
G1 X126.705 Y124.73 E.02735
G1 X125.998 Y125.493 E.0287
G1 X125.295 Y126.186 E.02723
G1 X124.383 Y127 E.03373
G1 X123.434 Y127.758 E.0335
G1 X122.63 Y128.337 E.02736
G1 X121.759 Y128.906 E.02871
G1 X121.026 Y129.339 E.02349
G1 X119.828 Y129.976 E.03743
G1 X118.934 Y130.391 E.02718
G1 X117.805 Y130.848 E.03361
G1 X116.954 Y131.144 E.02488
G1 X115.871 Y131.472 E.03121
G1 X114.687 Y131.76 E.03362
G1 X113.713 Y131.947 E.02738
G1 X112.511 Y132.116 E.0335
G1 X111.945 Y132.168 E.01567
G1 X110.309 Y132.256 E.04519
G1 X109.318 Y132.247 E.02737
G1 X108.278 Y132.192 E.02872
G1 X107.291 Y132.093 E.02736
G1 X106.086 Y131.912 E.03363
G1 X104.897 Y131.667 E.03351
G1 X103.94 Y131.419 E.02727
G1 X102.777 Y131.057 E.03361
G1 X101.964 Y130.758 E.02389
G1 X100.887 Y130.311 E.03219
G1 X99.789 Y129.783 E.03361
G1 X98.921 Y129.312 E.02726
G1 X97.881 Y128.678 E.0336
G1 X97.06 Y128.121 E.02737
G1 X96.091 Y127.39 E.03348
G1 X95.334 Y126.757 E.02724
G1 X94.563 Y126.051 E.02882
G1 X93.866 Y125.352 E.02724
G1 X93.05 Y124.449 E.03359
G1 X92.424 Y123.681 E.02735
G1 X91.803 Y122.846 E.0287
G1 X91.251 Y122.028 E.02723
G1 X90.621 Y120.986 E.03359
G1 X90.048 Y119.911 E.03361
G1 X89.568 Y118.873 E.03155
G1 X89.165 Y117.892 E.02927
G1 X88.836 Y116.961 E.02724
G1 X88.569 Y116.085 E.02528
G1 X88.34 Y115.193 E.02539
G1 X88.046 Y113.81 E.03902
G1 X87.871 Y112.609 E.03349
G1 X87.806 Y111.93 E.01882
G1 X87.721 Y110.41 E.04202
G1 X87.732 Y109.193 E.03358
G1 X87.79 Y108.203 E.02735
G1 X87.921 Y106.998 E.03346
G1 X88.077 Y106.019 E.02734
G1 X88.288 Y104.996 E.02881
G1 X88.593 Y103.822 E.03347
G1 X88.888 Y102.88 E.02724
G1 X89.223 Y101.971 E.02673
G1 X89.702 Y100.829 E.03418
G1 X90.229 Y99.734 E.03351
G1 X90.704 Y98.87 E.02722
G1 X91.015 Y98.359 E.0165
G1 X91.8 Y97.158 E.0396
G1 X92.528 Y96.186 E.0335
G1 X93.311 Y95.252 E.03362
G1 X93.939 Y94.574 E.02549
G1 X94.855 Y93.673 E.03547
G1 X95.636 Y92.984 E.02872
G1 X96.408 Y92.362 E.02734
G1 X97.39 Y91.649 E.03349
G1 X98.217 Y91.108 E.02726
G1 X99.271 Y90.491 E.03372
G1 X100.199 Y90.015 E.02877
G1 X101.252 Y89.529 E.03201
G1 X102.223 Y89.142 E.02882
G1 X103.559 Y88.7 E.03885
G1 X104.324 Y88.476 E.022
G1 X105.289 Y88.245 E.02738
G1 X106.482 Y88.021 E.0335
G1 X107.461 Y87.887 E.02726
G1 X108.679 Y87.781 E.03373
G1 X109.72 Y87.744 E.02874
G1 X110.68 Y87.753 E.02649
G1 X111.924 Y87.825 E.03437
G1 X112.91 Y87.932 E.02738
G1 X114.114 Y88.124 E.03363
G1 X115.301 Y88.381 E.03351
G1 X116.259 Y88.638 E.02737
G1 X117.25 Y88.954 E.02872
G1 X118.039 Y89.244 E.02317
G1 X119.298 Y89.772 E.03767
G1 X120.186 Y90.204 E.02726
G1 X121.254 Y90.789 E.0336
G1 X122.099 Y91.309 E.02737
G1 X123.104 Y91.997 E.03361
G1 X123.931 Y92.629 E.02873
G1 X124.688 Y93.262 E.02723
G1 X125.582 Y94.089 E.0336
G1 X126.222 Y94.743 E.02523
G1 X127.084 Y95.71 E.03574
G1 X127.838 Y96.661 E.03349
G1 X128.328 Y97.346 E.02324
G1 E-.7 F2400
;WIPE_START
G1 F5400
G1 X128.415 Y97.467 E-.04471
G1 X128.877 Y98.182 E-.25529
;WIPE_END
G17
G3 Z.8 I-1.21 J-.129 P1  F9000
G1 X124.453 Y139.829 Z.8
G1 Z.4
G1 E1 F2700
M204 P2000
;TYPE:Inner wall
;WIDTH:0.449999
G1 F7200
G1 X124.816 Y139.996 E.01188
G1 X125.228 Y140.281 E.01492
G1 X125.598 Y140.657 E.01571
G1 X125.847 Y141.029 E.01335
G1 X126.097 Y141.609 E.01881
G1 X126.209 Y142.201 E.01795
G1 X126.191 Y142.781 E.01728
G1 X126.075 Y143.284 E.01538
G1 X125.838 Y143.805 E.01705
G1 X125.538 Y144.225 E.01536
;WIDTH:0.494484
G1 X125.408 Y144.368 E.00639
;WIDTH:0.538969
G1 X125.277 Y144.51 E.00702
;WIDTH:0.583454
G1 X125.146 Y144.653 E.00765
;WIDTH:0.627939
G1 X125.016 Y144.796 E.00828
G1 X124.387 Y145.08 E.02953
;WIDTH:0.622883
G1 X124.048 Y145.204 E.01535
G1 X123.92 Y145.199 E.00541
;WIDTH:0.579662
G1 X123.793 Y145.193 E.00501
;WIDTH:0.536441
G1 X123.666 Y145.188 E.0046
;WIDTH:0.49322
G1 X123.538 Y145.182 E.0042
;WIDTH:0.449999
G1 X123.089 Y145.161 E.01341
G1 X122.517 Y145.023 E.01752
G1 X121.937 Y144.74 E.01923
G1 X121.483 Y144.354 E.01773
G1 X121.237 Y144.1 E.01052
G1 X120.961 Y143.663 E.01542
G1 X120.711 Y142.923 E.02325
G1 X120.679 Y142.365 E.01666
G1 X120.692 Y141.984 E.01135
G1 X120.818 Y141.476 E.01559
G1 X121.038 Y141.009 E.01539
G1 X121.338 Y140.589 E.01536
G1 X121.851 Y140.142 E.02026
G1 X122.038 Y140.009 E.00686
G1 X122.509 Y139.788 E.01548
G1 X123.037 Y139.677 E.01606
G1 X123.346 Y139.632 E.00931
G1 X123.861 Y139.663 E.01537
G1 X124.355 Y139.784 E.01515
G1 X124.417 Y139.813 E.00203
G1 X124.282 Y140.204 F9000
M204 P1000
;TYPE:Outer wall
;WIDTH:0.419999
G1 F5400
G1 X124.582 Y140.338 E.00907
G1 X124.975 Y140.61 E.01318
G1 X125.284 Y140.927 E.01221
G1 X125.467 Y141.192 E.0089
G1 X125.717 Y141.772 E.01742
G1 X125.8 Y142.266 E.01381
G1 X125.773 Y142.792 E.01453
G1 X125.663 Y143.213 E.01201
G1 X125.448 Y143.655 E.01357
G1 X125.18 Y144.006 E.01218
G1 X124.695 Y144.409 E.01741
G1 X123.976 Y144.709 E.02149
G1 X123.549 Y144.769 E.01189
G1 X123.173 Y144.756 E.01037
G1 X122.698 Y144.652 E.01342
G1 X122.118 Y144.368 E.01781
G1 X121.615 Y143.913 E.01872
G1 X121.311 Y143.442 E.01548
G1 X121.105 Y142.801 E.01858
G1 X121.09 Y142.122 E.01873
G1 X121.201 Y141.634 E.01381
G1 X121.42 Y141.171 E.01413
G1 X121.696 Y140.808 E.01259
G1 X122.181 Y140.405 E.01741
G1 X122.632 Y140.184 E.01384
G1 X123.291 Y140.048 E.01855
G1 X123.596 Y140.056 E.00843
G1 X124.211 Y140.172 E.01726
G1 X124.245 Y140.188 E.00105
G1 E-.7 F2400
;WIPE_START
G1 F5400
G1 X124.582 Y140.338 E-.11063
G1 X124.975 Y140.61 E-.14331
G1 X125.082 Y140.72 E-.04606
;WIPE_END
G17
G3 Z.8 I.38 J-1.156 P1  F9000
G1 X79.212 Y125.642 Z.8
G1 Z.4
G1 E1 F2700
M204 P2000
;TYPE:Inner wall
;WIDTH:0.449999
G1 F7200
G1 X78.808 Y125.902 E.0143
G1 X78.327 Y126.091 E.01538
G1 X77.763 Y126.192 E.01707
G1 X77.183 Y126.174 E.01729
G1 X76.68 Y126.058 E.01538
G1 X76.158 Y125.822 E.01706
G1 X75.738 Y125.522 E.01538
;WIDTH:0.487948
G1 X75.593 Y125.395 E.00626
;WIDTH:0.525896
G1 X75.449 Y125.269 E.00679
;WIDTH:0.563844
G1 X75.304 Y125.142 E.00732
;WIDTH:0.596355
G1 X75.253 Y125.1 E.00268
;WIDTH:0.628865
G1 X75.202 Y125.058 E.00283
G1 X74.954 Y124.588 E.02279
;WIDTH:0.630743
G1 X74.75 Y123.998 E.02686
G1 X74.758 Y123.839 E.00686
;WIDTH:0.585557
G1 X74.766 Y123.68 E.00633
;WIDTH:0.540371
G1 X74.774 Y123.52 E.0058
;WIDTH:0.495185
G1 X74.782 Y123.361 E.00528
;WIDTH:0.449999
G1 X74.914 Y122.576 E.0237
G1 X75.129 Y122.117 E.0151
G1 X75.362 Y121.727 E.01354
G1 X75.802 Y121.274 E.01881
G1 X76.307 Y120.945 E.01795
G1 X76.787 Y120.756 E.01539
G1 X77.351 Y120.655 E.01706
G1 X77.868 Y120.664 E.01538
G1 X78.427 Y120.787 E.01705
G1 X78.894 Y120.987 E.01514
G1 X79.363 Y121.311 E.017
G1 X79.723 Y121.685 E.01544
G1 X80.038 Y122.173 E.01731
G1 X80.221 Y122.702 E.01667
G1 X80.311 Y123.072 E.01133
G1 X80.319 Y123.705 E.01886
G1 X80.196 Y124.292 E.01788
G1 X79.999 Y124.754 E.01496
G1 X79.683 Y125.214 E.01661
G1 X79.297 Y125.587 E.016
G1 X79.245 Y125.621 E.00183
G1 X78.983 Y125.31 F9000
M204 P1000
;TYPE:Outer wall
;WIDTH:0.419999
G1 F5400
G1 X78.563 Y125.564 E.01356
G1 X78.153 Y125.711 E.01202
G1 X77.592 Y125.781 E.0156
G1 X77.172 Y125.756 E.01159
G1 X76.751 Y125.646 E.01202
G1 X76.308 Y125.431 E.01357
G1 X75.961 Y125.168 E.01202
G1 X75.634 Y124.801 E.01357
G1 X75.414 Y124.425 E.01202
G1 X75.252 Y123.952 E.0138
G1 X75.194 Y123.323 E.01742
G1 X75.32 Y122.657 E.01871
G1 X75.629 Y122.054 E.01871
G1 X76.099 Y121.563 E.01874
G1 X76.523 Y121.297 E.01381
G1 X76.962 Y121.135 E.01292
G1 X77.449 Y121.062 E.01357
G1 X77.884 Y121.082 E.01202
G1 X78.359 Y121.199 E.01351
G1 X78.702 Y121.354 E.01038
G1 X79.095 Y121.627 E.01321
G1 X79.446 Y121.999 E.0141
G1 X79.703 Y122.427 E.01378
G1 X79.89 Y123.03 E.01741
G1 X79.906 Y123.708 E.01873
G1 X79.79 Y124.209 E.01419
G1 X79.629 Y124.567 E.01083
G1 X79.286 Y125.026 E.01579
G1 X79.013 Y125.283 E.01036
G1 E-.7 F2400
;WIPE_START
G1 F5400
G1 X78.563 Y125.564 E-.15916
G1 X78.153 Y125.711 E-.13072
G1 X78.119 Y125.716 E-.01012
;WIPE_END
G17
G3 Z.8 I1.13 J.452 P1  F9000
G1 X96.263 Y80.349 Z.8
G1 Z.4
G1 E1 F2700
M204 P2000
;TYPE:Inner wall
;WIDTH:0.449999
G1 F7200
G1 X95.823 Y80.27 E.01331
G1 X95.29 Y80.061 E.01706
G1 X94.816 Y79.753 E.01683
G1 X94.402 Y79.343 E.01735
G1 X94.153 Y78.971 E.01335
G1 X93.903 Y78.391 E.01881
G1 X93.791 Y77.799 E.01795
G1 X93.809 Y77.219 E.01728
G1 X93.925 Y76.716 E.01538
G1 X94.162 Y76.195 E.01705
G1 X94.462 Y75.775 E.01536
;WIDTH:0.492133
G1 X94.641 Y75.591 E.00844
;WIDTH:0.534266
G1 X94.821 Y75.408 E.00924
;WIDTH:0.576399
G1 X95.001 Y75.224 E.01003
;WIDTH:0.612139
G1 X95.127 Y75.122 E.00678
G1 X95.586 Y74.913 E.02099
;WIDTH:0.597085
G1 X95.835 Y74.885 E.01017
;WIDTH:0.548057
G1 X96.085 Y74.857 E.00927
;WIDTH:0.499028
G1 X96.334 Y74.829 E.00837
;WIDTH:0.449999
G1 X96.872 Y74.834 E.01603
G1 X97.432 Y74.957 E.01707
G1 X97.961 Y75.195 E.01729
G1 X98.381 Y75.494 E.01537
G1 X98.884 Y76.073 E.02284
G1 X99.104 Y76.537 E.0153
G1 X99.274 Y76.989 E.01438
G1 X99.336 Y77.59 E.01802
G1 X99.326 Y77.872 E.0084
G1 X99.227 Y78.385 E.01556
G1 X99.032 Y78.864 E.01541
G1 X98.754 Y79.299 E.01538
G1 X98.357 Y79.712 E.01706
G1 X97.934 Y80.008 E.01538
G1 X97.413 Y80.235 E.01694
G1 X96.84 Y80.355 E.01741
G1 X96.324 Y80.359 E.01538
G1 X96.303 Y80.356 E.00065
G1 X96.322 Y79.943 F9000
M204 P1000
;TYPE:Outer wall
;WIDTH:0.419999
G1 F5400
G1 X96.299 Y79.943 E.00064
G1 X95.873 Y79.855 E.01202
G1 X95.418 Y79.663 E.01363
G1 X95.037 Y79.402 E.01274
G1 X94.716 Y79.073 E.01267
G1 X94.533 Y78.808 E.0089
G1 X94.283 Y78.228 E.01742
G1 X94.199 Y77.734 E.01381
G1 X94.227 Y77.208 E.01453
G1 X94.337 Y76.787 E.01201
G1 X94.552 Y76.345 E.01357
G1 X94.82 Y75.994 E.01218
G1 X95.305 Y75.591 E.01741
G1 X95.756 Y75.37 E.01384
G1 X96.414 Y75.234 E.01856
G1 X96.888 Y75.252 E.01308
G1 X97.368 Y75.37 E.01364
G1 X97.92 Y75.667 E.01729
G1 X98.162 Y75.853 E.00842
G1 X98.566 Y76.338 E.01741
G1 X98.855 Y77.015 E.02033
G1 X98.922 Y77.59 E.01597
G1 X98.836 Y78.248 E.0183
G1 X98.642 Y78.722 E.01412
G1 X98.39 Y79.095 E.01243
G1 X98.039 Y79.44 E.01357
G1 X97.675 Y79.679 E.01202
G1 X97.201 Y79.868 E.01408
G1 X96.732 Y79.951 E.01313
G1 X96.362 Y79.944 E.01022
G1 E-.7 F2400
;WIPE_START
G1 F5400
G1 X96.299 Y79.943 E-.01893
G1 X95.873 Y79.855 E-.13065
G1 X95.418 Y79.663 E-.14815
G1 X95.412 Y79.658 E-.00228
;WIPE_END
G1 Z.8 F9000
G1 X94.434 Y75.169
G1 Z.8
G1 Z.4
G1 E1 F2700
M204 P2500
;TYPE:Internal solid infill
;WIDTH:0.440326
G1 F10800
G1 X94.36 Y75.212 E.0025
G1 X94.439 Y75.246 E.00252
G1 X98.734 Y75.301 F9000
;WIDTH:0.419999
G1 F10800
G1 X101.169 Y72.866 E.09501
G1 X100.236 Y73.098 E.02651
G1 X98.657 Y73.551 E.04534
G1 X97.626 Y73.888 E.02992
G1 X96.263 Y74.392 E.04009
G1 X96.217 Y74.425 E.00158
G1 X97.045 Y74.463 E.02287
G1 X97.603 Y74.599 E.01586
G1 X98.128 Y74.84 E.01594
G1 X98.611 Y75.177 E.01625
G1 X98.706 Y75.272 E.0037
G1 X98.713 Y74.788 F9000
G1 F10800
G1 X99.92 Y73.581 E.04708
G1 X98.767 Y73.912 E.03309
G1 X97.751 Y74.247 E.02953
G1 X98.288 Y74.499 E.01636
G1 X98.68 Y74.765 E.0131
G1 X98.695 Y74.283 F9000
;WIDTH:0.383726
G1 F10800
G1 X98.631 Y74.32 E.00184
G1 X98.696 Y74.355 E.00184
G1 X142.465 Y93.429 F9000
;WIDTH:0.419999
G1 F10800
G1 X142.962 Y93.453 E.01372
G1 X143.563 Y93.615 E.01718
G1 X144.146 Y93.906 E.01797
G1 X144.827 Y94.424 E.02361
G1 X144.772 Y94.176 E.00701
G1 X144.069 Y92.716 E.0447
G1 X143.761 Y92.132 E.01821
G1 X142.493 Y93.401 E.04948
G1 X143.267 Y93.151 F9000
;WIDTH:0.407738
G1 F10800
G1 X143.767 Y93.298 E.0139
G1 X143.993 Y93.412 E.00676
G1 X143.668 Y92.75 E.01969
G1 X143.296 Y93.123 E.01406
G1 X145.706 Y96.485 F9000
;WIDTH:0.533596
G1 F10800
G1 X145.644 Y96.485 E.0022
G1 X145.614 Y96.538 E.0022
G1 X145.644 Y96.591 E.0022
G1 X145.706 Y96.591 E.0022
G1 X145.716 Y96.572 E.00077
G1 X146.185 Y105.174 F9000
;WIDTH:0.419999
G1 F10800
G1 X146.803 Y105.111 E.01715
G1 X147.888 Y105.106 E.02995
G1 X147.675 Y103.684 E.03968
G1 X146.213 Y105.146 E.05704
G1 X147.39 Y104.592 F9000
;WIDTH:0.581896
G1 F10018.999
G1 X147.323 Y104.592 E.00266
G1 X147.289 Y104.65 E.00266
G1 X147.323 Y104.708 E.00266
G1 X147.39 Y104.708 E.00266
G1 X147.404 Y104.685 E.00108
G1 E-.92889 F2400
;WIPE_START
G1 F10018.999
G1 X147.39 Y104.708 E-.00656
G1 X147.323 Y104.708 E-.01614
G1 X147.289 Y104.65 E-.01614
G1 X147.323 Y104.592 E-.01614
G1 X147.39 Y104.592 E-.01614
;WIPE_END
G17
G3 Z.8 I-1.028 J-.651 P1  F9000
G1 X121.756 Y145.067 Z.8
G1 Z.4
G1 E1 F2700
;WIDTH:0.419999
G1 F10800
G1 X119.991 Y146.833 E.0689
G1 X120.749 Y146.628 E.02168
G1 X121.856 Y146.285 E.03196
G1 X123.317 Y145.776 E.04268
G1 X123.722 Y145.588 E.01233
G1 X123.187 Y145.565 E.01479
G1 X122.386 Y145.39 E.02261
G1 X121.792 Y145.086 E.01842
G1 X121.824 Y145.51 F9000
;WIDTH:0.387169
G1 F10800
G1 X121.233 Y146.1 E.02103
G1 X122.306 Y145.744 E.02848
G1 X121.86 Y145.527 E.01251
G1 E-.77778 F2400
;WIPE_START
G1 F10800
G1 X122.306 Y145.744 E-.11034
G1 X121.829 Y145.903 E-.11189
;WIPE_END
G17
G3 Z.8 I-.021 J-1.217 P1  F9000
G1 X105.165 Y146.194 Z.8
G1 Z.4
G1 E1 F2700
;WIDTH:0.419999
G1 F10800
G1 X103.716 Y147.642 E.05651
G1 X105.102 Y147.852 E.03866
G1 X105.105 Y146.781 E.02956
G1 X105.161 Y146.234 E.01518
G1 X104.688 Y147.279 F9000
;WIDTH:0.560402
G1 F10435.146
G1 X104.624 Y147.279 E.00245
G1 X104.591 Y147.335 E.00245
G1 X104.624 Y147.391 E.00245
G1 X104.688 Y147.391 E.00245
G1 X104.701 Y147.37 E.00093
G1 X102.973 Y147.749 F9000
;WIDTH:0.420727
G1 F10800
G1 X105.306 Y145.416 E.0912
G1 X105.367 Y144.82 E.01655
G1 X102.67 Y147.518 E.10547
G1 X102.223 Y147.431 E.01259
G1 X105.429 Y144.225 E.12534
G1 X105.49 Y143.629 E.01655
G1 X101.787 Y147.332 E.14476
G1 X101.351 Y147.233 E.01235
G1 X105.741 Y142.844 E.17163
G1 E-.77778 F2400
;WIPE_START
G1 F10800
G1 X105.034 Y143.551 E-.22222
;WIPE_END
G17
G3 Z.8 I-.324 J1.173 P1  F9000
G1 X118.854 Y147.363 Z.8
G1 Z.4
G1 E1 F2700
G1 F10800
G1 X121.446 Y144.771 E.10136
G1 X121.168 Y144.514 E.01045
G1 X118.384 Y147.298 E.10885
G1 X117.708 Y147.44 E.0191
G1 X120.924 Y144.224 E.12573
G1 X120.717 Y143.897 E.01071
G1 X117.044 Y147.57 E.14363
G1 X116.392 Y147.688 E.01832
G1 X120.552 Y143.528 E.16265
G1 X120.425 Y143.12 E.0118
G1 X115.765 Y147.78 E.1822
G1 X115.138 Y147.873 E.01751
G1 X120.352 Y142.659 E.20384
G1 X120.345 Y142.132 E.01458
G1 X114.667 Y147.81 E.22199
G1 X131.013 Y142.15 F9000
G1 F10800
G1 X133.178 Y139.985 E.08464
G1 X132.911 Y139.717 E.01044
G1 X130.1 Y142.529 E.10993
G1 X128.806 Y143.289 E.04148
G1 X132.645 Y139.449 E.1501
G1 X132.402 Y139.158 E.01049
G1 X127.633 Y143.927 E.18644
G1 X126.582 Y144.444 E.03238
G1 X132.162 Y138.863 E.21816
G1 X131.922 Y138.569 E.0105
G1 X125.661 Y144.83 E.2448
G1 X125.471 Y144.856 E.0053
G1 X126.132 Y143.958 E.03084
G1 X126.254 Y143.703 E.00779
G1 X131.682 Y138.274 E.21225
G1 X131.443 Y137.98 E.0105
G1 X126.501 Y142.922 E.19321
G1 X126.545 Y142.343 E.01605
G1 X131.203 Y137.685 E.18209
G1 X130.963 Y137.391 E.0105
G1 X126.49 Y141.864 E.17486
G1 X126.462 Y141.688 E.00492
G1 X126.383 Y141.437 E.00728
G1 X130.723 Y137.097 E.16969
G1 X130.483 Y136.802 E.0105
G1 X126.22 Y141.065 E.16667
G1 X126.11 Y140.813 E.00761
G1 X126.039 Y140.712 E.00341
G1 X130.243 Y136.508 E.16437
G1 X130.007 Y136.21 E.01051
G1 X125.812 Y140.404 E.164
G1 X125.548 Y140.135 E.01044
G1 X129.849 Y135.833 E.16817
G1 X129.829 Y135.662 E.00477
G1 X129.858 Y135.455 E.00578
G1 X129.918 Y135.231 E.00641
G1 X125.251 Y139.897 E.18244
G1 X124.934 Y139.68 E.01063
G1 X130.113 Y134.5 E.20251
G1 X130.309 Y133.77 E.0209
G1 X124.564 Y139.516 E.22462
G1 X124.46 Y139.47 E.00314
G1 X124.151 Y139.395 E.00881
G1 X130.505 Y133.04 E.24844
G1 X130.701 Y132.31 E.0209
G1 X123.531 Y139.48 E.28032
G1 E-.77778 F2400
;WIPE_START
G1 F10800
G1 X124.238 Y138.773 E-.22222
;WIPE_END
G17
G3 Z.8 I.404 J1.148 P1  F9000
G1 X139.894 Y133.269 Z.8
G1 Z.4
G1 E1 F2700
G1 F10800
G1 X141.596 Y131.567 E.06655
G1 X141.955 Y131.039 E.01764
G1 X142.582 Y130.046 E.03245
G1 X139.746 Y132.883 E.11088
G1 X139.478 Y132.616 E.01044
G1 X143.365 Y128.73 E.15196
G1 X143.982 Y127.577 E.03614
G1 X139.186 Y132.374 E.18753
G1 X138.891 Y132.135 E.0105
G1 X144.517 Y126.508 E.21997
G1 X144.966 Y125.525 E.02986
G1 X138.596 Y131.895 E.24903
G1 X138.301 Y131.655 E.0105
G1 X145.373 Y124.584 E.27646
G1 X145.727 Y123.695 E.02645
G1 X138.007 Y131.416 E.30184
G1 X137.712 Y131.176 E.0105
G1 X146.035 Y122.853 E.32541
G1 X146.324 Y122.03 E.02411
G1 X137.417 Y130.937 E.34822
G1 X137.122 Y130.697 E.0105
G1 X146.57 Y121.25 E.36935
G1 X146.801 Y120.484 E.02212
G1 X136.828 Y130.458 E.38992
G1 X136.533 Y130.218 E.0105
G1 X147.004 Y119.747 E.40938
G1 X147.188 Y119.029 E.02049
G1 X136.235 Y129.982 E.42822
G1 X136.121 Y129.908 E.00377
G1 X135.857 Y129.825 E.00763
G1 X147.351 Y118.332 E.44935
G1 X147.49 Y117.658 E.019
G1 X135.251 Y129.897 E.47847
G1 X134.522 Y130.092 E.02088
G1 X147.621 Y116.993 E.51213
G1 X147.739 Y116.34 E.01834
G1 X133.792 Y130.287 E.54528
G1 X133.063 Y130.483 E.02088
G1 X147.842 Y115.703 E.57781
G1 X147.926 Y115.085 E.01725
G1 X132.093 Y130.918 E.619
G1 X122.941 Y139.536 F9000
G1 F10800
G1 X147.645 Y114.832 E.96583
G1 X147.112 Y114.83 E.01472
G1 X122.48 Y139.463 E.96303
G1 X122.368 Y139.487 E.00316
G1 X121.863 Y139.727 E.01547
G1 X121.71 Y139.828 E.00506
G1 X121.135 Y140.314 E.02083
G1 X120.785 Y140.781 E.01612
G1 X120.506 Y141.364 E.01786
G1 X120.482 Y141.461 E.00277
G1 X114.835 Y147.108 E.22077
G1 X114.815 Y146.593 E.01424
G1 X146.601 Y114.807 E1.24271
G1 X146.116 Y114.757 E.01347
G1 X114.765 Y146.109 E1.22571
G1 X114.715 Y145.624 E.01346
G1 X145.632 Y114.708 E1.20872
G1 X145.147 Y114.658 E.01347
G1 X114.665 Y145.14 E1.19172
G1 X114.615 Y144.655 E.01346
G1 X144.663 Y114.608 E1.17472
G1 X144.178 Y114.559 E.01347
G1 X114.566 Y144.171 E1.15773
G1 X114.516 Y143.687 E.01346
G1 X143.694 Y114.509 E1.14073
G1 X143.209 Y114.459 E.01347
G1 X114.466 Y143.202 E1.12374
G1 X114.416 Y142.718 E.01346
G1 X142.726 Y114.408 E1.10681
G1 X142.564 Y114.374 E.00457
G1 X142.337 Y114.263 E.007
G1 X114.278 Y142.322 E1.09699
G1 X114.186 Y142.195 E.00433
G1 X114.014 Y142.051 E.00619
G1 X142.074 Y113.991 E1.09705
G1 X141.876 Y113.655 E.01079
G1 X113.678 Y141.852 E1.10241
G1 X113.34 Y141.657 E.01081
G1 X141.68 Y113.316 E1.10801
G1 X141.485 Y112.978 E.01081
G1 X113.001 Y141.461 E1.11361
G1 X112.662 Y141.266 E.01081
G1 X141.289 Y112.639 E1.1192
G1 X141.093 Y112.3 E.01081
G1 X112.323 Y141.071 E1.1248
G1 X111.984 Y140.875 E.01081
G1 X140.898 Y111.962 E1.1304
G1 X140.702 Y111.623 E.01081
G1 X111.645 Y140.68 E1.13599
G1 X111.306 Y140.484 E.01081
G1 X122.442 Y129.349 E.43534
G1 X122.163 Y129.531 E.00919
G1 X121.115 Y130.141 E.03353
G1 X110.968 Y140.289 E.39672
G1 X110.629 Y140.093 E.01081
G1 X120.01 Y130.712 E.36677
G1 X119.034 Y131.154 E.02961
G1 X110.27 Y139.918 E.34264
G1 X110.118 Y139.878 E.00436
G1 X109.811 Y139.889 E.00847
G1 X109.735 Y139.919 E.00226
G1 X118.137 Y131.516 E.32849
G1 X117.312 Y131.808 E.0242
G1 X108.556 Y140.563 E.34232
G1 X107.293 Y141.291 E.04028
G1 X116.535 Y132.05 E.36131
G1 X115.794 Y132.257 E.02127
G1 X100.916 Y147.135 E.58167
G1 X100.489 Y147.027 E.01217
G1 X115.089 Y132.428 E.57079
G1 X114.411 Y132.571 E.01914
G1 X100.066 Y146.916 E.56082
G1 X99.644 Y146.803 E.01208
G1 X113.754 Y132.693 E.55165
G1 X113.133 Y132.78 E.01734
G1 X99.234 Y146.679 E.5434
G1 X98.824 Y146.555 E.01185
G1 X112.515 Y132.864 E.53528
G1 X111.928 Y132.917 E.01629
G1 X98.413 Y146.431 E.52838
G1 X98.008 Y146.303 E.01177
G1 X111.352 Y132.958 E.52171
G1 X110.795 Y132.981 E.0154
G1 X97.61 Y146.167 E.51551
G1 X97.212 Y146.03 E.01163
G1 X110.242 Y133 E.50942
G1 X109.712 Y132.995 E.01463
G1 X96.821 Y145.887 E.50402
G1 X96.434 Y145.739 E.01144
G1 X109.187 Y132.986 E.4986
G1 X108.681 Y132.958 E.01403
G1 X96.047 Y145.592 E.49391
G1 X95.661 Y145.444 E.01144
G1 X108.175 Y132.93 E.48926
G1 X107.69 Y132.881 E.01349
G1 X95.285 Y145.285 E.48497
G1 X94.911 Y145.125 E.01124
G1 X107.204 Y132.832 E.4806
G1 X106.739 Y132.763 E.013
G1 X94.538 Y144.964 E.47702
G1 X94.164 Y144.804 E.01124
G1 X106.275 Y132.693 E.47348
G1 X105.816 Y132.617 E.01285
G1 X93.801 Y144.632 E.46975
G1 X93.438 Y144.461 E.0111
G1 X105.373 Y132.525 E.46663
G1 X104.931 Y132.434 E.0125
G1 X93.076 Y144.288 E.46346
G1 X92.724 Y144.106 E.01096
G1 X104.498 Y132.332 E.46033
G1 X104.073 Y132.223 E.01213
G1 X92.372 Y143.924 E.45749
G1 X92.019 Y143.742 E.01096
G1 X103.653 Y132.109 E.45482
G1 X103.245 Y131.982 E.0118
G1 X91.669 Y143.558 E.45257
G1 X91.329 Y143.364 E.01083
G1 X102.838 Y131.855 E.44994
G1 X102.435 Y131.724 E.01172
G1 X90.989 Y143.169 E.44747
G1 X90.649 Y142.975 E.01083
G1 X102.044 Y131.58 E.4455
G1 X101.654 Y131.437 E.01151
G1 X90.309 Y142.781 E.44352
G1 X89.978 Y142.578 E.01074
G1 X101.275 Y131.281 E.44165
G1 X100.898 Y131.123 E.01129
G1 X89.648 Y142.373 E.43982
G1 X89.319 Y142.168 E.01072
G1 X100.524 Y130.963 E.43806
G1 X100.163 Y130.79 E.01107
G1 X88.999 Y141.954 E.43647
G1 X88.679 Y141.739 E.01065
G1 X99.803 Y130.616 E.43487
G1 X99.442 Y130.442 E.01106
G1 X88.36 Y141.525 E.43329
G1 X88.04 Y141.31 E.01065
G1 X99.096 Y130.254 E.43227
G1 X98.75 Y130.066 E.01089
G1 X87.729 Y141.086 E.43087
G1 X87.419 Y140.862 E.01058
G1 X98.409 Y129.872 E.42967
G1 X98.077 Y129.67 E.01075
G1 X87.109 Y140.638 E.42882
G1 X86.809 Y140.404 E.01052
G1 X97.745 Y129.468 E.42758
G1 X97.417 Y129.262 E.01072
G1 X87.936 Y138.743 E.37066
G1 X89.968 Y136.247 E.08897
G1 X90.076 Y136.069 E.00577
G1 X97.098 Y129.046 E.27456
G1 X96.78 Y128.83 E.01063
G1 X90.143 Y135.467 E.2595
G1 X90.032 Y135.044 E.0121
G1 X96.469 Y128.607 E.25164
G1 X96.164 Y128.377 E.01055
G1 X89.919 Y134.622 E.24416
G1 X89.806 Y134.201 E.01206
G1 X95.86 Y128.148 E.23667
G1 X95.559 Y127.914 E.01053
G1 X89.693 Y133.78 E.22933
G1 X89.58 Y133.359 E.01206
G1 X95.268 Y127.671 E.22237
G1 X94.977 Y127.427 E.01049
G1 X89.467 Y132.937 E.21541
G1 X89.354 Y132.516 E.01206
G1 X94.692 Y127.178 E.20868
G1 X94.413 Y126.923 E.01045
G1 X89.241 Y132.095 E.2022
G1 X89.128 Y131.673 E.01206
G1 X94.134 Y126.667 E.19572
G1 X93.863 Y126.404 E.01045
G1 X88.977 Y131.29 E.19102
G1 X88.917 Y131.191 E.00321
G1 X88.718 Y131.014 E.00734
G1 X93.597 Y126.136 E.19072
G1 X93.33 Y125.868 E.01044
G1 X88.34 Y130.858 E.19509
G1 X87.919 Y130.745 E.01206
G1 X93.076 Y125.588 E.20162
G1 X92.822 Y125.307 E.01046
G1 X87.497 Y130.633 E.20819
G1 X87.076 Y130.52 E.01206
G1 X92.569 Y125.027 E.21476
G1 X92.325 Y124.736 E.01048
G1 X86.654 Y130.407 E.2217
G1 X86.233 Y130.294 E.01206
G1 X92.085 Y124.442 E.22879
G1 X91.845 Y124.148 E.0105
G1 X85.811 Y130.181 E.23589
G1 X85.39 Y130.069 E.01206
G1 X91.616 Y123.842 E.24343
G1 X91.389 Y123.535 E.01056
G1 X84.968 Y129.956 E.25101
G1 X84.547 Y129.843 E.01206
G1 X91.162 Y123.228 E.25863
G1 X90.947 Y122.908 E.01064
G1 X83.991 Y129.864 E.27195
G1 X83.899 Y129.898 E.0027
G1 X83.742 Y129.995 E.00511
G1 X81.524 Y131.797 E.07903
G1 X90.732 Y122.589 E.36002
G1 X90.523 Y122.264 E.01069
G1 X79.584 Y133.202 E.42766
G1 X79.358 Y132.895 E.01057
G1 X90.322 Y121.93 E.42865
G1 X90.121 Y121.597 E.01076
G1 X79.132 Y132.587 E.42964
G1 X78.905 Y132.279 E.01057
G1 X89.923 Y121.261 E.43076
G1 X89.738 Y120.912 E.01092
G1 X78.679 Y131.971 E.43235
G1 X78.464 Y131.651 E.01064
G1 X89.552 Y120.563 E.4335
G1 X89.368 Y120.213 E.01094
G1 X78.249 Y131.332 E.43472
G1 X78.034 Y131.013 E.01064
G1 X89.197 Y119.849 E.43644
G1 X89.027 Y119.486 E.0111
G1 X77.819 Y130.693 E.43816
G1 X77.614 Y130.365 E.01072
G1 X88.863 Y119.115 E.4398
G1 X88.707 Y118.737 E.01132
G1 X77.408 Y130.035 E.44173
G1 X77.203 Y129.706 E.01072
G1 X88.552 Y118.358 E.44366
G1 X88.404 Y117.971 E.01144
G1 X77.008 Y129.367 E.44553
G1 X76.813 Y129.027 E.01082
G1 X88.264 Y117.576 E.44769
G1 X88.125 Y117.182 E.01157
G1 X80.624 Y124.683 E.29326
G1 X80.512 Y124.571 E.00437
G1 X80.608 Y124.165 E.01154
G1 X88 Y116.772 E.28902
G1 X87.876 Y116.362 E.01184
G1 X80.661 Y123.577 E.28206
G1 X80.642 Y123.062 E.01424
G1 X87.76 Y115.944 E.27829
G1 X87.654 Y115.516 E.0122
G1 X80.543 Y122.626 E.27801
G1 X80.415 Y122.22 E.01178
G1 X87.548 Y115.087 E.27886
G1 X87.453 Y114.648 E.01243
G1 X80.233 Y121.868 E.28227
G1 X80.027 Y121.539 E.01072
G1 X87.365 Y114.201 E.28688
G1 X87.285 Y113.748 E.01274
G1 X79.773 Y121.26 E.29369
G1 X79.582 Y121.062 E.00759
G1 X79.495 Y121.003 E.00291
G1 X87.217 Y113.281 E.30191
G1 X87.149 Y112.814 E.01304
G1 X79.175 Y120.789 E.31177
G1 X78.988 Y120.663 E.00622
G1 X78.833 Y120.596 E.00466
G1 X87.097 Y112.333 E.32307
G1 X87.051 Y111.844 E.01356
G1 X78.441 Y120.454 E.33659
G1 X78.01 Y120.35 E.01225
G1 X87.019 Y111.342 E.35219
G1 X86.996 Y110.831 E.01415
G1 X77.501 Y120.325 E.37121
G1 X77.353 Y120.321 E.00408
G1 X76.896 Y120.397 E.01283
G1 X87.148 Y110.144 E.40085
G1 X74.761 Y122.531 F9000
G1 F10800
G1 X74.089 Y123.203 E.02628
G1 X73.95 Y122.808 E.01158
G1 X86.982 Y109.776 E.50951
G1 X86.987 Y109.236 E.01491
G1 X73.81 Y122.413 E.51515
G1 X73.671 Y122.018 E.01158
G1 X87.017 Y108.672 E.52178
G1 X87.053 Y108.102 E.0158
G1 X73.539 Y121.615 E.52833
G1 X73.413 Y121.208 E.01181
G1 X87.118 Y107.503 E.53579
G1 X87.183 Y106.903 E.01667
G1 X73.287 Y120.8 E.54328
G1 X73.171 Y120.381 E.01201
G1 X87.284 Y106.268 E.55177
G1 X87.4 Y105.618 E.01825
G1 X73.057 Y119.961 E.56075
G1 X72.943 Y119.54 E.01204
G1 X87.539 Y104.944 E.57064
G1 X87.718 Y104.231 E.02032
G1 X72.833 Y119.116 E.58194
G1 X72.732 Y118.683 E.0123
G1 X76.975 Y114.44 E.16588
G1 X76.379 Y114.501 E.01655
G1 X72.631 Y118.25 E.14655
G1 X72.539 Y117.807 E.01249
G1 X75.784 Y114.562 E.12686
G1 X75.188 Y114.623 E.01655
G1 X72.451 Y117.361 E.10701
G1 X72.364 Y116.914 E.01258
G1 X74.593 Y114.685 E.08716
G1 X73.998 Y114.746 E.01655
G1 X72.281 Y116.462 E.06712
G1 X72.212 Y115.997 E.01301
G1 X73.402 Y114.807 E.04652
G1 X73.184 Y114.829 E.00605
G1 X72.844 Y114.83 E.0094
G1 X72.143 Y115.531 E.02741
G1 X72.075 Y115.066 E.01301
G1 X72.479 Y114.662 E.01579
G1 X78.157 Y113.258 F9000
G1 F10800
G1 X87.913 Y103.502 E.38142
G1 X88.157 Y102.723 E.02255
G1 X79.353 Y111.527 E.34419
G1 X79.976 Y110.449 E.03441
G1 X80.035 Y110.312 E.00413
G1 X88.462 Y101.884 E.32947
G1 X88.617 Y101.464 E.01238
G1 X88.822 Y100.99 E.01428
G1 X80.058 Y109.753 E.34261
G1 X79.977 Y109.552 E.00602
G1 X79.885 Y109.393 E.00508
G1 X89.259 Y100.019 E.36648
G1 X89.562 Y99.403 E.01898
G1 X89.833 Y98.91 E.01554
G1 X79.689 Y109.054 E.39658
G1 X79.494 Y108.715 E.01081
G1 X91.225 Y96.984 E.45864
G1 E-.77778 F2400
;WIPE_START
G1 F10800
G1 X90.518 Y97.691 E-.22222
;WIPE_END
G17
G3 Z.8 I-.672 J1.015 P1  F9000
G1 X128.767 Y123.024 Z.8
G1 Z.4
G1 E1 F2700
G1 F10800
G1 X140.506 Y111.285 E.45896
G1 X140.31 Y110.946 E.01081
G1 X130.168 Y121.089 E.39654
G1 X130.417 Y120.636 E.01427
G1 X130.733 Y119.989 E.01991
G1 X140.115 Y110.607 E.36679
G1 X140.018 Y110.439 E.00537
G1 X139.942 Y110.246 E.00574
G1 X131.181 Y119.006 E.3425
G1 X131.541 Y118.112 E.02665
G1 X139.958 Y109.696 E.32906
G1 X140.025 Y109.548 E.00446
G1 X140.646 Y108.473 E.03434
G1 X131.836 Y117.284 E.34446
G1 X132.084 Y116.501 E.0227
G1 X141.843 Y106.742 E.38153
G1 X145.217 Y105.505 F9000
G1 F10800
G1 X147.636 Y103.086 E.09459
G1 X147.548 Y102.639 E.01258
G1 X144.811 Y105.376 E.10701
G1 X144.216 Y105.438 E.01655
G1 X147.461 Y102.193 E.12686
G1 X147.369 Y101.75 E.0125
G1 X143.62 Y105.499 E.14656
G1 X143.025 Y105.56 E.01655
G1 X147.268 Y101.317 E.16588
G1 X147.167 Y100.884 E.0123
G1 X132.287 Y115.764 E.58175
G1 X132.456 Y115.06 E.02001
G1 X147.057 Y100.46 E.57081
G1 X146.943 Y100.039 E.01204
G1 X132.6 Y114.382 E.56073
G1 X132.713 Y113.734 E.01817
G1 X146.829 Y99.619 E.55184
G1 X146.713 Y99.2 E.01201
G1 X132.812 Y113.101 E.54347
G1 X132.885 Y112.494 E.01692
G1 X146.587 Y98.792 E.53566
G1 X146.46 Y98.385 E.01181
G1 X132.948 Y111.897 E.52827
G1 X132.982 Y111.329 E.01573
G1 X146.329 Y97.982 E.52181
G1 X146.189 Y97.587 E.01158
G1 X133.012 Y110.764 E.51517
G1 X133.02 Y110.222 E.01497
G1 X146.183 Y97.059 E.51464
G1 X143.345 Y99.363 F9000
G1 F10800
G1 X133.023 Y109.685 E.40355
G1 X133.004 Y109.17 E.01426
G1 X142.505 Y99.668 E.37147
G1 X142.249 Y99.68 E.0071
G1 X142.007 Y99.632 E.00682
G1 X132.985 Y108.654 E.35273
G1 X132.947 Y108.157 E.01377
G1 X141.561 Y99.543 E.33678
G1 X141.428 Y99.517 E.00378
G1 X141.169 Y99.402 E.00783
G1 X132.905 Y107.665 E.32306
G1 X132.847 Y107.189 E.01326
G1 X140.819 Y99.217 E.31168
G1 X140.503 Y98.999 E.01062
G1 X132.783 Y106.718 E.30179
G1 X132.718 Y106.25 E.01308
G1 X140.227 Y98.741 E.29357
G1 X140.022 Y98.532 E.00809
G1 X139.974 Y98.46 E.0024
G1 X132.633 Y105.8 E.28697
G1 X132.549 Y105.35 E.01265
G1 X139.759 Y98.14 E.28188
G1 X139.588 Y97.777 E.0111
G1 X132.451 Y104.914 E.27903
G1 X132.349 Y104.481 E.01228
G1 X139.442 Y97.388 E.27731
G1 X139.357 Y96.939 E.01264
G1 X132.241 Y104.055 E.27822
G1 X132.12 Y103.641 E.01192
G1 X139.339 Y96.423 E.28222
G1 X139.441 Y95.787 E.01781
G1 X131.863 Y103.364 E.29626
G1 X141.38 Y93.848 F9000
G1 F10800
G1 X143.576 Y91.651 E.08587
G1 X143.381 Y91.312 E.01082
G1 X131.873 Y102.82 E.44994
G1 X131.736 Y102.423 E.01162
G1 X143.186 Y90.972 E.44766
G1 X142.991 Y90.633 E.01082
G1 X131.599 Y102.026 E.44541
G1 X131.446 Y101.644 E.01136
G1 X142.796 Y90.294 E.44375
G1 X142.591 Y89.965 E.01072
G1 X131.293 Y101.263 E.44171
G1 X131.14 Y100.882 E.01135
G1 X142.386 Y89.635 E.43969
G1 X142.181 Y89.307 E.01072
G1 X130.972 Y100.516 E.43822
G1 X130.804 Y100.149 E.01114
G1 X141.966 Y88.987 E.43639
G1 X141.751 Y88.668 E.01064
G1 X130.63 Y99.789 E.4348
G1 X130.446 Y99.438 E.01095
G1 X141.536 Y88.349 E.43355
G1 X141.321 Y88.029 E.01064
G1 X130.263 Y99.087 E.4323
G1 X130.077 Y98.739 E.01091
G1 X141.095 Y87.721 E.43075
G1 X140.868 Y87.413 E.01057
G1 X129.879 Y98.402 E.42962
G1 X129.682 Y98.065 E.01079
G1 X140.642 Y87.105 E.42849
G1 X140.415 Y86.798 E.01057
G1 X129.476 Y97.737 E.42769
G1 X129.266 Y97.413 E.01068
G1 X138.476 Y88.203 E.36009
G1 X136.258 Y90.005 E.07902
G1 X136.1 Y90.103 E.00512
G1 X136.01 Y90.135 E.00265
G1 X129.056 Y97.089 E.27188
G1 X128.835 Y96.775 E.0106
G1 X135.453 Y90.157 E.25875
G1 X135.031 Y90.044 E.01206
G1 X128.612 Y96.464 E.25099
G1 X128.387 Y96.155 E.01057
G1 X134.61 Y89.931 E.24331
G1 X134.188 Y89.819 E.01206
G1 X128.15 Y95.857 E.23607
G1 X127.914 Y95.559 E.01051
G1 X133.767 Y89.706 E.22883
G1 X133.346 Y89.593 E.01206
G1 X127.678 Y95.261 E.22159
G1 X127.428 Y94.976 E.01047
G1 X132.924 Y89.48 E.21486
G1 X132.503 Y89.367 E.01206
G1 X127.177 Y94.693 E.2082
G1 X126.926 Y94.409 E.01046
G1 X132.081 Y89.255 E.20153
G1 X131.66 Y89.142 E.01206
G1 X126.667 Y94.134 E.19519
G1 X126.403 Y93.864 E.01045
G1 X131.282 Y88.985 E.19073
G1 X131.088 Y88.816 E.0071
G1 X131.022 Y88.71 E.00345
G1 X126.139 Y93.594 E.19092
G1 X125.863 Y93.336 E.01045
G1 X130.872 Y88.327 E.19583
G1 X130.759 Y87.905 E.01206
G1 X125.586 Y93.079 E.20225
G1 X125.308 Y92.821 E.01045
G1 X130.646 Y87.484 E.20867
G1 X130.533 Y87.063 E.01206
G1 X125.023 Y92.573 E.21541
G1 X124.732 Y92.329 E.01049
G1 X130.42 Y86.641 E.22237
G1 X130.307 Y86.22 E.01206
G1 X124.441 Y92.086 E.22932
G1 X124.14 Y91.852 E.01053
G1 X130.194 Y85.799 E.23667
G1 X130.081 Y85.378 E.01206
G1 X123.837 Y91.621 E.2441
G1 X123.534 Y91.39 E.01054
G1 X129.968 Y84.956 E.25154
G1 X129.856 Y84.533 E.01209
G1 X123.217 Y91.173 E.25958
G1 X122.9 Y90.956 E.01063
G1 X129.919 Y83.936 E.27444
G1 X130.031 Y83.753 E.00592
G1 X132.064 Y81.257 E.08901
G1 X122.582 Y90.739 E.3707
G1 X122.255 Y90.531 E.0107
G1 X133.188 Y79.599 E.42741
G1 X132.881 Y79.371 E.01056
G1 X121.924 Y90.328 E.42836
G1 X121.593 Y90.126 E.01075
G1 X132.575 Y79.144 E.42936
G1 X132.268 Y78.916 E.01056
G1 X121.247 Y89.936 E.43086
G1 X120.902 Y89.747 E.01088
G1 X131.96 Y78.69 E.43229
G1 X131.642 Y78.474 E.01063
G1 X120.557 Y89.558 E.43335
G1 X120.199 Y89.382 E.01104
G1 X131.323 Y78.258 E.43493
G1 X131.004 Y78.043 E.01065
G1 X119.839 Y89.208 E.43649
G1 X119.474 Y89.038 E.01112
G1 X130.676 Y77.837 E.43794
G1 X130.348 Y77.63 E.01071
G1 X119.1 Y88.879 E.43976
G1 X118.725 Y88.719 E.01126
G1 X130.02 Y77.424 E.44159
G1 X129.691 Y77.219 E.01072
G1 X118.346 Y88.564 E.44355
G1 X117.955 Y88.42 E.0115
G1 X129.353 Y77.022 E.4456
G1 X129.015 Y76.826 E.01081
G1 X117.565 Y88.276 E.44765
G1 X117.162 Y88.145 E.01171
G1 X128.675 Y76.632 E.4501
G1 X128.327 Y76.446 E.01091
G1 X116.757 Y88.016 E.45234
G1 X116.347 Y87.891 E.01183
G1 X127.978 Y76.26 E.45473
G1 X127.63 Y76.073 E.01091
G1 X115.926 Y87.778 E.4576
G1 X115.504 Y87.665 E.01206
G1 X127.28 Y75.89 E.46037
G1 X126.921 Y75.714 E.01104
G1 X115.066 Y87.569 E.46347
G1 X114.627 Y87.474 E.01243
G1 X126.562 Y75.539 E.46663
G1 X126.2 Y75.367 E.01109
G1 X114.185 Y87.382 E.46973
G1 X113.724 Y87.308 E.0129
G1 X125.83 Y75.202 E.47331
G1 X125.461 Y75.037 E.01118
G1 X113.263 Y87.235 E.47689
G1 X112.792 Y87.171 E.01314
G1 X125.092 Y74.872 E.48086
G1 X124.717 Y74.712 E.01125
G1 X112.311 Y87.118 E.48504
G1 X111.822 Y87.073 E.01359
G1 X124.337 Y74.558 E.48931
G1 X123.957 Y74.404 E.01134
G1 X111.317 Y87.043 E.49416
G1 X110.813 Y87.013 E.01396
G1 X123.57 Y74.257 E.49872
G1 X123.18 Y74.112 E.01148
G1 X110.287 Y87.005 E.50409
G1 X109.757 Y87.001 E.01464
G1 X122.789 Y73.969 E.50947
G1 X122.388 Y73.836 E.01168
G1 X109.206 Y87.018 E.51536
G1 X108.651 Y87.038 E.01533
G1 X121.987 Y73.702 E.52136
G1 X121.586 Y73.569 E.01168
G1 X108.068 Y87.087 E.5285
G1 X107.482 Y87.138 E.01625
G1 X121.181 Y73.44 E.53557
G1 X120.768 Y73.318 E.0119
G1 X106.87 Y87.217 E.54338
G1 X106.244 Y87.308 E.01747
G1 X120.355 Y73.197 E.55169
G1 X119.932 Y73.086 E.0121
G1 X105.586 Y87.431 E.56085
G1 X104.913 Y87.57 E.019
G1 X119.506 Y72.977 E.57053
G1 X119.081 Y72.868 E.01214
G1 X104.211 Y87.738 E.58136
G1 X103.463 Y87.952 E.0215
G1 X112.706 Y78.709 E.36138
G1 X111.444 Y79.437 E.04028
G1 X102.688 Y88.193 E.34234
G1 X101.86 Y88.486 E.02426
G1 X110.263 Y80.083 E.3285
G1 X110.2 Y80.108 E.00187
G1 X109.913 Y80.126 E.00794
G1 X109.727 Y80.085 E.00527
G1 X100.974 Y88.838 E.34221
G1 X99.995 Y89.283 E.02974
G1 X109.371 Y79.907 E.36657
G1 X109.032 Y79.711 E.01081
G1 X98.892 Y89.852 E.39645
G1 X97.845 Y90.463 E.0335
G1 X97.56 Y90.649 E.0094
G1 X108.693 Y79.516 E.43526
G1 X108.354 Y79.32 E.01081
G1 X79.298 Y108.377 E1.13599
G1 X79.102 Y108.038 E.01081
G1 X108.016 Y79.125 E1.1304
G1 X107.677 Y78.929 E.01081
G1 X78.907 Y107.7 E1.1248
G1 X78.711 Y107.361 E.01081
G1 X107.338 Y78.734 E1.1192
G1 X106.999 Y78.538 E.01081
G1 X78.515 Y107.022 E1.11361
G1 X78.319 Y106.684 E.01081
G1 X106.66 Y78.343 E1.10801
G1 X106.321 Y78.148 E.01081
G1 X78.124 Y106.345 E1.10241
G1 X77.926 Y106.009 E.01079
G1 X105.986 Y77.949 E1.09703
G1 X105.826 Y77.818 E.00572
G1 X105.72 Y77.68 E.0048
G1 X77.659 Y105.741 E1.09708
G1 X77.432 Y105.625 E.00705
G1 X77.274 Y105.592 E.00447
G1 X105.584 Y77.282 E1.10681
G1 X105.534 Y76.798 E.01346
G1 X76.791 Y105.541 E1.12374
G1 X76.306 Y105.491 E.01347
G1 X105.484 Y76.313 E1.14073
G1 X105.434 Y75.829 E.01346
G1 X75.822 Y105.441 E1.15773
G1 X75.337 Y105.392 E.01347
G1 X105.384 Y75.345 E1.17473
G1 X105.334 Y74.86 E.01346
G1 X74.853 Y105.342 E1.19172
G1 X74.368 Y105.292 E.01347
G1 X105.285 Y74.376 E1.20872
G1 X105.235 Y73.891 E.01346
G1 X73.883 Y105.243 E1.22571
G1 X73.399 Y105.193 E.01347
G1 X105.185 Y73.407 E1.24271
G1 X105.165 Y72.892 E.01424
G1 X99.522 Y78.535 E.22061
G1 X99.297 Y79.077 E.01623
G1 X98.981 Y79.55 E.01573
G1 X98.541 Y79.993 E.01725
G1 X98.058 Y80.32 E.01613
G1 X97.505 Y80.553 E.01658
G1 X72.888 Y105.17 E.96243
G1 X72.355 Y105.168 E.01472
G1 X96.843 Y80.68 E.9574
G1 X96.742 Y80.696 E.00284
G1 X96.307 Y80.682 E.01204
G1 X89.299 Y87.69 E.27398
G1 X89.495 Y86.96 E.0209
G1 X95.851 Y80.604 E.24849
G1 X95.598 Y80.547 E.00717
G1 X95.44 Y80.48 E.00473
G1 X89.69 Y86.23 E.22478
G1 X89.886 Y85.5 E.0209
G1 X95.067 Y80.319 E.20254
G1 X94.749 Y80.103 E.01063
G1 X90.082 Y84.769 E.18245
G1 X90.143 Y84.544 E.00647
G1 X90.17 Y84.297 E.00686
G1 X90.153 Y84.165 E.00369
G1 X94.452 Y79.865 E.1681
G1 X94.187 Y79.596 E.01044
G1 X89.993 Y83.79 E.164
G1 X89.756 Y83.492 E.01051
G1 X93.966 Y79.283 E.16457
G1 X93.854 Y79.115 E.00556
G1 X93.778 Y78.937 E.00538
G1 X89.516 Y83.198 E.16659
G1 X89.277 Y82.903 E.0105
G1 X93.617 Y78.563 E.16968
G1 X93.537 Y78.312 E.00728
G1 X93.509 Y78.136 E.00492
G1 X89.037 Y82.609 E.17486
G1 X88.797 Y82.314 E.0105
G1 X93.454 Y77.657 E.18209
G1 X93.499 Y77.078 E.01605
G1 X88.557 Y82.02 E.19321
G1 X88.317 Y81.726 E.0105
G1 X93.746 Y76.297 E.21225
G1 X93.868 Y76.042 E.00779
G1 X94.244 Y75.52 E.01779
G1 X94.102 Y75.407 E.00502
G1 X88.077 Y81.431 E.23553
G1 X87.838 Y81.137 E.0105
G1 X93.433 Y75.541 E.21875
G1 X92.353 Y76.087 E.03346
G1 X87.598 Y80.842 E.18589
G1 X87.355 Y80.551 E.01049
G1 X91.204 Y76.702 E.15049
G1 X89.909 Y77.462 E.04152
G1 X87.088 Y80.283 E.11028
G1 X86.822 Y80.015 E.01044
G1 X88.974 Y77.863 E.08412
G1 E-.77778 F2400
;WIPE_START
G1 F10800
G1 X88.267 Y78.571 E-.22222
;WIPE_END
G17
G3 Z.8 I-1.216 J-.042 P1  F9000
G1 X87.907 Y89.082 Z.8
G1 Z.4
G1 E1 F2700
G1 F10800
G1 X72.067 Y104.921 E.61924
G1 X72.164 Y104.29 E.01765
G1 X86.937 Y89.517 E.57755
G1 X86.208 Y89.713 E.02088
G1 X72.261 Y103.659 E.54524
G1 X72.376 Y103.009 E.01823
G1 X85.478 Y89.908 E.51222
G1 X84.748 Y90.103 E.02088
G1 X72.502 Y102.349 E.47877
G1 X72.657 Y101.66 E.01952
G1 X84.142 Y90.175 E.44903
G1 X84.075 Y90.166 E.00188
G1 X83.851 Y90.077 E.00665
G1 X83.764 Y90.018 E.0029
G1 X72.814 Y100.969 E.42812
G1 X73.001 Y100.248 E.02059
G1 X83.467 Y89.782 E.40918
G1 X83.172 Y89.542 E.0105
G1 X73.199 Y99.515 E.38989
G1 X73.425 Y98.755 E.0219
G1 X82.877 Y89.303 E.36956
G1 X82.583 Y89.063 E.0105
G1 X73.675 Y97.971 E.34826
G1 X73.961 Y97.15 E.02403
G1 X82.288 Y88.824 E.32554
G1 X81.993 Y88.584 E.0105
G1 X74.271 Y96.306 E.30191
G1 X74.624 Y95.419 E.02641
G1 X81.698 Y88.345 E.27656
G1 X81.404 Y88.105 E.0105
G1 X75.029 Y94.48 E.24923
G1 X75.484 Y93.49 E.03012
G1 X81.109 Y87.865 E.21989
G1 X80.814 Y87.626 E.0105
G1 X76.027 Y92.413 E.18715
G1 X76.402 Y91.69 E.02253
G1 X76.653 Y91.253 E.01391
G1 X80.522 Y87.384 E.15128
G1 X80.254 Y87.117 E.01044
G1 X77.412 Y89.959 E.1111
G1 X77.786 Y89.357 E.0196
G1 X78.416 Y88.421 E.03117
G1 X80.106 Y86.731 E.06607
G1 E-.77778 F2400
;WIPE_START
G1 F10800
G1 X79.399 Y87.438 E-.22222
;WIPE_END
G17
G3 Z.8 I.515 J1.103 P1  F9000
G1 X99.449 Y78.074 Z.8
G1 Z.4
G1 E1 F2700
G1 F10800
G1 X105.163 Y72.36 E.22343
G1 X105.163 Y72.082 E.00768
G1 X104.866 Y72.123 E.00829
G1 X99.662 Y77.327 E.20344
G1 X99.584 Y76.87 E.0128
G1 X104.245 Y72.21 E.18221
G1 X103.607 Y72.313 E.01785
G1 X99.439 Y76.481 E.16295
G1 X99.283 Y76.103 E.0113
G1 X102.954 Y72.432 E.14353
G1 X102.299 Y72.552 E.0184
G1 X98.95 Y75.901 E.13093
G1 E-.77778 F2400
;WIPE_START
G1 F10800
G1 X99.658 Y75.194 E-.22222
;WIPE_END
G17
G3 Z.8 I-.162 J1.206 P1  F9000
G1 X114.258 Y77.156 Z.8
G1 Z.4
G1 E1 F2700
G1 F10800
G1 X118.654 Y72.761 E.17186
G1 X118.216 Y72.665 E.01241
G1 X114.51 Y76.371 E.14488
G1 X114.571 Y75.775 E.01655
G1 X117.777 Y72.569 E.12534
G1 X117.329 Y72.483 E.01261
G1 X114.632 Y75.18 E.10543
G1 X114.694 Y74.584 E.01655
G1 X116.877 Y72.4 E.08537
G1 X116.425 Y72.318 E.0127
G1 X114.755 Y73.988 E.0653
G1 X114.816 Y73.393 E.01655
G1 X115.969 Y72.24 E.04508
G1 X115.503 Y72.172 E.01303
G1 X114.835 Y72.84 E.02612
G1 X114.837 Y72.304 E.01482
G1 X115.186 Y71.954 E.01368
G1 E-.77778 F2400
;WIPE_START
G1 F10800
G1 X114.837 Y72.304 E-.10996
G1 X114.835 Y72.809 E-.11227
;WIPE_END
G17
G3 Z.8 I-1.014 J-.673 P1  F9000
G1 X80.355 Y124.715 Z.8
G1 Z.4
G1 E1 F2700
;WIDTH:0.38292
G1 F10800
G1 X80.291 Y124.752 E.00183
G1 X80.356 Y124.786 E.00183
G1 X78.533 Y126.431 F9000
;WIDTH:0.419999
G1 F10800
G1 X77.659 Y126.588 E.02449
G1 X77.006 Y126.542 E.01807
G1 X76.434 Y126.384 E.01637
G1 X75.958 Y126.157 E.01456
G1 X75.188 Y125.597 E.02626
G1 X75.245 Y125.86 E.00744
G1 X75.93 Y127.284 E.04359
G1 X76.538 Y128.426 E.03569
G1 X78.505 Y126.459 E.07673
G1 X77.474 Y126.957 F9000
G1 F10800
G1 X76.867 Y126.899 E.01684
G1 X76.332 Y126.747 E.01535
G1 X76.024 Y126.61 E.00929
G1 X76.267 Y127.114 E.01544
G1 X76.63 Y127.801 E.02144
G1 X77.446 Y126.985 E.03186
G1 X76.738 Y127.185 F9000
;WIDTH:0.364408
G1 F10800
G1 X76.677 Y127.219 E.00164
G1 X76.738 Y127.254 E.00164
G1 X74.379 Y123.595 F9000
;WIDTH:0.38292
G1 F10800
G1 X74.315 Y123.632 E.00183
G1 X74.38 Y123.667 E.00183
; stop printing object ОсновнойПрофиль.stl id:503862 copy 0
;LAYER_CHANGE
;Z:0.6
;HEIGHT:0.2
;BEFORE_LAYER_CHANGE
;0.6
G92 E0

G1 E-.96727 F2400
;WIPE_START
G1 F10800
G1 X74.315 Y123.632 E-.01637
G1 X74.379 Y123.595 E-.01636
;WIPE_END
;_SET_FAN_SPEED_CHANGING_LAYER
; printing object ОсновнойПрофиль.stl id:503862 copy 0
G17
G3 Z1 I1.131 J.45 P1  F9000
G1 X79.718 Y110.173 Z1
G1 Z.6
G1 E1 F2700
M204 P2000
;TYPE:Inner wall
;WIDTH:0.449999
G1 F7200
G1 X79.764 Y110.005 E.00518
G1 X79.686 Y109.709 E.00911
G1 X77.606 Y106.127 E.1234
G1 X77.444 Y105.99 E.00631
G1 X77.217 Y105.917 E.00711
G1 X73.098 Y105.498 E.12333
G1 X71.665 Y105.498 E.04268
G1 X71.731 Y104.935 E.01688
G1 X71.971 Y103.369 E.0472
G1 X72.187 Y102.236 E.03435
G1 X72.537 Y100.692 E.04716
G1 X72.952 Y99.164 E.04716
G1 X73.292 Y98.062 E.03435
G1 X73.815 Y96.566 E.04721
G1 X74.233 Y95.491 E.03435
G1 X74.86 Y94.035 E.04721
G1 X75.353 Y92.993 E.03435
G1 X76.111 Y91.533 E.049
G1 X76.898 Y90.159 E.04716
G1 X77.507 Y89.179 E.03436
G1 X78.425 Y87.814 E.04901
G1 X79.364 Y86.538 E.04717
G1 X79.706 Y86.106 E.01642
G1 X80.764 Y87.158 E.04444
G1 X83.929 Y89.731 E.12151
G1 X84.151 Y89.843 E.00739
G1 X84.446 Y89.842 E.00878
G1 X88.359 Y88.794 E.12068
G1 X88.614 Y88.649 E.00873
G1 X88.77 Y88.384 E.00917
G1 X89.819 Y84.474 E.12056
G1 X89.821 Y84.184 E.00865
G1 X89.708 Y83.957 E.00755
G1 X87.114 Y80.772 E.12237
G1 X86.083 Y79.742 E.0434
G1 X86.878 Y79.121 E.03005
G1 X88.266 Y78.13 E.05081
G1 X89.647 Y77.234 E.04903
G1 X90.585 Y76.671 E.03259
G1 X91.484 Y76.164 E.03073
G1 X92.686 Y75.542 E.04032
G1 X94.064 Y74.88 E.04553
;WIDTH:0.490242
G1 X94.29 Y74.802 E.00784
;WIDTH:0.530485
G1 X94.517 Y74.725 E.00854
;WIDTH:0.570728
G1 X94.743 Y74.647 E.00925
;WIDTH:0.610971
G1 X95.541 Y74.339 E.03554
;WIDTH:0.604908
G1 X95.68 Y74.263 E.00654
;WIDTH:0.566181
G1 X95.82 Y74.187 E.00609
;WIDTH:0.527454
G1 X95.96 Y74.11 E.00564
;WIDTH:0.488727
G1 X96.099 Y74.034 E.00519
;WIDTH:0.449999
G1 X97.502 Y73.516 E.04455
G1 X98.545 Y73.175 E.03268
G1 X100.137 Y72.719 E.04932
G1 X101.199 Y72.454 E.03261
G1 X102.27 Y72.22 E.03267
G1 X103.348 Y72.016 E.03265
G1 X104.49 Y71.834 E.03446
G1 X105.493 Y71.711 E.0301
G1 X105.496 Y73.198 E.04427
G1 X105.918 Y77.286 E.12244
G1 X106.021 Y77.534 E.008
G1 X106.201 Y77.696 E.00722
G1 X109.71 Y79.72 E.12065
G1 X109.996 Y79.798 E.00884
G1 X110.29 Y79.72 E.00905
G1 X113.817 Y77.686 E.12128
G1 X114.014 Y77.48 E.00849
G1 X114.086 Y77.253 E.0071
G1 X114.507 Y73.168 E.12232
G1 X114.507 Y71.707 E.04353
G1 X116.145 Y71.931 E.04925
G1 X117.706 Y72.215 E.04728
G1 X118.774 Y72.448 E.03255
G1 X120.372 Y72.857 E.04913
G1 X121.42 Y73.165 E.03253
G1 X122.984 Y73.686 E.04913
G1 X124.01 Y74.068 E.0326
G1 X125.024 Y74.479 E.0326
G1 X126.473 Y75.126 E.04727
G1 X127.51 Y75.634 E.0344
G1 X128.909 Y76.382 E.04725
G1 X129.908 Y76.962 E.0344
G1 X131.25 Y77.807 E.04725
G1 X132.205 Y78.457 E.03439
G1 X133.484 Y79.395 E.04724
G1 X133.92 Y79.739 E.01655
G1 X132.867 Y80.795 E.0444
G1 X130.292 Y83.957 E.12148
G1 X130.179 Y84.183 E.00753
G1 X130.181 Y84.474 E.00867
G1 X131.23 Y88.384 E.12056
G1 X131.376 Y88.639 E.00877
G1 X131.64 Y88.794 E.00913
G1 X135.53 Y89.835 E.11995
G1 X135.827 Y89.848 E.00884
G1 X136.07 Y89.731 E.00805
G1 X139.28 Y87.119 E.12328
G1 X140.294 Y86.106 E.04268
G1 X140.617 Y86.514 E.0155
G1 X141.593 Y87.84 E.04903
G1 X142.476 Y89.154 E.04717
G1 X143.086 Y90.134 E.03438
G1 X143.876 Y91.509 E.04723
G1 X144.418 Y92.536 E.03461
G1 X145.104 Y93.958 E.04703
;WIDTH:0.498712
G1 X145.142 Y94.106 E.00509
;WIDTH:0.547425
G1 X145.18 Y94.254 E.00564
;WIDTH:0.596138
G1 X145.218 Y94.402 E.00618
;WIDTH:0.64485
G1 X145.255 Y94.55 E.00673
G1 X145.632 Y95.37 E.03973
;WIDTH:0.6062
G1 X145.841 Y95.858 E.02189
;WIDTH:0.573965
G1 X145.955 Y96.091 E.01008
;WIDTH:0.532643
G1 X146.068 Y96.324 E.0093
;WIDTH:0.491321
G1 X146.182 Y96.557 E.00851
;WIDTH:0.449999
G1 X146.7 Y98.039 E.04675
G1 X147.044 Y99.149 E.03461
G1 X147.459 Y100.678 E.04722
G1 X147.721 Y101.802 E.03436
G1 X148.026 Y103.355 E.04716
G1 X148.277 Y104.99 E.04926
G1 X148.336 Y105.498 E.01522
G1 X146.843 Y105.501 E.04446
G1 X142.783 Y105.917 E.12156
G1 X142.534 Y106.003 E.00784
G1 X142.342 Y106.2 E.0082
G1 X140.27 Y109.803 E.12381
G1 X140.243 Y110.091 E.00861
G1 X140.314 Y110.291 E.0063
G1 X142.34 Y113.795 E.12059
G1 X142.514 Y113.984 E.00765
G1 X142.783 Y114.083 E.00853
G1 X146.902 Y114.502 E.12333
G1 X148.331 Y114.502 E.04256
G1 X148.204 Y115.539 E.03112
G1 X148.02 Y116.678 E.03435
G1 X147.714 Y118.234 E.04723
G1 X147.465 Y119.298 E.03258
G1 X147.186 Y120.356 E.03257
G1 X146.71 Y121.931 E.04901
G1 X146.145 Y123.54 E.05081
G1 X145.56 Y125.009 E.0471
G1 X144.912 Y126.455 E.04717
G1 X144.404 Y127.491 E.03437
G1 X143.655 Y128.888 E.04723
G1 X143.075 Y129.886 E.03438
G1 X142.229 Y131.226 E.04723
G1 X141.579 Y132.18 E.03438
G1 X140.639 Y133.457 E.04723
G1 X140.294 Y133.894 E.01658
G1 X139.236 Y132.842 E.04444
G1 X136.07 Y130.269 E.12151
G1 X135.848 Y130.157 E.00741
G1 X135.554 Y130.158 E.00876
G1 X131.64 Y131.206 E.12068
G1 X131.383 Y131.353 E.00884
G1 X131.23 Y131.616 E.00907
G1 X130.181 Y135.526 E.12056
G1 X130.174 Y135.797 E.00809
G1 X130.292 Y136.043 E.00811
G1 X132.907 Y139.249 E.12325
G1 X133.92 Y140.261 E.04265
G1 X133.513 Y140.583 E.01547
G1 X132.185 Y141.557 E.04905
G1 X130.87 Y142.44 E.04719
G1 X129.889 Y143.049 E.0344
G1 X128.512 Y143.838 E.04726
G1 X127.484 Y144.38 E.03463
G1 X125.629 Y145.252 E.06104
;WIDTH:0.499931
G1 X125.355 Y145.344 E.00966
;WIDTH:0.549862
G1 X125.081 Y145.435 E.01072
;WIDTH:0.599793
G1 X124.807 Y145.527 E.01178
;WIDTH:0.622581
G1 X124.195 Y145.761 E.02779
G1 X124.109 Y145.818 E.00437
;WIDTH:0.579436
G1 X124.023 Y145.874 E.00404
;WIDTH:0.53629
G1 X123.937 Y145.931 E.00372
;WIDTH:0.493145
G1 X123.851 Y145.988 E.00339
;WIDTH:0.449999
G1 X123.458 Y146.142 E.01258
G1 X121.975 Y146.659 E.04679
G1 X120.864 Y147.003 E.03464
G1 X119.332 Y147.417 E.04727
G1 X118.207 Y147.679 E.0344
G1 X116.652 Y147.984 E.04721
G1 X115.024 Y148.233 E.04907
G1 X114.507 Y148.293 E.0155
G1 X114.504 Y146.802 E.0444
G1 X114.086 Y142.747 E.12143
G1 X113.98 Y142.467 E.00892
G1 X113.799 Y142.304 E.00727
G1 X110.211 Y140.242 E.12326
G1 X109.906 Y140.21 E.00913
G1 X109.71 Y140.28 E.00621
G1 X106.21 Y142.298 E.12034
G1 X106.017 Y142.471 E.00769
G1 X105.913 Y142.747 E.0088
G1 X105.493 Y146.862 E.1232
G1 X105.493 Y148.293 E.04262
G1 X104.94 Y148.228 E.01659
G1 X103.372 Y147.988 E.04726
G1 X102.237 Y147.773 E.0344
G1 X100.689 Y147.423 E.04727
G1 X99.573 Y147.128 E.0344
G1 X98.054 Y146.668 E.04727
G1 X96.961 Y146.295 E.0344
G1 X95.48 Y145.73 E.04721
G1 X94.024 Y145.104 E.04721
G1 X92.98 Y144.611 E.0344
G1 X91.572 Y143.884 E.04719
G1 X90.088 Y143.036 E.05092
G1 X89.161 Y142.46 E.03252
G1 X87.842 Y141.577 E.04726
G1 X86.907 Y140.901 E.03438
G1 X86.083 Y140.258 E.03114
G1 X87.114 Y139.228 E.0434
G1 X89.708 Y136.043 E.12237
G1 X89.82 Y135.819 E.00745
G1 X89.819 Y135.526 E.00875
G1 X88.77 Y131.616 E.12056
G1 X88.62 Y131.357 E.00892
G1 X88.359 Y131.206 E.00898
G1 X84.446 Y130.158 E.12068
G1 X84.203 Y130.146 E.00724
G1 X83.93 Y130.268 E.00889
G1 X80.719 Y132.881 E.12332
G1 X79.706 Y133.894 E.04268
G1 X79.382 Y133.486 E.0155
G1 X78.407 Y132.16 E.04903
G1 X77.523 Y130.846 E.04717
G1 X76.913 Y129.866 E.03438
G1 X76.124 Y128.491 E.04722
G1 X75.582 Y127.464 E.03461
G1 X74.858 Y125.957 E.04979
;WIDTH:0.494714
G1 X74.814 Y125.799 E.00542
;WIDTH:0.539429
G1 X74.77 Y125.641 E.00596
;WIDTH:0.584144
G1 X74.726 Y125.483 E.0065
;WIDTH:0.628858
G1 X74.681 Y125.325 E.00703
G1 X74.368 Y124.63 E.03267
;WIDTH:0.629905
G1 X74.185 Y124.132 E.0228
G1 X74.093 Y123.96 E.00839
;WIDTH:0.584929
G1 X74.001 Y123.787 E.00774
;WIDTH:0.539952
G1 X73.909 Y123.615 E.0071
;WIDTH:0.494976
G1 X73.818 Y123.443 E.00646
;WIDTH:0.449999
G1 X73.3 Y121.961 E.04675
G1 X72.956 Y120.851 E.03463
G1 X72.54 Y119.32 E.04725
G1 X72.278 Y118.194 E.03442
G1 X71.972 Y116.639 E.0472
G1 X71.723 Y115.011 E.04907
G1 X71.664 Y114.502 E.01525
G1 X73.157 Y114.499 E.04446
G1 X77.217 Y114.083 E.12156
G1 X77.447 Y114.008 E.00721
G1 X77.658 Y113.8 E.00883
G1 X79.686 Y110.291 E.12073
G1 X79.707 Y110.211 E.00244
G1 X79.334 Y110.072 F9000
M204 P1000
;TYPE:Outer wall
;WIDTH:0.419999
G1 F5400
G1 X79.328 Y109.916 E.00431
G1 X77.302 Y106.411 E.1117
G1 X77.174 Y106.329 E.00419
G1 X73.106 Y105.911 E.11284
G1 X71.2 Y105.911 E.05259
G1 X71.321 Y104.88 E.02866
G1 X71.563 Y103.299 E.04413
G1 X71.782 Y102.151 E.03222
G1 X72.136 Y100.592 E.04412
G1 X72.554 Y99.049 E.04412
G1 X72.899 Y97.933 E.03222
G1 X73.427 Y96.423 E.04414
G1 X73.85 Y95.334 E.03223
G1 X74.483 Y93.865 E.04414
G1 X74.983 Y92.809 E.03223
G1 X75.748 Y91.334 E.04584
G1 X76.543 Y89.947 E.04413
G1 X77.16 Y88.955 E.03223
G1 X78.087 Y87.576 E.04584
G1 X79.035 Y86.287 E.04413
G1 X79.67 Y85.486 E.02822
G1 X81.024 Y86.837 E.0528
G1 X84.19 Y89.41 E.11256
G1 X84.339 Y89.442 E.00419
G1 X88.273 Y88.388 E.11237
G1 X88.371 Y88.276 E.00409
G1 X89.419 Y84.367 E.11168
G1 X89.387 Y84.218 E.0042
G1 X86.806 Y81.049 E.11277
G1 X85.459 Y79.704 E.05253
G1 X86.63 Y78.79 E.04099
G1 X88.034 Y77.789 E.04756
G1 X89.428 Y76.883 E.04587
G1 X90.377 Y76.313 E.03055
G1 X91.287 Y75.8 E.02883
G1 X92.828 Y75.003 E.04789
G1 X93.758 Y74.563 E.02838
G1 X94.774 Y74.115 E.03063
G1 X96.399 Y73.47 E.04825
G1 X97.369 Y73.124 E.02839
G1 X98.424 Y72.78 E.03064
G1 X100.03 Y72.319 E.04609
G1 X101.105 Y72.052 E.03057
G1 X102.188 Y71.814 E.03058
G1 X103.277 Y71.608 E.03058
G1 X104.432 Y71.424 E.03229
G1 X105.907 Y71.244 E.04098
G1 X105.907 Y73.147 E.0525
G1 X106.325 Y77.21 E.11272
G1 X106.406 Y77.337 E.00415
G1 X109.939 Y79.373 E.1125
G1 X110.083 Y79.362 E.00399
G1 X113.592 Y77.338 E.11176
G1 X113.675 Y77.21 E.0042
G1 X114.093 Y73.147 E.11272
G1 X114.093 Y71.243 E.05254
G1 X115.054 Y71.354 E.02668
G1 X116.212 Y71.523 E.03229
G1 X117.787 Y71.809 E.04419
G1 X118.869 Y72.046 E.03055
G1 X120.481 Y72.458 E.04592
G1 X121.543 Y72.77 E.03054
G1 X123.122 Y73.296 E.04591
G1 X124.16 Y73.682 E.03056
G1 X125.186 Y74.099 E.03056
G1 X126.648 Y74.752 E.04419
G1 X127.699 Y75.266 E.03227
G1 X129.111 Y76.021 E.04418
G1 X130.122 Y76.608 E.03227
G1 X131.477 Y77.461 E.04418
G1 X132.444 Y78.119 E.03226
G1 X133.734 Y79.066 E.04417
G1 X134.541 Y79.703 E.02837
G1 X133.188 Y81.056 E.0528
G1 X130.612 Y84.218 E.11253
G1 X130.581 Y84.367 E.0042
G1 X131.634 Y88.292 E.11214
G1 X131.747 Y88.395 E.00421
G1 X135.661 Y89.442 E.11179
G1 X135.81 Y89.41 E.00419
G1 X138.982 Y86.832 E.11279
G1 X140.33 Y85.485 E.05257
G1 X140.946 Y86.263 E.02736
G1 X141.931 Y87.602 E.04587
G1 X142.824 Y88.929 E.04413
G1 X143.441 Y89.921 E.03225
G1 X144.238 Y91.309 E.04415
G1 X144.787 Y92.35 E.03246
G1 X145.476 Y93.776 E.04372
G1 X146.085 Y95.177 E.04213
G1 X146.57 Y96.414 E.03665
G1 X147.093 Y97.91 E.04372
G1 X147.441 Y99.033 E.03246
G1 X147.86 Y100.577 E.04414
G1 X148.126 Y101.715 E.03224
G1 X148.434 Y103.284 E.04413
G1 X148.687 Y104.942 E.04628
G1 X148.8 Y105.911 E.02691
G1 X146.885 Y105.912 E.05283
G1 X142.825 Y106.329 E.11261
G1 X142.699 Y106.41 E.00414
G1 X140.662 Y109.936 E.11235
G1 X140.672 Y110.084 E.00409
G1 X142.698 Y113.589 E.1117
G1 X142.825 Y113.671 E.00419
G1 X146.902 Y114.089 E.11308
G1 X148.799 Y114.089 E.05232
G1 X148.613 Y115.598 E.04194
G1 X148.428 Y116.751 E.03223
G1 X148.118 Y118.321 E.04415
G1 X147.866 Y119.398 E.03054
G1 X147.584 Y120.468 E.03053
G1 X147.103 Y122.059 E.04585
G1 X146.533 Y123.685 E.04756
G1 X145.941 Y125.17 E.04411
G1 X145.287 Y126.63 E.04413
G1 X144.772 Y127.679 E.03224
G1 X144.016 Y129.09 E.04415
G1 X143.429 Y130.1 E.03225
G1 X142.575 Y131.453 E.04415
G1 X141.916 Y132.419 E.03225
G1 X140.968 Y133.708 E.04416
G1 X140.33 Y134.514 E.02837
G1 X138.975 Y133.163 E.0528
G1 X135.81 Y130.59 E.11256
G1 X135.661 Y130.558 E.00419
G1 X131.723 Y131.614 E.1125
G1 X131.629 Y131.724 E.00398
G1 X130.581 Y135.633 E.11168
G1 X130.612 Y135.782 E.0042
G1 X133.193 Y138.951 E.11277
G1 X134.541 Y140.297 E.05257
G1 X133.764 Y140.912 E.02736
G1 X132.423 Y141.896 E.04588
G1 X131.094 Y142.788 E.04415
G1 X130.101 Y143.405 E.03227
G1 X128.711 Y144.2 E.04418
G1 X127.67 Y144.749 E.03248
G1 X126.241 Y145.437 E.04375
G1 X124.839 Y146.045 E.04216
G1 X123.601 Y146.53 E.03668
G1 X122.104 Y147.052 E.04376
G1 X120.979 Y147.4 E.03249
G1 X119.433 Y147.819 E.04419
G1 X118.294 Y148.084 E.03227
G1 X116.723 Y148.392 E.04417
G1 X115.079 Y148.643 E.0459
G1 X114.093 Y148.758 E.02738
G1 X114.092 Y146.845 E.05277
G1 X113.675 Y142.79 E.11248
G1 X113.594 Y142.663 E.00414
G1 X110.068 Y140.631 E.11229
G1 X109.916 Y140.638 E.0042
G1 X106.408 Y142.662 E.11176
G1 X106.325 Y142.79 E.0042
G1 X105.907 Y146.853 E.11272
G1 X105.907 Y148.757 E.05253
G1 X104.885 Y148.638 E.02839
G1 X103.302 Y148.396 E.04418
G1 X102.153 Y148.178 E.03227
G1 X100.591 Y147.824 E.04419
G1 X99.46 Y147.526 E.03227
G1 X97.927 Y147.062 E.04419
G1 X96.82 Y146.684 E.03227
G1 X95.325 Y146.113 E.04417
G1 X93.854 Y145.481 E.04417
G1 X92.797 Y144.982 E.03227
G1 X91.375 Y144.247 E.04416
G1 X89.876 Y143.391 E.04761
G1 X88.936 Y142.808 E.03053
G1 X87.606 Y141.916 E.04418
G1 X86.659 Y141.232 E.03226
G1 X85.459 Y140.296 E.04197
G1 X86.806 Y138.951 E.05253
G1 X89.387 Y135.782 E.11277
G1 X89.419 Y135.633 E.0042
G1 X88.364 Y131.704 E.11225
G1 X88.252 Y131.605 E.0041
G1 X84.339 Y130.558 E.11179
G1 X84.19 Y130.589 E.00418
G1 X81.018 Y133.168 E.11281
G1 X79.67 Y134.515 E.05257
G1 X79.054 Y133.737 E.02736
G1 X78.069 Y132.398 E.04587
G1 X77.176 Y131.071 E.04413
G1 X76.558 Y130.079 E.03225
G1 X75.762 Y128.691 E.04415
G1 X75.213 Y127.65 E.03247
G1 X74.523 Y126.224 E.04372
G1 X73.915 Y124.823 E.04213
G1 X73.43 Y123.586 E.03665
G1 X72.907 Y122.091 E.04372
G1 X72.559 Y120.966 E.03248
G1 X72.139 Y119.421 E.04418
G1 X71.873 Y118.281 E.03229
G1 X71.565 Y116.711 E.04416
G1 X71.313 Y115.066 E.0459
G1 X71.2 Y114.089 E.02715
G1 X73.115 Y114.088 E.05284
G1 X77.174 Y113.671 E.11261
G1 X77.301 Y113.59 E.00414
G1 X79.314 Y110.107 E.11101
G1 E-.7 F2400
;WIPE_START
G1 F5400
G1 X79.328 Y109.916 E-.05732
G1 X78.923 Y109.216 E-.24268
;WIPE_END
G17
G3 Z1 I.271 J1.186 P1  F9000
G1 X140 Y95.269 Z1
G1 Z.6
G1 E1 F2700
M204 P2000
;TYPE:Inner wall
;WIDTH:0.449999
G1 F7200
G1 X140.042 Y95.178 E.00299
G1 X140.342 Y94.758 E.01537
G1 X140.709 Y94.406 E.01515
G1 X141.192 Y94.098 E.01706
G1 X141.672 Y93.909 E.01538
G1 X142.236 Y93.808 E.01706
G1 X142.753 Y93.817 E.01538
G1 X143.308 Y93.939 E.01694
G1 X143.82 Y94.166 E.01667
G1 X144.276 Y94.491 E.01668
;WIDTH:0.498712
G1 X144.388 Y94.576 E.00469
;WIDTH:0.547425
G1 X144.5 Y94.661 E.0052
;WIDTH:0.596138
G1 X144.613 Y94.746 E.0057
;WIDTH:0.64485
G1 X144.725 Y94.831 E.0062
G1 X144.985 Y95.28 E.02286
;WIDTH:0.611073
G1 X145.205 Y95.842 E.02512
G1 X145.208 Y96.041 E.00828
;WIDTH:0.570805
G1 X145.211 Y96.241 E.00769
;WIDTH:0.530536
G1 X145.214 Y96.44 E.00711
;WIDTH:0.490268
G1 X145.218 Y96.639 E.00652
;WIDTH:0.449999
G1 X145.086 Y97.424 E.02371
G1 X144.891 Y97.893 E.01513
G1 X144.551 Y98.383 E.01777
G1 X143.963 Y98.897 E.02326
G1 X143.303 Y99.215 E.02183
G1 X142.735 Y99.337 E.01731
G1 X142.207 Y99.343 E.01573
G1 X141.704 Y99.253 E.01521
G1 X141.171 Y99.045 E.01706
G1 X140.696 Y98.735 E.01688
G1 X140.318 Y98.366 E.01572
G1 X140.026 Y97.948 E.0152
G1 X139.796 Y97.423 E.01706
G1 X139.678 Y96.855 E.01729
G1 X139.681 Y96.275 E.01729
G1 X139.82 Y95.653 E.01896
G1 X139.983 Y95.305 E.01144
G1 X140.375 Y95.447 F9000
M204 P1000
;TYPE:Outer wall
;WIDTH:0.419999
G1 F5400
G1 X140.432 Y95.328 E.00362
G1 X140.694 Y94.983 E.01195
G1 X141.016 Y94.69 E.01201
G1 X141.437 Y94.436 E.01357
G1 X141.847 Y94.289 E.01202
G1 X142.44 Y94.219 E.01648
G1 X142.769 Y94.235 E.00907
G1 X143.244 Y94.352 E.01351
G1 X143.587 Y94.507 E.01038
G1 X143.996 Y94.796 E.01381
G1 X144.293 Y95.104 E.0118
G1 X144.57 Y95.542 E.01431
G1 X144.745 Y96.03 E.01431
G1 X144.806 Y96.677 E.01792
G1 X144.68 Y97.343 E.01871
G1 X144.512 Y97.722 E.01143
G1 X144.213 Y98.144 E.01428
G1 X143.699 Y98.579 E.01858
G1 X143.135 Y98.837 E.01712
G1 X142.626 Y98.934 E.01429
G1 X142.18 Y98.926 E.0123
G1 X141.753 Y98.838 E.01202
G1 X141.298 Y98.646 E.01363
G1 X140.904 Y98.373 E.01324
G1 X140.594 Y98.053 E.0123
G1 X140.354 Y97.689 E.01201
G1 X140.168 Y97.231 E.01363
G1 X140.082 Y96.733 E.01395
G1 X140.097 Y96.257 E.01315
G1 X140.218 Y95.771 E.01381
G1 X140.358 Y95.483 E.00885
G1 E-.7 F2400
;WIPE_START
G1 F5400
G1 X140.432 Y95.328 E-.05141
G1 X140.694 Y94.983 E-.12992
G1 X140.987 Y94.717 E-.11867
;WIPE_END
G17
G3 Z1 I.373 J-1.159 P1  F9000
G1 X96.282 Y80.338 Z1
G1 Z.6
G1 E1 F2700
M204 P2000
;TYPE:Inner wall
;WIDTH:0.449999
G1 F7200
G1 X96.075 Y80.327 E.00618
G1 X95.592 Y80.195 E.01492
G1 X95.184 Y80.004 E.01341
G1 X94.77 Y79.718 E.01497
G1 X94.402 Y79.343 E.01565
G1 X94.153 Y78.971 E.01335
G1 X93.903 Y78.391 E.01881
G1 X93.791 Y77.8 E.01793
G1 X93.805 Y77.243 E.01657
G1 X93.931 Y76.698 E.01667
G1 X94.154 Y76.21 E.01598
G1 X94.453 Y75.787 E.01543
;WIDTH:0.492113
G1 X94.635 Y75.599 E.0086
;WIDTH:0.534227
G1 X94.818 Y75.412 E.00941
;WIDTH:0.57634
G1 X95.001 Y75.224 E.01022
;WIDTH:0.612117
G1 X95.127 Y75.122 E.00678
G1 X95.586 Y74.913 E.02099
;WIDTH:0.597158
G1 X95.835 Y74.885 E.01017
;WIDTH:0.548105
G1 X96.085 Y74.857 E.00927
;WIDTH:0.499052
G1 X96.334 Y74.829 E.00837
;WIDTH:0.449999
G1 X96.872 Y74.834 E.01603
G1 X97.432 Y74.957 E.01707
G1 X97.961 Y75.195 E.01729
G1 X98.381 Y75.494 E.01537
G1 X98.884 Y76.073 E.02284
G1 X99.142 Y76.599 E.01744
G1 X99.242 Y76.863 E.00844
G1 X99.333 Y77.361 E.01506
G1 X99.326 Y77.892 E.01581
G1 X99.202 Y78.456 E.01721
G1 X98.962 Y78.991 E.01748
G1 X98.662 Y79.412 E.01538
G1 X98.243 Y79.803 E.01706
G1 X97.806 Y80.076 E.01537
G1 X97.078 Y80.318 E.02284
G1 X96.391 Y80.344 E.0205
G1 X96.322 Y80.341 E.00204
G1 X96.301 Y79.925 F9000
M204 P1000
;TYPE:Outer wall
;WIDTH:0.419999
G1 F5400
G1 X96.177 Y79.926 E.00342
G1 X95.76 Y79.818 E.01189
G1 X95.417 Y79.662 E.01037
G1 X94.912 Y79.276 E.01753
G1 X94.55 Y78.838 E.0157
G1 X94.283 Y78.228 E.01838
G1 X94.198 Y77.704 E.01463
G1 X94.21 Y77.328 E.01038
G1 X94.312 Y76.86 E.01322
G1 X94.491 Y76.449 E.01239
G1 X94.791 Y76.026 E.01429
G1 X95.305 Y75.591 E.01859
G1 X95.756 Y75.37 E.01384
G1 X96.414 Y75.234 E.01855
G1 X96.888 Y75.252 E.01308
G1 X97.368 Y75.37 E.01364
G1 X97.923 Y75.669 E.01739
G1 X98.162 Y75.853 E.00832
G1 X98.566 Y76.338 E.01741
G1 X98.824 Y76.901 E.01711
G1 X98.921 Y77.403 E.01411
G1 X98.913 Y77.859 E.01257
G1 X98.798 Y78.364 E.0143
G1 X98.58 Y78.829 E.01416
G1 X98.308 Y79.188 E.01243
G1 X97.941 Y79.515 E.01357
G1 X97.559 Y79.736 E.01218
G1 X96.956 Y79.923 E.01742
G1 X96.341 Y79.925 E.01697
G1 E-.7 F2400
;WIPE_START
G1 F5400
G1 X96.177 Y79.926 E-.04914
G1 X95.76 Y79.818 E-.12927
G1 X95.417 Y79.662 E-.11279
G1 X95.394 Y79.645 E-.0088
;WIPE_END
G17
G3 Z1 I-.566 J1.077 P1  F9000
G1 X128.684 Y97.135 Z1
G1 Z.6
G1 E1 F2700
M204 P2000
;TYPE:Inner wall
;WIDTH:0.449999
G1 F7200
G1 X128.778 Y97.266 E.00481
G1 X129.273 Y98.029 E.02709
G1 X129.836 Y98.982 E.03298
G1 X130.386 Y100.035 E.03538
G1 X130.845 Y101.033 E.03272
G1 X131.291 Y102.147 E.03576
G1 X131.646 Y103.187 E.03272
G1 X131.977 Y104.341 E.03575
G1 X132.19 Y105.239 E.02749
G1 X132.395 Y106.316 E.03266
G1 X132.556 Y107.491 E.03532
G1 X132.653 Y108.599 E.03315
G1 X132.695 Y109.784 E.03531
G1 X132.682 Y110.63 E.02518
G1 X132.625 Y111.789 E.03459
G1 X132.511 Y112.892 E.03303
G1 X132.326 Y114.079 E.03578
G1 X132.078 Y115.255 E.03578
G1 X131.797 Y116.317 E.03271
G1 X131.437 Y117.446 E.03532
G1 X131.184 Y118.121 E.02146
G1 X130.688 Y119.323 E.03874
G1 X130.166 Y120.402 E.03571
G1 X129.645 Y121.353 E.03228
G1 X129.008 Y122.388 E.03621
G1 X128.386 Y123.293 E.03272
G1 X127.665 Y124.235 E.03533
G1 X126.953 Y125.073 E.03273
G1 X126.336 Y125.739 E.02707
G1 X125.546 Y126.518 E.03305
G1 X124.648 Y127.318 E.0358
G1 X123.709 Y128.069 E.0358
G1 X122.83 Y128.702 E.03229
G1 X122.069 Y129.2 E.0271
G1 X121.116 Y129.767 E.03301
G1 X120.065 Y130.32 E.03539
G1 X119.068 Y130.783 E.03274
G1 X117.909 Y131.25 E.03723
G1 X116.915 Y131.593 E.0313
G1 X116.044 Y131.853 E.02708
G1 X114.873 Y132.143 E.03592
G1 X113.787 Y132.354 E.03298
G1 X112.611 Y132.521 E.03536
G1 X111.513 Y132.622 E.03285
G1 X110.432 Y132.665 E.03222
G1 X109.335 Y132.659 E.03269
G1 X108.309 Y132.609 E.03061
G1 X107.204 Y132.499 E.03307
G1 X106.015 Y132.32 E.03582
G1 X104.837 Y132.078 E.03581
G1 X103.773 Y131.802 E.03274
G1 X102.641 Y131.447 E.03535
G1 X101.839 Y131.15 E.02545
G1 X100.761 Y130.709 E.03471
G1 X99.676 Y130.191 E.03581
G1 X98.722 Y129.675 E.0323
G1 X97.671 Y129.035 E.03667
G1 X96.774 Y128.425 E.0323
G1 X95.829 Y127.709 E.03534
G1 X94.987 Y127.002 E.03274
G1 X94.317 Y126.388 E.02707
G1 X93.533 Y125.603 E.03306
G1 X92.739 Y124.721 E.03533
G1 X92.046 Y123.868 E.03273
G1 X91.496 Y123.129 E.02745
G1 X90.891 Y122.232 E.03223
G1 X90.261 Y121.191 E.03623
G1 X89.703 Y120.144 E.03535
G1 X89.307 Y119.305 E.02764
G1 X88.779 Y118.04 E.04083
G1 X88.407 Y116.98 E.03347
G1 X88.151 Y116.134 E.02631
G1 X87.854 Y114.963 E.03598
G1 X87.639 Y113.882 E.03285
G1 X87.467 Y112.708 E.03532
G1 X87.361 Y111.608 E.03294
G1 X87.308 Y110.416 E.03553
G1 X87.318 Y109.2 E.03623
G1 X87.383 Y108.103 E.03272
G1 X87.515 Y106.91 E.03576
G1 X87.69 Y105.841 E.03228
G1 X87.877 Y104.938 E.02746
G1 X88.176 Y103.776 E.03573
G1 X88.498 Y102.742 E.03228
G1 X88.917 Y101.604 E.03612
G1 X89.393 Y100.497 E.03588
G1 X89.878 Y99.512 E.0327
G1 X90.403 Y98.565 E.03226
G1 X90.883 Y97.779 E.02744
G1 X91.497 Y96.87 E.03267
G1 X92.21 Y95.922 E.03533
G1 X92.982 Y95 E.03581
G1 X93.63 Y94.301 E.0284
G1 X94.589 Y93.356 E.04009
G1 X95.271 Y92.752 E.02714
G1 X96.132 Y92.053 E.03303
G1 X97.102 Y91.345 E.03578
G1 X98.009 Y90.75 E.0323
G1 X98.897 Y90.231 E.03065
G1 X100.115 Y89.592 E.04096
G1 X101.105 Y89.142 E.03237
G1 X101.96 Y88.799 E.02746
G1 X102.993 Y88.436 E.0326
G1 X104.146 Y88.096 E.0358
G1 X105.229 Y87.835 E.03318
G1 X106.41 Y87.613 E.0358
G1 X107.485 Y87.468 E.0323
G1 X108.682 Y87.367 E.03578
G1 X109.593 Y87.332 E.02716
G1 X110.702 Y87.339 E.03305
G1 X111.902 Y87.408 E.0358
G1 X112.995 Y87.526 E.03274
G1 X114.182 Y87.716 E.03581
G1 X115.358 Y87.969 E.03581
G1 X116.405 Y88.25 E.0323
G1 X117.273 Y88.524 E.02711
G1 X118.201 Y88.863 E.02945
G1 X119.421 Y89.374 E.03939
G1 X120.41 Y89.853 E.03273
G1 X121.45 Y90.425 E.03535
G1 X122.397 Y91.01 E.03317
G1 X123.374 Y91.683 E.03534
G1 X124.1 Y92.235 E.02714
G1 X124.947 Y92.938 E.03281
G1 X125.825 Y93.748 E.03558
G1 X126.603 Y94.542 E.03311
G1 X127.4 Y95.443 E.03585
G1 X128.148 Y96.384 E.03579
G1 X128.66 Y97.102 E.02628
G1 X128.347 Y97.375 F9000
M204 P1000
;TYPE:Outer wall
;WIDTH:0.419999
G1 F5400
G1 X128.441 Y97.507 E.00446
G1 X128.927 Y98.254 E.02458
G1 X129.475 Y99.184 E.0298
G1 X130.019 Y100.226 E.03245
G1 X130.469 Y101.205 E.02973
G1 X130.907 Y102.301 E.03255
G1 X131.255 Y103.32 E.02972
G1 X131.58 Y104.454 E.03254
G1 X131.785 Y105.325 E.02469
G1 X131.986 Y106.383 E.02971
G1 X132.147 Y107.547 E.03243
G1 X132.24 Y108.624 E.02984
G1 X132.282 Y109.799 E.03242
G1 X132.269 Y110.623 E.02274
G1 X132.212 Y111.765 E.03155
G1 X132.1 Y112.839 E.02981
G1 X131.919 Y114.005 E.03255
G1 X131.676 Y115.159 E.03255
G1 X131.4 Y116.201 E.02972
G1 X131.043 Y117.32 E.03243
G1 X130.797 Y117.975 E.01929
G1 X130.312 Y119.152 E.03511
G1 X129.798 Y120.213 E.03253
G1 X129.283 Y121.154 E.02961
G1 X128.662 Y122.162 E.03267
G1 X128.051 Y123.05 E.02973
G1 X127.336 Y123.984 E.03244
G1 X126.638 Y124.805 E.02973
G1 X126.032 Y125.458 E.02458
G1 X125.263 Y126.217 E.02982
G1 X124.381 Y127.002 E.03257
G1 X123.459 Y127.739 E.03257
G1 X122.588 Y128.366 E.02962
G1 X121.842 Y128.854 E.02459
G1 X120.913 Y129.406 E.02982
G1 X119.872 Y129.954 E.03246
G1 X118.894 Y130.408 E.02975
G1 X117.798 Y130.851 E.03262
G1 X116.78 Y131.202 E.02971
G1 X115.926 Y131.457 E.02459
G1 X114.779 Y131.74 E.03261
G1 X113.718 Y131.946 E.02982
G1 X112.553 Y132.112 E.03246
G1 X111.478 Y132.209 E.02978
G1 X110.416 Y132.252 E.02934
G1 X109.34 Y132.246 E.02969
G1 X108.331 Y132.196 E.02786
G1 X107.255 Y132.089 E.02984
G1 X106.087 Y131.913 E.03258
G1 X104.931 Y131.675 E.03258
G1 X103.887 Y131.404 E.02975
G1 X102.765 Y131.052 E.03246
G1 X101.983 Y130.763 E.02299
G1 X100.929 Y130.331 E.03144
G1 X99.864 Y129.822 E.03257
G1 X98.919 Y129.311 E.02963
G1 X97.904 Y128.693 E.0328
G1 X97.016 Y128.089 E.02963
G1 X96.078 Y127.379 E.03245
G1 X95.253 Y126.686 E.02974
G1 X94.596 Y126.083 E.02458
G1 X93.833 Y125.318 E.02982
G1 X93.046 Y124.444 E.03244
G1 X92.367 Y123.608 E.02973
G1 X91.834 Y122.89 E.02468
G1 X91.233 Y122.001 E.0296
G1 X90.621 Y120.987 E.03268
G1 X90.068 Y119.95 E.03244
G1 X89.682 Y119.129 E.02503
G1 X89.162 Y117.883 E.03724
G1 X88.966 Y117.326 E.01629
G1 X88.669 Y116.421 E.0263
G1 X88.272 Y114.941 E.04226
G1 X88.046 Y113.811 E.0318
G1 X87.876 Y112.648 E.03243
G1 X87.773 Y111.574 E.02978
G1 X87.721 Y110.398 E.03248
G1 X87.731 Y109.214 E.03267
G1 X87.795 Y108.138 E.02972
G1 X87.925 Y106.966 E.03254
G1 X88.098 Y105.907 E.0296
G1 X88.28 Y105.031 E.02468
G1 X88.574 Y103.89 E.03253
G1 X88.893 Y102.865 E.02961
G1 X89.302 Y101.755 E.03265
G1 X89.769 Y100.67 E.03258
G1 X90.245 Y99.704 E.02972
G1 X90.765 Y98.765 E.0296
G1 X91.231 Y98.002 E.02468
G1 X91.834 Y97.11 E.02971
G1 X92.541 Y96.17 E.03244
G1 X93.299 Y95.265 E.03257
G1 X93.933 Y94.582 E.02573
G1 X94.877 Y93.652 E.03656
G1 X95.545 Y93.061 E.0246
G1 X96.384 Y92.38 E.02982
G1 X97.338 Y91.685 E.03256
G1 X98.236 Y91.096 E.02963
G1 X99.106 Y90.588 E.02781
G1 X100.305 Y89.959 E.03734
G1 X101.275 Y89.519 E.02941
G1 X102.114 Y89.183 E.02493
G1 X103.13 Y88.826 E.02971
G1 X104.263 Y88.492 E.03258
G1 X105.315 Y88.239 E.02987
G1 X106.476 Y88.022 E.03258
G1 X107.54 Y87.878 E.02963
G1 X108.716 Y87.779 E.03257
G1 X109.608 Y87.746 E.02462
G1 X110.689 Y87.752 E.02983
G1 X111.868 Y87.82 E.03258
G1 X112.94 Y87.936 E.02975
G1 X114.106 Y88.123 E.03258
G1 X115.26 Y88.371 E.03258
G1 X116.298 Y88.649 E.02963
G1 X117.148 Y88.918 E.0246
G1 X118.059 Y89.251 E.02678
G1 X119.25 Y89.75 E.03562
G1 X120.22 Y90.221 E.02974
G1 X121.251 Y90.787 E.03245
G1 X122.171 Y91.356 E.02986
G1 X123.14 Y92.023 E.03245
G1 X123.849 Y92.564 E.02461
G1 X124.678 Y93.253 E.02976
G1 X125.544 Y94.052 E.03251
G1 X126.301 Y94.825 E.02984
G1 X127.083 Y95.709 E.03258
G1 X127.817 Y96.633 E.03256
G1 X128.324 Y97.343 E.02405
G1 E-.7 F2400
;WIPE_START
G1 F5400
G1 X128.441 Y97.507 E-.06047
G1 X128.876 Y98.176 E-.23953
;WIPE_END
G17
G3 Z1 I-.589 J-1.065 P1  F9000
G1 X79.283 Y125.593 Z1
G1 Z.6
G1 E1 F2700
M204 P2000
;TYPE:Inner wall
;WIDTH:0.449999
G1 F7200
G1 X79.252 Y125.622 E.00126
G1 X78.814 Y125.899 E.01543
G1 X78.074 Y126.149 E.02326
G1 X77.472 Y126.198 E.01798
G1 X76.709 Y126.064 E.02307
G1 X76.158 Y125.822 E.01793
G1 X75.738 Y125.522 E.01538
;WIDTH:0.488347
G1 X75.593 Y125.396 E.00626
;WIDTH:0.526695
G1 X75.448 Y125.269 E.0068
;WIDTH:0.565042
G1 X75.304 Y125.143 E.00734
;WIDTH:0.598634
G1 X75.26 Y125.114 E.00211
;WIDTH:0.632225
G1 X75.217 Y125.086 E.00224
G1 X74.97 Y124.63 E.02232
;WIDTH:0.611075
G1 X74.795 Y124.158 E.02096
;WIDTH:0.629905
G1 X74.75 Y123.998 E.00712
G1 X74.758 Y123.839 E.00685
;WIDTH:0.584929
G1 X74.766 Y123.68 E.00632
;WIDTH:0.539952
G1 X74.774 Y123.52 E.0058
;WIDTH:0.494976
G1 X74.782 Y123.361 E.00527
;WIDTH:0.449999
G1 X74.914 Y122.576 E.0237
G1 X75.131 Y122.114 E.01522
G1 X75.346 Y121.743 E.01277
G1 X75.763 Y121.307 E.01797
G1 X76.288 Y120.957 E.0188
G1 X76.787 Y120.756 E.01603
G1 X77.351 Y120.655 E.01706
G1 X77.868 Y120.664 E.01538
G1 X78.427 Y120.787 E.01705
G1 X78.894 Y120.987 E.01514
G1 X79.371 Y121.318 E.01729
G1 X79.729 Y121.688 E.01533
G1 X79.963 Y122.038 E.01257
G1 X80.197 Y122.562 E.01709
G1 X80.303 Y123.072 E.01549
G1 X80.333 Y123.362 E.0087
G1 X80.275 Y123.989 E.01876
G1 X79.97 Y124.794 E.02562
G1 X79.658 Y125.241 E.01626
G1 X79.312 Y125.566 E.01413
G1 X79.012 Y125.284 F9000
M204 P1000
;TYPE:Outer wall
;WIDTH:0.419999
G1 F5400
G1 X78.593 Y125.549 E.01367
G1 X77.951 Y125.754 E.01859
G1 X77.451 Y125.785 E.01384
G1 X76.79 Y125.659 E.01856
G1 X76.336 Y125.448 E.0138
G1 X75.961 Y125.168 E.01292
G1 X75.638 Y124.808 E.01336
G1 X75.414 Y124.425 E.01223
G1 X75.252 Y123.952 E.0138
G1 X75.194 Y123.323 E.01742
G1 X75.32 Y122.657 E.01871
G1 X75.629 Y122.054 E.01871
G1 X75.961 Y121.678 E.01383
G1 X76.518 Y121.301 E.01855
G1 X76.962 Y121.135 E.01308
G1 X77.449 Y121.062 E.01357
G1 X77.884 Y121.082 E.01202
G1 X78.359 Y121.199 E.01351
G1 X78.702 Y121.354 E.01038
G1 X79.096 Y121.627 E.01323
G1 X79.403 Y121.943 E.01217
G1 X79.586 Y122.207 E.00884
G1 X79.819 Y122.731 E.01583
G1 X79.919 Y123.281 E.01542
G1 X79.863 Y123.952 E.01858
G1 X79.588 Y124.635 E.02034
G1 X79.301 Y125.021 E.01327
G1 X79.044 Y125.26 E.00968
G1 E-.7 F2400
;WIPE_START
G1 F5400
G1 X78.593 Y125.549 E-.16059
G1 X78.15 Y125.69 E-.13941
;WIPE_END
G17
G3 Z1 I-.355 J1.164 P1  F9000
G1 X124.449 Y139.827 Z1
G1 Z.6
G1 E1 F2700
M204 P2000
;TYPE:Inner wall
;WIDTH:0.449999
G1 F7200
G1 X124.837 Y140.009 E.01275
G1 X125.258 Y140.308 E.01538
G1 X125.649 Y140.726 E.01705
G1 X125.923 Y141.163 E.01536
G1 X126.165 Y141.89 E.02283
G1 X126.192 Y142.466 E.01715
G1 X126.174 Y142.894 E.01276
G1 X126.036 Y143.391 E.01538
G1 X125.76 Y143.927 E.01794
G1 X125.356 Y144.412 E.01881
;WIDTH:0.489059
G1 X125.205 Y144.544 E.00655
;WIDTH:0.528119
G1 X125.053 Y144.675 E.00713
;WIDTH:0.567179
G1 X124.902 Y144.807 E.0077
;WIDTH:0.606239
G1 X124.75 Y144.939 E.00827
;WIDTH:0.610318
G1 X124.172 Y145.167 E.0258
;WIDTH:0.622581
G1 X124.048 Y145.204 E.00552
G1 X123.92 Y145.199 E.00541
;WIDTH:0.579436
G1 X123.793 Y145.193 E.005
;WIDTH:0.53629
G1 X123.666 Y145.188 E.0046
;WIDTH:0.493145
G1 X123.538 Y145.182 E.0042
;WIDTH:0.449999
G1 X123.088 Y145.161 E.01342
G1 X122.651 Y145.069 E.01331
G1 X122.162 Y144.873 E.0157
G1 X121.631 Y144.514 E.01908
G1 X121.116 Y143.927 E.02326
G1 X120.762 Y143.143 E.02562
G1 X120.666 Y142.605 E.01626
G1 X120.676 Y142.097 E.01515
G1 X120.896 Y141.295 E.02476
G1 X121.321 Y140.613 E.02394
G1 X121.724 Y140.226 E.01666
G1 X122.434 Y139.821 E.02433
G1 X123.082 Y139.668 E.01984
G1 X123.346 Y139.632 E.00794
G1 X123.861 Y139.663 E.01537
G1 X124.362 Y139.786 E.01537
G1 X124.413 Y139.81 E.00169
G1 X124.274 Y140.202 F9000
M204 P1000
;TYPE:Outer wall
;WIDTH:0.419999
G1 F5400
G1 X124.673 Y140.389 E.01217
G1 X125.035 Y140.662 E.01249
G1 X125.361 Y141.029 E.01357
G1 X125.583 Y141.411 E.01218
G1 X125.77 Y142.013 E.0174
G1 X125.778 Y142.75 E.02034
G1 X125.663 Y143.213 E.01315
G1 X125.443 Y143.662 E.0138
G1 X125.038 Y144.147 E.01743
G1 X124.477 Y144.53 E.01873
G1 X124.008 Y144.702 E.0138
G1 X123.549 Y144.769 E.01279
G1 X123.173 Y144.756 E.01038
G1 X122.736 Y144.664 E.01233
G1 X122.293 Y144.475 E.01329
G1 X121.869 Y144.176 E.0143
G1 X121.434 Y143.662 E.01859
G1 X121.144 Y142.984 E.02034
G1 X121.074 Y142.515 E.01308
G1 X121.096 Y142.072 E.01224
G1 X121.292 Y141.413 E.01897
G1 X121.664 Y140.843 E.01878
G1 X122.033 Y140.505 E.0138
G1 X122.626 Y140.187 E.01857
G1 X123.163 Y140.074 E.01513
G1 X123.618 Y140.056 E.01257
G1 X124.211 Y140.173 E.01669
G1 X124.238 Y140.185 E.0008
G1 E-.7 F2400
;WIPE_START
G1 F5400
G1 X124.673 Y140.389 E-.1443
G1 X125.035 Y140.662 E-.1358
G1 X125.079 Y140.712 E-.01991
;WIPE_END
G1 Z1 F9000
G1 X124.717 Y139.578
G1 Z1
G1 Z.6
G1 E1 F2700
M204 P2500
;TYPE:Internal solid infill
;WIDTH:0.38292
G1 F10800
G1 X124.653 Y139.614 E.00183
G1 X124.718 Y139.649 E.00183
G1 X126.443 Y141.476 F9000
;WIDTH:0.419999
G1 F10800
G1 X126.582 Y142.034 E.01586
G1 X126.584 Y142.75 E.01975
G1 X126.456 Y143.373 E.01754
G1 X126.086 Y144.14 E.0235
G1 X125.657 Y144.663 E.01865
G1 X125.432 Y144.894 E.0089
G1 X125.904 Y144.706 E.01402
G1 X127.307 Y144.029 E.04297
G1 X128.411 Y143.444 E.03447
G1 X126.471 Y141.505 E.07568
G1 X126.961 Y142.528 F9000
G1 F10800
G1 X126.949 Y142.867 E.00937
G1 X126.825 Y143.452 E.01649
G1 X126.598 Y143.953 E.01516
G1 X127.785 Y143.352 E.0367
G1 X126.989 Y142.556 E.03104
G1 X127.234 Y143.232 F9000
;WIDTH:0.350302
G1 F10800
G1 X127.176 Y143.265 E.0015
G1 X127.232 Y143.298 E.00146
G1 X123.698 Y145.555 F9000
;WIDTH:0.471718
G1 F10800
G1 X123.645 Y145.555 E.00168
G1 X123.618 Y145.601 E.00168
G1 X123.645 Y145.648 E.00168
G1 X123.705 Y145.636 E.00193
G1 E-.95059 F2400
;WIPE_START
G1 F10800
G1 X123.645 Y145.648 E-.01367
G1 X123.618 Y145.601 E-.01191
G1 X123.645 Y145.555 E-.01191
G1 X123.698 Y145.555 E-.01191
;WIPE_END
G17
G3 Z1 I1 J.693 P1  F9000
G1 X145.215 Y114.494 Z1
G1 Z.6
G1 E1 F2700
;WIDTH:0.420713
G1 F10800
G1 X147.636 Y116.915 E.09464
G1 X147.548 Y117.362 E.01257
G1 X144.81 Y114.623 E.10705
G1 X144.215 Y114.562 E.01655
G1 X147.46 Y117.808 E.12689
G1 X147.37 Y118.251 E.01252
G1 X143.619 Y114.501 E.14662
G1 X143.024 Y114.44 E.01655
G1 X147.41 Y118.826 E.17146
G1 E-.77778 F2400
;WIPE_START
G1 F10800
G1 X146.702 Y118.119 E-.22222
;WIPE_END
G17
G3 Z1 I1.216 J.051 P1  F9000
G1 X147.415 Y101.2 Z1
G1 Z.6
G1 E1 F2700
G1 F10800
G1 X144.8 Y98.585 E.10224
G1 X144.715 Y98.7 E.00396
G1 X144.533 Y98.852 E.00655
G1 X147.35 Y101.67 E.11015
G1 X147.49 Y102.344 E.01903
G1 X144.242 Y99.095 E.127
G1 X143.988 Y99.272 E.00853
G1 X143.915 Y99.303 E.0022
G1 X147.621 Y103.009 E.14487
G1 X147.737 Y103.659 E.01825
G1 X143.542 Y99.464 E.16398
G1 X143.318 Y99.561 E.00675
G1 X143.139 Y99.595 E.00504
G1 X147.829 Y104.286 E.18338
G1 X147.922 Y104.912 E.01752
G1 X142.683 Y99.674 E.2048
G1 X142.145 Y99.67 E.01488
G1 X147.812 Y105.337 E.22156
G1 E-.77778 F2400
;WIPE_START
G1 F10800
G1 X147.105 Y104.63 E-.22222
;WIPE_END
G17
G3 Z1 I1.129 J-.455 P1  F9000
G1 X139.893 Y86.732 Z1
G1 Z.6
G1 E1 F2700
G1 F10800
G1 X141.591 Y88.43 E.06637
G1 X142.198 Y89.334 E.03011
G1 X142.592 Y89.965 E.02057
G1 X139.745 Y87.118 E.1113
G1 X139.477 Y87.385 E.01044
G1 X143.35 Y91.258 E.15143
G1 X143.987 Y92.43 E.03687
G1 X139.185 Y87.627 E.18776
G1 X138.89 Y87.866 E.0105
G1 X144.509 Y93.485 E.21966
G1 X144.795 Y94.079 E.01824
G1 X144.846 Y94.357 E.00781
G1 X138.595 Y88.106 E.24438
G1 X138.3 Y88.345 E.0105
G1 X143.7 Y93.745 E.21109
G1 X143.399 Y93.62 E.00901
G1 X142.929 Y93.509 E.01333
G1 X138.006 Y88.585 E.19249
G1 X137.711 Y88.824 E.0105
G1 X142.368 Y93.482 E.18207
G1 X142.194 Y93.48 E.00482
G1 X141.886 Y93.534 E.00864
G1 X137.416 Y89.064 E.17475
G1 X137.121 Y89.304 E.0105
G1 X141.455 Y93.638 E.16944
G1 X141.071 Y93.787 E.01141
G1 X136.827 Y89.543 E.16591
G1 X136.532 Y89.783 E.0105
G1 X140.741 Y93.992 E.16455
G1 X140.531 Y94.122 E.00684
G1 X140.431 Y94.216 E.00378
G1 X136.233 Y90.018 E.16412
G1 X136.07 Y90.117 E.00527
G1 X135.857 Y90.177 E.0061
G1 X140.154 Y94.473 E.16798
G1 X139.921 Y94.775 E.01053
G1 X135.249 Y90.102 E.18266
G1 X134.519 Y89.907 E.02088
G1 X139.715 Y95.102 E.2031
G1 X139.54 Y95.463 E.01106
G1 X133.79 Y89.712 E.22482
G1 X133.06 Y89.517 E.02088
G1 X139.422 Y95.879 E.24871
G1 X139.373 Y96.083 E.00582
G1 X139.348 Y96.338 E.00709
G1 X132.091 Y89.082 E.2837
G1 E-.77778 F2400
;WIPE_START
G1 F10800
G1 X132.798 Y89.789 E-.22222
;WIPE_END
G17
G3 Z1 I1.215 J.063 P1  F9000
G1 X133.297 Y80.136 Z1
G1 Z.6
G1 E1 F2700
G1 F10800
G1 X131.619 Y78.458 E.06558
G1 X131.069 Y78.084 E.01839
G1 X130.101 Y77.475 E.03161
G1 X132.91 Y80.284 E.10981
G1 X132.644 Y80.552 E.01044
G1 X128.784 Y76.692 E.15088
G1 X127.632 Y76.075 E.03614
G1 X132.401 Y80.843 E.18643
G1 X132.161 Y81.138 E.0105
G1 X126.562 Y75.538 E.21891
G1 X125.579 Y75.089 E.02988
G1 X131.921 Y81.432 E.24797
G1 X131.682 Y81.727 E.0105
G1 X124.632 Y74.677 E.27558
G1 X123.742 Y74.321 E.02651
G1 X131.442 Y82.021 E.30102
G1 X131.202 Y82.316 E.0105
G1 X122.89 Y74.004 E.32495
G1 X122.088 Y73.736 E.02337
G1 X130.962 Y82.61 E.34692
G1 X130.722 Y82.904 E.0105
G1 X121.289 Y73.471 E.36878
G1 X120.533 Y73.249 E.0218
G1 X130.482 Y83.199 E.38899
G1 X130.243 Y83.493 E.0105
G1 X119.802 Y73.053 E.40817
G1 X119.084 Y72.869 E.02048
G1 X130.006 Y83.791 E.42699
G1 X129.93 Y83.908 E.00386
G1 X129.848 Y84.167 E.00751
G1 X118.382 Y72.701 E.44825
G1 X117.699 Y72.552 E.01934
G1 X129.918 Y84.772 E.47772
G1 X130.114 Y85.502 E.0209
G1 X117.043 Y72.431 E.51101
G1 X116.39 Y72.312 E.01835
G1 X130.31 Y86.232 E.5442
G1 X130.506 Y86.962 E.0209
G1 X115.752 Y72.208 E.57681
G1 X115.126 Y72.117 E.01747
G1 X130.942 Y87.932 E.61831
G1 X139.556 Y97.081 F9000
G1 F10800
G1 X114.836 Y72.361 E.96639
G1 X114.835 Y72.894 E.01473
G1 X139.49 Y97.55 E.9639
G1 X139.717 Y98.079 E.01592
G1 X140.031 Y98.543 E.01549
G1 X140.438 Y98.956 E.01601
G1 X140.953 Y99.307 E.01723
G1 X141.459 Y99.518 E.01517
G1 X147.111 Y105.17 E.22094
G1 X146.815 Y105.171 E.00816
G1 X146.599 Y105.193 E.006
G1 X114.815 Y73.408 E1.24261
G1 X114.765 Y73.893 E.01346
G1 X146.115 Y105.243 E1.22562
G1 X145.63 Y105.292 E.01346
G1 X114.715 Y74.377 E1.20862
G1 X114.665 Y74.861 E.01346
G1 X145.146 Y105.342 E1.19163
G1 X144.661 Y105.392 E.01346
G1 X114.615 Y75.346 E1.17463
G1 X114.565 Y75.83 E.01346
G1 X144.177 Y105.442 E1.15764
G1 X143.692 Y105.491 E.01346
G1 X114.516 Y76.315 E1.14065
G1 X114.466 Y76.799 E.01346
G1 X143.208 Y105.541 E1.12365
G1 X142.725 Y105.593 E.01342
G1 X114.416 Y77.284 E1.10673
G1 X114.369 Y77.497 E.00605
G1 X114.276 Y77.678 E.00562
G1 X142.337 Y105.739 E1.09701
G1 X142.217 Y105.83 E.00416
G1 X142.073 Y106.009 E.00636
G1 X114.012 Y77.948 E1.09703
G1 X113.678 Y78.148 E.01077
G1 X141.876 Y106.346 E1.10238
G1 X141.68 Y106.685 E.01081
G1 X113.339 Y78.344 E1.10798
G1 X113 Y78.539 E.01081
G1 X141.484 Y107.023 E1.11357
G1 X141.288 Y107.362 E.01081
G1 X112.661 Y78.735 E1.11917
G1 X112.322 Y78.93 E.01081
G1 X141.093 Y107.7 E1.12477
G1 X140.897 Y108.039 E.01081
G1 X111.983 Y79.125 E1.13036
G1 X111.645 Y79.321 E.01081
G1 X140.701 Y108.378 E1.13596
G1 X140.506 Y108.716 E.01081
G1 X129.388 Y97.598 E.43465
G1 X129.57 Y97.88 E.00927
G1 X130.179 Y98.924 E.03341
G1 X140.31 Y109.055 E.39607
G1 X140.114 Y109.393 E.01081
G1 X130.745 Y100.024 E.36629
G1 X131.191 Y101.004 E.02977
G1 X139.943 Y109.757 E.34218
G1 X139.906 Y109.929 E.00487
G1 X139.933 Y110.231 E.00839
G1 X139.968 Y110.316 E.00252
G1 X131.546 Y101.894 E.32926
G1 X131.836 Y102.718 E.02416
G1 X140.648 Y111.53 E.3445
G1 X141.38 Y112.796 E.04043
G1 X132.079 Y103.495 E.36361
G1 X132.294 Y104.244 E.02155
G1 X147.167 Y119.118 E.58146
G1 X147.058 Y119.543 E.01213
G1 X132.459 Y104.944 E.57072
G1 X132.598 Y105.617 E.019
G1 X146.946 Y119.965 E.56094
G1 X146.831 Y120.385 E.01202
G1 X132.723 Y106.276 E.55156
G1 X132.808 Y106.896 E.01728
G1 X146.707 Y120.795 E.54338
G1 X146.583 Y121.205 E.01185
G1 X132.891 Y107.513 E.53528
G1 X132.941 Y108.097 E.01621
G1 X146.459 Y121.615 E.52848
G1 X146.328 Y122.019 E.01172
G1 X132.987 Y108.677 E.52157
G1 X133.006 Y109.231 E.01532
G1 X146.189 Y122.414 E.51538
G1 X146.051 Y122.81 E.01159
G1 X133.026 Y109.785 E.50921
G1 X133.018 Y110.311 E.01456
G1 X145.912 Y123.205 E.50409
G1 X145.767 Y123.595 E.01149
G1 X133.01 Y110.838 E.49874
G1 X132.982 Y111.344 E.01402
G1 X145.615 Y123.977 E.49387
G1 X145.463 Y124.359 E.01137
G1 X132.952 Y111.848 E.48909
G1 X132.901 Y112.332 E.01344
G1 X145.31 Y124.741 E.48512
G1 X145.15 Y125.114 E.01124
G1 X132.851 Y112.815 E.48083
G1 X132.785 Y113.283 E.01307
G1 X144.985 Y125.484 E.47696
G1 X144.819 Y125.853 E.01118
G1 X132.712 Y113.745 E.47333
G1 X132.638 Y114.205 E.01288
G1 X144.654 Y126.222 E.46978
G1 X144.481 Y126.583 E.01107
G1 X132.544 Y114.646 E.46665
G1 X132.451 Y115.087 E.01246
G1 X144.305 Y126.941 E.46342
G1 X144.129 Y127.3 E.01104
G1 X132.35 Y115.521 E.4605
G1 X132.238 Y115.943 E.01208
G1 X143.944 Y127.649 E.45762
G1 X143.758 Y127.997 E.01091
G1 X132.127 Y116.366 E.4547
G1 X131.999 Y116.772 E.01177
G1 X143.571 Y128.344 E.45242
G1 X143.385 Y128.692 E.01091
G1 X131.87 Y117.177 E.45018
G1 X131.74 Y117.582 E.01175
G1 X143.189 Y129.031 E.4476
G1 X142.993 Y129.369 E.0108
G1 X131.594 Y117.97 E.44563
G1 X131.448 Y118.358 E.01146
G1 X142.796 Y129.706 E.44366
G1 X142.59 Y130.034 E.01071
G1 X131.297 Y118.741 E.4415
G1 X131.137 Y119.116 E.01125
G1 X142.383 Y130.362 E.43967
G1 X142.176 Y130.689 E.01071
G1 X130.976 Y119.489 E.43788
G1 X130.801 Y119.849 E.01106
G1 X141.969 Y131.017 E.43661
G1 X141.754 Y131.335 E.01064
G1 X130.627 Y120.209 E.43499
G1 X130.452 Y120.568 E.01105
G1 X141.537 Y131.653 E.43336
G1 X141.321 Y131.971 E.01063
G1 X130.263 Y120.913 E.4323
G1 X130.074 Y121.258 E.01088
G1 X141.093 Y132.278 E.4308
G1 X140.865 Y132.584 E.01055
G1 X129.882 Y121.601 E.42937
G1 X129.678 Y121.932 E.01073
G1 X140.637 Y132.89 E.42842
G1 X140.409 Y133.196 E.01055
G1 X129.475 Y122.262 E.42747
G1 X129.269 Y122.591 E.01072
G1 X138.474 Y131.796 E.35985
G1 X136.274 Y130.008 E.07837
G1 X136.121 Y129.908 E.00507
G1 X136.009 Y129.865 E.00329
G1 X129.052 Y122.908 E.27201
G1 X128.834 Y123.224 E.01062
G1 X135.453 Y129.843 E.25876
G1 X135.031 Y129.956 E.01206
G1 X128.614 Y123.539 E.25087
G1 X128.383 Y123.841 E.01054
G1 X134.61 Y130.069 E.24345
G1 X134.188 Y130.181 E.01206
G1 X128.151 Y124.144 E.23603
G1 X127.919 Y124.446 E.01053
G1 X133.767 Y130.294 E.22862
G1 X133.345 Y130.407 E.01206
G1 X127.674 Y124.735 E.22173
G1 X127.428 Y125.024 E.01048
G1 X132.924 Y130.52 E.21484
G1 X132.502 Y130.633 E.01206
G1 X127.182 Y125.312 E.20799
G1 X126.925 Y125.589 E.01045
G1 X132.081 Y130.745 E.20157
G1 X131.659 Y130.858 E.01206
G1 X126.668 Y125.867 E.19515
G1 X126.404 Y126.137 E.01044
G1 X131.282 Y131.015 E.19069
G1 X131.227 Y131.049 E.00177
G1 X131.017 Y131.285 E.00874
G1 X126.135 Y126.402 E.19088
G1 X125.865 Y126.667 E.01044
G1 X130.872 Y131.673 E.19572
G1 X130.759 Y132.095 E.01206
G1 X125.588 Y126.924 E.20215
G1 X125.305 Y127.175 E.01046
G1 X130.646 Y132.516 E.20879
G1 X130.533 Y132.937 E.01206
G1 X125.022 Y127.427 E.21542
G1 X124.734 Y127.673 E.01048
G1 X130.42 Y133.358 E.22227
G1 X130.307 Y133.78 E.01206
G1 X124.437 Y127.91 E.22946
G1 X124.14 Y128.148 E.01051
G1 X130.194 Y134.201 E.23665
G1 X130.081 Y134.622 E.01206
G1 X123.84 Y128.381 E.24399
G1 X123.529 Y128.605 E.01058
G1 X129.968 Y135.044 E.25171
G1 X129.856 Y135.466 E.01208
G1 X123.219 Y128.829 E.25947
G1 X122.904 Y129.048 E.01061
G1 X129.92 Y136.065 E.27429
G1 X130.03 Y136.245 E.00583
G1 X132.063 Y138.742 E.08902
G1 X122.581 Y129.26 E.3707
G1 X122.258 Y129.471 E.01067
G1 X133.194 Y140.407 E.42753
G1 X132.886 Y140.633 E.01057
G1 X121.924 Y129.671 E.42853
G1 X121.589 Y129.87 E.01078
G1 X132.577 Y140.859 E.4296
G1 X132.269 Y141.085 E.01057
G1 X121.253 Y130.069 E.43068
G1 X120.903 Y130.253 E.01093
G1 X131.96 Y141.31 E.43227
G1 X131.64 Y141.524 E.01064
G1 X120.553 Y130.437 E.43345
G1 X120.203 Y130.621 E.01093
G1 X131.32 Y141.739 E.43464
G1 X131.001 Y141.954 E.01064
G1 X119.838 Y130.791 E.43641
G1 X119.473 Y130.96 E.01113
G1 X130.681 Y142.168 E.43817
G1 X130.351 Y142.373 E.01072
G1 X119.105 Y131.126 E.43967
G1 X118.724 Y131.28 E.01135
G1 X130.022 Y142.577 E.44167
G1 X129.691 Y142.781 E.01073
G1 X118.343 Y131.433 E.44364
G1 X117.959 Y131.583 E.01141
G1 X129.351 Y142.976 E.4454
G1 X129.012 Y143.17 E.01082
G1 X117.561 Y131.72 E.44764
G1 X117.164 Y131.857 E.01162
G1 X124.626 Y139.319 E.29173
G1 X124.514 Y139.432 E.00441
G1 X124.123 Y139.35 E.01103
G1 X116.758 Y131.986 E.28791
G1 X116.346 Y132.108 E.01188
G1 X123.536 Y139.298 E.28109
G1 X123.331 Y139.294 E.00567
G1 X123.044 Y139.34 E.00804
G1 X115.927 Y132.223 E.27822
G1 X115.499 Y132.329 E.01221
G1 X122.605 Y139.435 E.27783
G1 X122.367 Y139.487 E.00675
G1 X122.206 Y139.57 E.005
G1 X115.07 Y132.434 E.27898
G1 X114.629 Y132.528 E.01246
G1 X121.854 Y139.753 E.28247
G1 X121.699 Y139.834 E.00485
G1 X121.527 Y139.959 E.00589
G1 X114.181 Y132.614 E.28716
G1 X113.73 Y132.697 E.01269
G1 X121.245 Y140.212 E.29381
G1 X120.999 Y140.5 E.01048
G1 X113.261 Y132.763 E.3025
G1 X112.793 Y132.829 E.01307
G1 X120.787 Y140.823 E.31253
G1 X120.632 Y141.061 E.00786
G1 X120.598 Y141.168 E.0031
G1 X112.311 Y132.881 E.32398
G1 X111.821 Y132.925 E.01361
G1 X120.471 Y141.576 E.33819
G1 X120.381 Y141.867 E.00844
G1 X120.359 Y141.998 E.00365
G1 X111.322 Y132.961 E.35329
G1 X110.808 Y132.981 E.01422
G1 X120.336 Y142.508 E.37246
G1 X120.333 Y142.611 E.00283
G1 X120.413 Y143.12 E.01425
G1 X110.122 Y132.829 E.40234
G1 X122.455 Y145.162 F9000
G1 F10800
G1 X123.181 Y145.888 E.02837
G1 X122.785 Y146.026 E.0116
G1 X109.753 Y132.994 E.50946
G1 X109.213 Y132.989 E.01493
G1 X122.389 Y146.164 E.51508
G1 X121.992 Y146.302 E.0116
G1 X108.648 Y132.958 E.52169
G1 X108.074 Y132.918 E.0159
G1 X121.588 Y146.432 E.52831
G1 X121.18 Y146.558 E.01181
G1 X107.48 Y132.859 E.53557
G1 X106.871 Y132.784 E.01698
G1 X120.772 Y146.684 E.54345
G1 X120.351 Y146.798 E.01204
G1 X106.241 Y132.688 E.55164
G1 X105.589 Y132.57 E.01831
G1 X119.931 Y146.912 E.56069
G1 X119.511 Y147.026 E.01204
G1 X104.916 Y132.432 E.57055
G1 X104.206 Y132.256 E.02024
G1 X119.085 Y147.135 E.5817
G1 X118.652 Y147.236 E.0123
G1 X114.448 Y143.033 E.16433
G1 X114.51 Y143.628 E.01655
G1 X118.218 Y147.337 E.14499
G1 X117.774 Y147.427 E.01253
G1 X114.571 Y144.224 E.12523
G1 X114.632 Y144.819 E.01655
G1 X117.328 Y147.515 E.10537
G1 X116.881 Y147.602 E.01258
G1 X114.694 Y145.415 E.08551
G1 X114.755 Y146.01 E.01655
G1 X116.427 Y147.683 E.06538
G1 X115.962 Y147.751 E.01301
G1 X114.816 Y146.606 E.04478
G1 X114.835 Y147.159 E.01529
G1 X115.496 Y147.82 E.02585
G1 X115.03 Y147.889 E.01301
G1 X114.666 Y147.525 E.01423
G1 E-.77778 F2400
;WIPE_START
G1 F10800
G1 X115.03 Y147.889 E-.11442
G1 X115.496 Y147.82 E-.1046
G1 X115.486 Y147.81 E-.0032
;WIPE_END
G17
G3 Z1 I1.137 J-.435 P1  F9000
G1 X113.172 Y141.756 Z1
G1 Z.6
G1 E1 F2700
G1 F10800
G1 X103.468 Y132.052 E.37934
G1 X102.691 Y131.809 E.02253
G1 X111.446 Y140.565 E.34231
G1 X110.451 Y139.991 E.03176
G1 X110.262 Y139.915 E.00563
G1 X101.857 Y131.51 E.32859
G1 X100.967 Y131.154 E.0265
G1 X109.731 Y139.918 E.34262
G1 X109.552 Y139.989 E.00531
G1 X109.372 Y140.093 E.00577
G1 X99.982 Y130.703 E.36709
G1 X99.526 Y130.486 E.01395
G1 X98.88 Y130.135 E.02033
G1 X109.033 Y140.288 E.39692
G1 X108.694 Y140.484 E.01081
G1 X96.945 Y128.735 E.4593
G1 E-.77778 F2400
;WIPE_START
G1 F10800
G1 X97.652 Y129.442 E-.22222
;WIPE_END
G17
G3 Z1 I1.013 J.674 P1  F9000
G1 X123.061 Y91.272 Z1
G1 Z.6
G1 E1 F2700
G1 F10800
G1 X111.306 Y79.516 E.45957
G1 X110.967 Y79.712 E.01081
G1 X121.123 Y89.868 E.39704
G1 X120.562 Y89.559 E.0177
G1 X120.015 Y89.294 E.01679
G1 X110.628 Y79.907 E.36698
G1 X110.447 Y80.012 E.00578
G1 X110.268 Y80.081 E.00531
G1 X119.038 Y88.852 E.3429
G1 X118.141 Y88.489 E.02676
G1 X109.741 Y80.089 E.32839
G1 X109.55 Y80.01 E.00573
G1 X108.553 Y79.435 E.03182
G1 X117.306 Y88.188 E.34219
G1 X116.525 Y87.941 E.02265
G1 X106.828 Y78.244 E.3791
G1 X105.496 Y74.775 F9000
G1 F10800
G1 X103.117 Y72.396 E.09301
G1 X102.668 Y72.481 E.01264
G1 X105.367 Y75.181 E.10554
G1 X105.429 Y75.776 E.01655
G1 X102.222 Y72.569 E.12538
G1 X101.783 Y72.665 E.0124
G1 X105.49 Y76.372 E.14491
G1 X105.551 Y76.968 E.01655
G1 X101.345 Y72.761 E.16444
G1 X100.915 Y72.866 E.01222
G1 X115.793 Y87.743 E.58162
G1 X115.088 Y87.572 E.02005
G1 X100.488 Y72.972 E.57078
G1 X100.065 Y73.084 E.01209
G1 X114.408 Y87.427 E.56074
G1 X113.76 Y87.313 E.01819
G1 X99.65 Y73.203 E.55164
G1 X99.234 Y73.322 E.01194
G1 X113.124 Y87.212 E.543
G1 X112.52 Y87.142 E.01679
G1 X98.819 Y73.441 E.53564
G1 X98.411 Y73.567 E.01181
G1 X111.922 Y87.078 E.5282
G1 X111.355 Y87.045 E.01571
G1 X98.008 Y73.699 E.52177
G1 X97.605 Y73.83 E.01171
G1 X110.787 Y87.012 E.51534
G1 X110.247 Y87.006 E.01495
G1 X97.212 Y73.971 E.5096
G1 X96.818 Y74.111 E.01156
G1 X97.524 Y74.817 E.02761
G1 X99.326 Y76.619 F9000
G1 F10800
G1 X109.709 Y87.002 E.40593
G1 X109.189 Y87.016 E.01439
G1 X99.662 Y77.49 E.37243
G1 X99.661 Y77.84 E.00968
G1 X99.642 Y78.004 E.00456
G1 X108.674 Y87.036 E.3531
G1 X108.181 Y87.077 E.01368
G1 X99.545 Y78.441 E.33763
G1 X99.461 Y78.714 E.00791
G1 X99.403 Y78.833 E.00366
G1 X107.688 Y87.119 E.32392
G1 X107.207 Y87.172 E.01339
G1 X99.228 Y79.193 E.31195
G1 X99.004 Y79.503 E.01058
G1 X106.737 Y87.236 E.30233
G1 X106.27 Y87.303 E.01305
G1 X98.752 Y79.785 E.2939
G1 X98.472 Y80.04 E.01045
G1 X105.82 Y87.387 E.28724
G1 X105.37 Y87.471 E.01266
G1 X98.147 Y80.248 E.28238
G1 X97.802 Y80.438 E.01088
G1 X104.931 Y87.567 E.2787
G1 X104.5 Y87.67 E.01225
G1 X97.395 Y80.565 E.27777
G1 X97.129 Y80.648 E.0077
G1 X96.964 Y80.669 E.00458
G1 X104.069 Y87.774 E.27776
G1 X103.656 Y87.895 E.01191
G1 X96.431 Y80.67 E.28246
G1 X96.078 Y80.666 E.00975
G1 X95.83 Y80.603 E.00708
G1 X103.38 Y88.153 E.29516
G1 X93.81 Y78.583 F9000
G1 F10800
G1 X91.668 Y76.441 E.08374
G1 X91.326 Y76.633 E.01085
G1 X102.834 Y88.142 E.44992
G1 X102.439 Y88.28 E.01159
G1 X90.984 Y76.826 E.44781
G1 X90.645 Y77.021 E.01082
G1 X102.043 Y88.419 E.44561
G1 X101.655 Y88.565 E.01146
G1 X90.311 Y77.221 E.44348
G1 X89.977 Y77.422 E.01076
G1 X101.273 Y88.718 E.44163
G1 X100.895 Y88.874 E.01131
G1 X89.648 Y77.627 E.43968
G1 X89.325 Y77.838 E.01068
G1 X100.528 Y89.041 E.43798
G1 X100.16 Y89.208 E.01116
G1 X89.001 Y78.048 E.43628
G1 X88.677 Y78.259 E.01068
G1 X99.8 Y89.382 E.43486
G1 X99.448 Y89.564 E.01096
G1 X88.357 Y78.473 E.4336
G1 X88.045 Y78.695 E.01059
G1 X99.095 Y89.746 E.43202
G1 X98.749 Y89.934 E.01089
G1 X87.733 Y78.918 E.43067
G1 X87.421 Y79.14 E.01059
G1 X98.412 Y90.131 E.42968
G1 X98.075 Y90.328 E.0108
G1 X87.109 Y79.363 E.42868
G1 X87.076 Y79.387 E.00114
G1 X86.808 Y79.596 E.00939
G1 X97.743 Y90.53 E.42749
G1 X97.42 Y90.742 E.01067
G1 X87.936 Y81.258 E.37077
G1 X89.99 Y83.78 E.08993
G1 X90.085 Y83.941 E.00515
G1 X97.097 Y90.953 E.27414
G1 X96.78 Y91.171 E.01062
G1 X90.144 Y84.534 E.25946
G1 X90.032 Y84.956 E.01208
G1 X96.471 Y91.396 E.25174
G1 X96.162 Y91.621 E.01057
G1 X89.919 Y85.378 E.24407
G1 X89.806 Y85.799 E.01206
G1 X95.857 Y91.85 E.23657
G1 X95.562 Y92.089 E.0105
G1 X89.693 Y86.22 E.22945
G1 X89.58 Y86.642 E.01206
G1 X95.267 Y92.328 E.22232
G1 X94.976 Y92.572 E.01048
G1 X89.467 Y87.063 E.21537
G1 X89.354 Y87.484 E.01206
G1 X94.693 Y92.823 E.20871
G1 X94.409 Y93.074 E.01046
G1 X89.241 Y87.905 E.20205
G1 X89.128 Y88.327 E.01206
G1 X94.136 Y93.335 E.1958
G1 X93.866 Y93.599 E.01044
G1 X88.981 Y88.714 E.19098
G1 X88.849 Y88.883 E.00594
G1 X88.718 Y88.986 E.00458
G1 X93.595 Y93.863 E.19066
G1 X93.333 Y94.135 E.01045
G1 X88.34 Y89.142 E.19519
G1 X87.919 Y89.255 E.01206
G1 X93.076 Y94.412 E.20162
G1 X92.819 Y94.689 E.01045
G1 X87.497 Y89.367 E.20804
G1 X87.076 Y89.48 E.01206
G1 X92.571 Y94.975 E.21482
G1 X92.327 Y95.266 E.01048
G1 X86.654 Y89.593 E.22177
G1 X86.233 Y89.706 E.01206
G1 X92.083 Y95.556 E.22872
G1 X91.847 Y95.855 E.01051
G1 X85.811 Y89.819 E.23597
G1 X85.39 Y89.931 E.01206
G1 X91.618 Y96.159 E.24348
G1 X91.388 Y96.464 E.01055
G1 X84.968 Y90.044 E.25098
G1 X84.547 Y90.157 E.01206
G1 X91.164 Y96.774 E.25868
G1 X90.948 Y97.092 E.01064
G1 X83.993 Y90.137 E.27191
G1 X83.727 Y89.994 E.00835
G1 X81.525 Y88.204 E.07844
G1 X90.732 Y97.411 E.35995
G1 X90.523 Y97.736 E.01068
G1 X79.591 Y86.804 E.42738
G1 X79.363 Y87.11 E.01055
G1 X90.32 Y98.067 E.42837
G1 X90.117 Y98.398 E.01074
G1 X79.134 Y87.416 E.42936
G1 X78.906 Y87.722 E.01055
G1 X89.926 Y98.742 E.43082
G1 X89.736 Y99.086 E.01087
G1 X78.679 Y88.029 E.43225
G1 X78.464 Y88.349 E.01064
G1 X89.548 Y99.433 E.43332
G1 X89.372 Y99.791 E.01103
G1 X78.25 Y88.668 E.43484
G1 X78.035 Y88.988 E.01064
G1 X89.196 Y100.149 E.43635
G1 X89.026 Y100.514 E.01112
G1 X77.82 Y89.307 E.43812
G1 X77.613 Y89.635 E.01071
G1 X88.866 Y100.887 E.4399
G1 X88.705 Y101.261 E.01124
G1 X77.409 Y89.964 E.44162
G1 X77.204 Y90.294 E.01073
G1 X88.551 Y101.641 E.4436
G1 X88.407 Y102.031 E.0115
G1 X77.008 Y90.633 E.44563
G1 X76.814 Y90.972 E.01082
G1 X88.263 Y102.422 E.44761
G1 X88.127 Y102.82 E.01164
G1 X76.619 Y91.312 E.44992
G1 X76.424 Y91.651 E.01082
G1 X88 Y103.227 E.45256
G1 X87.873 Y103.635 E.01179
G1 X76.24 Y92.002 E.45478
G1 X76.058 Y92.354 E.01096
G1 X87.762 Y104.058 E.45757
G1 X87.652 Y104.482 E.01212
G1 X75.875 Y92.705 E.46042
G1 X75.693 Y93.057 E.01096
G1 X87.545 Y104.91 E.46336
G1 X87.453 Y105.352 E.01249
G1 X75.519 Y93.417 E.46658
G1 X75.347 Y93.78 E.01109
G1 X87.362 Y105.795 E.46971
G1 X87.287 Y106.254 E.01288
G1 X75.175 Y94.143 E.47351
G1 X75.014 Y94.515 E.01123
G1 X87.213 Y106.714 E.47692
G1 X87.152 Y107.188 E.01319
G1 X74.853 Y94.888 E.48083
G1 X74.692 Y95.262 E.01124
G1 X87.099 Y107.669 E.48505
G1 X87.049 Y108.153 E.01345
G1 X74.532 Y95.636 E.48935
G1 X74.382 Y96.02 E.01141
G1 X87.019 Y108.658 E.49404
G1 X86.989 Y109.162 E.01397
G1 X74.232 Y96.405 E.49873
G1 X74.086 Y96.793 E.01146
G1 X86.982 Y109.689 E.50418
G1 X86.978 Y110.219 E.01464
G1 X73.948 Y97.189 E.5094
G1 X73.809 Y97.585 E.0116
G1 X86.993 Y110.768 E.5154
G1 X87.017 Y111.327 E.01545
G1 X73.671 Y97.981 E.52175
G1 X73.539 Y98.384 E.01171
G1 X87.057 Y111.901 E.52847
G1 X87.113 Y112.491 E.01638
G1 X73.413 Y98.792 E.53558
G1 X73.287 Y99.2 E.01181
G1 X87.191 Y113.103 E.54355
G1 X87.282 Y113.729 E.01747
G1 X73.171 Y99.618 E.55164
G1 X73.057 Y100.039 E.01204
G1 X87.402 Y114.383 E.56078
G1 X87.537 Y115.052 E.01887
G1 X72.943 Y100.459 E.57051
G1 X72.833 Y100.883 E.01211
G1 X87.716 Y115.766 E.58183
G1 X87.916 Y116.501 E.02106
G1 X78.62 Y107.204 E.36343
G1 X79.352 Y108.471 E.04042
G1 X88.16 Y117.279 E.34435
G1 X88.451 Y118.103 E.02417
G1 X80.029 Y109.682 E.32923
G1 X80.07 Y109.783 E.00302
G1 X80.095 Y110.004 E.00615
G1 X80.055 Y110.242 E.00667
G1 X88.816 Y119.003 E.34249
G1 X89.26 Y119.981 E.02971
G1 X79.885 Y110.607 E.36649
G1 X79.69 Y110.945 E.01081
G1 X89.83 Y121.086 E.39644
G1 X89.976 Y121.358 E.00854
G1 X90.597 Y122.387 E.03321
G1 X79.494 Y111.284 E.43406
G1 X79.298 Y111.622 E.01081
G1 X108.355 Y140.679 E1.13596
G1 X108.016 Y140.875 E.01081
G1 X79.103 Y111.961 E1.13036
G1 X78.907 Y112.3 E.01081
G1 X107.677 Y141.07 E1.12477
G1 X107.339 Y141.265 E.01081
G1 X78.711 Y112.638 E1.11917
G1 X78.516 Y112.977 E.01081
G1 X107 Y141.461 E1.11357
G1 X106.661 Y141.656 E.01081
G1 X78.32 Y113.315 E1.10798
G1 X78.124 Y113.654 E.01081
G1 X106.322 Y141.852 E1.10238
G1 X105.987 Y142.051 E.01077
G1 X77.927 Y113.991 E1.09701
G1 X77.798 Y114.155 E.00578
G1 X77.661 Y114.259 E.00475
G1 X105.724 Y142.322 E1.0971
G1 X105.623 Y142.526 E.0063
G1 X105.584 Y142.716 E.00536
G1 X77.275 Y114.408 E1.1067
G1 X76.792 Y114.459 E.01344
G1 X105.534 Y143.201 E1.12366
G1 X105.484 Y143.685 E.01346
G1 X76.307 Y114.509 E1.14065
G1 X75.823 Y114.558 E.01346
G1 X105.434 Y144.17 E1.15764
G1 X105.384 Y144.654 E.01346
G1 X75.338 Y114.608 E1.17464
G1 X74.854 Y114.658 E.01346
G1 X105.335 Y145.139 E1.19163
G1 X105.285 Y145.623 E.01346
G1 X74.369 Y114.708 E1.20863
G1 X73.885 Y114.757 E.01346
G1 X105.235 Y146.108 E1.22562
G1 X105.185 Y146.592 E.01346
G1 X73.4 Y114.807 E1.24261
G1 X73.184 Y114.829 E.006
G1 X72.889 Y114.83 E.00816
G1 X78.535 Y120.476 E.22072
G1 X79.057 Y120.698 E.01569
G1 X79.592 Y121.071 E.018
G1 X79.968 Y121.456 E.01488
G1 X80.229 Y121.829 E.01259
G1 X80.509 Y122.45 E.01884
G1 X105.165 Y147.106 E.96392
G1 X105.163 Y147.639 E.01472
G1 X80.647 Y123.123 E.95845
G1 X80.665 Y123.359 E.00656
G1 X80.639 Y123.648 E.00802
G1 X87.669 Y130.679 E.27485
G1 X86.939 Y130.483 E.02088
G1 X80.58 Y124.124 E.2486
G1 X80.543 Y124.276 E.00433
G1 X80.442 Y124.52 E.00729
G1 X86.21 Y130.288 E.2255
G1 X85.48 Y130.093 E.02088
G1 X80.285 Y124.898 E.2031
G1 X80.168 Y125.112 E.00676
G1 X80.079 Y125.226 E.00399
G1 X84.751 Y129.898 E.18264
G1 X84.515 Y129.834 E.00674
G1 X84.283 Y129.807 E.00646
G1 X84.146 Y129.827 E.00384
G1 X79.845 Y125.526 E.16815
G1 X79.572 Y125.788 E.01045
G1 X83.765 Y129.981 E.16393
G1 X83.468 Y130.217 E.01051
G1 X79.256 Y126.005 E.16466
G1 X78.929 Y126.213 E.0107
G1 X83.173 Y130.457 E.16592
G1 X82.878 Y130.696 E.0105
G1 X78.53 Y126.348 E.17
G1 X78.122 Y126.475 E.0118
G1 X82.584 Y130.936 E.17442
G1 X82.289 Y131.176 E.0105
G1 X77.634 Y126.521 E.18198
G1 X77.453 Y126.53 E.005
G1 X77.048 Y126.469 E.01133
G1 X81.994 Y131.415 E.19336
G1 X81.699 Y131.655 E.0105
G1 X76.293 Y126.248 E.21135
G1 X75.87 Y126.034 E.01311
G1 X75.529 Y125.765 E.01201
G1 X75.385 Y125.874 E.00501
G1 X81.405 Y131.894 E.23534
G1 X81.11 Y132.134 E.0105
G1 X75.496 Y126.519 E.21949
G1 X76.012 Y127.571 E.03238
G1 X80.815 Y132.373 E.18776
G1 X80.523 Y132.615 E.01049
G1 X76.65 Y128.742 E.15142
G1 X77.408 Y130.035 E.04143
G1 X80.255 Y132.882 E.11129
G1 X79.987 Y133.148 E.01044
G1 X77.785 Y130.946 E.08608
G1 E-.77778 F2400
;WIPE_START
G1 F10800
G1 X78.492 Y131.653 E-.22222
;WIPE_END
G17
G3 Z1 I-.048 J1.216 P1  F9000
G1 X89.058 Y132.068 Z1
G1 Z.6
G1 E1 F2700
G1 F10800
G1 X104.874 Y147.883 E.6183
G1 X104.243 Y147.787 E.01764
G1 X89.494 Y133.038 E.5766
G1 X89.69 Y133.768 E.0209
G1 X103.612 Y147.69 E.54428
G1 X102.961 Y147.574 E.01828
G1 X89.886 Y134.498 E.51118
G1 X90.082 Y135.228 E.0209
G1 X102.302 Y147.448 E.47774
G1 X101.611 Y147.292 E.01957
G1 X90.152 Y135.833 E.44798
G1 X90.142 Y135.903 E.00195
G1 X90.057 Y136.116 E.00635
G1 X89.994 Y136.209 E.0031
G1 X100.92 Y147.136 E.42716
G1 X100.202 Y146.952 E.0205
G1 X89.757 Y136.507 E.40834
G1 X89.517 Y136.801 E.0105
G1 X99.465 Y146.749 E.38892
G1 X98.7 Y146.518 E.02212
G1 X89.277 Y137.096 E.36836
G1 X89.038 Y137.39 E.0105
G1 X97.92 Y146.273 E.34727
G1 X97.108 Y145.995 E.02372
G1 X88.798 Y137.685 E.3249
G1 X88.558 Y137.979 E.0105
G1 X96.247 Y145.668 E.30059
G1 X95.364 Y145.319 E.02623
G1 X88.318 Y138.273 E.27546
G1 X88.078 Y138.568 E.0105
G1 X94.427 Y144.917 E.2482
G1 X93.437 Y144.461 E.03014
G1 X87.838 Y138.862 E.21886
G1 X87.599 Y139.157 E.0105
G1 X92.36 Y143.918 E.18615
G1 X91.73 Y143.593 E.01959
G1 X91.194 Y143.286 E.01708
G1 X87.356 Y139.448 E.15005
G1 X87.089 Y139.716 E.01044
G1 X89.907 Y142.534 E.11015
G1 X89.34 Y142.182 E.01845
G1 X88.372 Y141.533 E.03221
G1 X86.703 Y139.864 E.06525
G1 E-.77778 F2400
;WIPE_START
G1 F10800
G1 X87.41 Y140.571 E-.22222
;WIPE_END
G17
G3 Z1 I1.103 J-.515 P1  F9000
G1 X78.062 Y120.537 Z1
G1 Z.6
G1 E1 F2700
G1 F10800
G1 X72.356 Y114.832 E.22304
G1 X72.04 Y114.833 E.00874
G1 X72.078 Y115.088 E.00711
G1 X77.317 Y120.327 E.20482
G1 X76.859 Y120.403 E.01284
G1 X72.17 Y115.714 E.18329
G1 X72.263 Y116.341 E.01752
G1 X76.454 Y120.532 E.16385
G1 X76.164 Y120.644 E.00858
G1 X76.084 Y120.697 E.00265
G1 X72.379 Y116.991 E.14486
G1 X72.509 Y117.656 E.01873
G1 X75.885 Y121.032 E.13198
G1 E-.77778 F2400
;WIPE_START
G1 F10800
G1 X75.178 Y120.325 E-.22222
;WIPE_END
G17
G3 Z1 I1.206 J.164 P1  F9000
G1 X77.166 Y105.75 Z1
G1 Z.6
G1 E1 F2700
G1 F10800
G1 X72.735 Y101.319 E.17324
G1 X72.636 Y101.754 E.01234
G1 X76.38 Y105.499 E.1464
G1 X75.785 Y105.438 E.01655
G1 X72.537 Y102.189 E.12699
G1 X72.448 Y102.635 E.01255
G1 X75.19 Y105.377 E.10719
G1 X74.594 Y105.315 E.01655
G1 X72.362 Y103.084 E.08726
G1 X72.28 Y103.536 E.01271
G1 X73.999 Y105.254 E.06719
G1 X73.403 Y105.193 E.01655
G1 X72.209 Y103.999 E.04669
G1 X72.138 Y104.462 E.01295
G1 X72.846 Y105.17 E.02766
G1 X72.31 Y105.168 E.01482
G1 X71.918 Y104.777 E.0153
G1 E-.77778 F2400
;WIPE_START
G1 F10800
G1 X72.31 Y105.168 E-.12301
G1 X72.756 Y105.169 E-.09921
;WIPE_END
G17
G3 Z1 I-1.202 J.189 P1  F9000
G1 X75.277 Y121.24 Z1
G1 Z.6
G1 E1 F2700
;WIDTH:0.419999
G1 F10800
G1 X72.794 Y118.757 E.09688
G1 X73.33 Y120.732 E.05645
G1 X73.577 Y121.529 E.02304
G1 X74.228 Y123.412 E.05497
G1 X74.339 Y123.558 E.00505
G1 X74.606 Y122.281 E.036
G1 X75.056 Y121.479 E.02536
G1 X75.25 Y121.269 E.00787
G1 X74.757 Y121.254 F9000
G1 F10800
G1 X73.529 Y120.025 E.04792
G1 X73.695 Y120.636 E.01745
G1 X74.03 Y121.719 E.0313
G1 X74.223 Y122.264 E.01593
G1 X74.297 Y122.046 E.00635
G1 X74.733 Y121.286 E.02418
G1 X74.312 Y121.269 F9000
;WIDTH:0.404434
G1 F10800
G1 X74.244 Y121.309 E.00207
G1 X74.315 Y121.343 E.00207
G1 X75.217 Y125.555 F9000
;WIDTH:0.40893
G1 F10800
G1 X75.149 Y125.595 E.00212
G1 X75.22 Y125.63 E.00213
G1 E-.96473 F2400
;WIPE_START
G1 F10800
G1 X75.149 Y125.595 E-.01766
G1 X75.217 Y125.555 E-.01761
;WIPE_END
G17
G3 Z1 I1.138 J.431 P1  F9000
G1 X93.407 Y77.511 Z1
G1 Z.6
G1 E1 F2700
;WIDTH:0.419999
G1 F10800
G1 X93.404 Y77.308 E.00561
G1 X93.513 Y76.73 E.01622
G1 X93.721 Y76.234 E.01485
G1 X93.834 Y75.983 E.00757
G1 X94.133 Y75.561 E.01429
G1 X94.437 Y75.195 E.01313
G1 X94.199 Y75.249 E.00675
G1 X93.186 Y75.725 E.03088
G1 X92.154 Y76.259 E.03204
G1 X93.378 Y77.482 E.04776
G1 X93.142 Y76.729 F9000
;WIDTH:0.395783
G1 F10800
G1 X93.416 Y76.02 E.01965
G1 X92.765 Y76.353 E.01888
G1 X93.113 Y76.701 E.0127
G1 X96.232 Y74.398 F9000
;WIDTH:0.40462
G1 F10800
G1 X96.164 Y74.437 E.00207
G1 X96.235 Y74.471 E.00208
G1 X105.164 Y73.804 F9000
;WIDTH:0.419999
G1 F10800
G1 X105.106 Y73.238 E.0157
G1 X105.102 Y72.154 E.0299
G1 X104.545 Y72.222 E.01548
G1 X103.716 Y72.355 E.02316
G1 X105.136 Y73.775 E.05541
G1 X104.688 Y72.604 F9000
;WIDTH:0.5624
G1 F10395.01
G1 X104.623 Y72.604 E.00247
G1 X104.59 Y72.66 E.00247
G1 X104.623 Y72.717 E.00247
G1 X104.688 Y72.717 E.00247
G1 X104.7 Y72.695 E.00095
G1 E-.93427 F2400
;WIPE_START
G1 F10395.01
G1 X104.688 Y72.717 E-.00576
G1 X104.623 Y72.717 E-.01499
G1 X104.59 Y72.66 E-.01499
G1 X104.623 Y72.604 E-.01499
G1 X104.688 Y72.604 E-.01499
;WIPE_END
G17
G3 Z1 I-.653 J1.027 P1  F9000
G1 X145.103 Y98.277 Z1
G1 Z.6
G1 E1 F2700
;WIDTH:0.419999
G1 F10800
G1 X146.885 Y100.059 E.06951
G1 X146.667 Y99.258 E.02289
G1 X146.327 Y98.162 E.03166
G1 X145.769 Y96.58 E.04628
G1 X145.64 Y96.377 E.00664
G1 X145.593 Y96.882 E.01398
G1 X145.47 Y97.5 E.0174
G1 X145.272 Y97.963 E.0139
G1 X145.122 Y98.242 E.00874
G1 X145.557 Y98.218 F9000
;WIDTH:0.391363
G1 F10800
G1 X146.148 Y98.81 E.02134
G1 X145.781 Y97.705 E.02968
G1 X145.573 Y98.181 E.01326
G1 E-.77778 F2400
;WIPE_START
G1 F10800
G1 X145.781 Y97.705 E-.11559
G1 X145.933 Y98.16 E-.10663
;WIPE_END
G17
G3 Z1 I-1.217 J.019 P1  F9000
G1 X146.187 Y114.826 Z1
G1 Z.6
G1 E1 F2700
;WIDTH:0.419999
G1 F10800
G1 X147.679 Y116.319 E.05823
G1 X147.815 Y115.484 E.02332
G1 X147.888 Y114.894 E.01641
G1 X146.822 Y114.89 E.02942
G1 X146.227 Y114.83 E.0165
G1 X147.401 Y115.294 F9000
;WIDTH:0.588442
G1 F9898.776
G1 X147.332 Y115.294 E.00272
G1 X147.298 Y115.353 E.00272
G1 X147.332 Y115.412 E.00272
G1 X147.401 Y115.412 E.00272
G1 X147.415 Y115.388 E.00113
; stop printing object ОсновнойПрофиль.stl id:503862 copy 0
;LAYER_CHANGE
;Z:0.8
;HEIGHT:0.2
;BEFORE_LAYER_CHANGE
;0.8
G92 E0

G1 E-.92703 F2400
;WIPE_START
G1 F9898.776
G1 X147.401 Y115.412 E-.00683
G1 X147.332 Y115.412 E-.01653
G1 X147.298 Y115.353 E-.01653
G1 X147.332 Y115.294 E-.01653
G1 X147.401 Y115.294 E-.01653
;WIPE_END
;_SET_FAN_SPEED_CHANGING_LAYER
; printing object ОсновнойПрофиль.stl id:503862 copy 0
G17
G3 Z1.2 I.092 J-1.213 P1  F9000
G1 X79.718 Y110.173 Z1.2
G1 Z.8
G1 E1 F2700
M204 P2000
;TYPE:Inner wall
;WIDTH:0.449999
G1 F7200
G1 X79.764 Y110.005 E.00517
G1 X79.686 Y109.709 E.0091
G1 X77.66 Y106.205 E.12059
G1 X77.455 Y105.997 E.00869
G1 X77.217 Y105.917 E.00749
G1 X73.098 Y105.498 E.12333
G1 X71.665 Y105.498 E.04268
G1 X71.73 Y104.943 E.01665
G1 X71.971 Y103.368 E.04744
G1 X72.185 Y102.244 E.03409
G1 X72.537 Y100.692 E.0474
G1 X72.954 Y99.156 E.0474
G1 X73.292 Y98.063 E.0341
G1 X73.817 Y96.559 E.04745
G1 X74.232 Y95.492 E.0341
G1 X74.863 Y94.029 E.04745
G1 X75.353 Y92.994 E.0341
G1 X76.11 Y91.534 E.049
G1 X76.902 Y90.153 E.04741
G1 X77.506 Y89.181 E.0341
G1 X78.424 Y87.816 E.049
G1 X79.367 Y86.534 E.04741
G1 X79.706 Y86.106 E.01626
G1 X80.764 Y87.158 E.04444
G1 X83.929 Y89.731 E.12151
G1 X84.175 Y89.849 E.00811
G1 X84.446 Y89.842 E.00806
G1 X88.359 Y88.794 E.12068
G1 X88.62 Y88.643 E.00898
G1 X88.77 Y88.384 E.00892
G1 X89.819 Y84.474 E.12056
G1 X89.826 Y84.203 E.00809
G1 X89.708 Y83.957 E.00811
G1 X87.114 Y80.772 E.12237
G1 X86.083 Y79.742 E.0434
G1 X86.883 Y79.117 E.03025
G1 X88.265 Y78.132 E.05056
G1 X89.645 Y77.235 E.04902
G1 X90.583 Y76.672 E.03258
G1 X91.489 Y76.161 E.03097
G1 X92.996 Y75.381 E.05055
G1 X94.063 Y74.88 E.03512
;WIDTH:0.490215
G1 X94.291 Y74.802 E.00789
;WIDTH:0.53043
G1 X94.519 Y74.724 E.00859
;WIDTH:0.570646
G1 X94.747 Y74.645 E.0093
;WIDTH:0.610861
G1 X95.541 Y74.339 E.03537
;WIDTH:0.604981
G1 X95.68 Y74.263 E.00654
;WIDTH:0.566236
G1 X95.82 Y74.186 E.00609
;WIDTH:0.52749
G1 X95.96 Y74.11 E.00564
;WIDTH:0.488745
G1 X96.099 Y74.034 E.00519
;WIDTH:0.449999
G1 X97.506 Y73.514 E.04468
G1 X98.549 Y73.174 E.03267
G1 X100.139 Y72.718 E.04929
G1 X101.201 Y72.454 E.0326
G1 X102.272 Y72.219 E.03266
G1 X103.349 Y72.015 E.03265
G1 X104.483 Y71.835 E.0342
G1 X105.493 Y71.711 E.03031
G1 X105.493 Y73.168 E.04339
G1 X105.917 Y77.279 E.1231
G1 X106.023 Y77.537 E.00832
G1 X106.201 Y77.696 E.00712
G1 X109.71 Y79.72 E.12065
G1 X109.997 Y79.798 E.00887
G1 X110.29 Y79.72 E.00902
G1 X113.819 Y77.685 E.12134
G1 X114.016 Y77.476 E.00856
G1 X114.086 Y77.253 E.00697
G1 X114.507 Y73.168 E.12232
G1 X114.507 Y71.707 E.04352
G1 X116.138 Y71.93 E.04906
G1 X117.708 Y72.215 E.04751
G1 X118.775 Y72.448 E.03254
G1 X120.373 Y72.857 E.04912
G1 X121.42 Y73.165 E.03253
G1 X122.985 Y73.686 E.04912
G1 X124.01 Y74.068 E.03259
G1 X125.024 Y74.479 E.0326
G1 X126.48 Y75.13 E.04751
G1 X127.51 Y75.634 E.03413
G1 X128.916 Y76.386 E.0475
G1 X129.907 Y76.961 E.03414
G1 X131.256 Y77.811 E.04749
G1 X132.204 Y78.456 E.03413
G1 X133.489 Y79.398 E.04748
G1 X133.92 Y79.739 E.01637
G1 X132.867 Y80.795 E.0444
G1 X130.292 Y83.957 E.12148
G1 X130.178 Y84.186 E.0076
G1 X130.181 Y84.474 E.0086
G1 X131.23 Y88.384 E.12056
G1 X131.383 Y88.647 E.00907
G1 X131.64 Y88.794 E.00883
G1 X135.554 Y89.842 E.12068
G1 X135.838 Y89.846 E.00845
G1 X136.07 Y89.731 E.00772
G1 X139.28 Y87.119 E.12328
G1 X140.294 Y86.106 E.04269
G1 X140.617 Y86.513 E.01546
G1 X141.592 Y87.838 E.04902
G1 X142.48 Y89.159 E.04741
G1 X143.085 Y90.132 E.03412
G1 X143.878 Y91.514 E.04746
G1 X144.416 Y92.533 E.03433
G1 X145.141 Y94.043 E.0499
;WIDTH:0.494775
G1 X145.186 Y94.201 E.00542
;WIDTH:0.539551
G1 X145.23 Y94.359 E.00596
;WIDTH:0.584327
G1 X145.274 Y94.517 E.0065
;WIDTH:0.629103
G1 X145.319 Y94.675 E.00704
G1 X145.54 Y95.147 E.02238
;WIDTH:0.610728
G1 X145.737 Y95.644 E.02218
G1 X145.809 Y95.773 E.00617
;WIDTH:0.570546
G1 X145.882 Y95.903 E.00573
;WIDTH:0.530364
G1 X145.954 Y96.032 E.00529
;WIDTH:0.490182
G1 X146.027 Y96.162 E.00486
;WIDTH:0.449999
G1 X146.18 Y96.552 E.01249
G1 X146.701 Y98.043 E.04704
G1 X147.042 Y99.143 E.03432
G1 X147.46 Y100.681 E.04745
G1 X147.72 Y101.796 E.03411
G1 X148.027 Y103.357 E.0474
G1 X148.277 Y104.991 E.04925
G1 X148.336 Y105.498 E.01518
G1 X146.843 Y105.501 E.04446
G1 X142.765 Y105.92 E.12212
G1 X142.499 Y106.027 E.00853
G1 X142.34 Y106.205 E.0071
G1 X140.314 Y109.709 E.12059
G1 X140.236 Y110 E.00897
G1 X140.314 Y110.291 E.00895
G1 X142.009 Y113.222 E.10087
G1 X142.38 Y113.857 E.0219
G1 X142.559 Y114.012 E.00706
G1 X142.783 Y114.083 E.00699
G1 X146.902 Y114.502 E.12333
G1 X148.335 Y114.502 E.04269
G1 X148.272 Y115.048 E.01637
G1 X148.03 Y116.623 E.04745
G1 X147.817 Y117.748 E.03411
G1 X147.464 Y119.301 E.04746
G1 X147.171 Y120.408 E.03411
G1 X146.709 Y121.933 E.04746
G1 X146.338 Y123.017 E.03411
G1 X145.769 Y124.503 E.04741
G1 X145.14 Y125.965 E.04741
G1 X144.65 Y127 E.03412
G1 X143.918 Y128.413 E.0474
G1 X143.073 Y129.888 E.05063
G1 X142.497 Y130.814 E.0325
G1 X141.61 Y132.136 E.04741
G1 X140.608 Y133.499 E.05039
G1 X140.294 Y133.894 E.01503
G1 X139.236 Y132.842 E.04446
G1 X136.07 Y130.269 E.12151
G1 X135.85 Y130.157 E.00736
G1 X135.554 Y130.158 E.00881
G1 X131.64 Y131.206 E.12068
G1 X131.443 Y131.302 E.00653
G1 X131.318 Y131.43 E.00536
G1 X131.23 Y131.616 E.00614
G1 X130.181 Y135.526 E.12056
G1 X130.174 Y135.797 E.00809
G1 X130.292 Y136.043 E.00811
G1 X132.907 Y139.249 E.12325
G1 X133.92 Y140.261 E.04265
G1 X133.514 Y140.582 E.01543
G1 X132.187 Y141.556 E.04904
G1 X130.864 Y142.444 E.04743
G1 X129.891 Y143.048 E.03414
G1 X128.507 Y143.841 E.04749
G1 X127.487 Y144.378 E.03435
G1 X125.934 Y145.12 E.05127
;WIDTH:0.49461
G1 X125.78 Y145.163 E.00527
;WIDTH:0.539221
G1 X125.627 Y145.205 E.00579
;WIDTH:0.583832
G1 X125.473 Y145.247 E.00631
;WIDTH:0.628443
G1 X125.319 Y145.29 E.00683
G1 X124.692 Y145.57 E.02945
;WIDTH:0.622307
G1 X124.195 Y145.76 E.02256
G1 X124.109 Y145.817 E.00436
;WIDTH:0.57923
G1 X124.023 Y145.874 E.00404
;WIDTH:0.536153
G1 X123.937 Y145.931 E.00372
;WIDTH:0.493076
G1 X123.851 Y145.988 E.00339
;WIDTH:0.449999
G1 X123.464 Y146.14 E.01241
G1 X121.971 Y146.66 E.04708
G1 X120.869 Y147.001 E.03435
G1 X119.33 Y147.418 E.0475
G1 X118.214 Y147.678 E.03415
G1 X116.65 Y147.985 E.04745
G1 X115.022 Y148.233 E.04906
G1 X114.507 Y148.293 E.01547
G1 X114.504 Y146.802 E.0444
G1 X114.077 Y142.69 E.12317
G1 X113.977 Y142.463 E.00738
G1 X113.799 Y142.304 E.00712
G1 X110.29 Y140.28 E.12065
G1 X109.997 Y140.202 E.00902
G1 X109.71 Y140.28 E.00887
G1 X106.201 Y142.304 E.12065
G1 X105.988 Y142.517 E.00898
G1 X105.913 Y142.747 E.00721
G1 X105.493 Y146.862 E.1232
G1 X105.493 Y148.293 E.04262
G1 X104.946 Y148.229 E.01641
G1 X103.37 Y147.988 E.0475
G1 X102.243 Y147.775 E.03415
G1 X100.688 Y147.422 E.04751
G1 X99.58 Y147.13 E.03414
G1 X98.053 Y146.668 E.0475
G1 X96.969 Y146.297 E.03414
G1 X95.48 Y145.73 E.04745
G1 X94.017 Y145.101 E.04745
G1 X92.98 Y144.611 E.03414
G1 X91.566 Y143.88 E.04743
G1 X90.089 Y143.037 E.05065
G1 X89.162 Y142.461 E.03252
G1 X87.839 Y141.574 E.04744
G1 X86.474 Y140.573 E.05041
G1 X86.079 Y140.261 E.015
G1 X87.132 Y139.205 E.04442
G1 X89.731 Y136.015 E.12255
G1 X89.833 Y135.752 E.00841
G1 X89.819 Y135.526 E.00677
G1 X88.77 Y131.616 E.12056
G1 X88.62 Y131.357 E.00892
G1 X88.359 Y131.206 E.00898
G1 X84.446 Y130.158 E.12068
G1 X84.162 Y130.154 E.00845
G1 X83.929 Y130.269 E.00772
G1 X80.719 Y132.881 E.12328
G1 X79.706 Y133.894 E.04269
G1 X79.383 Y133.487 E.01546
G1 X78.408 Y132.162 E.04902
G1 X77.52 Y130.841 E.04742
G1 X76.915 Y129.868 E.03412
G1 X76.121 Y128.486 E.04746
G1 X75.584 Y127.467 E.03432
G1 X74.858 Y125.957 E.0499
;WIDTH:0.494775
G1 X74.814 Y125.799 E.00542
;WIDTH:0.539551
G1 X74.77 Y125.641 E.00596
;WIDTH:0.584327
G1 X74.725 Y125.483 E.0065
;WIDTH:0.629103
G1 X74.681 Y125.325 E.00704
G1 X74.386 Y124.677 E.03056
;WIDTH:0.623121
G1 X74.201 Y124.18 E.02249
G1 X74.144 Y124.095 E.00436
;WIDTH:0.579841
G1 X74.087 Y124.009 E.00404
;WIDTH:0.53656
G1 X74.03 Y123.924 E.00371
;WIDTH:0.49328
G1 X73.973 Y123.838 E.00339
;WIDTH:0.449999
G1 X73.82 Y123.448 E.01249
G1 X73.299 Y121.957 E.04704
G1 X72.957 Y120.856 E.03434
G1 X72.54 Y119.318 E.04748
G1 X72.279 Y118.201 E.03416
G1 X71.972 Y116.638 E.04743
G1 X71.723 Y115.011 E.04905
G1 X71.664 Y114.502 E.01524
G1 X73.157 Y114.499 E.04446
G1 X77.282 Y114.072 E.12353
G1 X77.501 Y113.973 E.00715
G1 X77.66 Y113.795 E.0071
G1 X79.686 Y110.291 E.12059
G1 X79.707 Y110.211 E.00245
G1 X79.334 Y110.072 F9000
M204 P1000
;TYPE:Outer wall
;WIDTH:0.419999
G1 F5400
G1 X79.328 Y109.916 E.0043
G1 X77.302 Y106.411 E.1117
G1 X77.174 Y106.329 E.00419
G1 X73.106 Y105.911 E.11284
G1 X71.2 Y105.911 E.05259
G1 X71.32 Y104.887 E.02845
G1 X71.563 Y103.298 E.04436
G1 X71.78 Y102.159 E.03199
G1 X72.136 Y100.592 E.04434
G1 X72.557 Y99.041 E.04434
G1 X72.899 Y97.933 E.03199
G1 X73.429 Y96.416 E.04436
G1 X73.85 Y95.335 E.03199
G1 X74.486 Y93.859 E.04436
G1 X74.982 Y92.811 E.03199
G1 X75.747 Y91.336 E.04583
G1 X76.546 Y89.941 E.04435
G1 X77.158 Y88.957 E.03199
G1 X78.086 Y87.578 E.04584
G1 X79.038 Y86.283 E.04436
G1 X79.67 Y85.486 E.02807
G1 X81.024 Y86.837 E.05281
G1 X84.19 Y89.41 E.11256
G1 X84.339 Y89.442 E.00419
G1 X88.294 Y88.383 E.11296
G1 X88.371 Y88.276 E.00364
G1 X89.419 Y84.367 E.11168
G1 X89.387 Y84.218 E.0042
G1 X86.806 Y81.049 E.11277
G1 X85.459 Y79.704 E.05252
G1 X86.636 Y78.786 E.04117
G1 X88.032 Y77.79 E.04733
G1 X89.426 Y76.884 E.04586
G1 X90.375 Y76.314 E.03054
G1 X91.292 Y75.798 E.02905
G1 X92.825 Y75.004 E.04761
G1 X93.764 Y74.56 E.02867
G1 X94.779 Y74.113 E.03061
G1 X96.394 Y73.472 E.04793
G1 X97.372 Y73.123 E.02867
G1 X98.428 Y72.779 E.03062
G1 X100.032 Y72.319 E.04606
G1 X101.107 Y72.051 E.03056
G1 X102.19 Y71.814 E.03058
G1 X103.278 Y71.608 E.03057
G1 X104.426 Y71.425 E.03206
G1 X105.907 Y71.244 E.04117
G1 X105.907 Y73.147 E.0525
G1 X106.325 Y77.21 E.11272
G1 X106.408 Y77.338 E.0042
G1 X109.932 Y79.369 E.11223
G1 X110.083 Y79.362 E.00419
G1 X113.592 Y77.338 E.11176
G1 X113.675 Y77.21 E.0042
G1 X114.093 Y73.147 E.11272
G1 X114.093 Y71.243 E.05254
G1 X115.056 Y71.354 E.02674
G1 X116.205 Y71.522 E.03205
G1 X117.789 Y71.81 E.04441
G1 X118.87 Y72.046 E.03054
G1 X120.482 Y72.458 E.0459
G1 X121.544 Y72.77 E.03054
G1 X123.122 Y73.296 E.0459
G1 X124.16 Y73.682 E.03055
G1 X125.186 Y74.099 E.03055
G1 X126.656 Y74.755 E.04441
G1 X127.698 Y75.265 E.03202
G1 X129.117 Y76.024 E.0444
G1 X130.121 Y76.607 E.03203
G1 X131.483 Y77.465 E.0444
G1 X132.442 Y78.118 E.03202
G1 X133.739 Y79.069 E.04439
G1 X134.541 Y79.703 E.0282
G1 X133.188 Y81.056 E.0528
G1 X130.612 Y84.218 E.11253
G1 X130.581 Y84.367 E.0042
G1 X131.639 Y88.315 E.11277
G1 X131.747 Y88.395 E.0037
G1 X135.661 Y89.442 E.11179
G1 X135.81 Y89.41 E.00419
G1 X138.982 Y86.832 E.11279
G1 X140.33 Y85.485 E.05257
G1 X140.945 Y86.262 E.02733
G1 X141.93 Y87.6 E.04585
G1 X142.827 Y88.934 E.04436
G1 X143.44 Y89.919 E.03201
G1 X144.241 Y91.314 E.04437
G1 X144.785 Y92.346 E.0322
G1 X145.479 Y93.782 E.044
G1 X146.066 Y95.131 E.04058
G1 X146.568 Y96.408 E.03787
G1 X147.094 Y97.913 E.044
G1 X147.439 Y99.028 E.0322
G1 X147.861 Y100.579 E.04436
G1 X148.124 Y101.709 E.032
G1 X148.434 Y103.286 E.04435
G1 X148.688 Y104.944 E.04627
G1 X148.8 Y105.911 E.02687
G1 X146.885 Y105.912 E.05283
G1 X142.825 Y106.329 E.11261
G1 X142.699 Y106.409 E.00412
G1 X140.666 Y109.927 E.11212
G1 X140.672 Y110.084 E.00432
G1 X142.698 Y113.589 E.1117
G1 X142.825 Y113.671 E.00419
G1 X146.894 Y114.089 E.11284
G1 X148.8 Y114.089 E.0526
G1 X148.681 Y115.103 E.02818
G1 X148.438 Y116.693 E.04436
G1 X148.221 Y117.832 E.032
G1 X147.866 Y119.4 E.04437
G1 X147.569 Y120.521 E.03201
G1 X147.103 Y122.06 E.04436
G1 X146.727 Y123.157 E.032
G1 X146.153 Y124.659 E.04435
G1 X145.517 Y126.135 E.04435
G1 X145.021 Y127.184 E.03201
G1 X144.281 Y128.611 E.04435
G1 X143.429 Y130.1 E.04734
G1 X142.844 Y131.039 E.03051
G1 X141.948 Y132.374 E.04436
G1 X140.932 Y133.756 E.04735
G1 X140.33 Y134.515 E.02671
G1 X138.975 Y133.163 E.05281
G1 X135.81 Y130.59 E.11256
G1 X135.661 Y130.558 E.00419
G1 X131.729 Y131.612 E.11232
G1 X131.629 Y131.724 E.00413
G1 X130.581 Y135.633 E.11168
G1 X130.612 Y135.782 E.0042
G1 X133.193 Y138.951 E.11277
G1 X134.541 Y140.297 E.05257
G1 X133.765 Y140.911 E.02733
G1 X132.424 Y141.895 E.04587
G1 X131.089 Y142.791 E.04438
G1 X130.103 Y143.404 E.03203
G1 X128.706 Y144.203 E.0444
G1 X127.673 Y144.747 E.03222
G1 X126.236 Y145.44 E.04403
G1 X124.886 Y146.026 E.04061
G1 X123.607 Y146.528 E.03789
G1 X122.1 Y147.053 E.04404
G1 X120.984 Y147.398 E.03223
G1 X119.431 Y147.819 E.0444
G1 X118.3 Y148.082 E.03203
G1 X116.722 Y148.392 E.04439
G1 X115.077 Y148.643 E.04589
G1 X114.093 Y148.758 E.02734
G1 X114.092 Y146.845 E.05277
G1 X113.675 Y142.79 E.11248
G1 X113.592 Y142.662 E.0042
G1 X110.068 Y140.631 E.11223
G1 X109.916 Y140.638 E.0042
G1 X106.408 Y142.662 E.11176
G1 X106.325 Y142.79 E.0042
G1 X105.907 Y146.853 E.11272
G1 X105.907 Y148.757 E.05254
G1 X104.891 Y148.639 E.02822
G1 X103.3 Y148.396 E.04441
G1 X102.159 Y148.179 E.03203
G1 X100.589 Y147.824 E.04441
G1 X99.467 Y147.528 E.03203
G1 X97.926 Y147.062 E.04441
G1 X96.828 Y146.686 E.03203
G1 X95.325 Y146.113 E.04439
G1 X93.847 Y145.478 E.04439
G1 X92.797 Y144.982 E.03203
G1 X91.368 Y144.244 E.04438
G1 X89.878 Y143.392 E.04737
G1 X88.938 Y142.808 E.03053
G1 X87.601 Y141.913 E.04438
G1 X86.217 Y140.898 E.04736
G1 X85.458 Y140.297 E.02671
G1 X86.812 Y138.944 E.0528
G1 X89.387 Y135.782 E.11253
G1 X89.42 Y135.635 E.00414
G1 X88.366 Y131.71 E.11215
G1 X88.255 Y131.606 E.00419
G1 X84.339 Y130.558 E.11185
G1 X84.19 Y130.59 E.00419
G1 X81.018 Y133.168 E.11279
G1 X79.67 Y134.515 E.05257
G1 X79.054 Y133.738 E.02733
G1 X78.07 Y132.4 E.04585
G1 X77.173 Y131.065 E.04436
G1 X76.56 Y130.081 E.03201
G1 X75.759 Y128.686 E.04437
G1 X75.214 Y127.654 E.0322
G1 X74.521 Y126.218 E.044
G1 X73.934 Y124.869 E.04058
G1 X73.432 Y123.592 E.03787
G1 X72.906 Y122.087 E.044
G1 X72.56 Y120.972 E.03221
G1 X72.139 Y119.419 E.04439
G1 X71.875 Y118.288 E.03205
G1 X71.565 Y116.71 E.04438
G1 X71.313 Y115.066 E.04588
G1 X71.2 Y114.089 E.02714
G1 X73.115 Y114.088 E.05284
G1 X77.174 Y113.671 E.11261
G1 X77.3 Y113.591 E.00412
G1 X79.314 Y110.107 E.11103
G1 E-.7 F2400
;WIPE_START
G1 F5400
G1 X79.328 Y109.916 E-.05728
G1 X78.923 Y109.216 E-.24272
;WIPE_END
G17
G3 Z1.2 I.272 J1.186 P1  F9000
G1 X140.035 Y95.209 Z1.2
G1 Z.8
G1 E1 F2700
M204 P2000
;TYPE:Inner wall
;WIDTH:0.449999
G1 F7200
G1 X140.283 Y94.829 E.01352
G1 X140.702 Y94.413 E.0176
G1 X141.192 Y94.098 E.01733
G1 X141.672 Y93.909 E.01538
G1 X142.236 Y93.808 E.01706
G1 X142.753 Y93.817 E.01538
G1 X143.304 Y93.938 E.01683
G1 X143.841 Y94.178 E.01752
G1 X144.262 Y94.478 E.01538
;WIDTH:0.496515
G1 X144.475 Y94.671 E.00955
;WIDTH:0.543031
G1 X144.688 Y94.865 E.01053
;WIDTH:0.586067
G1 X144.743 Y94.903 E.00267
;WIDTH:0.629103
G1 X144.798 Y94.942 E.00288
G1 X145.047 Y95.411 E.0228
;WIDTH:0.617611
G1 X145.233 Y95.931 E.02319
G1 X145.229 Y96.073 E.00597
;WIDTH:0.575708
G1 X145.226 Y96.215 E.00554
;WIDTH:0.533805
G1 X145.222 Y96.357 E.0051
;WIDTH:0.491902
G1 X145.219 Y96.499 E.00467
;WIDTH:0.449999
G1 X145.185 Y97.015 E.01542
G1 X144.98 Y97.703 E.02137
G1 X144.56 Y98.37 E.02349
G1 X143.963 Y98.897 E.02371
G1 X143.241 Y99.233 E.02374
G1 X142.649 Y99.345 E.01795
G1 X142.132 Y99.336 E.01538
G1 X141.573 Y99.213 E.01707
G1 X141.043 Y98.975 E.01729
G1 X140.436 Y98.494 E.02308
G1 X139.974 Y97.845 E.02372
G1 X139.756 Y97.284 E.01792
G1 X139.668 Y96.741 E.01639
G1 X139.683 Y96.241 E.01491
G1 X139.776 Y95.788 E.01378
G1 X139.972 Y95.306 E.01551
G1 X140.013 Y95.243 E.00223
G1 X140.371 Y95.433 F9000
M204 P1000
;TYPE:Outer wall
;WIDTH:0.419999
G1 F5400
G1 X140.71 Y94.976 E.01568
G1 X141.016 Y94.69 E.01155
G1 X141.437 Y94.436 E.01358
G1 X141.847 Y94.289 E.01202
G1 X142.446 Y94.219 E.01663
G1 X142.769 Y94.235 E.00892
G1 X143.249 Y94.354 E.01364
G1 X143.692 Y94.569 E.01358
G1 X144.039 Y94.832 E.01202
G1 X144.366 Y95.199 E.01357
G1 X144.625 Y95.684 E.01517
G1 X144.747 Y96.039 E.01037
G1 X144.806 Y96.472 E.01204
G1 X144.772 Y96.988 E.01429
G1 X144.587 Y97.575 E.01697
G1 X144.216 Y98.14 E.01865
G1 X143.699 Y98.579 E.01872
G1 X143.077 Y98.853 E.01874
G1 X142.584 Y98.936 E.01381
G1 X142.116 Y98.918 E.01292
G1 X141.636 Y98.799 E.01364
G1 X141.186 Y98.579 E.01382
G1 X140.7 Y98.175 E.01743
G1 X140.317 Y97.615 E.01873
G1 X140.145 Y97.145 E.01383
G1 X140.082 Y96.747 E.01112
G1 X140.09 Y96.314 E.01193
G1 X140.173 Y95.905 E.01152
G1 X140.356 Y95.47 E.01303
G1 E-.7 F2400
;WIPE_START
G1 F5400
G1 X140.71 Y94.976 E-.18222
G1 X140.997 Y94.708 E-.11778
;WIPE_END
G17
G3 Z1.2 I.372 J-1.159 P1  F9000
G1 X96.271 Y80.347 Z1.2
G1 Z.8
G1 E1 F2700
M204 P2000
;TYPE:Inner wall
;WIDTH:0.449999
G1 F7200
G1 X96.188 Y80.344 E.0025
G1 X95.684 Y80.228 E.01538
G1 X95.163 Y79.991 E.01706
G1 X94.555 Y79.51 E.02308
G1 X94.093 Y78.862 E.02371
G1 X93.834 Y78.109 E.02371
G1 X93.808 Y77.544 E.01685
G1 X93.826 Y77.106 E.01305
G1 X93.964 Y76.609 E.01538
G1 X94.221 Y76.097 E.01705
G1 X94.556 Y75.676 E.01603
;WIDTH:0.492077
G1 X94.704 Y75.525 E.00695
;WIDTH:0.534155
G1 X94.852 Y75.375 E.0076
;WIDTH:0.576233
G1 X95.001 Y75.224 E.00825
;WIDTH:0.612093
G1 X95.127 Y75.122 E.00678
G1 X95.586 Y74.913 E.02099
;WIDTH:0.597229
G1 X95.835 Y74.885 E.01017
;WIDTH:0.548153
G1 X96.085 Y74.857 E.00927
;WIDTH:0.499076
G1 X96.334 Y74.829 E.00837
;WIDTH:0.449999
G1 X96.872 Y74.834 E.01603
G1 X97.432 Y74.957 E.01706
G1 X97.961 Y75.195 E.01729
G1 X98.381 Y75.494 E.01537
G1 X98.884 Y76.073 E.02284
G1 X99.143 Y76.6 E.0175
G1 X99.242 Y76.863 E.00838
G1 X99.333 Y77.361 E.01507
G1 X99.324 Y77.895 E.01591
G1 X99.182 Y78.524 E.0192
G1 X98.962 Y78.991 E.01539
G1 X98.519 Y79.551 E.02127
G1 X98.356 Y79.709 E.00676
G1 X97.831 Y80.06 E.01881
G1 X97.351 Y80.249 E.01536
G1 X96.76 Y80.363 E.01793
G1 X96.311 Y80.348 E.01336
G1 X96.287 Y79.932 F9000
M204 P1000
;TYPE:Outer wall
;WIDTH:0.419999
G1 F5400
G1 X96.177 Y79.926 E.00304
G1 X95.755 Y79.816 E.01202
G1 X95.306 Y79.596 E.01381
G1 X94.82 Y79.192 E.01743
G1 X94.437 Y78.632 E.01871
G1 X94.229 Y77.987 E.01871
G1 X94.221 Y77.25 E.02034
G1 X94.337 Y76.787 E.01315
G1 X94.552 Y76.345 E.01357
G1 X94.82 Y75.994 E.01218
G1 X95.305 Y75.591 E.01741
G1 X95.756 Y75.37 E.01384
G1 X96.414 Y75.234 E.01855
G1 X96.888 Y75.252 E.01308
G1 X97.368 Y75.37 E.01364
G1 X97.926 Y75.671 E.01748
G1 X98.162 Y75.853 E.00823
G1 X98.566 Y76.338 E.01741
G1 X98.824 Y76.901 E.01711
G1 X98.921 Y77.404 E.01411
G1 X98.906 Y77.919 E.01423
G1 X98.787 Y78.399 E.01364
G1 X98.566 Y78.848 E.01381
G1 X98.162 Y79.333 E.01743
G1 X97.601 Y79.716 E.01873
G1 X97.131 Y79.888 E.0138
G1 X96.668 Y79.955 E.01292
G1 X96.327 Y79.935 E.00943
G1 E-.7 F2400
;WIPE_START
G1 F5400
G1 X96.177 Y79.926 E-.04501
G1 X95.755 Y79.816 E-.13073
G1 X95.383 Y79.634 E-.12426
;WIPE_END
G17
G3 Z1.2 I-.562 J1.079 P1  F9000
G1 X128.798 Y97.037 Z1.2
G1 Z.8
G1 E1 F2700
M204 P2000
;TYPE:Inner wall
;WIDTH:0.449999
G1 F7200
G1 X129.145 Y97.549 E.0184
G1 X129.76 Y98.548 E.03496
G1 X130.325 Y99.582 E.03511
G1 X130.837 Y100.644 E.03511
G1 X131.283 Y101.708 E.03435
G1 X131.657 Y102.745 E.03284
G1 X131.927 Y103.595 E.02658
G1 X132.23 Y104.741 E.03531
G1 X132.473 Y105.897 E.03519
G1 X132.655 Y107.062 E.0351
G1 X132.777 Y108.234 E.0351
G1 X132.837 Y109.396 E.03466
G1 X132.838 Y110.564 E.03479
G1 X132.779 Y111.725 E.03464
G1 X132.702 Y112.55 E.02469
G1 X132.54 Y113.715 E.03504
G1 X132.321 Y114.858 E.03465
G1 X132.037 Y116.017 E.03555
G1 X131.696 Y117.146 E.03511
G1 X131.308 Y118.227 E.03424
G1 X130.843 Y119.342 E.03596
G1 X130.333 Y120.404 E.03512
G1 X129.775 Y121.426 E.03466
G1 X129.172 Y122.409 E.03435
G1 X128.709 Y123.096 E.02468
G1 X128.018 Y124.029 E.0346
G1 X127.263 Y124.948 E.03541
G1 X126.474 Y125.81 E.03483
G1 X125.662 Y126.612 E.03399
G1 X125.048 Y127.17 E.0247
G1 X124.133 Y127.929 E.03541
G1 X123.188 Y128.634 E.03513
G1 X122.22 Y129.281 E.03468
G1 X121.257 Y129.856 E.0334
G1 X120.511 Y130.262 E.02531
G1 X119.557 Y130.725 E.03159
G1 X118.129 Y131.322 E.04609
G1 X117.26 Y131.637 E.02754
G1 X116.103 Y131.991 E.03602
G1 X114.974 Y132.273 E.03469
G1 X113.816 Y132.5 E.03514
G1 X112.663 Y132.665 E.03469
G1 X111.95 Y132.73 E.02133
G1 X110.698 Y132.81 E.03737
G1 X109.963 Y132.814 E.0219
G1 X108.733 Y132.785 E.03664
G1 X107.554 Y132.69 E.03524
G1 X106.378 Y132.532 E.03534
G1 X105.233 Y132.318 E.03469
G1 X104.071 Y132.039 E.03558
G1 X102.941 Y131.704 E.03513
G1 X101.843 Y131.316 E.03469
G1 X100.762 Y130.871 E.03481
G1 X99.709 Y130.374 E.03468
G1 X98.975 Y129.988 E.02471
G1 X97.959 Y129.394 E.03506
G1 X96.994 Y128.761 E.03437
G1 X96.034 Y128.059 E.03542
G1 X95.109 Y127.307 E.0355
G1 X94.244 Y126.524 E.03476
G1 X93.401 Y125.679 E.03557
G1 X92.613 Y124.802 E.03512
G1 X91.871 Y123.886 E.03511
G1 X91.177 Y122.933 E.03511
G1 X90.542 Y121.958 E.03467
G1 X90.052 Y121.113 E.0291
G1 X89.545 Y120.15 E.03241
G1 X89.251 Y119.541 E.02015
G1 X88.969 Y118.899 E.02088
G1 X88.637 Y118.085 E.02619
G1 X88.361 Y117.297 E.02488
G1 X87.961 Y115.995 E.04058
G1 X87.649 Y114.72 E.03908
G1 X87.492 Y113.907 E.02468
G1 X87.323 Y112.758 E.03459
G1 X87.209 Y111.577 E.03535
G1 X87.159 Y110.408 E.03485
G1 X87.168 Y109.215 E.03554
G1 X87.239 Y108.038 E.03511
G1 X87.369 Y106.882 E.03465
G1 X87.493 Y106.088 E.02394
G1 X87.721 Y104.95 E.03457
G1 X87.913 Y104.17 E.02393
G1 X88.243 Y103.041 E.03503
G1 X88.626 Y101.943 E.03465
G1 X88.844 Y101.396 E.01753
G1 X89.405 Y100.124 E.04144
G1 X89.943 Y99.075 E.03511
G1 X90.534 Y98.055 E.03511
G1 X91.177 Y97.067 E.03511
G1 X91.855 Y96.134 E.03436
G1 X92.596 Y95.217 E.03511
G1 X93.39 Y94.332 E.03542
G1 X94.233 Y93.486 E.03558
G1 X95.077 Y92.721 E.03392
G1 X95.714 Y92.191 E.02469
G1 X96.652 Y91.48 E.03506
G1 X97.614 Y90.825 E.03468
G1 X98.626 Y90.209 E.03529
G1 X99.659 Y89.651 E.03497
G1 X100.553 Y89.226 E.02948
G1 X101.815 Y88.695 E.04077
G1 X102.937 Y88.297 E.03546
G1 X103.999 Y87.983 E.033
G1 X105.218 Y87.685 E.03739
G1 X106.363 Y87.471 E.03468
G1 X107.147 Y87.358 E.02359
G1 X108.327 Y87.24 E.03535
G1 X109.493 Y87.185 E.03477
G1 X110.688 Y87.19 E.03558
G1 X111.866 Y87.255 E.03514
G1 X113.039 Y87.382 E.03514
G1 X114.203 Y87.569 E.03514
G1 X115.357 Y87.815 E.03513
G1 X116.457 Y88.11 E.03393
G1 X117.248 Y88.358 E.0247
G1 X118.207 Y88.706 E.03037
G1 X119.441 Y89.219 E.03982
G1 X120.489 Y89.727 E.03468
G1 X121.186 Y90.102 E.02358
G1 X122.206 Y90.71 E.03537
G1 X123.175 Y91.357 E.03473
G1 X123.824 Y91.832 E.02394
G1 X124.743 Y92.567 E.03505
G1 X125.613 Y93.341 E.03468
G1 X126.441 Y94.156 E.03462
G1 X127.249 Y95.037 E.0356
G1 X128.009 Y95.958 E.03557
G1 X128.701 Y96.894 E.03467
G1 X128.776 Y97.004 E.00398
G1 X128.456 Y97.269 F9000
M204 P1000
;TYPE:Outer wall
;WIDTH:0.419999
G1 F5400
G1 X128.802 Y97.78 E.01705
G1 X129.408 Y98.765 E.03189
G1 X129.962 Y99.781 E.03193
G1 X130.464 Y100.824 E.03193
G1 X130.902 Y101.868 E.03124
G1 X131.268 Y102.885 E.02983
G1 X131.532 Y103.718 E.02412
G1 X131.828 Y104.839 E.03198
G1 X132.066 Y105.972 E.03195
G1 X132.245 Y107.115 E.03192
G1 X132.364 Y108.266 E.03192
G1 X132.424 Y109.417 E.03181
G1 X132.424 Y110.553 E.03135
G1 X132.366 Y111.704 E.0318
G1 X132.291 Y112.503 E.02213
G1 X132.132 Y113.648 E.03191
G1 X131.915 Y114.78 E.03181
G1 X131.638 Y115.908 E.03205
G1 X131.303 Y117.016 E.03193
G1 X130.919 Y118.088 E.03142
G1 X130.466 Y119.172 E.03244
G1 X129.964 Y120.216 E.03193
G1 X129.412 Y121.228 E.03181
G1 X128.82 Y122.192 E.03124
G1 X128.371 Y122.857 E.02213
G1 X127.685 Y123.783 E.0318
G1 X126.948 Y124.679 E.03202
G1 X126.168 Y125.531 E.03186
G1 X125.371 Y126.318 E.03089
G1 X124.771 Y126.863 E.02239
G1 X123.878 Y127.604 E.03202
G1 X122.949 Y128.296 E.03195
G1 X121.99 Y128.937 E.03183
G1 X121.046 Y129.501 E.03035
G1 X120.315 Y129.898 E.02295
G1 X119.376 Y130.353 E.02878
G1 X117.988 Y130.933 E.04152
G1 X117.119 Y131.249 E.02551
G1 X115.587 Y131.694 E.04402
G1 X114.884 Y131.87 E.02
G1 X113.747 Y132.092 E.03196
G1 X112.605 Y132.255 E.03184
G1 X111.913 Y132.318 E.01917
G1 X110.678 Y132.397 E.03413
G1 X109.961 Y132.4 E.0198
G1 X108.748 Y132.372 E.03345
G1 X107.593 Y132.278 E.03198
G1 X106.443 Y132.124 E.03201
G1 X105.309 Y131.912 E.03184
G1 X104.179 Y131.639 E.03207
G1 X103.068 Y131.31 E.03196
G1 X101.98 Y130.926 E.03184
G1 X100.929 Y130.493 E.03137
G1 X99.886 Y130 E.03183
G1 X99.176 Y129.626 E.02215
G1 X98.177 Y129.042 E.03193
G1 X97.229 Y128.421 E.03125
G1 X96.278 Y127.726 E.03252
G1 X95.377 Y126.992 E.03205
G1 X94.522 Y126.218 E.03184
G1 X93.701 Y125.395 E.03206
G1 X92.927 Y124.534 E.03194
G1 X92.199 Y123.634 E.03194
G1 X91.518 Y122.698 E.03194
G1 X90.889 Y121.732 E.03182
G1 X90.409 Y120.905 E.02636
G1 X89.913 Y119.961 E.02943
G1 X89.627 Y119.368 E.01817
G1 X89.352 Y118.743 E.01885
G1 X89.02 Y117.929 E.02426
G1 X88.751 Y117.16 E.02246
G1 X88.358 Y115.879 E.037
G1 X88.052 Y114.625 E.03561
G1 X87.9 Y113.837 E.02213
G1 X87.732 Y112.698 E.03178
G1 X87.622 Y111.544 E.03199
G1 X87.572 Y110.39 E.03186
G1 X87.582 Y109.229 E.03204
G1 X87.651 Y108.074 E.03193
G1 X87.78 Y106.928 E.0318
G1 X87.9 Y106.161 E.02143
G1 X88.127 Y105.032 E.03178
G1 X88.312 Y104.277 E.02143
G1 X88.637 Y103.168 E.0319
G1 X89.017 Y102.079 E.0318
G1 X89.228 Y101.549 E.01574
G1 X89.778 Y100.303 E.0376
G1 X90.306 Y99.273 E.03193
G1 X90.887 Y98.272 E.03193
G1 X91.518 Y97.302 E.03193
G1 X92.184 Y96.386 E.03124
G1 X92.911 Y95.485 E.03194
G1 X93.698 Y94.608 E.03251
G1 X94.518 Y93.785 E.03206
G1 X95.355 Y93.028 E.03113
G1 X95.972 Y92.515 E.02214
G1 X96.893 Y91.816 E.03192
G1 X97.847 Y91.167 E.03183
G1 X98.838 Y90.564 E.03199
G1 X99.855 Y90.015 E.03191
G1 X100.73 Y89.6 E.02672
G1 X101.972 Y89.077 E.03718
G1 X103.067 Y88.69 E.03204
G1 X104.116 Y88.379 E.03019
G1 X105.305 Y88.089 E.03375
G1 X106.439 Y87.877 E.03183
G1 X107.205 Y87.768 E.02136
G1 X108.36 Y87.653 E.03201
G1 X109.513 Y87.598 E.03186
G1 X110.676 Y87.603 E.03208
G1 X111.832 Y87.668 E.03196
G1 X112.984 Y87.792 E.03196
G1 X114.127 Y87.975 E.03196
G1 X115.26 Y88.218 E.03196
G1 X116.35 Y88.51 E.03114
G1 X117.116 Y88.75 E.02215
G1 X118.065 Y89.095 E.02788
G1 X119.271 Y89.596 E.03601
G1 X120.308 Y90.099 E.03182
G1 X120.989 Y90.466 E.02135
G1 X121.986 Y91.06 E.03201
G1 X122.946 Y91.701 E.03184
G1 X123.573 Y92.16 E.02145
G1 X124.476 Y92.883 E.03192
G1 X125.338 Y93.65 E.03183
G1 X126.147 Y94.446 E.03131
G1 X126.944 Y95.316 E.03256
G1 X127.683 Y96.213 E.03206
G1 X128.369 Y97.14 E.03181
G1 X128.434 Y97.236 E.00319
G1 E-.7 F2400
;WIPE_START
G1 F5400
G1 X128.802 Y97.78 E-.19734
G1 X128.981 Y98.072 E-.10266
;WIPE_END
G17
G3 Z1.2 I-.59 J-1.065 P1  F9000
G1 X79.255 Y125.615 Z1.2
G1 Z.8
G1 E1 F2700
M204 P2000
;TYPE:Inner wall
;WIDTH:0.449999
G1 F7200
G1 X78.808 Y125.902 E.01583
G1 X78.271 Y126.106 E.01709
G1 X77.495 Y126.196 E.02328
G1 X76.709 Y126.064 E.02373
G1 X76.158 Y125.822 E.01793
G1 X75.738 Y125.522 E.01538
;WIDTH:0.48847
G1 X75.593 Y125.396 E.00627
;WIDTH:0.52694
G1 X75.448 Y125.269 E.00681
;WIDTH:0.56541
G1 X75.303 Y125.143 E.00735
;WIDTH:0.597257
G1 X75.253 Y125.101 E.00268
;WIDTH:0.629103
G1 X75.202 Y125.058 E.00283
G1 X74.953 Y124.589 E.0228
;WIDTH:0.623121
G1 X74.758 Y124.033 E.02502
G1 X74.764 Y123.9 E.00564
;WIDTH:0.579841
G1 X74.769 Y123.767 E.00522
;WIDTH:0.53656
G1 X74.775 Y123.634 E.0048
;WIDTH:0.49328
G1 X74.781 Y123.501 E.00438
;WIDTH:0.449999
G1 X74.815 Y122.985 E.01542
G1 X75.02 Y122.297 E.02137
G1 X75.44 Y121.63 E.02349
G1 X76.037 Y121.103 E.02371
G1 X76.759 Y120.767 E.02374
G1 X77.351 Y120.655 E.01795
G1 X77.868 Y120.664 E.01538
G1 X78.427 Y120.787 E.01707
G1 X78.956 Y121.025 E.01729
G1 X79.441 Y121.405 E.01834
G1 X79.675 Y121.63 E.00967
G1 X80.026 Y122.155 E.0188
G1 X80.244 Y122.716 E.01792
G1 X80.331 Y123.249 E.0161
G1 X80.318 Y123.753 E.01501
G1 X80.203 Y124.27 E.01579
G1 X80.003 Y124.746 E.01539
G1 X79.716 Y125.171 E.01525
G1 X79.297 Y125.587 E.0176
G1 X79.288 Y125.593 E.00032
G1 X79.022 Y125.274 F9000
M204 P1000
;TYPE:Outer wall
;WIDTH:0.419999
G1 F5400
G1 X78.984 Y125.31 E.00145
G1 X78.56 Y125.565 E.01365
G1 X78.086 Y125.727 E.01382
G1 X77.457 Y125.784 E.01744
G1 X76.79 Y125.659 E.01874
G1 X76.336 Y125.448 E.0138
G1 X75.961 Y125.168 E.01292
G1 X75.634 Y124.801 E.01357
G1 X75.375 Y124.316 E.01517
G1 X75.253 Y123.961 E.01037
G1 X75.194 Y123.528 E.01204
G1 X75.227 Y123.012 E.01429
G1 X75.413 Y122.425 E.01697
G1 X75.783 Y121.86 E.01865
G1 X76.301 Y121.421 E.01872
G1 X76.922 Y121.147 E.01874
G1 X77.416 Y121.064 E.01381
G1 X77.884 Y121.082 E.01292
G1 X78.364 Y121.201 E.01364
G1 X78.814 Y121.421 E.01382
G1 X79.299 Y121.825 E.01743
G1 X79.682 Y122.385 E.01873
G1 X79.855 Y122.855 E.01382
G1 X79.918 Y123.253 E.01113
G1 X79.909 Y123.686 E.01193
G1 X79.821 Y124.112 E.01201
G1 X79.629 Y124.566 E.01362
G1 X79.29 Y125.024 E.01571
G1 X79.052 Y125.246 E.009
G1 E-.7 F2400
;WIPE_START
G1 F5400
G1 X78.984 Y125.31 E-.02774
G1 X78.56 Y125.565 E-.14839
G1 X78.17 Y125.698 E-.12387
;WIPE_END
G17
G3 Z1.2 I-.355 J1.164 P1  F9000
G1 X124.437 Y139.828 Z1.2
G1 Z.8
G1 E1 F2700
M204 P2000
;TYPE:Inner wall
;WIDTH:0.449999
G1 F7200
G1 X124.837 Y140.009 E.01308
G1 X125.444 Y140.49 E.02308
G1 X125.907 Y141.138 E.02371
G1 X126.108 Y141.637 E.01603
G1 X126.209 Y142.201 E.01706
G1 X126.191 Y142.781 E.01728
G1 X126.075 Y143.284 E.01538
G1 X125.838 Y143.805 E.01705
G1 X125.538 Y144.225 E.01536
;WIDTH:0.49461
G1 X125.408 Y144.368 E.00639
;WIDTH:0.539221
G1 X125.277 Y144.51 E.00703
;WIDTH:0.583832
G1 X125.146 Y144.653 E.00766
;WIDTH:0.628443
G1 X125.016 Y144.796 E.00829
G1 X124.479 Y145.042 E.02531
;WIDTH:0.622307
G1 X124.047 Y145.204 E.01953
G1 X123.911 Y145.198 E.0058
;WIDTH:0.57923
G1 X123.774 Y145.192 E.00537
;WIDTH:0.536153
G1 X123.637 Y145.186 E.00494
;WIDTH:0.493076
G1 X123.5 Y145.18 E.00451
;WIDTH:0.449999
G1 X122.872 Y145.122 E.01881
G1 X122.067 Y144.818 E.02563
G1 X121.619 Y144.506 E.01626
G1 X121.116 Y143.927 E.02284
G1 X120.798 Y143.267 E.02182
G1 X120.674 Y142.685 E.01772
G1 X120.676 Y142.105 E.01729
G1 X120.799 Y141.538 E.01729
G1 X121.038 Y141.009 E.01728
G1 X121.337 Y140.589 E.01535
G1 X121.809 Y140.159 E.01903
G1 X122.375 Y139.851 E.01918
G1 X122.591 Y139.766 E.00691
G1 X123.21 Y139.643 E.01881
G1 X123.748 Y139.648 E.01603
G1 X124.308 Y139.77 E.01706
G1 X124.4 Y139.812 E.00302
G1 X124.269 Y140.196 F9000
M204 P1000
;TYPE:Outer wall
;WIDTH:0.419999
G1 F5400
G1 X124.694 Y140.404 E.01306
G1 X125.18 Y140.808 E.01743
G1 X125.563 Y141.368 E.01872
G1 X125.728 Y141.812 E.01308
G1 X125.798 Y142.378 E.01573
G1 X125.773 Y142.792 E.01144
G1 X125.663 Y143.213 E.01201
G1 X125.448 Y143.655 E.01357
G1 X125.18 Y144.006 E.01218
G1 X124.695 Y144.409 E.01741
G1 X124.016 Y144.698 E.02036
G1 X123.538 Y144.768 E.01332
G1 X122.909 Y144.71 E.01742
G1 X122.225 Y144.435 E.02036
G1 X121.838 Y144.147 E.01332
G1 X121.434 Y143.662 E.01741
G1 X121.176 Y143.099 E.01711
G1 X121.078 Y142.596 E.01411
G1 X121.094 Y142.081 E.01423
G1 X121.213 Y141.601 E.01364
G1 X121.449 Y141.131 E.01451
G1 X121.692 Y140.811 E.01109
G1 X122.082 Y140.47 E.01429
G1 X122.562 Y140.22 E.01495
G1 X123.291 Y140.048 E.02064
G1 X123.764 Y140.065 E.01308
G1 X124.232 Y140.181 E.0133
G1 E-.7 F2400
;WIPE_START
G1 F5400
G1 X124.694 Y140.404 E-.15389
G1 X125.069 Y140.716 E-.14611
;WIPE_END
G1 Z1.2 F9000
G1 X121.747 Y145.076
G1 Z1.2
G1 Z.8
G1 E1 F2700
M204 P2500
;TYPE:Internal solid infill
G1 F10800
G1 X119.99 Y146.833 E.06856
G1 X120.76 Y146.624 E.022
G1 X121.848 Y146.288 E.03144
G1 X123.327 Y145.772 E.04321
G1 X123.722 Y145.588 E.01201
G1 X122.836 Y145.513 E.02453
G1 X122.553 Y145.443 E.00803
G1 X121.903 Y145.174 E.0194
G1 X121.781 Y145.097 E.00399
G1 X121.808 Y145.524 F9000
;WIDTH:0.385141
G1 F10800
G1 X121.229 Y146.103 E.0205
G1 X122.329 Y145.739 E.029
G1 X121.845 Y145.539 E.01311
G1 E-.77778 F2400
;WIPE_START
G1 F10800
G1 X122.329 Y145.739 E-.11636
G1 X121.876 Y145.889 E-.10586
;WIPE_END
G17
G3 Z1.2 I.049 J-1.216 P1  F9000
G1 X105.496 Y145.227 Z1.2
G1 Z.8
G1 E1 F2700
;WIDTH:0.420733
G1 F10800
G1 X103.119 Y147.604 E.09292
G1 X102.67 Y147.519 E.01264
G1 X105.367 Y144.822 E.10544
G1 X105.429 Y144.226 E.01655
G1 X102.224 Y147.431 E.12529
G1 X101.788 Y147.332 E.01235
G1 X105.49 Y143.63 E.14472
G1 X105.551 Y143.035 E.01655
G1 X101.211 Y147.375 E.1697
G1 E-.77778 F2400
;WIPE_START
G1 F10800
G1 X101.918 Y146.668 E-.22222
;WIPE_END
G17
G3 Z1.2 I-.05 J1.216 P1  F9000
G1 X118.855 Y147.363 Z1.2
G1 Z.8
G1 E1 F2700
G1 F10800
G1 X121.441 Y144.777 E.1011
G1 X121.313 Y144.678 E.00447
G1 X121.173 Y144.511 E.00604
G1 X118.386 Y147.298 E.10898
G1 X117.71 Y147.439 E.01909
G1 X120.93 Y144.22 E.12587
G1 X120.857 Y144.133 E.00314
G1 X120.717 Y143.898 E.00755
G1 X117.045 Y147.57 E.14357
G1 X116.393 Y147.688 E.01833
G1 X120.556 Y143.525 E.16277
G1 X120.451 Y143.282 E.00731
G1 X120.422 Y143.125 E.00442
G1 X115.766 Y147.78 E.18201
G1 X115.14 Y147.873 E.01751
G1 X120.338 Y142.675 E.20322
G1 X120.349 Y142.129 E.0151
G1 X114.667 Y147.811 E.22215
G1 E-.77778 F2400
;WIPE_START
G1 F10800
G1 X115.374 Y147.104 E-.22222
;WIPE_END
G17
G3 Z1.2 I.456 J1.128 P1  F9000
G1 X133.298 Y139.866 Z1.2
G1 Z.8
G1 E1 F2700
G1 F10800
G1 X131.639 Y141.525 E.06488
G1 X130.685 Y142.166 E.03177
G1 X130.103 Y142.527 E.01893
G1 X132.912 Y139.718 E.10982
G1 X132.646 Y139.45 E.01044
G1 X128.809 Y143.286 E.14998
G1 X127.636 Y143.925 E.03694
G1 X132.403 Y139.159 E.18637
G1 X132.163 Y138.864 E.0105
G1 X126.584 Y144.443 E.2181
G1 X125.816 Y144.81 E.02355
G1 X125.662 Y144.831 E.0043
G1 X131.923 Y138.57 E.24478
G1 X131.683 Y138.275 E.0105
G1 X126.252 Y143.706 E.21233
G1 X126.339 Y143.524 E.00558
G1 X126.501 Y142.923 E.01719
G1 X131.443 Y137.981 E.19324
G1 X131.203 Y137.686 E.0105
G1 X126.545 Y142.344 E.18212
G1 X126.537 Y142.155 E.00525
G1 X126.486 Y141.869 E.00801
G1 X130.964 Y137.392 E.17506
G1 X130.724 Y137.097 E.0105
G1 X126.385 Y141.436 E.16963
G1 X126.238 Y141.049 E.01145
G1 X130.484 Y136.803 E.16601
G1 X130.244 Y136.508 E.0105
G1 X126.026 Y140.726 E.16491
G1 X125.812 Y140.406 E.01065
G1 X130.008 Y136.211 E.16403
G1 X129.923 Y136.08 E.0043
G1 X129.847 Y135.837 E.00703
G1 X125.54 Y140.143 E.16835
G1 X125.247 Y139.903 E.0105
G1 X129.917 Y135.232 E.18259
G1 X130.113 Y134.502 E.0209
G1 X124.925 Y139.69 E.20283
G1 X124.564 Y139.517 E.01108
G1 X130.309 Y133.772 E.22462
G1 X130.505 Y133.042 E.0209
G1 X124.152 Y139.395 E.24839
G1 X123.882 Y139.329 E.00768
G1 X123.693 Y139.319 E.00522
G1 X130.941 Y132.072 E.28335
G1 E-.77778 F2400
;WIPE_START
G1 F10800
G1 X130.234 Y132.779 E-.22222
;WIPE_END
G17
G3 Z1.2 I-.062 J1.215 P1  F9000
G1 X139.895 Y133.269 Z1.2
G1 Z.8
G1 E1 F2700
G1 F10800
G1 X141.584 Y131.58 E.06604
G1 X142.219 Y130.635 E.03149
G1 X142.588 Y130.042 E.01929
G1 X139.747 Y132.883 E.11108
G1 X139.478 Y132.617 E.01044
G1 X143.341 Y128.754 E.15103
G1 X143.627 Y128.255 E.01591
G1 X143.972 Y127.589 E.02072
G1 X139.186 Y132.375 E.1871
G1 X138.892 Y132.135 E.0105
G1 X144.514 Y126.513 E.21983
G1 X144.97 Y125.523 E.03011
G1 X138.597 Y131.896 E.24915
G1 X138.302 Y131.656 E.0105
G1 X145.374 Y124.584 E.27648
G1 X145.721 Y123.703 E.02618
G1 X138.007 Y131.417 E.30157
G1 X137.713 Y131.177 E.0105
G1 X146.048 Y122.842 E.32587
G1 X146.326 Y122.029 E.02375
G1 X137.418 Y130.937 E.34828
G1 X137.123 Y130.698 E.0105
G1 X146.57 Y121.252 E.36932
G1 X146.802 Y120.485 E.02214
G1 X136.828 Y130.458 E.38992
G1 X136.534 Y130.219 E.0105
G1 X147.003 Y119.75 E.40931
G1 X147.186 Y119.033 E.02046
G1 X136.236 Y129.982 E.42809
G1 X136.145 Y129.921 E.00303
G1 X135.935 Y129.837 E.00626
G1 X135.859 Y129.825 E.00212
G1 X147.342 Y118.341 E.44896
G1 X147.498 Y117.652 E.01955
G1 X135.253 Y129.896 E.47872
G1 X134.524 Y130.092 E.02088
G1 X147.623 Y116.992 E.51215
G1 X147.738 Y116.343 E.01824
G1 X133.794 Y130.287 E.54518
G1 X133.064 Y130.482 E.02088
G1 X147.835 Y115.712 E.57748
G1 X147.932 Y115.081 E.01765
G1 X132.095 Y130.917 E.61916
G1 X122.948 Y139.53 F9000
G1 F10800
G1 X147.646 Y114.832 E.96562
G1 X147.113 Y114.83 E.01472
G1 X122.495 Y139.448 E.96248
G1 X122.35 Y139.494 E.00421
G1 X121.773 Y139.786 E.01789
G1 X121.613 Y139.891 E.00528
G1 X121.114 Y140.338 E.0185
G1 X120.744 Y140.856 E.01762
G1 X120.506 Y141.364 E.01552
G1 X120.482 Y141.462 E.00276
G1 X114.835 Y147.109 E.2208
G1 X114.815 Y146.594 E.01424
G1 X146.602 Y114.807 E1.24277
G1 X146.117 Y114.758 E.01347
G1 X114.765 Y146.11 E1.22577
G1 X114.715 Y145.626 E.01346
G1 X145.633 Y114.708 E1.20877
G1 X145.148 Y114.658 E.01347
G1 X114.665 Y145.141 E1.19178
G1 X114.616 Y144.657 E.01346
G1 X144.664 Y114.608 E1.17478
G1 X144.179 Y114.559 E.01347
G1 X114.566 Y144.172 E1.15779
G1 X114.516 Y143.688 E.01346
G1 X143.695 Y114.509 E1.14079
G1 X143.21 Y114.459 E.01347
G1 X114.466 Y143.203 E1.1238
G1 X114.416 Y142.719 E.01346
G1 X142.727 Y114.408 E1.10686
G1 X142.564 Y114.374 E.0046
G1 X142.339 Y114.261 E.00695
G1 X114.278 Y142.322 E1.0971
G1 X114.186 Y142.195 E.00436
G1 X114.014 Y142.052 E.00617
G1 X142.075 Y113.991 E1.0971
G1 X141.876 Y113.656 E.01078
G1 X113.679 Y141.853 E1.10242
G1 X113.34 Y141.657 E.01081
G1 X141.681 Y113.317 E1.10801
G1 X141.485 Y112.978 E.01081
G1 X113.001 Y141.462 E1.11361
G1 X112.663 Y141.266 E.01081
G1 X141.289 Y112.64 E1.11921
G1 X141.094 Y112.301 E.01081
G1 X112.324 Y141.071 E1.1248
G1 X111.985 Y140.876 E.01081
G1 X140.898 Y111.962 E1.1304
G1 X140.702 Y111.624 E.01081
G1 X128.808 Y123.519 E.46504
G1 X128.257 Y124.261 E.02556
G1 X127.495 Y125.184 E.03306
G1 X126.716 Y126.036 E.03194
G1 X125.865 Y126.876 E.03305
G1 X125.243 Y127.439 E.02321
G1 X124.354 Y128.177 E.03193
G1 X123.547 Y128.779 E.02785
G1 X111.646 Y140.68 E.46527
G1 X111.307 Y140.485 E.01081
G1 X121.985 Y129.806 E.41748
G1 X121.375 Y130.171 E.01967
G1 X120.749 Y130.508 E.01964
G1 X110.968 Y140.289 E.3824
G1 X110.629 Y140.094 E.01081
G1 X119.702 Y131.021 E.3547
G1 X118.763 Y131.426 E.02827
G1 X110.272 Y139.917 E.33198
G1 X110.145 Y139.882 E.00364
G1 X109.909 Y139.875 E.00653
G1 X109.744 Y139.911 E.00467
G1 X117.896 Y131.759 E.31872
G1 X117.083 Y132.038 E.02377
G1 X108.558 Y140.562 E.33327
G1 X107.296 Y141.29 E.04028
G1 X116.312 Y132.274 E.3525
G1 X115.592 Y132.459 E.02055
G1 X100.917 Y147.135 E.57376
G1 X100.49 Y147.028 E.01217
G1 X114.891 Y132.626 E.56306
G1 X114.226 Y132.757 E.01874
G1 X100.067 Y146.916 E.55358
G1 X99.645 Y146.804 E.01207
G1 X113.581 Y132.867 E.54486
G1 X112.957 Y132.957 E.01743
G1 X99.235 Y146.68 E.53651
G1 X98.825 Y146.556 E.01185
G1 X112.355 Y133.025 E.52899
G1 X111.767 Y133.079 E.01632
G1 X98.414 Y146.432 E.52204
G1 X98.008 Y146.303 E.01177
G1 X111.194 Y133.117 E.51553
G1 X110.635 Y133.142 E.01547
G1 X97.61 Y146.167 E.50924
G1 X97.212 Y146.031 E.01163
G1 X110.099 Y133.144 E.50382
G1 X109.562 Y133.147 E.01484
G1 X96.822 Y145.887 E.4981
G1 X96.435 Y145.739 E.01144
G1 X109.046 Y133.128 E.49307
G1 X108.538 Y133.102 E.01408
G1 X96.048 Y145.592 E.48831
G1 X95.661 Y145.444 E.01144
G1 X108.044 Y133.061 E.48414
G1 X107.551 Y133.02 E.01369
G1 X95.286 Y145.286 E.47953
G1 X94.912 Y145.125 E.01124
G1 X107.077 Y132.96 E.47563
G1 X106.607 Y132.896 E.01313
G1 X94.538 Y144.964 E.47183
G1 X94.165 Y144.804 E.01124
G1 X106.143 Y132.825 E.46833
G1 X105.694 Y132.74 E.01265
G1 X93.801 Y144.633 E.46495
G1 X93.438 Y144.461 E.0111
G1 X105.244 Y132.656 E.46156
G1 X104.809 Y132.557 E.01234
G1 X93.077 Y144.289 E.45867
G1 X92.725 Y144.107 E.01096
G1 X104.378 Y132.453 E.45562
G1 X103.949 Y132.348 E.01222
G1 X92.372 Y143.925 E.4526
G1 X92.02 Y143.742 E.01096
G1 X103.537 Y132.226 E.45027
G1 X103.125 Y132.104 E.01188
G1 X91.67 Y143.558 E.44785
G1 X91.33 Y143.364 E.01083
G1 X102.718 Y131.976 E.44524
G1 X102.323 Y131.837 E.01158
G1 X90.99 Y143.17 E.44309
G1 X90.65 Y142.976 E.01083
G1 X101.928 Y131.697 E.44095
G1 X101.541 Y131.55 E.01145
G1 X90.31 Y142.781 E.43909
G1 X89.979 Y142.578 E.01074
G1 X101.162 Y131.394 E.43725
G1 X100.784 Y131.238 E.01131
G1 X89.649 Y142.374 E.43534
G1 X89.32 Y142.168 E.01072
G1 X100.415 Y131.073 E.43378
G1 X100.052 Y130.902 E.0111
G1 X89 Y141.954 E.4321
G1 X88.68 Y141.739 E.01065
G1 X99.689 Y130.73 E.43042
G1 X99.335 Y130.55 E.01099
G1 X88.36 Y141.525 E.42907
G1 X88.04 Y141.311 E.01065
G1 X98.985 Y130.366 E.4279
G1 X98.641 Y130.175 E.01087
G1 X87.733 Y141.084 E.42647
G1 X87.426 Y140.856 E.01056
G1 X98.304 Y129.978 E.42529
G1 X97.967 Y129.781 E.0108
G1 X87.119 Y140.629 E.42412
G1 X86.812 Y140.401 E.01056
G1 X97.636 Y129.578 E.42317
G1 X97.313 Y129.366 E.01067
G1 X87.933 Y138.747 E.36676
G1 X89.968 Y136.247 E.08911
G1 X90.076 Y136.069 E.00578
G1 X96.991 Y129.154 E.27033
G1 X96.674 Y128.937 E.01063
G1 X90.144 Y135.466 E.25528
G1 X90.032 Y135.044 E.01208
G1 X96.365 Y128.711 E.24761
G1 X96.057 Y128.485 E.01057
G1 X89.919 Y134.623 E.23997
G1 X89.806 Y134.202 E.01206
G1 X95.751 Y128.257 E.23243
G1 X95.457 Y128.017 E.0105
G1 X89.693 Y133.78 E.22534
G1 X89.58 Y133.359 E.01206
G1 X95.163 Y127.776 E.21826
G1 X94.869 Y127.536 E.0105
G1 X89.467 Y132.938 E.21119
G1 X89.354 Y132.516 E.01206
G1 X94.588 Y127.282 E.20464
G1 X94.308 Y127.028 E.01046
G1 X89.241 Y132.095 E.1981
G1 X89.128 Y131.674 E.01206
G1 X94.027 Y126.774 E.19155
G1 X93.76 Y126.508 E.01044
G1 X88.979 Y131.289 E.18691
G1 X88.855 Y131.122 E.00574
G1 X88.721 Y131.012 E.00479
G1 X93.493 Y126.241 E.18657
G1 X93.226 Y125.973 E.01044
G1 X88.341 Y130.858 E.191
G1 X87.919 Y130.746 E.01206
G1 X92.97 Y125.694 E.19748
G1 X92.717 Y125.413 E.01046
G1 X87.498 Y130.633 E.20406
G1 X87.076 Y130.52 E.01206
G1 X92.464 Y125.132 E.21065
G1 X92.22 Y124.842 E.01048
G1 X86.655 Y130.407 E.21758
G1 X86.233 Y130.294 E.01206
G1 X91.98 Y124.547 E.2247
G1 X91.741 Y124.252 E.0105
G1 X85.812 Y130.182 E.23183
G1 X85.39 Y130.069 E.01206
G1 X91.509 Y123.95 E.23923
G1 X91.284 Y123.641 E.01057
G1 X84.969 Y129.956 E.2469
G1 X84.547 Y129.843 E.01206
G1 X91.058 Y123.332 E.25457
G1 X90.839 Y123.017 E.01061
G1 X83.991 Y129.865 E.26773
G1 X83.898 Y129.898 E.00272
G1 X83.741 Y129.996 E.00512
G1 X81.526 Y131.795 E.07888
G1 X90.628 Y122.694 E.35583
G1 X90.417 Y122.371 E.01067
G1 X79.585 Y133.203 E.4235
G1 X79.358 Y132.895 E.01057
G1 X90.209 Y122.044 E.42424
G1 X90.013 Y121.706 E.01081
G1 X79.132 Y132.587 E.42542
G1 X78.905 Y132.279 E.01057
G1 X89.817 Y121.368 E.4266
G1 X89.624 Y121.026 E.01084
G1 X78.679 Y131.971 E.4279
G1 X78.464 Y131.652 E.01064
G1 X89.442 Y120.673 E.42921
G1 X89.261 Y120.32 E.01097
G1 X78.249 Y131.332 E.43052
G1 X78.034 Y131.013 E.01064
G1 X89.082 Y119.965 E.43192
G1 X88.914 Y119.599 E.01114
G1 X77.82 Y130.693 E.43374
G1 X77.614 Y130.365 E.01071
G1 X88.748 Y119.231 E.43531
G1 X88.593 Y118.852 E.01133
G1 X77.409 Y130.036 E.43726
G1 X77.204 Y129.706 E.01072
G1 X88.438 Y118.472 E.43921
G1 X88.288 Y118.088 E.0114
G1 X77.008 Y129.367 E.44097
G1 X76.814 Y129.028 E.01082
G1 X88.149 Y117.692 E.44317
G1 X88.01 Y117.297 E.01159
G1 X80.605 Y124.702 E.28952
G1 X80.495 Y124.591 E.00433
G1 X80.603 Y124.169 E.01204
G1 X87.88 Y116.893 E.28448
G1 X87.758 Y116.48 E.0119
G1 X80.674 Y123.565 E.27699
G1 X80.68 Y123.36 E.00567
G1 X80.637 Y123.067 E.00818
G1 X87.637 Y116.067 E.27369
G1 X87.528 Y115.641 E.01214
G1 X80.556 Y122.614 E.27259
G1 X80.417 Y122.218 E.01159
G1 X87.426 Y115.21 E.274
G1 X87.323 Y114.778 E.01228
G1 X80.232 Y121.869 E.27723
G1 X80.019 Y121.548 E.01065
G1 X87.237 Y114.33 E.28222
G1 X87.153 Y113.879 E.01267
G1 X79.778 Y121.254 E.28834
G1 X79.484 Y121.014 E.0105
G1 X87.085 Y113.413 E.29719
G1 X87.017 Y112.947 E.01302
G1 X79.189 Y120.775 E.30603
G1 X78.83 Y120.6 E.01105
G1 X86.962 Y112.468 E.31792
G1 X86.915 Y111.98 E.01355
G1 X78.443 Y120.452 E.33122
G1 X78.003 Y120.358 E.01244
G1 X86.875 Y111.486 E.34685
G1 X86.852 Y110.974 E.01416
G1 X77.502 Y120.324 E.36555
G1 X77.353 Y120.321 E.00413
G1 X76.896 Y120.397 E.01281
G1 X86.999 Y110.294 E.39498
G1 X74.78 Y122.512 F9000
G1 F10800
G1 X74.086 Y123.206 E.02714
G1 X73.948 Y122.811 E.0116
G1 X86.832 Y109.926 E.50373
G1 X86.836 Y109.388 E.01489
G1 X73.809 Y122.415 E.5093
G1 X73.671 Y122.019 E.0116
G1 X86.861 Y108.829 E.51568
G1 X86.895 Y108.26 E.01574
G1 X73.539 Y121.616 E.52215
G1 X73.413 Y121.208 E.01181
G1 X86.947 Y107.673 E.52915
G1 X87.015 Y107.072 E.01674
G1 X73.287 Y120.8 E.53673
G1 X73.171 Y120.381 E.01202
G1 X87.102 Y106.451 E.54462
G1 X87.213 Y105.805 E.01811
G1 X73.057 Y119.961 E.55343
G1 X72.943 Y119.54 E.01204
G1 X87.346 Y105.137 E.56312
G1 X87.505 Y104.444 E.01966
G1 X72.833 Y119.117 E.57365
G1 X72.732 Y118.683 E.0123
G1 X76.975 Y114.44 E.1659
G1 X76.379 Y114.501 E.01655
G1 X72.631 Y118.25 E.14657
G1 X72.539 Y117.807 E.0125
G1 X75.784 Y114.562 E.12686
G1 X75.189 Y114.623 E.01655
G1 X72.451 Y117.361 E.10701
G1 X72.364 Y116.914 E.01258
G1 X74.593 Y114.685 E.08716
G1 X73.998 Y114.746 E.01655
G1 X72.281 Y116.463 E.06712
G1 X72.212 Y115.997 E.01301
G1 X73.402 Y114.807 E.04653
G1 X73.184 Y114.829 E.00606
G1 X72.844 Y114.83 E.0094
G1 X72.143 Y115.531 E.02741
G1 X72.075 Y115.066 E.01301
G1 X72.479 Y114.662 E.0158
G1 X78.157 Y113.258 F9000
G1 F10800
G1 X87.701 Y103.714 E.37316
G1 X87.922 Y102.958 E.02175
G1 X79.353 Y111.527 E.33502
G1 X79.974 Y110.453 E.03432
G1 X80.037 Y110.309 E.00432
G1 X88.208 Y102.139 E.31946
G1 X88.535 Y101.277 E.02547
G1 X80.058 Y109.754 E.33141
G1 X79.977 Y109.552 E.00602
G1 X79.885 Y109.393 E.00508
G1 X88.951 Y100.327 E.35445
G1 X89.107 Y99.981 E.01049
G1 X89.468 Y99.275 E.02192
G1 X79.689 Y109.054 E.38233
G1 X79.494 Y108.715 E.01081
G1 X90.694 Y97.516 E.43788
G1 E-.77778 F2400
;WIPE_START
G1 F10800
G1 X89.986 Y98.223 E-.22222
;WIPE_END
G17
G3 Z1.2 I-.638 J1.036 P1  F9000
G1 X129.327 Y122.465 Z1.2
G1 Z.8
G1 E1 F2700
G1 F10800
G1 X140.507 Y111.285 E.4371
G1 X140.311 Y110.947 E.01081
G1 X130.537 Y120.721 E.38213
G1 X131.052 Y119.671 E.03232
G1 X140.115 Y110.608 E.35434
G1 X140.022 Y110.447 E.00516
G1 X139.947 Y110.242 E.00602
G1 X131.457 Y118.732 E.33193
G1 X131.789 Y117.865 E.02567
G1 X139.976 Y109.678 E.32007
G1 X140.011 Y109.573 E.00305
G1 X140.645 Y108.475 E.03508
G1 X132.071 Y117.05 E.33524
G1 X132.302 Y116.284 E.0221
G1 X141.841 Y106.745 E.37297
G1 X145.218 Y105.505 F9000
G1 F10800
G1 X147.636 Y103.087 E.09455
G1 X147.549 Y102.64 E.01258
G1 X144.813 Y105.376 E.10697
G1 X144.217 Y105.438 E.01655
G1 X147.461 Y102.194 E.12682
G1 X147.369 Y101.751 E.0125
G1 X143.622 Y105.499 E.14653
G1 X143.026 Y105.56 E.01655
G1 X147.268 Y101.318 E.16585
G1 X147.167 Y100.884 E.0123
G1 X132.489 Y115.563 E.57388
G1 X132.657 Y114.861 E.01996
G1 X147.057 Y100.461 E.563
G1 X146.943 Y100.04 E.01204
G1 X132.784 Y114.199 E.55355
G1 X132.896 Y113.553 E.01813
G1 X146.829 Y99.62 E.54471
G1 X146.713 Y99.201 E.01202
G1 X132.983 Y112.932 E.53682
G1 X133.055 Y112.325 E.01688
G1 X146.587 Y98.793 E.52906
G1 X146.461 Y98.385 E.01181
G1 X133.11 Y111.736 E.52196
G1 X133.138 Y111.173 E.01557
G1 X146.329 Y97.982 E.51572
G1 X146.191 Y97.586 E.0116
G1 X133.167 Y110.611 E.5092
G1 X133.169 Y110.074 E.01482
G1 X146.053 Y97.19 E.50372
G1 X145.914 Y96.794 E.0116
G1 X145.219 Y97.489 E.02717
G1 X143.346 Y99.363 F9000
G1 F10800
G1 X133.168 Y109.54 E.39789
G1 X133.148 Y109.026 E.01422
G1 X142.499 Y99.676 E.36556
G1 X142.109 Y99.666 E.01077
G1 X141.998 Y99.642 E.00316
G1 X133.122 Y108.518 E.34699
G1 X133.086 Y108.019 E.01381
G1 X141.557 Y99.548 E.33119
G1 X141.321 Y99.474 E.00684
G1 X141.171 Y99.401 E.00463
G1 X133.036 Y107.535 E.31802
G1 X132.987 Y107.051 E.01346
G1 X140.811 Y99.226 E.30593
G1 X140.517 Y98.986 E.0105
G1 X132.915 Y106.588 E.29721
G1 X132.843 Y106.125 E.01294
G1 X140.223 Y98.745 E.28852
G1 X140.053 Y98.559 E.00697
G1 X139.983 Y98.451 E.00357
G1 X132.763 Y105.671 E.2823
G1 X132.67 Y105.23 E.01248
G1 X139.774 Y98.125 E.27774
G1 X139.618 Y97.882 E.00801
G1 X139.583 Y97.783 E.0029
G1 X132.578 Y104.788 E.27387
G1 X132.472 Y104.36 E.01219
G1 X139.443 Y97.388 E.27256
G1 X139.359 Y96.938 E.01266
G1 X132.36 Y103.937 E.27364
G1 X132.248 Y103.515 E.01207
G1 X139.345 Y96.418 E.27748
G1 X139.347 Y96.253 E.00456
G1 X139.439 Y95.789 E.01307
G1 X131.985 Y103.243 E.29142
G1 X141.379 Y93.849 F9000
G1 F10800
G1 X143.576 Y91.652 E.0859
G1 X143.381 Y91.313 E.01082
G1 X131.993 Y102.701 E.44525
G1 X131.852 Y102.308 E.01154
G1 X143.187 Y90.973 E.44316
G1 X142.992 Y90.634 E.01082
G1 X131.71 Y101.915 E.44107
G1 X131.565 Y101.526 E.01148
G1 X142.797 Y90.294 E.43913
G1 X142.592 Y89.965 E.01072
G1 X131.407 Y101.149 E.43727
G1 X131.25 Y100.773 E.01129
G1 X142.387 Y89.636 E.43541
G1 X142.181 Y89.307 E.01072
G1 X131.086 Y100.402 E.43375
G1 X130.913 Y100.041 E.01107
G1 X141.966 Y88.988 E.43212
G1 X141.751 Y88.669 E.01064
G1 X130.74 Y99.68 E.43049
G1 X130.561 Y99.325 E.011
G1 X141.536 Y88.349 E.4291
G1 X141.321 Y88.03 E.01064
G1 X130.372 Y98.979 E.42807
G1 X130.184 Y98.633 E.01089
G1 X141.095 Y87.722 E.42658
G1 X140.868 Y87.414 E.01057
G1 X129.99 Y98.292 E.42531
G1 X129.787 Y97.961 E.01074
G1 X140.642 Y87.106 E.4244
G1 X140.416 Y86.798 E.01057
G1 X129.584 Y97.63 E.42349
G1 X129.377 Y97.302 E.01071
G1 X138.48 Y88.2 E.35589
G1 X136.259 Y90.004 E.0791
G1 X136.102 Y90.102 E.00512
G1 X136.011 Y90.134 E.00266
G1 X129.161 Y96.984 E.26779
G1 X128.945 Y96.666 E.01063
G1 X135.453 Y90.157 E.25447
G1 X135.032 Y90.044 E.01206
G1 X128.717 Y96.359 E.24689
G1 X128.489 Y96.053 E.01056
G1 X134.61 Y89.932 E.23931
G1 X134.189 Y89.819 E.01206
G1 X128.262 Y95.746 E.23173
G1 X128.021 Y95.453 E.01049
G1 X133.767 Y89.706 E.22468
G1 X133.346 Y89.593 E.01206
G1 X127.779 Y95.16 E.21763
G1 X127.538 Y94.867 E.01049
G1 X132.925 Y89.48 E.21059
G1 X132.503 Y89.368 E.01206
G1 X127.284 Y94.587 E.20405
G1 X127.029 Y94.308 E.01046
G1 X132.082 Y89.255 E.19755
G1 X131.66 Y89.142 E.01206
G1 X126.774 Y94.028 E.19105
G1 X126.509 Y93.759 E.01045
G1 X131.283 Y88.985 E.18664
G1 X131.239 Y88.96 E.0014
G1 X131.041 Y88.755 E.00787
G1 X131.021 Y88.712 E.00131
G1 X126.24 Y93.493 E.18693
G1 X125.971 Y93.228 E.01045
G1 X130.872 Y88.327 E.19161
G1 X130.759 Y87.906 E.01206
G1 X125.694 Y92.971 E.19803
G1 X125.411 Y92.719 E.01046
G1 X130.646 Y87.485 E.20467
G1 X130.533 Y87.063 E.01206
G1 X125.128 Y92.468 E.2113
G1 X124.84 Y92.221 E.01048
G1 X130.42 Y86.642 E.21814
G1 X130.307 Y86.221 E.01206
G1 X124.544 Y91.984 E.22532
G1 X124.247 Y91.746 E.01051
G1 X130.194 Y85.799 E.23251
G1 X130.081 Y85.378 E.01206
G1 X123.947 Y91.512 E.23982
G1 X123.638 Y91.286 E.01057
G1 X129.968 Y84.957 E.24746
G1 X129.856 Y84.534 E.01209
G1 X123.329 Y91.062 E.25522
G1 X123.008 Y90.848 E.01065
G1 X129.919 Y83.937 E.27018
G1 X130.031 Y83.753 E.00594
G1 X132.062 Y81.26 E.08891
G1 X122.688 Y90.634 E.36649
G1 X122.366 Y90.421 E.01066
G1 X133.188 Y79.599 E.42309
G1 X132.881 Y79.372 E.01056
G1 X122.032 Y90.221 E.42419
G1 X121.697 Y90.022 E.01077
G1 X132.575 Y79.144 E.42528
G1 X132.268 Y78.916 E.01056
G1 X121.362 Y89.822 E.42639
G1 X121.015 Y89.635 E.0109
G1 X131.96 Y78.69 E.42791
G1 X131.642 Y78.474 E.01063
G1 X120.668 Y89.448 E.42905
G1 X120.309 Y89.272 E.01104
G1 X131.324 Y78.258 E.43064
G1 X131.004 Y78.043 E.01065
G1 X119.949 Y89.098 E.4322
G1 X119.589 Y88.924 E.01106
G1 X130.676 Y77.837 E.43345
G1 X130.348 Y77.63 E.01071
G1 X119.214 Y88.764 E.43529
G1 X118.839 Y88.606 E.01127
G1 X130.02 Y77.424 E.43716
G1 X129.691 Y77.219 E.01072
G1 X118.463 Y88.447 E.43899
G1 X118.071 Y88.305 E.01153
G1 X129.353 Y77.022 E.44111
G1 X129.015 Y76.826 E.01081
G1 X117.679 Y88.163 E.44322
G1 X117.284 Y88.023 E.01157
G1 X128.675 Y76.632 E.44534
G1 X128.327 Y76.446 E.01091
G1 X116.877 Y87.895 E.44763
G1 X116.468 Y87.771 E.01183
G1 X127.979 Y76.26 E.45003
G1 X127.63 Y76.074 E.01091
G1 X116.046 Y87.658 E.45291
G1 X115.625 Y87.545 E.01206
G1 X127.28 Y75.89 E.45569
G1 X126.921 Y75.714 E.01104
G1 X115.193 Y87.442 E.45853
G1 X114.753 Y87.348 E.01245
G1 X126.563 Y75.539 E.46173
G1 X126.2 Y75.367 E.01109
G1 X114.312 Y87.255 E.46477
G1 X113.855 Y87.178 E.01283
G1 X125.831 Y75.202 E.46822
G1 X125.461 Y75.037 E.01118
G1 X113.394 Y87.104 E.4718
G1 X112.927 Y87.037 E.01304
G1 X125.092 Y74.872 E.47562
G1 X124.718 Y74.712 E.01125
G1 X112.444 Y86.985 E.47985
G1 X111.961 Y86.934 E.01342
G1 X124.337 Y74.558 E.48386
G1 X123.957 Y74.404 E.01134
G1 X111.459 Y86.902 E.48862
G1 X110.953 Y86.874 E.01402
G1 X123.57 Y74.257 E.49327
G1 X123.18 Y74.112 E.01148
G1 X110.435 Y86.858 E.49832
G1 X109.902 Y86.856 E.01472
G1 X122.789 Y73.969 E.50382
G1 X122.388 Y73.836 E.01168
G1 X109.364 Y86.86 E.5092
G1 X108.802 Y86.887 E.01554
G1 X121.987 Y73.702 E.51548
G1 X121.586 Y73.569 E.01168
G1 X108.238 Y86.917 E.52185
G1 X107.645 Y86.976 E.01648
G1 X121.181 Y73.44 E.52921
G1 X120.768 Y73.318 E.0119
G1 X107.048 Y87.039 E.53642
G1 X106.425 Y87.128 E.01741
G1 X120.355 Y73.197 E.54465
G1 X119.932 Y73.086 E.0121
G1 X105.773 Y87.245 E.55356
G1 X105.114 Y87.369 E.01854
G1 X119.507 Y72.977 E.56268
G1 X119.081 Y72.868 E.01214
G1 X104.41 Y87.54 E.5736
G1 X103.684 Y87.731 E.02074
G1 X112.707 Y78.708 E.35274
G1 X111.444 Y79.436 E.04028
G1 X102.924 Y87.957 E.33312
G1 X102.106 Y88.241 E.02394
G1 X110.264 Y80.082 E.31898
G1 X110.195 Y80.109 E.00205
G1 X109.998 Y80.129 E.00548
G1 X109.849 Y80.117 E.00414
G1 X109.735 Y80.077 E.00332
G1 X101.237 Y88.575 E.33225
G1 X100.295 Y88.983 E.0284
G1 X109.371 Y79.907 E.35486
G1 X109.032 Y79.711 E.01081
G1 X99.244 Y89.5 E.38269
G1 X98.459 Y89.923 E.02466
G1 X98.018 Y90.191 E.01424
G1 X108.693 Y79.516 E.41736
G1 X108.354 Y79.32 E.01081
G1 X96.475 Y91.199 E.46443
G1 X95.522 Y91.922 E.03306
G1 X94.857 Y92.474 E.02391
G1 X93.99 Y93.26 E.03235
G1 X93.167 Y94.086 E.03224
G1 X92.358 Y94.987 E.03348
G1 X91.605 Y95.917 E.03307
G1 X91.197 Y96.478 E.01917
G1 X79.298 Y108.377 E.46521
G1 X79.102 Y108.038 E.01081
G1 X108.016 Y79.125 E1.13041
G1 X107.677 Y78.929 E.01081
G1 X78.907 Y107.7 E1.12481
G1 X78.711 Y107.361 E.01081
G1 X107.338 Y78.734 E1.11922
G1 X106.999 Y78.539 E.01081
G1 X78.515 Y107.022 E1.11362
G1 X78.319 Y106.684 E.01081
G1 X106.66 Y78.343 E1.10802
G1 X106.321 Y78.148 E.01081
G1 X78.124 Y106.345 E1.10243
G1 X77.925 Y106.01 E.01078
G1 X105.987 Y77.948 E1.09711
G1 X105.814 Y77.805 E.00619
G1 X105.722 Y77.678 E.00434
G1 X77.662 Y105.739 E1.09707
G1 X77.433 Y105.625 E.00707
G1 X77.274 Y105.592 E.00449
G1 X105.584 Y77.282 E1.10682
G1 X105.534 Y76.798 E.01346
G1 X76.791 Y105.541 E1.12376
G1 X76.306 Y105.491 E.01347
G1 X105.484 Y76.313 E1.14075
G1 X105.434 Y75.829 E.01346
G1 X75.822 Y105.441 E1.15775
G1 X75.337 Y105.392 E.01347
G1 X105.384 Y75.344 E1.17474
G1 X105.334 Y74.86 E.01346
G1 X74.853 Y105.342 E1.19174
G1 X74.368 Y105.292 E.01347
G1 X105.285 Y74.376 E1.20874
G1 X105.235 Y73.891 E.01346
G1 X73.883 Y105.243 E1.22573
G1 X73.399 Y105.193 E.01347
G1 X105.185 Y73.407 E1.24273
G1 X105.165 Y72.892 E.01424
G1 X99.524 Y78.534 E.22056
G1 X99.461 Y78.714 E.00528
G1 X99.212 Y79.224 E.01569
G1 X98.729 Y79.817 E.02114
G1 X98.547 Y79.98 E.00674
G1 X98.009 Y80.339 E.01788
G1 X97.859 Y80.419 E.00471
G1 X97.519 Y80.539 E.00998
G1 X72.887 Y105.17 E.96299
G1 X72.355 Y105.168 E.01472
G1 X96.838 Y80.685 E.95722
G1 X96.314 Y80.675 E.0145
G1 X89.299 Y87.69 E.27427
G1 X89.495 Y86.96 E.0209
G1 X95.847 Y80.607 E.24835
G1 X95.522 Y80.525 E.00927
G1 X95.436 Y80.484 E.00262
G1 X89.69 Y86.23 E.22465
G1 X89.886 Y85.499 E.0209
G1 X95.075 Y80.311 E.20287
G1 X94.925 Y80.238 E.00462
G1 X94.753 Y80.098 E.00612
G1 X90.082 Y84.769 E.18262
G1 X90.141 Y84.552 E.00622
G1 X90.17 Y84.323 E.00638
G1 X90.153 Y84.164 E.00443
G1 X94.459 Y79.858 E.16835
G1 X94.311 Y79.737 E.00529
G1 X94.188 Y79.594 E.00519
G1 X89.994 Y83.789 E.164
G1 X89.756 Y83.492 E.01051
G1 X93.974 Y79.274 E.16491
G1 X93.762 Y78.952 E.01067
G1 X89.516 Y83.198 E.16601
G1 X89.276 Y82.903 E.0105
G1 X93.631 Y78.549 E.17025
G1 X93.501 Y78.145 E.01173
G1 X89.037 Y82.609 E.17453
G1 X88.797 Y82.314 E.0105
G1 X93.477 Y77.634 E.18298
G1 X93.477 Y77.242 E.01085
G1 X93.497 Y77.08 E.00452
G1 X88.557 Y82.02 E.19315
G1 X88.317 Y81.726 E.0105
G1 X93.746 Y76.296 E.21226
G1 X93.868 Y76.042 E.00778
G1 X94.245 Y75.519 E.01784
G1 X94.102 Y75.406 E.00502
G1 X88.077 Y81.431 E.23556
G1 X87.837 Y81.137 E.0105
G1 X93.432 Y75.542 E.21874
G1 X92.353 Y76.087 E.03344
G1 X87.598 Y80.842 E.18591
G1 X87.355 Y80.551 E.01049
G1 X91.203 Y76.702 E.15047
G1 X89.908 Y77.463 E.04152
G1 X87.088 Y80.283 E.11025
G1 X86.822 Y80.015 E.01044
G1 X88.973 Y77.864 E.0841
G1 E-.77778 F2400
;WIPE_START
G1 F10800
G1 X88.266 Y78.571 E-.22222
;WIPE_END
G17
G3 Z1.2 I-1.216 J-.042 P1  F9000
G1 X87.907 Y89.082 Z1.2
G1 Z.8
G1 E1 F2700
G1 F10800
G1 X72.068 Y104.921 E.61924
G1 X72.165 Y104.29 E.01765
G1 X86.937 Y89.517 E.57756
G1 X86.208 Y89.712 E.02088
G1 X72.261 Y103.659 E.54526
G1 X72.376 Y103.009 E.01823
G1 X85.478 Y89.908 E.51224
G1 X84.749 Y90.103 E.02088
G1 X72.502 Y102.349 E.47881
G1 X72.657 Y101.66 E.01954
G1 X84.145 Y90.172 E.44913
G1 X84.047 Y90.159 E.00272
G1 X83.851 Y90.077 E.00589
G1 X83.764 Y90.018 E.00288
G1 X72.814 Y100.969 E.42812
G1 X73.001 Y100.248 E.0206
G1 X83.467 Y89.782 E.40918
G1 X83.172 Y89.542 E.0105
G1 X73.2 Y99.514 E.38988
G1 X73.424 Y98.756 E.02188
G1 X82.877 Y89.303 E.36957
G1 X82.582 Y89.063 E.0105
G1 X73.675 Y97.971 E.34826
G1 X73.962 Y97.15 E.02404
G1 X82.288 Y88.824 E.32553
G1 X81.993 Y88.584 E.0105
G1 X74.271 Y96.306 E.30192
G1 X74.625 Y95.418 E.02643
G1 X81.698 Y88.344 E.27655
G1 X81.403 Y88.105 E.0105
G1 X75.029 Y94.479 E.24921
G1 X75.484 Y93.49 E.0301
G1 X81.109 Y87.865 E.21989
G1 X80.814 Y87.626 E.0105
G1 X76.027 Y92.412 E.18714
G1 X76.401 Y91.693 E.02241
G1 X76.653 Y91.252 E.01404
G1 X80.522 Y87.383 E.15125
G1 X80.254 Y87.117 E.01044
G1 X77.412 Y89.959 E.11111
G1 X77.784 Y89.361 E.01947
G1 X78.416 Y88.421 E.03132
G1 X80.106 Y86.731 E.06606
G1 E-.77778 F2400
;WIPE_START
G1 F10800
G1 X79.398 Y87.438 E-.22222
;WIPE_END
G17
G3 Z1.2 I.515 J1.102 P1  F9000
G1 X99.463 Y78.06 Z1.2
G1 Z.8
G1 E1 F2700
G1 F10800
G1 X105.163 Y72.359 E.22287
G1 X105.163 Y72.085 E.00758
G1 X104.867 Y72.121 E.00822
G1 X99.662 Y77.326 E.20349
G1 X99.574 Y76.88 E.01257
G1 X104.247 Y72.208 E.18268
G1 X103.611 Y72.309 E.01779
G1 X99.447 Y76.473 E.16281
G1 X99.283 Y76.103 E.0112
G1 X102.96 Y72.426 E.14374
G1 X102.299 Y72.552 E.01859
G1 X98.95 Y75.901 E.13092
G1 E-.77778 F2400
;WIPE_START
G1 F10800
G1 X99.658 Y75.194 E-.22222
;WIPE_END
G17
G3 Z1.2 I-.162 J1.206 P1  F9000
G1 X114.258 Y77.157 Z1.2
G1 Z.8
G1 E1 F2700
G1 F10800
G1 X118.654 Y72.761 E.17186
G1 X118.216 Y72.665 E.01241
G1 X114.51 Y76.371 E.14489
G1 X114.571 Y75.775 E.01655
G1 X117.777 Y72.569 E.12534
G1 X117.329 Y72.483 E.01261
G1 X114.632 Y75.18 E.10544
G1 X114.694 Y74.584 E.01655
G1 X116.877 Y72.401 E.08537
G1 X116.425 Y72.318 E.0127
G1 X114.755 Y73.989 E.0653
G1 X114.816 Y73.393 E.01655
G1 X115.97 Y72.24 E.04509
G1 X115.503 Y72.172 E.01303
G1 X114.835 Y72.84 E.02612
G1 X114.837 Y72.304 E.01481
G1 X115.187 Y71.954 E.01368
G1 E-.77778 F2400
;WIPE_START
G1 F10800
G1 X114.837 Y72.304 E-.10997
G1 X114.835 Y72.809 E-.11225
;WIPE_END
G17
G3 Z1.2 I-.186 J-1.203 P1  F9000
G1 X98.734 Y75.301 Z1.2
G1 Z.8
G1 E1 F2700
;WIDTH:0.419999
G1 F10800
G1 X101.168 Y72.866 E.095
G1 X100.241 Y73.097 E.02638
G1 X98.664 Y73.549 E.04527
G1 X97.633 Y73.885 E.02992
G1 X96.678 Y74.226 E.02797
G1 X96.216 Y74.425 E.01386
G1 X97.045 Y74.463 E.02288
G1 X97.608 Y74.601 E.016
G1 X98.128 Y74.84 E.01581
G1 X98.611 Y75.177 E.01624
G1 X98.706 Y75.272 E.0037
G1 X98.713 Y74.788 F9000
G1 F10800
G1 X99.92 Y73.581 E.04707
G1 X98.774 Y73.91 E.03289
G1 X97.756 Y74.247 E.02959
G1 X98.288 Y74.499 E.01624
G1 X98.68 Y74.765 E.01308
G1 X98.694 Y74.283 F9000
;WIDTH:0.383572
G1 F10800
G1 X98.631 Y74.32 E.00184
G1 X98.696 Y74.355 E.00184
G1 X94.435 Y75.168 F9000
;WIDTH:0.439886
G1 F10800
G1 X94.36 Y75.211 E.0025
G1 X94.44 Y75.246 E.00251
G1 E-.96168 F2400
;WIPE_START
G1 F10800
G1 X94.36 Y75.211 E-.01922
G1 X94.435 Y75.168 E-.0191
;WIPE_END
G17
G3 Z1.2 I-.432 J1.138 P1  F9000
G1 X142.476 Y93.417 Z1.2
G1 Z.8
G1 E1 F2700
;WIDTH:0.419999
G1 F10800
G1 X142.962 Y93.453 E.01343
G1 X143.563 Y93.615 E.01718
G1 X144.146 Y93.906 E.01797
G1 X144.826 Y94.423 E.02357
G1 X144.771 Y94.176 E.00698
G1 X144.066 Y92.709 E.0449
G1 X143.761 Y92.132 E.01801
G1 X142.505 Y93.389 E.04904
G1 X143.267 Y93.151 F9000
;WIDTH:0.40771
G1 F10800
G1 X143.767 Y93.298 E.01391
G1 X143.992 Y93.412 E.00673
G1 X143.668 Y92.75 E.01967
G1 X143.295 Y93.123 E.01407
G1 X145.624 Y96.168 F9000
;WIDTH:0.38292
G1 F10800
G1 X145.56 Y96.205 E.00183
G1 X145.625 Y96.24 E.00183
G1 X146.184 Y105.174 F9000
;WIDTH:0.419999
G1 F10800
G1 X146.803 Y105.111 E.01716
G1 X147.888 Y105.106 E.02995
G1 X147.674 Y103.684 E.03969
G1 X146.213 Y105.146 E.05705
G1 X147.39 Y104.591 F9000
;WIDTH:0.582024
G1 F10016.621
G1 X147.323 Y104.591 E.00266
G1 X147.289 Y104.65 E.00266
G1 X147.323 Y104.708 E.00266
G1 X147.39 Y104.708 E.00266
G1 X147.404 Y104.684 E.00108
G1 E-.92885 F2400
;WIPE_START
G1 F10016.621
G1 X147.39 Y104.708 E-.00656
G1 X147.323 Y104.708 E-.01615
G1 X147.289 Y104.65 E-.01615
G1 X147.323 Y104.591 E-.01615
G1 X147.39 Y104.591 E-.01615
;WIPE_END
G17
G3 Z1.2 I-.854 J-.867 P1  F9000
G1 X105.165 Y146.194 Z1.2
G1 Z.8
G1 E1 F2700
;WIDTH:0.419999
G1 F10800
G1 X103.716 Y147.642 E.05652
G1 X105.102 Y147.853 E.03867
G1 X105.105 Y146.781 E.02956
G1 X105.161 Y146.234 E.01518
G1 X104.688 Y147.279 F9000
;WIDTH:0.560452
G1 F10434.138
G1 X104.624 Y147.279 E.00245
G1 X104.591 Y147.335 E.00245
G1 X104.624 Y147.391 E.00245
G1 X104.688 Y147.391 E.00245
G1 X104.701 Y147.37 E.00094
G1 E-.9348 F2400
;WIPE_START
G1 F10434.138
G1 X104.688 Y147.391 E-.00568
G1 X104.624 Y147.391 E-.01488
G1 X104.591 Y147.335 E-.01488
G1 X104.624 Y147.279 E-.01488
G1 X104.688 Y147.279 E-.01488
;WIPE_END
G17
G3 Z1.2 I.827 J-.893 P1  F9000
G1 X80.341 Y124.733 Z1.2
G1 Z.8
G1 E1 F2700
;WIDTH:0.38292
G1 F10800
G1 X80.277 Y124.77 E.00183
G1 X80.342 Y124.805 E.00183
G1 X78.565 Y126.399 F9000
;WIDTH:0.419999
G1 F10800
G1 X78.153 Y126.53 E.01194
G1 X77.299 Y126.575 E.02359
G1 X76.633 Y126.449 E.01872
G1 X75.996 Y126.179 E.01909
G1 X75.19 Y125.599 E.02738
G1 X75.246 Y125.86 E.00736
G1 X75.934 Y127.291 E.0438
G1 X76.538 Y128.425 E.03548
G1 X78.537 Y126.427 E.07799
G1 X77.488 Y126.943 F9000
G1 F10800
G1 X77.179 Y126.942 E.00852
G1 X76.559 Y126.819 E.01743
G1 X76.02 Y126.6 E.01606
G1 X76.27 Y127.121 E.01596
G1 X76.629 Y127.801 E.02122
G1 X77.459 Y126.971 E.03238
G1 X76.739 Y127.176 F9000
;WIDTH:0.373892
G1 F10800
G1 X76.677 Y127.211 E.00174
G1 X76.74 Y127.246 E.00174
G1 X74.392 Y123.64 F9000
;WIDTH:0.446518
G1 F10800
G1 X74.342 Y123.64 E.00149
G1 X74.316 Y123.683 E.00149
G1 X74.342 Y123.727 E.00149
G1 X74.397 Y123.718 E.00167
; stop printing object ОсновнойПрофиль.stl id:503862 copy 0
;LAYER_CHANGE
;Z:1
;HEIGHT:0.2
;BEFORE_LAYER_CHANGE
;1
G92 E0

G1 E-.95383 F2400
;WIPE_START
G1 F10800
G1 X74.342 Y123.727 E-.01253
G1 X74.316 Y123.683 E-.01121
G1 X74.342 Y123.64 E-.01121
G1 X74.392 Y123.64 E-.01121
;WIPE_END
;_SET_FAN_SPEED_CHANGING_LAYER
; printing object ОсновнойПрофиль.stl id:503862 copy 0
G17
G3 Z1.4 I1.132 J.448 P1  F9000
G1 X79.718 Y110.172 Z1.4
G1 Z1
G1 E1 F2700
M204 P2000
;TYPE:Inner wall
;WIDTH:0.449999
G1 F7200
G1 X79.764 Y110.005 E.00517
G1 X79.686 Y109.709 E.0091
G1 X77.66 Y106.205 E.12059
G1 X77.459 Y105.999 E.00855
G1 X77.217 Y105.917 E.00763
G1 X73.098 Y105.498 E.12333
G1 X71.665 Y105.498 E.04268
G1 X71.729 Y104.95 E.01643
G1 X71.971 Y103.368 E.04768
G1 X72.183 Y102.252 E.03384
G1 X72.537 Y100.692 E.04763
G1 X72.956 Y99.149 E.04763
G1 X73.292 Y98.063 E.03385
G1 X73.82 Y96.552 E.04769
G1 X74.232 Y95.493 E.03385
G1 X74.866 Y94.023 E.04769
G1 X75.352 Y92.996 E.03385
G1 X76.109 Y91.536 E.04899
G1 X76.905 Y90.148 E.04764
G1 X77.504 Y89.183 E.03385
G1 X78.422 Y87.818 E.04899
G1 X79.37 Y86.53 E.04764
G1 X79.706 Y86.106 E.01611
G1 X80.764 Y87.158 E.04445
G1 X83.953 Y89.751 E.12243
G1 X84.213 Y89.855 E.00834
G1 X84.446 Y89.842 E.00694
G1 X88.359 Y88.794 E.12068
G1 X88.613 Y88.65 E.0087
G1 X88.77 Y88.384 E.00921
G1 X89.819 Y84.474 E.12056
G1 X89.831 Y84.233 E.0072
G1 X89.708 Y83.957 E.009
G1 X87.093 Y80.751 E.12325
G1 X86.083 Y79.742 E.04251
G1 X86.889 Y79.113 E.03045
G1 X88.263 Y78.133 E.0503
G1 X89.643 Y77.236 E.04901
G1 X90.581 Y76.673 E.03258
G1 X91.494 Y76.159 E.03121
G1 X93.004 Y75.377 E.05067
G1 X94.297 Y74.778 E.04243
;WIDTH:0.48939
G1 X94.408 Y74.75 E.00375
;WIDTH:0.52878
G1 X94.519 Y74.723 E.00408
;WIDTH:0.56817
G1 X94.631 Y74.695 E.00441
;WIDTH:0.60756
G1 X94.742 Y74.668 E.00474
;WIDTH:0.609408
G1 X95.541 Y74.338 E.03581
;WIDTH:0.605709
G1 X95.68 Y74.262 E.00655
;WIDTH:0.566782
G1 X95.82 Y74.185 E.0061
;WIDTH:0.527854
G1 X95.959 Y74.109 E.00564
;WIDTH:0.488927
G1 X96.099 Y74.033 E.00519
;WIDTH:0.449999
G1 X97.51 Y73.513 E.0448
G1 X98.552 Y73.173 E.03264
G1 X100.141 Y72.717 E.04925
G1 X101.203 Y72.453 E.03259
G1 X102.274 Y72.219 E.03265
G1 X103.351 Y72.015 E.03264
G1 X104.476 Y71.836 E.03395
G1 X105.493 Y71.711 E.03051
G1 X105.493 Y73.168 E.04339
G1 X105.913 Y77.253 E.12232
G1 X106.018 Y77.53 E.00882
G1 X106.201 Y77.696 E.00737
G1 X109.71 Y79.72 E.12065
G1 X109.995 Y79.798 E.0088
G1 X110.29 Y79.72 E.00909
G1 X113.799 Y77.696 E.12065
G1 X113.984 Y77.526 E.0075
G1 X114.086 Y77.253 E.0087
G1 X114.507 Y73.168 E.12232
G1 X114.507 Y71.707 E.04352
G1 X116.132 Y71.929 E.04887
G1 X117.709 Y72.216 E.04775
G1 X118.776 Y72.449 E.03253
G1 X120.374 Y72.857 E.04911
G1 X121.421 Y73.165 E.03252
G1 X122.985 Y73.686 E.04911
G1 X124.01 Y74.068 E.03258
G1 X125.024 Y74.479 E.03259
G1 X126.488 Y75.133 E.04774
G1 X127.509 Y75.633 E.03388
G1 X128.922 Y76.389 E.04774
G1 X129.906 Y76.961 E.03388
G1 X131.261 Y77.815 E.04773
G1 X132.202 Y78.454 E.03388
G1 X133.494 Y79.402 E.04772
G1 X133.92 Y79.739 E.01619
G1 X132.867 Y80.795 E.04441
G1 X130.292 Y83.957 E.12148
G1 X130.169 Y84.229 E.00889
G1 X130.181 Y84.474 E.00731
G1 X131.23 Y88.384 E.12056
G1 X131.33 Y88.586 E.00674
G1 X131.452 Y88.705 E.00508
G1 X131.64 Y88.794 E.0062
G1 X135.554 Y89.842 E.12068
G1 X135.846 Y89.844 E.0087
G1 X136.07 Y89.731 E.00747
G1 X139.28 Y87.119 E.12328
G1 X140.294 Y86.106 E.04269
G1 X140.616 Y86.512 E.01542
G1 X141.591 Y87.837 E.04901
G1 X142.483 Y89.164 E.04765
G1 X143.084 Y90.13 E.03387
G1 X143.881 Y91.519 E.0477
G1 X144.414 Y92.529 E.03404
G1 X145.11 Y93.969 E.04763
;WIDTH:0.498824
G1 X145.146 Y94.114 E.00499
;WIDTH:0.547649
G1 X145.183 Y94.259 E.00552
;WIDTH:0.596474
G1 X145.219 Y94.404 E.00606
;WIDTH:0.645298
G1 X145.256 Y94.549 E.00659
G1 X145.595 Y95.277 E.03538
;WIDTH:0.603577
G1 X145.84 Y95.857 E.02586
;WIDTH:0.572853
G1 X145.953 Y96.087 E.00992
;WIDTH:0.531902
G1 X146.065 Y96.317 E.00915
;WIDTH:0.490951
G1 X146.178 Y96.546 E.00839
;WIDTH:0.449999
G1 X146.702 Y98.046 E.04733
G1 X147.041 Y99.138 E.03404
G1 X147.46 Y100.683 E.04769
G1 X147.719 Y101.79 E.03385
G1 X148.027 Y103.359 E.04763
G1 X148.276 Y104.984 E.04899
G1 X148.336 Y105.498 E.01539
G1 X146.843 Y105.501 E.04446
G1 X142.783 Y105.917 E.12156
G1 X142.535 Y106.003 E.00782
G1 X142.34 Y106.205 E.00836
G1 X140.273 Y109.795 E.1234
G1 X140.243 Y110.09 E.00884
G1 X140.314 Y110.291 E.00632
G1 X142.34 Y113.795 E.12059
G1 X142.539 Y114 E.0085
G1 X142.783 Y114.083 E.00768
G1 X146.902 Y114.502 E.12333
G1 X148.336 Y114.502 E.0427
G1 X148.278 Y114.997 E.01482
G1 X148.022 Y116.667 E.05035
G1 X147.713 Y118.236 E.04763
G1 X147.464 Y119.301 E.03256
G1 X147.185 Y120.358 E.03256
G1 X146.709 Y121.932 E.04899
G1 X146.151 Y123.525 E.0503
G1 X145.56 Y125.009 E.04758
G1 X144.906 Y126.469 E.04765
G1 X144.405 Y127.489 E.03386
G1 X143.648 Y128.901 E.0477
G1 X143.076 Y129.883 E.03386
G1 X142.221 Y131.238 E.04771
G1 X141.581 Y132.177 E.03387
G1 X140.632 Y133.467 E.0477
G1 X140.294 Y133.894 E.01622
G1 X139.236 Y132.842 E.04444
G1 X136.07 Y130.269 E.12151
G1 X135.858 Y130.16 E.00711
G1 X135.554 Y130.158 E.00905
G1 X131.64 Y131.206 E.12068
G1 X131.375 Y131.362 E.00917
G1 X131.23 Y131.616 E.00874
G1 X130.181 Y135.526 E.12056
G1 X130.174 Y135.797 E.00809
G1 X130.292 Y136.043 E.00811
G1 X132.907 Y139.249 E.12325
G1 X133.92 Y140.261 E.04265
G1 X133.515 Y140.582 E.0154
G1 X132.188 Y141.555 E.04903
G1 X130.859 Y142.447 E.04767
G1 X129.893 Y143.047 E.03388
G1 X128.502 Y143.843 E.04774
G1 X127.49 Y144.376 E.03406
G1 X125.703 Y145.222 E.05891
;WIDTH:0.492769
G1 X125.591 Y145.248 E.00379
;WIDTH:0.535538
G1 X125.479 Y145.274 E.00415
;WIDTH:0.578307
G1 X125.367 Y145.3 E.00451
;WIDTH:0.621076
G1 X125.255 Y145.326 E.00486
G1 X124.965 Y145.457 E.01347
;WIDTH:0.621304
G1 X124.196 Y145.758 E.03496
G1 X124.11 Y145.815 E.00436
;WIDTH:0.578478
G1 X124.024 Y145.872 E.00403
;WIDTH:0.535652
G1 X123.939 Y145.93 E.00371
;WIDTH:0.492826
G1 X123.853 Y145.987 E.00339
;WIDTH:0.449999
G1 X123.524 Y146.117 E.01056
G1 X121.967 Y146.662 E.04912
G1 X120.875 Y146.999 E.03405
G1 X119.328 Y147.419 E.04774
G1 X118.22 Y147.677 E.03389
G1 X116.649 Y147.985 E.04768
G1 X115.021 Y148.234 E.04905
G1 X114.507 Y148.293 E.01543
G1 X114.504 Y146.802 E.04441
G1 X114.086 Y142.747 E.12143
G1 X113.982 Y142.47 E.00882
G1 X113.799 Y142.304 E.00737
G1 X110.29 Y140.28 E.12065
G1 X110.007 Y140.202 E.00873
G1 X109.71 Y140.28 E.00916
G1 X106.201 Y142.304 E.12065
G1 X106.004 Y142.491 E.00809
G1 X105.913 Y142.747 E.0081
G1 X105.493 Y146.862 E.1232
G1 X105.493 Y148.293 E.04263
G1 X104.952 Y148.23 E.01623
G1 X103.368 Y147.988 E.04774
G1 X102.25 Y147.776 E.03389
G1 X100.687 Y147.422 E.04775
G1 X99.587 Y147.132 E.03389
G1 X98.052 Y146.668 E.04774
G1 X96.976 Y146.3 E.03388
G1 X95.48 Y145.73 E.04769
G1 X94.01 Y145.097 E.04768
G1 X92.981 Y144.612 E.03389
G1 X91.559 Y143.877 E.04767
G1 X90.09 Y143.037 E.0504
G1 X89.163 Y142.462 E.03251
G1 X87.834 Y141.571 E.04767
G1 X86.476 Y140.575 E.05015
G1 X86.079 Y140.261 E.01507
G1 X87.132 Y139.205 E.04442
G1 X89.73 Y136.016 E.12253
G1 X89.832 Y135.764 E.0081
G1 X89.819 Y135.526 E.00709
G1 X88.77 Y131.616 E.12056
G1 X88.622 Y131.359 E.00885
G1 X88.359 Y131.206 E.00906
G1 X84.446 Y130.158 E.12068
G1 X84.154 Y130.156 E.0087
G1 X83.929 Y130.269 E.00747
G1 X80.719 Y132.881 E.12328
G1 X79.706 Y133.894 E.04269
G1 X79.384 Y133.488 E.01542
G1 X78.409 Y132.163 E.04901
G1 X77.516 Y130.836 E.04765
G1 X76.916 Y129.87 E.03387
G1 X76.119 Y128.481 E.0477
G1 X75.585 Y127.471 E.03403
G1 X74.89 Y126.031 E.04763
;WIDTH:0.499172
G1 X74.856 Y125.89 E.00484
;WIDTH:0.548344
G1 X74.821 Y125.749 E.00536
;WIDTH:0.597516
G1 X74.787 Y125.608 E.00589
;WIDTH:0.646688
G1 X74.752 Y125.467 E.00641
G1 X74.408 Y124.722 E.03627
;WIDTH:0.620131
G1 X74.224 Y124.243 E.02167
G1 X74.175 Y124.169 E.00373
;WIDTH:0.583216
G1 X74.127 Y124.096 E.00349
;WIDTH:0.546301
G1 X74.078 Y124.022 E.00326
;WIDTH:0.509386
G1 X73.95 Y123.738 E.01064
;WIDTH:0.479693
G1 X73.822 Y123.454 E.00996
;WIDTH:0.449999
G1 X73.298 Y121.954 E.04733
G1 X72.959 Y120.862 E.03405
G1 X72.539 Y119.316 E.04772
G1 X72.281 Y118.208 E.0339
G1 X71.972 Y116.638 E.04766
G1 X71.723 Y115.01 E.04903
G1 X71.664 Y114.502 E.01523
G1 X73.157 Y114.499 E.04446
G1 X77.217 Y114.083 E.12156
G1 X77.494 Y113.978 E.00882
G1 X77.66 Y113.795 E.00735
G1 X79.686 Y110.291 E.12059
G1 X79.708 Y110.211 E.00246
G1 X79.334 Y110.072 F9000
M204 P1000
;TYPE:Outer wall
;WIDTH:0.419999
G1 F5400
G1 X79.328 Y109.916 E.00431
G1 X77.302 Y106.411 E.1117
G1 X77.174 Y106.329 E.00419
G1 X73.106 Y105.911 E.11284
G1 X71.2 Y105.911 E.0526
G1 X71.319 Y104.895 E.02824
G1 X71.563 Y103.298 E.04457
G1 X71.779 Y102.167 E.03175
G1 X72.136 Y100.592 E.04456
G1 X72.559 Y99.034 E.04456
G1 X72.899 Y97.934 E.03176
G1 X73.432 Y96.409 E.04458
G1 X73.849 Y95.336 E.03176
G1 X74.489 Y93.852 E.04458
G1 X74.981 Y92.812 E.03176
G1 X75.746 Y91.338 E.04583
G1 X76.55 Y89.936 E.04457
G1 X77.157 Y88.958 E.03176
G1 X78.084 Y87.58 E.04583
G1 X79.041 Y86.279 E.04457
G1 X79.67 Y85.486 E.02793
G1 X81.024 Y86.837 E.05281
G1 X84.19 Y89.41 E.11256
G1 X84.339 Y89.442 E.00419
G1 X88.264 Y88.391 E.11213
G1 X88.371 Y88.276 E.00431
G1 X89.419 Y84.367 E.11168
G1 X89.387 Y84.218 E.0042
G1 X86.8 Y81.043 E.113
G1 X85.46 Y79.704 E.05229
G1 X86.641 Y78.782 E.04136
G1 X88.031 Y77.791 E.04709
G1 X89.424 Y76.885 E.04585
G1 X90.373 Y76.315 E.03054
G1 X91.297 Y75.795 E.02927
G1 X92.821 Y75.006 E.04734
G1 X93.769 Y74.558 E.02895
G1 X94.839 Y74.088 E.03225
G1 X96.332 Y73.495 E.04432
G1 X97.376 Y73.121 E.0306
G1 X98.431 Y72.778 E.0306
G1 X100.034 Y72.318 E.04603
G1 X101.109 Y72.051 E.03055
G1 X102.191 Y71.814 E.03057
G1 X103.28 Y71.608 E.03057
G1 X104.419 Y71.426 E.03182
G1 X105.907 Y71.244 E.04136
G1 X105.907 Y73.147 E.0525
G1 X106.325 Y77.21 E.11272
G1 X106.408 Y77.338 E.0042
G1 X109.934 Y79.37 E.11229
G1 X110.083 Y79.362 E.00414
G1 X113.592 Y77.338 E.11176
G1 X113.675 Y77.21 E.0042
G1 X114.093 Y73.147 E.11272
G1 X114.093 Y71.243 E.05254
G1 X115.058 Y71.354 E.0268
G1 X116.199 Y71.52 E.03182
G1 X117.791 Y71.81 E.04463
G1 X118.872 Y72.046 E.03053
G1 X120.483 Y72.458 E.0459
G1 X121.545 Y72.77 E.03053
G1 X123.123 Y73.296 E.0459
G1 X124.16 Y73.683 E.03055
G1 X125.186 Y74.099 E.03055
G1 X126.663 Y74.758 E.04462
G1 X127.698 Y75.265 E.03179
G1 X129.124 Y76.028 E.04462
G1 X130.12 Y76.607 E.03179
G1 X131.488 Y77.469 E.04462
G1 X132.441 Y78.117 E.03179
G1 X133.744 Y79.073 E.04461
G1 X134.541 Y79.703 E.02803
G1 X133.188 Y81.056 E.0528
G1 X130.612 Y84.218 E.11253
G1 X130.581 Y84.367 E.0042
G1 X131.633 Y88.291 E.11208
G1 X131.744 Y88.394 E.00419
G1 X135.661 Y89.442 E.11187
G1 X135.81 Y89.41 E.00419
G1 X138.982 Y86.832 E.11279
G1 X140.33 Y85.485 E.05257
G1 X140.945 Y86.261 E.02729
G1 X141.929 Y87.599 E.04584
G1 X142.83 Y88.94 E.04458
G1 X143.439 Y89.917 E.03178
G1 X144.243 Y91.319 E.04459
G1 X144.784 Y92.343 E.03193
G1 X145.482 Y93.788 E.04428
G1 X146.046 Y95.084 E.03902
G1 X146.566 Y96.402 E.03909
G1 X147.095 Y97.917 E.04427
G1 X147.438 Y99.022 E.03193
G1 X147.861 Y100.582 E.04458
G1 X148.123 Y101.703 E.03176
G1 X148.434 Y103.287 E.04457
G1 X148.686 Y104.929 E.04583
G1 X148.8 Y105.911 E.02727
G1 X146.885 Y105.912 E.05283
G1 X142.825 Y106.329 E.11261
G1 X142.698 Y106.411 E.00419
G1 X140.96 Y109.419 E.09584
G1 X140.66 Y109.941 E.01661
G1 X140.672 Y110.084 E.00395
G1 X142.698 Y113.589 E.1117
G1 X142.825 Y113.671 E.00419
G1 X146.902 Y114.089 E.11308
G1 X148.8 Y114.089 E.05237
G1 X148.688 Y115.052 E.02675
G1 X148.43 Y116.739 E.04709
G1 X148.117 Y118.324 E.04457
G1 X147.866 Y119.401 E.03052
G1 X147.583 Y120.47 E.03052
G1 X147.103 Y122.06 E.04583
G1 X146.538 Y123.67 E.04708
G1 X145.941 Y125.17 E.04455
G1 X145.28 Y126.645 E.04457
G1 X144.773 Y127.678 E.03177
G1 X144.009 Y129.103 E.04459
G1 X143.43 Y130.098 E.03177
G1 X142.567 Y131.464 E.04459
G1 X141.918 Y132.416 E.03178
G1 X140.961 Y133.718 E.0446
G1 X140.33 Y134.514 E.02803
G1 X138.975 Y133.163 E.05281
G1 X135.81 Y130.59 E.11256
G1 X135.661 Y130.558 E.00419
G1 X131.726 Y131.613 E.1124
G1 X131.629 Y131.724 E.00407
G1 X130.581 Y135.633 E.11168
G1 X130.612 Y135.782 E.0042
G1 X133.193 Y138.951 E.11277
G1 X134.541 Y140.297 E.05257
G1 X133.766 Y140.911 E.02729
G1 X132.426 Y141.894 E.04586
G1 X131.083 Y142.795 E.0446
G1 X130.105 Y143.402 E.03179
G1 X128.701 Y144.206 E.04462
G1 X127.677 Y144.745 E.03195
G1 X126.23 Y145.443 E.04431
G1 X125.16 Y145.912 E.03223
G1 X123.668 Y146.505 E.0443
G1 X122.096 Y147.054 E.04594
G1 X120.99 Y147.397 E.03195
G1 X119.429 Y147.82 E.04463
G1 X118.306 Y148.081 E.0318
G1 X116.72 Y148.392 E.04461
G1 X115.076 Y148.643 E.04588
G1 X114.093 Y148.758 E.02731
G1 X114.092 Y146.845 E.05278
G1 X113.675 Y142.79 E.11248
G1 X113.592 Y142.662 E.0042
G1 X110.067 Y140.63 E.11227
G1 X109.916 Y140.638 E.00416
G1 X106.408 Y142.662 E.11176
G1 X106.325 Y142.79 E.0042
G1 X105.907 Y146.853 E.11272
G1 X105.907 Y148.757 E.05254
G1 X104.897 Y148.64 E.02805
G1 X103.298 Y148.396 E.04463
G1 X102.166 Y148.181 E.03179
G1 X100.588 Y147.824 E.04463
G1 X99.474 Y147.53 E.03179
G1 X97.926 Y147.062 E.04463
G1 X96.835 Y146.689 E.03179
G1 X95.325 Y146.113 E.04461
G1 X93.84 Y145.474 E.0446
G1 X92.798 Y144.982 E.03179
G1 X91.362 Y144.24 E.0446
G1 X89.879 Y143.393 E.04713
G1 X88.939 Y142.809 E.03052
G1 X87.596 Y141.909 E.04459
G1 X86.219 Y140.899 E.04713
G1 X85.458 Y140.297 E.02677
G1 X86.812 Y138.944 E.0528
G1 X89.387 Y135.782 E.11253
G1 X89.419 Y135.633 E.0042
G1 X88.365 Y131.708 E.11214
G1 X88.255 Y131.606 E.00414
G1 X84.339 Y130.558 E.11185
G1 X84.19 Y130.59 E.00419
G1 X81.018 Y133.168 E.11279
G1 X79.67 Y134.515 E.05257
G1 X79.055 Y133.739 E.02729
G1 X78.071 Y132.401 E.04584
G1 X77.169 Y131.06 E.04458
G1 X76.561 Y130.083 E.03178
G1 X75.756 Y128.681 E.04459
G1 X75.216 Y127.657 E.03193
G1 X74.518 Y126.212 E.04428
G1 X73.954 Y124.916 E.03902
G1 X73.434 Y123.598 E.03909
G1 X72.905 Y122.083 E.04427
G1 X72.562 Y120.977 E.03195
G1 X72.138 Y119.417 E.04461
G1 X71.876 Y118.294 E.03181
G1 X71.565 Y116.709 E.04459
G1 X71.313 Y115.066 E.04587
G1 X71.2 Y114.089 E.02713
G1 X73.115 Y114.088 E.05284
G1 X77.174 Y113.671 E.11261
G1 X77.302 Y113.589 E.00419
G1 X79.314 Y110.107 E.11096
G1 E-.7 F2400
;WIPE_START
G1 F5400
G1 X79.328 Y109.916 E-.05731
G1 X78.923 Y109.216 E-.24269
;WIPE_END
G17
G3 Z1.4 I.272 J1.186 P1  F9000
G1 X140.015 Y95.231 Z1.4
G1 Z1
G1 E1 F2700
M204 P2000
;TYPE:Inner wall
;WIDTH:0.449999
G1 F7200
G1 X140.03 Y95.199 E.00105
G1 X140.321 Y94.78 E.01519
G1 X140.703 Y94.412 E.01579
G1 X141.192 Y94.098 E.01733
G1 X141.672 Y93.909 E.01538
G1 X142.236 Y93.808 E.01706
G1 X142.753 Y93.817 E.01538
G1 X143.301 Y93.937 E.01671
G1 X143.818 Y94.164 E.01683
G1 X144.26 Y94.477 E.01611
;WIDTH:0.498824
G1 X144.376 Y94.565 E.00488
;WIDTH:0.547649
G1 X144.492 Y94.653 E.0054
;WIDTH:0.596474
G1 X144.609 Y94.742 E.00592
;WIDTH:0.645298
G1 X144.725 Y94.83 E.00644
G1 X144.985 Y95.279 E.02288
;WIDTH:0.610409
G1 X145.205 Y95.842 E.02509
G1 X145.208 Y96.042 E.00827
;WIDTH:0.570307
G1 X145.211 Y96.241 E.00768
;WIDTH:0.530204
G1 X145.214 Y96.44 E.0071
;WIDTH:0.490102
G1 X145.218 Y96.639 E.00652
;WIDTH:0.449999
G1 X145.086 Y97.423 E.02369
G1 X144.864 Y97.917 E.01614
G1 X144.729 Y98.151 E.00805
G1 X144.356 Y98.587 E.0171
G1 X143.712 Y99.043 E.02349
G1 X143.225 Y99.243 E.01567
G1 X142.731 Y99.338 E.01498
G1 X142.216 Y99.344 E.01534
G1 X141.705 Y99.254 E.01545
G1 X141.171 Y99.045 E.0171
G1 X140.693 Y98.733 E.017
G1 X140.277 Y98.316 E.01755
G1 X140.004 Y97.895 E.01492
G1 X139.887 Y97.655 E.00797
G1 X139.728 Y97.173 E.0151
G1 X139.665 Y96.669 E.01515
G1 X139.695 Y96.159 E.0152
G1 X139.817 Y95.66 E.01531
G1 X139.999 Y95.267 E.01288
G1 X140.387 Y95.412 F9000
M204 P1000
;TYPE:Outer wall
;WIDTH:0.419999
G1 F5400
G1 X140.709 Y94.977 E.01493
G1 X141.016 Y94.69 E.01159
G1 X141.437 Y94.436 E.01358
G1 X141.847 Y94.289 E.01202
G1 X142.452 Y94.219 E.01679
G1 X142.769 Y94.235 E.00876
G1 X143.244 Y94.352 E.01351
G1 X143.586 Y94.507 E.01036
G1 X144.006 Y94.809 E.01427
G1 X144.293 Y95.103 E.01134
G1 X144.57 Y95.542 E.01431
G1 X144.745 Y96.03 E.01431
G1 X144.806 Y96.677 E.01793
G1 X144.68 Y97.342 E.01869
G1 X144.437 Y97.848 E.01548
G1 X144.062 Y98.295 E.0161
G1 X143.482 Y98.699 E.01951
G1 X143.097 Y98.848 E.01139
G1 X142.48 Y98.933 E.0172
G1 X142.189 Y98.927 E.00802
G1 X141.753 Y98.838 E.01227
G1 X141.207 Y98.584 E.01662
G1 X140.899 Y98.369 E.01037
G1 X140.554 Y98.002 E.0139
G1 X140.277 Y97.517 E.01543
G1 X140.128 Y97.049 E.01353
G1 X140.084 Y96.53 E.01437
G1 X140.099 Y96.25 E.00773
G1 X140.216 Y95.775 E.0135
G1 X140.365 Y95.446 E.01
G1 E-.7 F2400
;WIPE_START
G1 F5400
G1 X140.709 Y94.977 E-.17421
G1 X141.015 Y94.691 E-.12579
;WIPE_END
G17
G3 Z1.4 I-1.142 J-.42 P1  F9000
G1 X124.43 Y139.825 Z1.4
G1 Z1
G1 E1 F2700
M204 P2000
;TYPE:Inner wall
;WIDTH:0.449999
G1 F7200
G1 X124.837 Y140.009 E.0133
G1 X125.444 Y140.49 E.02308
G1 X125.907 Y141.138 E.02371
G1 X126.108 Y141.637 E.01603
G1 X126.209 Y142.201 E.01706
G1 X126.191 Y142.781 E.01727
G1 X126.064 Y143.316 E.01638
G1 X125.852 Y143.782 E.01524
G1 X125.539 Y144.223 E.01611
;WIDTH:0.497218
G1 X125.172 Y144.608 E.0177
;WIDTH:0.538504
G1 X125.105 Y144.68 E.00356
;WIDTH:0.57979
G1 X125.038 Y144.753 E.00386
;WIDTH:0.621076
G1 X124.972 Y144.825 E.00416
G1 X124.204 Y145.154 E.03532
;WIDTH:0.621304
G1 X124.047 Y145.203 E.00697
G1 X123.92 Y145.198 E.00539
;WIDTH:0.578478
G1 X123.793 Y145.193 E.00499
;WIDTH:0.535652
G1 X123.665 Y145.187 E.00459
;WIDTH:0.492826
G1 X123.538 Y145.182 E.00419
;WIDTH:0.449999
G1 X123.088 Y145.161 E.01343
G1 X122.539 Y145.034 E.01678
G1 X122.054 Y144.813 E.01587
G1 X121.631 Y144.514 E.01543
G1 X121.116 Y143.927 E.02327
G1 X120.798 Y143.268 E.02178
G1 X120.669 Y142.62 E.01969
G1 X120.676 Y142.097 E.01559
G1 X120.799 Y141.538 E.01704
G1 X120.999 Y141.072 E.01509
G1 X121.284 Y140.651 E.01516
G1 X121.854 Y140.13 E.02301
G1 X122.414 Y139.841 E.01875
G1 X122.691 Y139.736 E.00884
G1 X123.221 Y139.641 E.01602
G1 X123.748 Y139.648 E.01572
G1 X124.308 Y139.77 E.01707
G1 X124.394 Y139.809 E.0028
G1 X124.263 Y140.193 F9000
M204 P1000
;TYPE:Outer wall
;WIDTH:0.419999
G1 F5400
G1 X124.694 Y140.404 E.01324
G1 X125.18 Y140.808 E.01743
G1 X125.563 Y141.368 E.01872
G1 X125.728 Y141.812 E.01308
G1 X125.798 Y142.384 E.01589
G1 X125.774 Y142.789 E.01121
G1 X125.684 Y143.152 E.01032
G1 X125.51 Y143.55 E.01197
G1 X125.209 Y143.968 E.01422
G1 X124.919 Y144.251 E.01118
G1 X124.561 Y144.472 E.01162
G1 X124.014 Y144.699 E.01636
G1 X123.549 Y144.769 E.01296
G1 X123.173 Y144.756 E.01038
G1 X122.701 Y144.654 E.01332
G1 X122.293 Y144.475 E.0123
G1 X121.869 Y144.177 E.0143
G1 X121.434 Y143.662 E.01859
G1 X121.176 Y143.1 E.01707
G1 X121.076 Y142.55 E.01542
G1 X121.094 Y142.081 E.01296
G1 X121.211 Y141.606 E.0135
G1 X121.437 Y141.159 E.01381
G1 X121.634 Y140.879 E.00944
G1 X122.129 Y140.439 E.01828
G1 X122.764 Y140.143 E.01934
G1 X123.294 Y140.048 E.01484
G1 X123.764 Y140.065 E.013
G1 X124.226 Y140.18 E.01311
G1 E-.7 F2400
;WIPE_START
G1 F5400
G1 X124.694 Y140.404 E-.15587
G1 X125.064 Y140.711 E-.14413
;WIPE_END
G17
G3 Z1.4 I.382 J-1.156 P1  F9000
G1 X79.289 Y125.589 Z1.4
G1 Z1
G1 E1 F2700
M204 P2000
;TYPE:Inner wall
;WIDTH:0.449999
G1 F7200
G1 X78.936 Y125.834 E.01279
G1 X78.357 Y126.085 E.01881
G1 X77.846 Y126.184 E.0155
G1 X77.321 Y126.19 E.01563
G1 X76.819 Y126.1 E.01519
G1 X76.286 Y125.891 E.01706
G1 X75.827 Y125.596 E.01625
;WIDTH:0.499759
G1 X75.614 Y125.423 E.00919
;WIDTH:0.549518
G1 X75.4 Y125.25 E.01019
;WIDTH:0.598103
G1 X75.34 Y125.215 E.0028
;WIDTH:0.646688
G1 X75.281 Y125.181 E.00304
G1 X75.009 Y124.712 E.02394
;WIDTH:0.620131
G1 X74.765 Y124.042 E.03008
G1 X74.769 Y123.868 E.00735
;WIDTH:0.577598
G1 X74.773 Y123.694 E.00681
;WIDTH:0.535065
G1 X74.777 Y123.52 E.00627
;WIDTH:0.492532
G1 X74.781 Y123.346 E.00573
;WIDTH:0.449999
G1 X74.914 Y122.577 E.02325
G1 X75.136 Y122.083 E.01614
G1 X75.271 Y121.849 E.00805
G1 X75.644 Y121.413 E.0171
G1 X76.288 Y120.957 E.0235
G1 X76.787 Y120.756 E.01603
G1 X77.351 Y120.655 E.01706
G1 X77.868 Y120.664 E.01538
G1 X78.427 Y120.787 E.01705
G1 X78.894 Y120.987 E.01515
G1 X79.319 Y121.275 E.0153
G1 X79.682 Y121.633 E.01518
G1 X79.969 Y122.052 E.01514
G1 X80.234 Y122.69 E.02058
G1 X80.329 Y123.225 E.01617
G1 X80.319 Y123.733 E.01515
G1 X80.196 Y124.292 E.01704
G1 X79.998 Y124.754 E.01497
G1 X79.715 Y125.172 E.01502
G1 X79.352 Y125.546 E.01553
G1 X79.322 Y125.567 E.0011
G1 X79.055 Y125.25 F9000
M204 P1000
;TYPE:Outer wall
;WIDTH:0.419999
G1 F5400
G1 X78.678 Y125.506 E.01257
G1 X78.213 Y125.695 E.01385
G1 X77.737 Y125.781 E.01333
G1 X77.295 Y125.773 E.01221
G1 X76.868 Y125.685 E.01202
G1 X76.414 Y125.493 E.01361
G1 X75.993 Y125.191 E.01429
G1 X75.708 Y124.899 E.01128
G1 X75.454 Y124.504 E.01295
G1 X75.236 Y123.878 E.01828
G1 X75.194 Y123.319 E.01548
G1 X75.319 Y122.658 E.01857
G1 X75.563 Y122.152 E.01548
G1 X75.938 Y121.705 E.01611
G1 X76.518 Y121.301 E.0195
G1 X76.962 Y121.135 E.01308
G1 X77.449 Y121.062 E.01357
G1 X77.884 Y121.082 E.01202
G1 X78.359 Y121.199 E.01351
G1 X78.793 Y121.416 E.01338
G1 X79.099 Y121.629 E.01029
G1 X79.403 Y121.943 E.01207
G1 X79.587 Y122.211 E.00896
G1 X79.851 Y122.847 E.019
G1 X79.922 Y123.315 E.01306
G1 X79.901 Y123.75 E.01201
G1 X79.784 Y124.225 E.0135
G1 X79.629 Y124.567 E.01038
G1 X79.355 Y124.961 E.01325
G1 X79.087 Y125.227 E.0104
G1 E-.7 F2400
;WIPE_START
G1 F5400
G1 X78.678 Y125.506 E-.14859
G1 X78.213 Y125.695 E-.15054
G1 X78.21 Y125.695 E-.00087
;WIPE_END
G17
G3 Z1.4 I.601 J1.058 P1  F9000
G1 X129.406 Y96.6 Z1.4
G1 Z1
G1 E1 F2700
M204 P2000
;TYPE:Inner wall
;WIDTH:0.449999
G1 F7200
G1 X129.997 Y97.491 E.03185
G1 X130.609 Y98.526 E.03581
G1 X131.14 Y99.539 E.03407
G1 X131.626 Y100.585 E.03437
G1 X132.137 Y101.844 E.04047
G1 X132.527 Y102.992 E.03611
G1 X132.859 Y104.163 E.03625
G1 X133.133 Y105.365 E.0367
G1 X133.342 Y106.564 E.03625
G1 X133.486 Y107.757 E.0358
G1 X133.563 Y108.818 E.03169
G1 X133.593 Y109.785 E.02881
G1 X133.58 Y110.555 E.02294
G1 X133.5 Y112.135 E.04711
G1 X133.342 Y113.436 E.03906
G1 X133.136 Y114.621 E.03581
G1 X132.863 Y115.822 E.0367
G1 X132.535 Y116.979 E.0358
G1 X132.28 Y117.755 E.02433
G1 X131.846 Y118.902 E.03655
G1 X131.357 Y120.017 E.03626
G1 X130.811 Y121.105 E.03626
G1 X130.217 Y122.15 E.03581
G1 X129.646 Y123.049 E.0317
G1 X129.087 Y123.855 E.02922
G1 X128.355 Y124.808 E.03578
G1 X127.556 Y125.746 E.03671
G1 X126.729 Y126.619 E.03582
G1 X125.848 Y127.46 E.03627
G1 X124.914 Y128.263 E.03672
G1 X123.962 Y128.999 E.03582
G1 X123.295 Y129.471 E.02435
G1 X122.546 Y129.953 E.02652
G1 X121.52 Y130.561 E.03554
G1 X120.178 Y131.265 E.04514
G1 X119.019 Y131.779 E.03775
G1 X118.089 Y132.135 E.02967
G1 X117.161 Y132.459 E.02927
G1 X115.941 Y132.809 E.03783
G1 X114.748 Y133.087 E.03648
G1 X113.541 Y133.302 E.03652
G1 X112.499 Y133.435 E.0313
G1 X111.525 Y133.52 E.02912
G1 X110.398 Y133.563 E.03358
G1 X109.414 Y133.555 E.02931
G1 X107.922 Y133.479 E.04451
G1 X106.66 Y133.332 E.03783
G1 X105.474 Y133.131 E.03584
G1 X104.76 Y132.974 E.02176
G1 X103.487 Y132.653 E.03912
G1 X102.338 Y132.291 E.03587
G1 X101.183 Y131.861 E.03672
G1 X100.065 Y131.378 E.03627
G1 X99.123 Y130.914 E.0313
G1 X98.261 Y130.444 E.02923
G1 X97.221 Y129.813 E.03624
G1 X96.214 Y129.127 E.03628
G1 X95.256 Y128.4 E.03583
G1 X94.644 Y127.885 E.02383
G1 X93.617 Y126.957 E.04123
G1 X92.856 Y126.193 E.03211
G1 X92.043 Y125.288 E.03626
G1 X91.277 Y124.341 E.03626
G1 X90.56 Y123.357 E.03627
G1 X90.002 Y122.499 E.03049
G1 X89.4 Y121.481 E.03522
G1 X88.874 Y120.486 E.03355
G1 X88.529 Y119.759 E.02397
G1 X88.084 Y118.711 E.03389
G1 X87.534 Y117.201 E.04788
G1 X87.192 Y116.033 E.03625
G1 X86.944 Y114.998 E.0317
G1 X86.754 Y114.036 E.02921
G1 X86.577 Y112.833 E.03622
G1 X86.462 Y111.622 E.03625
G1 X86.41 Y110.421 E.03581
G1 X86.42 Y109.189 E.03669
G1 X86.493 Y107.974 E.03626
G1 X86.629 Y106.764 E.03625
G1 X86.825 Y105.578 E.03581
G1 X87.086 Y104.381 E.0365
G1 X87.409 Y103.201 E.03643
G1 X87.735 Y102.204 E.03127
G1 X88.078 Y101.285 E.02922
G1 X88.557 Y100.167 E.03622
G1 X89.094 Y99.074 E.03626
G1 X89.679 Y98.024 E.03581
G1 X90.112 Y97.318 E.02467
G1 X90.793 Y96.311 E.03622
G1 X91.517 Y95.351 E.03582
G1 X92.305 Y94.41 E.03655
G1 X93.138 Y93.514 E.03643
G1 X94.012 Y92.667 E.03627
G1 X94.929 Y91.866 E.03627
G1 X95.886 Y91.113 E.03625
G1 X96.743 Y90.505 E.03129
G1 X97.468 Y90.033 E.02578
G1 X98.603 Y89.364 E.03925
G1 X99.684 Y88.803 E.03628
G1 X100.794 Y88.3 E.03628
G1 X101.927 Y87.854 E.03628
G1 X103.082 Y87.467 E.03628
G1 X103.868 Y87.241 E.02435
G1 X105.061 Y86.953 E.03658
G1 X106.259 Y86.729 E.03629
G1 X107.451 Y86.569 E.03584
G1 X108.694 Y86.468 E.03714
G1 X109.73 Y86.434 E.03088
G1 X110.711 Y86.442 E.02921
G1 X111.927 Y86.51 E.03628
G1 X113.138 Y86.641 E.03629
G1 X114.326 Y86.831 E.03584
G1 X115.281 Y87.032 E.02908
G1 X116.319 Y87.292 E.03186
G1 X117.469 Y87.644 E.03583
G1 X118.634 Y88.066 E.03692
G1 X119.751 Y88.538 E.03609
G1 X120.833 Y89.063 E.03583
G1 X121.564 Y89.456 E.02471
G1 X122.608 Y90.078 E.03621
G1 X123.62 Y90.755 E.03628
G1 X124.597 Y91.483 E.03627
G1 X125.534 Y92.26 E.03628
G1 X126.419 Y93.075 E.03582
G1 X127.106 Y93.775 E.0292
G1 X127.825 Y94.559 E.0317
G1 X128.599 Y95.498 E.03626
G1 X129.324 Y96.477 E.03626
G1 X129.383 Y96.567 E.00323
G1 X129.061 Y96.829 F9000
M204 P1000
;TYPE:Outer wall
;WIDTH:0.419999
G1 F5400
G1 X129.646 Y97.711 E.0292
G1 X130.253 Y98.736 E.03288
G1 X130.774 Y99.731 E.03097
G1 X131.25 Y100.758 E.03125
G1 X131.749 Y101.989 E.03665
G1 X132.135 Y103.125 E.03311
G1 X132.461 Y104.276 E.03299
G1 X132.727 Y105.446 E.03311
G1 X132.933 Y106.624 E.03299
G1 X133.076 Y107.807 E.03287
G1 X133.151 Y108.848 E.0288
G1 X133.179 Y109.797 E.02621
G1 X133.167 Y110.548 E.02071
G1 X133.087 Y112.099 E.04285
G1 X132.933 Y113.376 E.0355
G1 X132.728 Y114.55 E.03287
G1 X132.462 Y115.72 E.03311
G1 X132.138 Y116.866 E.03287
G1 X131.887 Y117.625 E.02205
G1 X131.463 Y118.746 E.03307
G1 X130.983 Y119.841 E.033
G1 X130.446 Y120.91 E.033
G1 X129.857 Y121.946 E.03288
G1 X129.297 Y122.827 E.02881
G1 X128.753 Y123.611 E.02633
G1 X128.027 Y124.556 E.03287
G1 X127.248 Y125.469 E.03312
G1 X126.429 Y126.335 E.03289
G1 X125.563 Y127.16 E.03301
G1 X124.652 Y127.943 E.03313
G1 X123.709 Y128.672 E.03289
G1 X123.056 Y129.133 E.02206
G1 X122.322 Y129.605 E.02408
G1 X121.314 Y130.202 E.03233
G1 X119.998 Y130.893 E.04101
G1 X118.851 Y131.4 E.03459
G1 X117.941 Y131.749 E.02689
G1 X117.036 Y132.065 E.02645
G1 X115.827 Y132.412 E.03472
G1 X114.659 Y132.683 E.03307
G1 X113.478 Y132.893 E.03309
G1 X112.446 Y133.025 E.02872
G1 X111.496 Y133.107 E.02631
G1 X110.382 Y133.15 E.03076
G1 X109.419 Y133.142 E.02656
G1 X107.956 Y133.066 E.04042
G1 X106.719 Y132.922 E.03437
G1 X105.543 Y132.723 E.0329
G1 X104.849 Y132.571 E.0196
G1 X103.6 Y132.255 E.03555
G1 X102.463 Y131.897 E.03291
G1 X101.337 Y131.477 E.03314
G1 X100.239 Y131.002 E.03301
G1 X99.305 Y130.543 E.02871
G1 X98.467 Y130.086 E.02634
G1 X97.445 Y129.465 E.03301
G1 X96.456 Y128.791 E.03301
G1 X95.506 Y128.071 E.0329
G1 X94.911 Y127.569 E.02149
G1 X93.899 Y126.654 E.03763
G1 X93.157 Y125.909 E.02902
G1 X92.357 Y125.019 E.033
G1 X91.605 Y124.09 E.033
G1 X90.901 Y123.122 E.033
G1 X90.348 Y122.273 E.02795
G1 X89.758 Y121.274 E.03203
G1 X89.241 Y120.296 E.03052
G1 X88.904 Y119.584 E.02173
G1 X88.467 Y118.555 E.03085
G1 X87.925 Y117.065 E.04376
G1 X87.589 Y115.917 E.03299
G1 X87.382 Y115.055 E.02446
G1 X87.162 Y113.966 E.03065
G1 X86.988 Y112.784 E.03299
G1 X86.874 Y111.593 E.03299
G1 X86.823 Y110.403 E.03287
G1 X86.833 Y109.203 E.03311
G1 X86.905 Y108.009 E.03299
G1 X87.039 Y106.821 E.03299
G1 X87.233 Y105.646 E.03287
G1 X87.489 Y104.475 E.03306
G1 X87.805 Y103.32 E.03304
G1 X88.128 Y102.332 E.02869
G1 X88.462 Y101.438 E.02633
G1 X88.933 Y100.34 E.03298
G1 X89.46 Y99.266 E.033
G1 X90.04 Y98.225 E.03288
G1 X90.461 Y97.542 E.02214
G1 X91.13 Y96.551 E.03298
G1 X91.848 Y95.6 E.03288
G1 X92.618 Y94.681 E.03308
G1 X93.434 Y93.804 E.03305
G1 X94.293 Y92.971 E.03301
G1 X95.194 Y92.184 E.03301
G1 X96.134 Y91.444 E.033
G1 X96.982 Y90.842 E.02871
G1 X97.693 Y90.38 E.0234
G1 X98.812 Y89.721 E.03582
G1 X99.874 Y89.171 E.03302
G1 X100.964 Y88.676 E.03302
G1 X102.078 Y88.239 E.03302
G1 X103.213 Y87.86 E.03302
G1 X103.982 Y87.639 E.02207
G1 X105.148 Y87.358 E.0331
G1 X106.324 Y87.138 E.03303
G1 X107.506 Y86.979 E.0329
G1 X108.7 Y86.881 E.03305
G1 X109.744 Y86.847 E.0288
G1 X110.698 Y86.855 E.02634
G1 X111.893 Y86.922 E.03302
G1 X113.083 Y87.051 E.03303
G1 X114.261 Y87.239 E.0329
G1 X115.196 Y87.437 E.02638
G1 X116.208 Y87.691 E.02879
G1 X117.348 Y88.039 E.0329
G1 X118.017 Y88.282 E.01962
G1 X119.58 Y88.915 E.04652
G1 X120.653 Y89.435 E.0329
G1 X121.36 Y89.816 E.02216
G1 X122.387 Y90.428 E.03299
G1 X123.382 Y91.093 E.03301
G1 X124.341 Y91.808 E.03301
G1 X125.262 Y92.572 E.03301
G1 X126.139 Y93.379 E.03289
G1 X126.81 Y94.064 E.02646
G1 X127.513 Y94.83 E.02867
G1 X128.273 Y95.753 E.033
G1 X128.985 Y96.714 E.033
G1 X129.039 Y96.795 E.00269
G1 E-.7 F2400
;WIPE_START
G1 F5400
G1 X129.592 Y97.629 E-.3
;WIPE_END
G17
G3 Z1.4 I.559 J-1.081 P1  F9000
G1 X96.196 Y80.34 Z1.4
G1 Z1
G1 E1 F2700
M204 P2000
;TYPE:Inner wall
;WIDTH:0.449999
G1 F7200
G1 X95.827 Y80.267 E.01122
G1 X95.191 Y80.004 E.02051
G1 X94.555 Y79.51 E.02397
G1 X94.093 Y78.862 E.02371
G1 X93.892 Y78.363 E.01603
G1 X93.791 Y77.799 E.01706
G1 X93.809 Y77.219 E.01727
G1 X93.936 Y76.684 E.01638
G1 X94.148 Y76.218 E.01524
G1 X94.46 Y75.777 E.01611
;WIDTH:0.48548
G1 X94.832 Y75.397 E.01721
;WIDTH:0.527549
G1 X94.93 Y75.305 E.00477
;WIDTH:0.569617
G1 X95.029 Y75.214 E.00519
;WIDTH:0.611685
G1 X95.127 Y75.122 E.0056
G1 X95.586 Y74.913 E.02097
;WIDTH:0.597949
G1 X95.835 Y74.885 E.01019
;WIDTH:0.548633
G1 X96.084 Y74.857 E.00928
;WIDTH:0.499316
G1 X96.334 Y74.829 E.00838
;WIDTH:0.449999
G1 X96.872 Y74.834 E.01603
G1 X97.432 Y74.957 E.01707
G1 X97.961 Y75.195 E.01729
G1 X98.381 Y75.494 E.01537
G1 X98.884 Y76.073 E.02284
G1 X99.144 Y76.602 E.01756
G1 X99.243 Y76.87 E.0085
G1 X99.331 Y77.38 E.01542
G1 X99.323 Y77.903 E.01559
G1 X99.2 Y78.462 E.01704
G1 X99.001 Y78.928 E.01509
G1 X98.719 Y79.346 E.01503
G1 X98.355 Y79.714 E.01542
G1 X97.934 Y80.008 E.01529
G1 X97.468 Y80.212 E.01514
G1 X96.84 Y80.355 E.01918
G1 X96.27 Y80.355 E.017
G1 X96.236 Y80.348 E.00104
G1 X96.276 Y79.936 F9000
M204 P1000
;TYPE:Outer wall
;WIDTH:0.419999
G1 F5400
G1 X95.985 Y79.885 E.00816
G1 X95.349 Y79.622 E.01899
G1 X94.82 Y79.192 E.0188
G1 X94.437 Y78.632 E.01872
G1 X94.268 Y78.165 E.0137
G1 X94.201 Y77.632 E.01483
G1 X94.226 Y77.211 E.01164
G1 X94.316 Y76.848 E.01032
G1 X94.49 Y76.45 E.01197
G1 X94.788 Y76.035 E.01411
G1 X95.08 Y75.749 E.01129
G1 X95.473 Y75.505 E.01275
G1 X95.795 Y75.357 E.00978
G1 X96.414 Y75.234 E.01742
G1 X96.888 Y75.252 E.01308
G1 X97.368 Y75.37 E.01364
G1 X97.929 Y75.673 E.01757
G1 X98.162 Y75.853 E.00814
G1 X98.566 Y76.338 E.01741
G1 X98.824 Y76.9 E.01707
G1 X98.924 Y77.45 E.01542
G1 X98.906 Y77.919 E.01296
G1 X98.789 Y78.394 E.0135
G1 X98.562 Y78.841 E.01382
G1 X98.372 Y79.115 E.00919
G1 X98.039 Y79.44 E.01284
G1 X97.675 Y79.679 E.01202
G1 X97.247 Y79.856 E.01278
G1 X96.734 Y79.951 E.01441
G1 X96.337 Y79.947 E.01096
G1 X96.315 Y79.943 E.0006
G1 E-.7 F2400
;WIPE_START
G1 F5400
G1 X95.985 Y79.885 E-.10067
G1 X95.371 Y79.631 E-.19933
;WIPE_END
G1 Z1.4 F9000
G1 X105.414 Y75.78
G1 Z1.4
G1 Z1
G1 E1 F2700
M204 P2500
;TYPE:Sparse infill
;WIDTH:0.45
G1 F10800
G1 X105.247 Y74.16 E.0485
G1 X103.439 Y72.351 E.07618
G1 X102.343 Y72.558 E.03321
G1 X101.282 Y72.79 E.03236
G1 X100.231 Y73.052 E.03226
G1 X98.443 Y73.573 E.05548
G1 X108.666 Y83.796 E.43064
G1 X107.182 Y83.913 E.04433
G1 X105.838 Y84.093 E.0404
G1 X104.504 Y84.342 E.04044
G1 X103.286 Y84.633 E.0373
G1 X98.605 Y79.953 E.19718
G1 X98.105 Y80.31 E.01831
G1 X97.515 Y80.567 E.01916
G1 X96.885 Y80.699 E.01918
G1 X96.224 Y80.698 E.01967
G1 X95.791 Y80.621 E.01311
G1 X95.049 Y80.32 E.02386
G1 X94.828 Y80.187 E.00767
G1 X94.287 Y79.734 E.02102
G1 X94.16 Y79.585 E.00582
G1 X93.748 Y78.958 E.02235
G1 X93.563 Y78.472 E.01548
G1 X93.448 Y77.848 E.01891
G1 X93.439 Y77.667 E.00539
G1 X93.464 Y77.19 E.01423
G1 X93.57 Y76.689 E.01527
G1 X93.779 Y76.173 E.01656
G1 X93.858 Y76.028 E.00493
G1 X94.202 Y75.549 E.01755
G1 X93.965 Y75.313 E.00996
G1 X93.158 Y75.687 E.02652
G1 X91.658 Y76.463 E.05029
G1 X90.755 Y76.972 E.03088
G1 X89.913 Y77.478 E.02926
G1 X98.733 Y86.298 E.37157
G1 X97.892 Y86.716 E.02799
G1 X96.707 Y87.37 E.04031
G1 X95.771 Y87.944 E.03268
G1 X94.812 Y88.594 E.03453
G1 X90.02 Y83.803 E.20186
G1 X90.091 Y83.916 E.004
G1 X90.174 Y84.177 E.00815
G1 X90.181 Y84.413 E.00703
G1 X90.154 Y84.558 E.00441
G1 X89.102 Y88.482 E.12102
G1 X89.01 Y88.702 E.00708
G1 X88.874 Y88.875 E.00654
G1 X91.438 Y91.438 E.10798
G1 X90.607 Y92.302 E.0357
G1 X90.007 Y92.982 E.02703
G1 X89.156 Y94.033 E.04027
G1 X88.588 Y94.806 E.02857
G1 X83.894 Y90.112 E.19771
G1 X83.716 Y90.004 E.00623
G1 X82.615 Y89.109 E.04225
G1 X85.63 Y100.21 F9000
G1 F10800
G1 X85.942 Y99.467 E.02401
G1 X86.284 Y98.72 E.02449
G1 X77.466 Y89.901 E.37149
G1 X77.202 Y90.326 E.01489
G1 X76.413 Y91.702 E.04724
G1 X75.662 Y93.149 E.04859
G1 X75.288 Y93.94 E.02606
G1 X84.613 Y103.266 E.39283
G1 X84.331 Y104.434 E.03579
G1 X84.047 Y105.949 E.04593
G1 X83.873 Y107.293 E.04036
G1 X83.768 Y108.638 E.04019
G1 X73.545 Y98.415 E.43064
G1 X73.288 Y99.245 E.02588
G1 X72.873 Y100.776 E.04724
G1 X72.522 Y102.322 E.04724
G1 X72.316 Y103.404 E.0328
G1 X74.169 Y105.257 E.07804
G1 X75.789 Y105.423 E.0485
G1 E-.77778 F2400
;WIPE_START
G1 F10800
G1 X74.794 Y105.321 E-.22222
;WIPE_END
G17
G3 Z1.4 I-1.194 J-.233 P1  F9000
G1 X72.457 Y117.312 Z1.4
G1 Z1
G1 E1 F2700
G1 F10800
G1 X72.313 Y116.578 E.02227
G1 X72.184 Y115.707 E.02623
G1 X76.864 Y120.387 E.19712
G1 X76.737 Y120.408 E.00383
G1 X76.158 Y120.63 E.01846
G1 X75.563 Y121.025 E.02128
G1 X75.439 Y121.135 E.00494
G1 X84.674 Y116.96 F9000
G1 F10800
G1 X84.29 Y115.378 E.0485
G1 X79.762 Y110.85 E.19075
G1 X77.955 Y113.977 E.10759
G1 X77.809 Y114.166 E.00711
G1 X77.622 Y114.308 E.007
G1 X77.446 Y114.386 E.00572
G1 X77.134 Y114.439 E.00945
G1 X105.554 Y142.859 E1.19722
G1 X105.609 Y142.52 E.01023
G1 X105.7 Y142.322 E.0065
G1 X105.841 Y142.145 E.00674
G1 X106.02 Y142.008 E.00672
G1 X109.128 Y140.216 E.10687
G1 X104.587 Y135.675 E.19128
G1 X103.623 Y135.454 E.02949
G1 X103.006 Y135.291 E.01901
G1 X105.723 Y135.588 F9000
;TYPE:Internal solid infill
;WIDTH:0.437403
G1 F10800
G1 X102.973 Y132.838 E.11227
G1 X102.152 Y132.576 E.02486
G1 X104.857 Y135.28 E.1104
G1 X104.137 Y135.118 E.02129
G1 X101.263 Y132.244 E.11735
G1 X100.301 Y131.84 E.0301
G1 X103.47 Y135.009 E.12937
G1 X102.697 Y134.794 E.02316
G1 X99.246 Y131.343 E.14087
G1 X98.047 Y130.702 E.03926
G1 X101.888 Y134.543 E.1568
G1 X101.031 Y134.243 E.02622
G1 X95.807 Y129.02 E.21323
G1 E-.77778 F2400
;WIPE_START
G1 F10800
G1 X96.514 Y129.727 E-.22222
;WIPE_END
G17
G3 Z1.4 I.982 J-.719 P1  F9000
G1 X87.379 Y117.245 Z1.4
G1 Z1
G1 E1 F2700
G1 F10800
G1 X84.55 Y114.416 E.11548
G1 X84.686 Y115.109 E.02039
G1 X87.403 Y117.826 E.1109
G1 X87.724 Y118.705 E.02703
G1 X84.847 Y115.828 E.11745
G1 X84.979 Y116.365 E.01595
G1 X84.935 Y116.409 E.0018
G1 X84.956 Y116.495 E.00257
G1 X88.117 Y119.656 E.12901
G1 X88.622 Y120.719 E.03397
G1 X85.169 Y117.266 E.14095
G1 X85.423 Y118.078 E.02455
G1 X89.281 Y121.936 E.1575
G1 X89.609 Y122.501 E.01887
G1 X90.209 Y123.421 E.03169
G1 X85.72 Y118.933 E.18323
G1 X86.078 Y119.849 E.0284
G1 X100.115 Y133.885 E.57298
G1 X99.124 Y133.453 E.0312
G1 X86.51 Y120.838 E.51493
G1 X87.049 Y121.935 E.03528
G1 X98.025 Y132.911 E.44806
G1 X96.766 Y132.21 E.0416
G1 X87.751 Y123.195 E.368
G1 X88.189 Y123.906 E.02408
G1 X88.764 Y124.766 E.02986
G1 X95.19 Y131.192 E.26233
G1 X94.522 Y130.713 E.02374
G1 X93.817 Y130.168 E.0257
G1 X92.797 Y129.307 E.03855
G1 X92.179 Y128.739 E.0242
G1 X89.552 Y126.112 E.10726
G1 X80.544 Y132.575 F9000
;TYPE:Sparse infill
;WIDTH:0.45
G1 F10800
G1 X81.807 Y131.548 E.0485
G1 X76.681 Y126.421 E.21596
G1 X77.157 Y126.52 E.01451
G1 X77.734 Y126.54 E.0172
G1 X77.903 Y126.526 E.00505
G1 X78.459 Y126.416 E.01686
G1 X79.007 Y126.192 E.01763
G1 X79.571 Y125.814 E.02023
G1 X79.951 Y125.434 E.016
G1 X80.301 Y124.923 E.01846
G1 X80.482 Y124.524 E.01307
G1 X80.591 Y124.113 E.01264
G1 X86.947 Y130.47 E.26776
G1 X88.471 Y130.878 E.047
G1 X88.711 Y130.986 E.00784
G1 X88.947 Y131.204 E.00957
G1 X89.058 Y131.393 E.00653
G1 X89.103 Y131.522 E.00405
G1 X89.507 Y133.03 E.04653
G1 X104.25 Y147.773 E.62102
G1 X103.426 Y147.647 E.02482
G1 X102.321 Y147.437 E.03352
G1 X100.769 Y147.086 E.04738
G1 X99.681 Y146.799 E.03352
G1 X98.158 Y146.339 E.04738
G1 X97.094 Y145.975 E.03352
G1 X95.704 Y145.445 E.04429
G1 X88.425 Y138.166 E.30664
G1 X87.397 Y139.428 E.0485
G1 E-.77778 F2400
;WIPE_START
G1 F10800
G1 X88.028 Y138.653 E-.22222
;WIPE_END
G17
G3 Z1.4 I-.25 J1.191 P1  F9000
G1 X114.586 Y144.22 Z1.4
G1 Z1
G1 E1 F2700
G1 F10800
G1 X114.752 Y145.84 E.0485
G1 X116.56 Y147.648 E.07616
G1 X118.147 Y147.338 E.04816
G1 X119.243 Y147.083 E.03353
G1 X120.778 Y146.667 E.04738
G1 X121.556 Y146.426 E.02425
G1 X111.334 Y136.204 E.4306
G1 X112.597 Y136.11 E.03773
G1 X113.943 Y135.942 E.0404
G1 X115.278 Y135.704 E.0404
G1 X116.714 Y135.367 E.04392
G1 X121.413 Y140.066 E.19795
G1 X121.631 Y139.865 E.00883
G1 X121.837 Y139.729 E.00736
G1 X122.416 Y139.458 E.01902
G1 X122.611 Y139.398 E.0061
G1 X123.314 Y139.285 E.0212
G1 X123.894 Y139.316 E.0173
G1 X124.396 Y139.436 E.01536
G1 X124.565 Y139.496 E.00535
G1 X125.084 Y139.749 E.0172
G1 X125.713 Y140.265 E.02424
G1 X125.839 Y140.415 E.00584
G1 X126.252 Y141.043 E.02238
G1 X126.444 Y141.549 E.01612
G1 X126.552 Y142.153 E.01827
G1 X126.561 Y142.333 E.00537
G1 X126.536 Y142.81 E.01423
G1 X126.43 Y143.311 E.01527
G1 X126.221 Y143.827 E.01656
G1 X126.141 Y143.972 E.00493
G1 X125.798 Y144.451 E.01755
G1 X126.031 Y144.684 E.00983
G1 X127.335 Y144.067 E.04297
G1 X128.335 Y143.54 E.03368
G1 X129.715 Y142.75 E.04737
G1 X130.085 Y142.52 E.01296
G1 X121.267 Y133.702 E.37146
G1 X122.473 Y133.092 E.04025
G1 X123.265 Y132.647 E.02708
G1 X124.415 Y131.935 E.04028
G1 X125.189 Y131.407 E.02791
G1 X129.984 Y136.202 E.20199
G1 X131.007 Y137.469 E.04849
G1 E-.77778 F2400
;WIPE_START
G1 F10800
G1 X130.379 Y136.69 E-.22222
;WIPE_END
G17
G3 Z1.4 I1.141 J.422 P1  F9000
G1 X132.639 Y130.58 Z1.4
G1 Z1
G1 E1 F2700
G1 F10800
G1 X131.545 Y130.873 E.03376
G1 X131.387 Y130.932 E.00501
G1 X131.126 Y131.126 E.00969
G1 X128.563 Y128.563 E.10795
G1 X129.242 Y127.862 E.02908
G1 X130.014 Y126.993 E.03462
G1 X130.708 Y126.143 E.03268
G1 X131.413 Y125.196 E.03518
G1 X136.102 Y129.884 E.19751
G1 X136.283 Y129.996 E.00634
G1 X137.381 Y130.888 E.04215
G1 X134.37 Y119.79 F9000
G1 F10800
G1 X133.966 Y120.74 E.03074
G1 X133.715 Y121.28 E.01776
G1 X142.532 Y130.097 E.37142
G1 X143.346 Y128.732 E.04735
G1 X144.097 Y127.331 E.04734
G1 X144.711 Y126.058 E.0421
G1 X135.386 Y116.734 E.39278
G1 X135.662 Y115.601 E.03474
G1 X135.917 Y114.27 E.04036
G1 X136.103 Y112.928 E.04036
G1 X136.188 Y112.032 E.0268
G1 X136.231 Y111.361 E.02004
G1 X146.453 Y121.583 E.43062
G1 X146.852 Y120.263 E.04107
G1 X147.128 Y119.217 E.03223
G1 X147.375 Y118.164 E.03223
G1 X147.683 Y116.596 E.0476
G1 X145.831 Y114.743 E.07803
G1 X144.211 Y114.577 E.0485
G1 X135.119 Y109.799 F9000
;TYPE:Internal solid infill
;WIDTH:0.423073
G1 F10800
G1 X135.096 Y108.925 E.02433
G1 X135.043 Y108.063 E.02401
G1 X134.962 Y107.203 E.02403
G1 X134.853 Y106.352 E.02386
G1 X134.71 Y105.494 E.0242
G1 X134.681 Y105.351 E.00407
G1 X134.584 Y105.301 E.00305
G1 X134.212 Y104.929 E.01461
G1 X134.469 Y106.351 E.0402
G1 X134.581 Y107.244 E.02503
G1 X134.662 Y108.088 E.02359
G1 X134.707 Y108.735 E.01805
G1 X134.739 Y109.75 E.02823
G1 X134.727 Y110.64 E.02478
G1 X134.691 Y111.487 E.02357
G1 X134.634 Y112.291 E.02243
G1 X134.529 Y113.184 E.02499
G1 X134.266 Y114.817 E.04601
G1 X134.07 Y115.692 E.02496
G1 X133.861 Y116.513 E.02357
G1 X133.639 Y117.29 E.02247
G1 X133.363 Y118.13 E.02458
G1 X133.061 Y118.938 E.024
G1 X132.74 Y119.724 E.02361
G1 X132.401 Y120.491 E.02333
G1 X132.015 Y121.266 E.0241
G1 X131.2 Y122.74 E.04685
G1 X130.636 Y123.63 E.0293
G1 X130.26 Y124.177 E.01847
G1 X129.236 Y125.542 E.04747
G1 X128.687 Y126.189 E.0236
G1 X128.12 Y126.82 E.02359
G1 X127.563 Y127.407 E.02252
G1 X126.917 Y128.028 E.02492
G1 X125.673 Y129.123 E.04611
G1 X124.282 Y130.178 E.04856
G1 X123.578 Y130.654 E.02363
G1 X122.88 Y131.102 E.02307
G1 X122.121 Y131.54 E.02437
G1 X121.367 Y131.946 E.02383
G1 X120.625 Y132.32 E.0231
G1 X119.663 Y132.748 E.02929
G1 X119.049 Y132.997 E.01843
G1 X118.284 Y133.288 E.02279
G1 X117.44 Y133.571 E.02477
G1 X116.623 Y133.807 E.02364
G1 X115.802 Y134.02 E.0236
G1 X114.967 Y134.212 E.02384
G1 X114.13 Y134.363 E.02364
G1 X112.645 Y134.572 E.04172
G1 X111.595 Y134.663 E.0293
G1 X110.745 Y134.698 E.02367
G1 X109.039 Y134.696 E.04747
G1 X108.189 Y134.644 E.02368
G1 X107.344 Y134.567 E.0236
G1 X106.091 Y134.397 E.03516
G1 X106.535 Y134.851 E.01766
G1 X107.298 Y134.945 E.02138
G1 X108.16 Y135.023 E.02405
G1 X108.975 Y135.071 E.02271
G1 X109.703 Y135.088 E.02026
G1 X110.273 Y135.086 E.01586
G1 X111.566 Y135.043 E.036
G1 X112.478 Y134.969 E.02544
G1 X113.337 Y134.868 E.02406
G1 X114.192 Y134.739 E.02405
G1 X114.994 Y134.591 E.02267
G1 X115.886 Y134.392 E.02544
G1 X116.723 Y134.175 E.02406
G1 X117.504 Y133.946 E.02262
G1 X118.373 Y133.657 E.02548
G1 X119.815 Y133.096 E.04304
G1 X120.761 Y132.673 E.02881
G1 X121.538 Y132.286 E.02415
G1 X122.306 Y131.873 E.02427
G1 X123.035 Y131.449 E.02344
G1 X123.783 Y130.976 E.02464
G1 X124.498 Y130.49 E.02404
G1 X125.195 Y129.979 E.02404
G1 X125.868 Y129.452 E.02376
G1 X126.535 Y128.887 E.02432
G1 X127.176 Y128.307 E.02406
G1 X127.791 Y127.714 E.02375
G1 X128.396 Y127.083 E.02433
G1 X128.974 Y126.441 E.02404
G1 X129.498 Y125.819 E.02259
G1 X130.062 Y125.098 E.02548
G1 X130.571 Y124.398 E.02407
G1 X130.944 Y123.852 E.01839
G1 X131.51 Y122.959 E.02942
G1 X131.947 Y122.204 E.02426
G1 X132.354 Y121.442 E.02403
G1 X132.723 Y120.696 E.02315
G1 X133.089 Y119.879 E.02491
G1 X133.417 Y119.078 E.02407
G1 X133.654 Y118.442 E.01886
G1 X133.987 Y117.449 E.02916
G1 X134.228 Y116.619 E.02404
G1 X134.442 Y115.782 E.02403
G1 X134.627 Y114.947 E.02379
G1 X134.782 Y114.089 E.02426
G1 X134.909 Y113.234 E.02403
G1 X135.006 Y112.384 E.02381
G1 X135.072 Y111.515 E.02424
G1 X135.11 Y110.652 E.02403
G1 X135.118 Y109.839 E.02261
G1 E-.77778 F2400
;WIPE_START
G1 F10800
G1 X135.11 Y110.652 E-.18062
G1 X135.102 Y110.839 E-.0416
;WIPE_END
G17
G3 Z1.4 I-.819 J-.9 P1  F9000
G1 X109.72 Y133.951 Z1.4
G1 Z1
G1 E1 F2700
;WIDTH:0.419999
G1 F10800
G1 X109.054 Y133.942 E.01838
G1 X108.238 Y133.889 E.02258
G1 X106.625 Y133.722 E.04473
G1 X105.404 Y133.517 E.03416
G1 X104.35 Y133.285 E.02979
G1 X103.755 Y133.129 E.01696
G1 X105.957 Y135.331 E.08592
G1 X105.963 Y135.526 E.00541
G1 X106.516 Y135.609 E.01545
G1 X107.22 Y135.697 E.01958
G1 X108.108 Y135.778 E.02458
G1 X108.997 Y135.827 E.02458
G1 X109.7 Y135.844 E.0194
G1 X110.779 Y135.835 E.02976
G1 X111.668 Y135.793 E.02456
G1 X112.556 Y135.72 E.02458
G1 X113.441 Y135.617 E.02458
G1 X114.321 Y135.484 E.02457
G1 X115.197 Y135.32 E.02458
G1 X116.066 Y135.126 E.02458
G1 X116.929 Y134.903 E.02458
G1 X117.783 Y134.65 E.02458
G1 X118.628 Y134.368 E.02457
G1 X119.462 Y134.056 E.02458
G1 X120.113 Y133.79 E.01939
G1 X121.097 Y133.349 E.02976
G1 X121.888 Y132.956 E.02435
G1 X122.679 Y132.531 E.02479
G1 X123.448 Y132.082 E.02457
G1 X124.201 Y131.606 E.02457
G1 X124.937 Y131.105 E.02457
G1 X125.655 Y130.579 E.02457
G1 X126.355 Y130.029 E.02457
G1 X127.035 Y129.455 E.02455
G1 X127.696 Y128.857 E.02459
G1 X128.335 Y128.238 E.02455
G1 X128.953 Y127.596 E.02458
G1 X129.548 Y126.934 E.02457
G1 X130.12 Y126.253 E.02455
G1 X130.668 Y125.551 E.02458
G1 X131.192 Y124.831 E.02456
G1 X131.586 Y124.25 E.01938
G1 X132.163 Y123.339 E.02974
G1 X132.61 Y122.569 E.02455
G1 X133.029 Y121.784 E.02455
G1 X133.422 Y120.986 E.02456
G1 X133.786 Y120.174 E.02455
G1 X134.123 Y119.35 E.02456
G1 X134.367 Y118.691 E.01938
G1 X134.71 Y117.669 E.02974
G1 X134.959 Y116.816 E.02454
G1 X135.179 Y115.953 E.02456
G1 X135.37 Y115.084 E.02454
G1 X135.53 Y114.209 E.02455
G1 X135.66 Y113.329 E.02455
G1 X135.759 Y112.444 E.02455
G1 X135.828 Y111.557 E.02456
G1 X135.866 Y110.668 E.02455
G1 X135.874 Y109.795 E.02409
G1 X135.852 Y108.905 E.02457
G1 X135.751 Y107.506 E.0387
G1 X135.602 Y106.255 E.03477
G1 X135.456 Y105.371 E.02472
G1 X135.336 Y104.768 E.01697
G1 X135.119 Y104.766 E.00599
G1 X132.73 Y102.377 E.09323
G1 X132.9 Y102.873 E.01448
G1 X133.243 Y104.085 E.03475
G1 X133.512 Y105.263 E.03334
G1 X133.725 Y106.481 E.03414
G1 X133.83 Y107.336 E.02375
G1 X133.954 Y108.792 E.04033
G1 X133.985 Y109.773 E.02707
G1 X133.935 Y111.435 E.04589
G1 X133.88 Y112.242 E.0223
G1 X133.778 Y113.093 E.02366
G1 X133.522 Y114.69 E.04461
G1 X133.332 Y115.525 E.02363
G1 X132.912 Y117.087 E.04463
G1 X132.647 Y117.894 E.02343
G1 X132.353 Y118.67 E.0229
G1 X131.713 Y120.181 E.04529
G1 X130.958 Y121.64 E.04531
G1 X130.555 Y122.348 E.02248
G1 X129.999 Y123.225 E.02867
G1 X129.639 Y123.745 E.01744
G1 X128.64 Y125.079 E.04598
G1 X128.112 Y125.698 E.02247
G1 X127.013 Y126.89 E.04473
G1 X125.794 Y128.023 E.04593
G1 X125.179 Y128.552 E.02238
G1 X123.846 Y129.561 E.04613
G1 X122.477 Y130.464 E.04525
G1 X121.025 Y131.271 E.04584
G1 X120.305 Y131.636 E.02227
G1 X119.357 Y132.057 E.02862
G1 X118.02 Y132.581 E.03961
G1 X117.2 Y132.855 E.02385
G1 X115.632 Y133.284 E.04487
G1 X114.802 Y133.475 E.0235
G1 X113.998 Y133.619 E.02254
G1 X112.546 Y133.824 E.04045
G1 X111.531 Y133.912 E.02812
G1 X110.717 Y133.943 E.02248
G1 X109.76 Y133.951 E.02639
G1 X109.715 Y134.328 F9000
G1 F10800
G1 X109.046 Y134.319 E.01846
G1 X107.388 Y134.19 E.04591
G1 X106.572 Y134.096 E.02265
G1 X105.346 Y133.889 E.0343
G1 X104.967 Y133.807 E.01071
G1 X106.222 Y135.062 E.04898
G1 X106.292 Y135.197 E.00419
G1 X107.251 Y135.321 E.0267
G1 X108.125 Y135.401 E.02422
G1 X108.954 Y135.447 E.02289
G1 X109.694 Y135.467 E.02043
G1 X110.779 Y135.458 E.02995
G1 X111.644 Y135.417 E.02387
G1 X112.519 Y135.345 E.02422
G1 X113.391 Y135.243 E.02423
G1 X114.259 Y135.112 E.02422
G1 X115.121 Y134.951 E.02422
G1 X115.978 Y134.76 E.02422
G1 X116.828 Y134.539 E.02422
G1 X117.67 Y134.29 E.02422
G1 X118.502 Y134.012 E.02421
G1 X119.325 Y133.705 E.02424
G1 X119.964 Y133.443 E.01906
G1 X120.936 Y133.008 E.02939
G1 X121.714 Y132.621 E.02398
G1 X122.495 Y132.202 E.02444
G1 X123.252 Y131.76 E.0242
G1 X123.994 Y131.291 E.02421
G1 X124.719 Y130.797 E.02421
G1 X125.427 Y130.279 E.02421
G1 X126.117 Y129.736 E.02421
G1 X126.787 Y129.171 E.0242
G1 X127.438 Y128.582 E.02423
G1 X128.068 Y127.972 E.02419
G1 X128.677 Y127.34 E.02422
G1 X129.263 Y126.687 E.02421
G1 X129.826 Y126.015 E.02419
G1 X130.367 Y125.324 E.02422
G1 X130.883 Y124.614 E.02422
G1 X131.271 Y124.043 E.01905
G1 X131.841 Y123.143 E.02937
G1 X132.28 Y122.386 E.02417
G1 X132.694 Y121.612 E.0242
G1 X133.08 Y120.825 E.0242
G1 X133.44 Y120.025 E.02419
G1 X133.772 Y119.213 E.02422
G1 X134.012 Y118.566 E.01905
G1 X134.35 Y117.556 E.02937
G1 X134.596 Y116.716 E.02416
G1 X134.812 Y115.866 E.0242
G1 X135 Y115.01 E.02419
G1 X135.158 Y114.147 E.02419
G1 X135.286 Y113.28 E.02419
G1 X135.384 Y112.409 E.02419
G1 X135.452 Y111.534 E.0242
G1 X135.489 Y110.658 E.02419
G1 X135.497 Y109.792 E.02391
G1 X135.475 Y108.915 E.02421
G1 X135.375 Y107.542 E.03799
G1 X135.228 Y106.303 E.03441
G1 X135.084 Y105.432 E.02436
G1 X135.01 Y105.058 E.01052
G1 X134.883 Y105.063 E.00349
G1 X133.549 Y103.729 E.05205
G1 X133.88 Y105.179 E.04102
G1 X134.097 Y106.416 E.03467
G1 X134.283 Y108.116 E.04717
G1 X134.33 Y108.763 E.0179
G1 X134.361 Y109.761 E.02757
G1 X134.348 Y110.634 E.02409
G1 X134.256 Y112.271 E.04524
G1 X134.152 Y113.138 E.0241
G1 X133.893 Y114.757 E.04525
G1 X133.495 Y116.41 E.04691
G1 X133.274 Y117.193 E.02243
G1 X133.005 Y118.012 E.02378
G1 X132.706 Y118.803 E.02335
G1 X132.057 Y120.336 E.04592
G1 X131.676 Y121.096 E.02346
G1 X130.878 Y122.542 E.04557
G1 X130.317 Y123.427 E.02891
G1 X129.949 Y123.961 E.01788
G1 X128.938 Y125.31 E.04653
G1 X128.399 Y125.943 E.02294
G1 X127.285 Y127.151 E.04535
G1 X126.655 Y127.753 E.02403
G1 X125.422 Y128.84 E.04535
G1 X124.063 Y129.869 E.04702
G1 X122.678 Y130.783 E.04579
G1 X121.932 Y131.211 E.02373
G1 X120.467 Y131.977 E.04564
G1 X119.51 Y132.402 E.02888
G1 X118.914 Y132.643 E.01774
G1 X118.152 Y132.935 E.02251
G1 X117.32 Y133.213 E.02421
G1 X115.717 Y133.651 E.04586
G1 X114.884 Y133.843 E.02357
G1 X114.064 Y133.99 E.02299
G1 X112.597 Y134.198 E.04088
G1 X111.563 Y134.287 E.02862
G1 X110.731 Y134.319 E.02298
G1 X109.755 Y134.328 E.02692
G1 E-.77778 F2400
;WIPE_START
G1 F10800
G1 X110.731 Y134.319 E-.21683
G1 X110.755 Y134.318 E-.0054
;WIPE_END
G17
G3 Z1.4 I.957 J.752 P1  F9000
G1 X135.326 Y103.038 Z1.4
G1 Z1
G1 E1 F2700
;TYPE:Sparse infill
;WIDTH:0.45
G1 F10800
G1 X135.561 Y103.955 E.0282
G1 X135.708 Y104.621 E.0203
G1 X140.238 Y109.15 E.19079
G1 X142.045 Y106.022 E.10761
G1 X142.206 Y105.82 E.00771
G1 X142.351 Y105.708 E.00544
G1 X142.522 Y105.624 E.00567
G1 X142.866 Y105.561 E.01041
G1 X114.446 Y77.141 E1.19722
G1 X114.383 Y77.504 E.01098
G1 X114.295 Y77.686 E.00602
G1 X114.164 Y77.85 E.00626
G1 X113.991 Y77.985 E.00653
G1 X110.872 Y79.784 E.10726
G1 X115.413 Y84.325 E.19129
G1 X116.161 Y84.493 E.02285
G1 X116.995 Y84.709 E.02565
G1 X115.114 Y85.826 F9000
;TYPE:Internal solid infill
;WIDTH:0.422773
G1 F10800
G1 X114.735 Y85.447 E.0149
G1 X114.676 Y85.349 E.00318
G1 X113.352 Y85.132 E.0373
G1 X112.486 Y85.033 E.02422
G1 X111.624 Y84.962 E.02404
G1 X110.81 Y84.921 E.02266
G1 X109.896 Y84.909 E.02541
G1 X109.032 Y84.928 E.02402
G1 X108.168 Y84.976 E.02405
G1 X107.314 Y85.052 E.02382
G1 X106.027 Y85.228 E.03611
G1 X104.795 Y85.453 E.03482
G1 X103.904 Y85.66 E.02542
G1 X103.067 Y85.883 E.02407
G1 X102.415 Y86.081 E.01894
G1 X101.447 Y86.408 E.02839
G1 X100.616 Y86.726 E.02473
G1 X99.819 Y87.063 E.02403
G1 X99.05 Y87.417 E.02354
G1 X97.913 Y88.009 E.03564
G1 X96.807 Y88.648 E.03549
G1 X96.036 Y89.143 E.02548
G1 X95.326 Y89.636 E.02401
G1 X94.633 Y90.153 E.02404
G1 X93.965 Y90.685 E.02374
G1 X92.989 Y91.542 E.0361
G1 X92.057 Y92.439 E.03596
G1 X91.457 Y93.075 E.02431
G1 X90.884 Y93.723 E.02402
G1 X90.34 Y94.381 E.02373
G1 X89.809 Y95.075 E.02431
G1 X89.307 Y95.778 E.024
G1 X88.856 Y96.454 E.02259
G1 X88.375 Y97.233 E.02543
G1 X87.949 Y97.985 E.02405
G1 X87.548 Y98.751 E.02402
G1 X87.189 Y99.493 E.02293
G1 X86.826 Y100.32 E.02509
G1 X86.309 Y101.665 E.04004
G1 X85.951 Y102.752 E.03182
G1 X85.716 Y103.589 E.02417
G1 X85.509 Y104.428 E.02402
G1 X85.331 Y105.265 E.02378
G1 X85.183 Y106.125 E.02425
G1 X85.064 Y106.98 E.024
G1 X84.974 Y107.831 E.02379
G1 X84.915 Y108.701 E.02422
G1 X84.885 Y109.564 E.02401
G1 X84.883 Y110.379 E.02265
G1 X84.94 Y111.675 E.03606
G1 X85.056 Y112.963 E.03595
G1 X85.125 Y113.464 E.01405
G1 X85.57 Y113.875 E.01684
G1 X85.487 Y113.307 E.01596
G1 X85.356 Y112.124 E.03307
G1 X85.263 Y110.422 E.04737
G1 X85.268 Y109.572 E.02362
G1 X85.347 Y107.92 E.04597
G1 X85.444 Y107.028 E.02496
G1 X85.56 Y106.188 E.02355
G1 X85.693 Y105.392 E.02244
G1 X85.881 Y104.515 E.02495
G1 X86.298 Y102.913 E.04599
G1 X86.575 Y102.059 E.02494
G1 X86.862 Y101.26 E.02362
G1 X87.512 Y99.696 E.04708
G1 X87.888 Y98.924 E.02388
G1 X88.681 Y97.459 E.04629
G1 X89.146 Y96.701 E.02471
G1 X89.62 Y95.996 E.02362
G1 X90.601 Y94.661 E.04604
G1 X91.174 Y93.972 E.0249
G1 X91.735 Y93.337 E.02356
G1 X92.288 Y92.745 E.0225
G1 X92.927 Y92.12 E.02483
G1 X94.163 Y91.012 E.04614
G1 X94.865 Y90.455 E.02491
G1 X95.545 Y89.947 E.02359
G1 X96.078 Y89.571 E.01814
G1 X96.961 Y88.996 E.02927
G1 X97.692 Y88.566 E.02357
G1 X99.164 Y87.782 E.04637
G1 X99.972 Y87.412 E.0247
G1 X101.545 Y86.773 E.04718
G1 X102.533 Y86.441 E.02895
G1 X103.168 Y86.249 E.01846
G1 X104.825 Y85.832 E.04747
G1 X105.657 Y85.674 E.02355
G1 X107.298 Y85.433 E.04611
G1 X108.194 Y85.356 E.02499
G1 X109.042 Y85.308 E.02361
G1 X109.692 Y85.288 E.01807
G1 X110.745 Y85.297 E.02928
G1 X112.444 Y85.411 E.04731
G1 X113.254 Y85.5 E.02267
G1 X114.135 Y85.638 E.02479
G1 X115.075 Y85.819 E.02658
G1 X106.781 Y86.264 F9000
;WIDTH:0.419999
G1 F10800
G1 X107.401 Y86.181 E.01726
G1 X108.256 Y86.11 E.02367
G1 X109.719 Y86.042 E.04041
G1 X110.739 Y86.051 E.02812
G1 X112.363 Y86.163 E.04491
G1 X113.167 Y86.249 E.02232
G1 X114.391 Y86.444 E.03421
G1 X115.453 Y86.668 E.02994
G1 X116.443 Y86.92 E.0282
G1 X117.641 Y87.288 E.03456
G1 X115.268 Y84.914 E.0926
G1 X115.222 Y84.721 E.00548
G1 X115.242 Y84.69 E.00101
G1 X113.465 Y84.386 E.04973
G1 X112.574 Y84.282 E.02475
G1 X111.686 Y84.208 E.02458
G1 X110.846 Y84.168 E.02321
G1 X109.906 Y84.154 E.02594
G1 X108.503 Y84.2 E.03871
G1 X107.246 Y84.3 E.0348
G1 X105.911 Y84.484 E.03718
G1 X104.65 Y84.713 E.03538
G1 X103.733 Y84.923 E.02595
G1 X102.871 Y85.154 E.02461
G1 X102.19 Y85.36 E.01964
G1 X101.205 Y85.693 E.02869
G1 X100.346 Y86.02 E.02536
G1 X99.525 Y86.366 E.02458
G1 X98.733 Y86.733 E.02408
G1 X98.088 Y87.056 E.01992
G1 X97.111 Y87.588 E.03068
G1 X96.363 Y88.034 E.02403
G1 X95.613 Y88.516 E.02459
G1 X94.882 Y89.024 E.02455
G1 X94.168 Y89.556 E.02458
G1 X93.473 Y90.113 E.02458
G1 X92.938 Y90.569 E.01939
G1 X92.142 Y91.296 E.02975
G1 X91.508 Y91.92 E.02454
G1 X90.896 Y92.567 E.02457
G1 X90.307 Y93.234 E.02456
G1 X89.741 Y93.921 E.02455
G1 X89.198 Y94.628 E.02457
G1 X88.681 Y95.351 E.02454
G1 X88.189 Y96.093 E.02457
G1 X87.723 Y96.852 E.02456
G1 X87.283 Y97.626 E.02456
G1 X86.87 Y98.414 E.02456
G1 X86.484 Y99.216 E.02456
G1 X86.127 Y100.031 E.02455
G1 X85.797 Y100.858 E.02455
G1 X85.497 Y101.696 E.02456
G1 X85.225 Y102.543 E.02455
G1 X84.983 Y103.399 E.02454
G1 X84.77 Y104.263 E.02456
G1 X84.587 Y105.134 E.02454
G1 X84.435 Y106.011 E.02457
G1 X84.312 Y106.892 E.02455
G1 X84.22 Y107.777 E.02455
G1 X84.159 Y108.665 E.02455
G1 X84.128 Y109.554 E.02456
G1 X84.128 Y110.444 E.02455
G1 X84.151 Y111.146 E.01938
G1 X84.22 Y112.221 E.02973
G1 X84.312 Y113.106 E.02455
G1 X84.433 Y113.98 E.02435
G1 X84.638 Y114.011 E.0057
G1 X86.83 Y116.203 E.08556
G1 X86.561 Y115.086 E.03171
G1 X86.366 Y114.088 E.02805
G1 X86.237 Y113.207 E.02456
G1 X86.11 Y112.053 E.03205
G1 X86.046 Y111.06 E.02745
G1 X86.018 Y110.396 E.01836
G1 X86.053 Y108.77 E.04486
G1 X86.101 Y107.964 E.0223
G1 X86.307 Y106.311 E.04594
G1 X86.439 Y105.513 E.02232
G1 X86.814 Y103.891 E.04595
G1 X87.027 Y103.11 E.02232
G1 X87.294 Y102.294 E.02369
G1 X87.57 Y101.524 E.02257
G1 X88.204 Y99.998 E.04561
G1 X88.568 Y99.257 E.02276
G1 X89.337 Y97.832 E.0447
G1 X89.789 Y97.097 E.02381
G1 X90.247 Y96.419 E.02255
G1 X91.205 Y95.113 E.0447
G1 X91.754 Y94.457 E.0236
G1 X92.842 Y93.257 E.0447
G1 X93.454 Y92.663 E.02353
G1 X94.662 Y91.579 E.04479
G1 X95.984 Y90.564 E.04599
G1 X96.517 Y90.184 E.01807
G1 X97.372 Y89.629 E.02811
G1 X98.073 Y89.219 E.02242
G1 X99.513 Y88.451 E.04503
G1 X100.285 Y88.1 E.02339
G1 X101.802 Y87.482 E.0452
G1 X102.772 Y87.158 E.02823
G1 X103.377 Y86.975 E.01742
G1 X104.168 Y86.766 E.02258
G1 X104.996 Y86.567 E.02351
G1 X105.796 Y86.417 E.02246
G1 X106.742 Y86.27 E.02641
G1 X106.731 Y85.89 F9000
G1 F10800
G1 X107.349 Y85.807 E.0172
G1 X109.055 Y85.687 E.04719
G1 X109.705 Y85.665 E.01794
G1 X110.742 Y85.674 E.02863
G1 X111.576 Y85.721 E.02306
G1 X113.211 Y85.875 E.04529
G1 X114.457 Y86.073 E.03482
G1 X115.527 Y86.298 E.03017
G1 X116.319 Y86.499 E.02256
G1 X115.001 Y85.181 E.05144
G1 X114.945 Y85.017 E.00479
G1 X114.26 Y84.888 E.01923
G1 X113.393 Y84.757 E.02422
G1 X112.52 Y84.655 E.02423
G1 X111.645 Y84.583 E.02422
G1 X110.769 Y84.542 E.02422
G1 X109.891 Y84.531 E.02422
G1 X109.014 Y84.549 E.02421
G1 X108.137 Y84.598 E.02424
G1 X107.262 Y84.678 E.02422
G1 X106.576 Y84.762 E.01908
G1 X105.524 Y84.926 E.02939
G1 X104.664 Y85.094 E.02418
G1 X103.808 Y85.293 E.02422
G1 X102.96 Y85.52 E.02424
G1 X102.299 Y85.721 E.01906
G1 X101.29 Y86.062 E.02939
G1 X100.471 Y86.376 E.02418
G1 X99.663 Y86.717 E.02422
G1 X98.866 Y87.087 E.02423
G1 X98.249 Y87.397 E.01906
G1 X97.314 Y87.907 E.02939
G1 X96.562 Y88.355 E.02416
G1 X95.823 Y88.83 E.02423
G1 X95.102 Y89.33 E.0242
G1 X94.398 Y89.854 E.02422
G1 X93.713 Y90.403 E.02423
G1 X93.188 Y90.852 E.01906
G1 X92.401 Y91.569 E.02938
G1 X91.778 Y92.184 E.02416
G1 X91.174 Y92.822 E.02422
G1 X90.594 Y93.479 E.02421
G1 X90.036 Y94.156 E.02419
G1 X89.502 Y94.852 E.02422
G1 X88.992 Y95.565 E.02418
G1 X88.507 Y96.297 E.02422
G1 X88.047 Y97.044 E.0242
G1 X87.614 Y97.806 E.0242
G1 X87.207 Y98.583 E.0242
G1 X86.827 Y99.374 E.0242
G1 X86.475 Y100.177 E.02419
G1 X86.15 Y100.991 E.02419
G1 X85.854 Y101.817 E.02421
G1 X85.586 Y102.652 E.02419
G1 X85.347 Y103.495 E.02419
G1 X85.138 Y104.347 E.0242
G1 X84.958 Y105.205 E.02418
G1 X84.807 Y106.069 E.02421
G1 X84.687 Y106.938 E.02419
G1 X84.596 Y107.81 E.02419
G1 X84.536 Y108.684 E.0242
G1 X84.506 Y109.561 E.0242
G1 X84.506 Y110.438 E.02421
G1 X84.528 Y111.128 E.01904
G1 X84.596 Y112.19 E.02936
G1 X84.687 Y113.061 E.02416
G1 X84.778 Y113.723 E.01844
G1 X84.904 Y113.744 E.00352
G1 X86.16 Y115 E.04902
G1 X85.996 Y114.161 E.0236
G1 X85.863 Y113.262 E.02506
G1 X85.734 Y112.088 E.03259
G1 X85.641 Y110.409 E.04641
G1 X85.647 Y109.576 E.02299
G1 X85.725 Y107.938 E.04525
G1 X85.821 Y107.07 E.02409
G1 X86.067 Y105.448 E.04525
G1 X86.252 Y104.595 E.02408
G1 X86.664 Y103.007 E.04527
G1 X86.935 Y102.177 E.0241
G1 X87.217 Y101.392 E.023
G1 X87.526 Y100.622 E.02291
G1 X87.858 Y99.848 E.02324
G1 X88.613 Y98.357 E.0461
G1 X89.01 Y97.646 E.02248
G1 X89.468 Y96.899 E.02417
G1 X89.934 Y96.208 E.023
G1 X90.906 Y94.884 E.04532
G1 X91.465 Y94.215 E.02404
G1 X92.568 Y92.998 E.04534
G1 X93.191 Y92.392 E.02397
G1 X94.412 Y91.297 E.04526
G1 X95.1 Y90.753 E.02419
G1 X96.297 Y89.878 E.04091
G1 X97.167 Y89.313 E.02862
G1 X97.883 Y88.894 E.02291
G1 X99.338 Y88.117 E.0455
G1 X100.129 Y87.757 E.02399
G1 X101.673 Y87.127 E.04602
G1 X102.653 Y86.8 E.02849
G1 X103.273 Y86.613 E.01787
G1 X104.08 Y86.399 E.02303
G1 X104.91 Y86.2 E.02358
G1 X105.727 Y86.046 E.02292
G1 X106.691 Y85.897 E.02694
G1 E-.77778 F2400
;WIPE_START
G1 F10800
G1 X105.727 Y86.046 E-.21694
G1 X105.703 Y86.051 E-.00529
;WIPE_END
G17
G3 Z1.4 I-.369 J1.16 P1  F9000
G1 X130.481 Y93.929 Z1.4
G1 Z1
G1 E1 F2700
;WIDTH:0.445992
G1 F10800
G1 X127.508 Y90.97 E.12373
G1 X126.699 Y90.256 E.03183
G1 X126.008 Y89.694 E.02626
G1 X125.299 Y89.155 E.02627
G1 X124.739 Y88.758 E.02023
G1 X131.282 Y95.3 E.27289
G1 X131.691 Y95.907 E.02158
G1 X132.294 Y96.882 E.03383
G1 X123.156 Y87.744 E.38117
G1 X121.881 Y87.039 E.04298
G1 X132.998 Y98.157 E.46373
G1 X133.537 Y99.266 E.03635
G1 X120.771 Y86.5 E.53246
G1 X119.771 Y86.07 E.03212
G1 X133.968 Y100.266 E.59215
G1 X134.327 Y101.195 E.02937
G1 X129.943 Y96.811 E.18285
G1 X130.271 Y97.306 E.0175
G1 X130.857 Y98.295 E.03392
G1 X134.624 Y102.062 E.15712
G1 X134.874 Y102.882 E.02529
G1 X131.492 Y99.5 E.14107
G1 X131.974 Y100.553 E.03416
G1 X135.085 Y103.664 E.12975
G1 X135.096 Y103.709 E.00137
G1 X135.053 Y103.752 E.00181
G1 X135.193 Y104.342 E.01786
G1 X132.054 Y101.203 E.13092
G1 E-.77778 F2400
;WIPE_START
G1 F10800
G1 X132.761 Y101.91 E-.22222
;WIPE_END
G17
G3 Z1.4 I.952 J-.758 P1  F9000
G1 X123.876 Y90.745 Z1.4
G1 Z1
G1 E1 F2700
G1 F10800
G1 X118.841 Y85.71 E.21001
G1 X117.973 Y85.412 E.02707
G1 X121.734 Y89.173 E.15687
G1 X120.98 Y88.766 E.02529
G1 X120.549 Y88.557 E.01413
G1 X117.153 Y85.161 E.14164
G1 X116.371 Y84.95 E.02388
G1 X119.49 Y88.069 E.13009
G1 X118.527 Y87.675 E.0307
G1 X115.503 Y84.652 E.1261
G1 X132.603 Y80.572 F9000
;TYPE:Sparse infill
;WIDTH:0.45
G1 F10800
G1 X131.575 Y81.834 E.0485
G1 X124.298 Y74.558 E.30651
G1 X122.87 Y74.012 E.04554
G1 X121.317 Y73.495 E.04875
G1 X120.282 Y73.191 E.03215
G1 X118.696 Y72.785 E.04874
G1 X117.642 Y72.555 E.03216
G1 X115.744 Y72.222 E.05737
G1 X130.493 Y86.97 E.62129
G1 X130.909 Y88.521 E.04782
G1 X131.05 Y88.791 E.00906
G1 X131.132 Y88.886 E.00375
G1 X131.33 Y89.039 E.00744
G1 X131.542 Y89.126 E.00684
G1 X133.053 Y89.53 E.04658
G1 X139.407 Y95.884 E.26765
G1 X139.489 Y95.549 E.01026
G1 X139.698 Y95.077 E.01539
G1 X140.056 Y94.556 E.01884
G1 X140.52 Y94.111 E.01913
G1 X141.021 Y93.797 E.01761
G1 X141.585 Y93.572 E.01808
G1 X142.193 Y93.465 E.01839
G1 X142.771 Y93.472 E.01723
G1 X143.328 Y93.588 E.01695
G1 X138.192 Y88.452 E.21635
G1 X139.456 Y87.425 E.0485
G1 E-.77778 F2400
;WIPE_START
G1 F10800
G1 X138.68 Y88.056 E-.22222
;WIPE_END
G17
G3 Z1.4 I-1.069 J.581 P1  F9000
G1 X144.557 Y98.869 Z1.4
G1 Z1
G1 E1 F2700
G1 F10800
G1 X144.437 Y98.975 E.0048
G1 X143.843 Y99.369 E.02122
G1 X143.376 Y99.558 E.01499
G1 X143.13 Y99.607 E.00749
G1 X147.815 Y104.293 E.19737
G1 X147.686 Y103.418 E.02634
G1 X147.542 Y102.688 E.02217
; stop printing object ОсновнойПрофиль.stl id:503862 copy 0
;LAYER_CHANGE
;Z:1.2
;HEIGHT:0.2
;BEFORE_LAYER_CHANGE
;1.2
G92 E0

G1 E-.77778 F2400
;WIPE_START
G1 F10800
G1 X147.686 Y103.418 E-.16536
G1 X147.723 Y103.671 E-.05686
;WIPE_END
;_SET_FAN_SPEED_CHANGING_LAYER
; printing object ОсновнойПрофиль.stl id:503862 copy 0
G17
G3 Z1.6 I-.115 J-1.211 P1  F9000
G1 X79.723 Y110.153 Z1.6
G1 Z1.2
G1 E1 F2700
M204 P2000
;TYPE:Inner wall
;WIDTH:0.449999
G1 F7200
G1 X79.764 Y110.005 E.00456
G1 X79.686 Y109.709 E.0091
G1 X77.934 Y106.678 E.1043
G1 X77.619 Y106.143 E.01847
G1 X77.44 Y105.988 E.00706
G1 X77.217 Y105.917 E.00698
G1 X73.098 Y105.498 E.12333
G1 X71.664 Y105.498 E.04269
G1 X71.728 Y104.957 E.0162
G1 X71.971 Y103.367 E.04792
G1 X72.182 Y102.259 E.03359
G1 X72.537 Y100.692 E.04787
G1 X72.958 Y99.141 E.04787
G1 X73.292 Y98.064 E.03359
G1 X73.822 Y96.545 E.04793
G1 X74.231 Y95.494 E.03359
G1 X74.868 Y94.016 E.04793
G1 X75.351 Y92.997 E.03359
G1 X76.108 Y91.537 E.04898
G1 X76.908 Y90.143 E.04788
G1 X77.503 Y89.185 E.0336
G1 X78.421 Y87.82 E.04899
G1 X79.373 Y86.526 E.04787
G1 X79.706 Y86.106 E.01595
G1 X80.764 Y87.158 E.04445
G1 X83.929 Y89.731 E.12151
G1 X84.168 Y89.847 E.0079
G1 X84.446 Y89.842 E.00827
G1 X88.46 Y88.767 E.12378
G1 X88.665 Y88.593 E.00802
G1 X88.77 Y88.384 E.00696
G1 X89.819 Y84.474 E.12056
G1 X89.824 Y84.196 E.00828
G1 X89.708 Y83.957 E.00792
G1 X87.093 Y80.751 E.12325
G1 X86.083 Y79.742 E.04251
G1 X86.894 Y79.109 E.03065
G1 X88.262 Y78.134 E.05004
G1 X89.641 Y77.237 E.049
G1 X90.579 Y76.674 E.03257
G1 X91.501 Y76.155 E.03152
G1 X92.508 Y75.625 E.0339
G1 X93.49 Y75.143 E.03258
G1 X94.042 Y74.899 E.01797
;WIDTH:0.492111
G1 X94.223 Y74.842 E.00626
;WIDTH:0.534223
G1 X94.405 Y74.784 E.00684
;WIDTH:0.576335
G1 X94.586 Y74.727 E.00743
;WIDTH:0.618446
G1 X94.768 Y74.669 E.00802
G1 X95.538 Y74.335 E.03537
;WIDTH:0.608107
G1 X95.646 Y74.27 E.00518
;WIDTH:0.56858
G1 X95.753 Y74.206 E.00482
;WIDTH:0.529053
G1 X95.86 Y74.141 E.00445
;WIDTH:0.489526
G1 X95.967 Y74.077 E.00409
;WIDTH:0.449999
G1 X96.994 Y73.693 E.03265
G1 X98.558 Y73.172 E.0491
G1 X100.144 Y72.717 E.04915
G1 X101.205 Y72.453 E.03258
G1 X102.276 Y72.219 E.03265
G1 X103.352 Y72.015 E.03264
G1 X104.469 Y71.837 E.03369
G1 X105.493 Y71.711 E.03072
G1 X105.493 Y73.168 E.04339
G1 X105.912 Y77.242 E.122
G1 X106.006 Y77.512 E.00852
G1 X106.197 Y77.694 E.00785
G1 X109.71 Y79.72 E.12079
G1 X109.996 Y79.798 E.00884
G1 X110.29 Y79.72 E.00905
G1 X113.799 Y77.696 E.12065
G1 X113.982 Y77.53 E.00737
G1 X114.086 Y77.253 E.00882
G1 X114.507 Y73.168 E.12232
G1 X114.507 Y71.707 E.04352
G1 X116.126 Y71.928 E.04868
G1 X117.711 Y72.216 E.04799
G1 X118.778 Y72.449 E.03252
G1 X120.375 Y72.857 E.0491
G1 X121.422 Y73.165 E.03251
G1 X122.986 Y73.686 E.0491
G1 X124.01 Y74.068 E.03258
G1 X125.024 Y74.479 E.03258
G1 X126.495 Y75.136 E.04798
G1 X127.509 Y75.633 E.03363
G1 X128.928 Y76.393 E.04797
G1 X129.905 Y76.96 E.03363
G1 X131.267 Y77.818 E.04796
G1 X132.2 Y78.453 E.03363
G1 X133.498 Y79.406 E.04796
G1 X133.92 Y79.739 E.01601
G1 X132.867 Y80.795 E.04441
G1 X130.292 Y83.957 E.12148
G1 X130.178 Y84.184 E.00755
G1 X130.181 Y84.474 E.00865
G1 X131.253 Y88.471 E.12327
G1 X131.415 Y88.676 E.00776
G1 X131.64 Y88.794 E.00759
G1 X135.554 Y89.842 E.12068
G1 X135.827 Y89.848 E.00813
G1 X136.07 Y89.731 E.00805
G1 X139.28 Y87.119 E.12328
G1 X140.294 Y86.106 E.04269
G1 X140.615 Y86.511 E.01539
G1 X141.59 Y87.836 E.049
G1 X142.487 Y89.17 E.04788
G1 X143.083 Y90.128 E.03361
G1 X143.884 Y91.524 E.04794
G1 X144.413 Y92.526 E.03375
G1 X145.142 Y94.042 E.05011
;WIDTH:0.494907
G1 X145.186 Y94.2 E.00543
;WIDTH:0.539815
G1 X145.23 Y94.358 E.00597
;WIDTH:0.584723
G1 X145.275 Y94.516 E.00651
;WIDTH:0.62963
G1 X145.319 Y94.674 E.00705
G1 X145.576 Y95.23 E.0263
;WIDTH:0.602256
G1 X145.84 Y95.857 E.02784
;WIDTH:0.57235
G1 X145.952 Y96.085 E.00984
;WIDTH:0.531567
G1 X146.064 Y96.313 E.00908
;WIDTH:0.490783
G1 X146.176 Y96.541 E.00832
;WIDTH:0.449999
G1 X146.703 Y98.05 E.04762
G1 X147.039 Y99.132 E.03374
G1 X147.461 Y100.685 E.04793
G1 X147.717 Y101.783 E.0336
G1 X148.027 Y103.36 E.04787
G1 X148.277 Y104.994 E.04922
G1 X148.336 Y105.498 E.01511
G1 X146.843 Y105.501 E.04446
G1 X142.783 Y105.917 E.12156
G1 X142.527 Y106.008 E.00808
G1 X142.34 Y106.205 E.0081
G1 X140.272 Y109.798 E.12349
G1 X140.241 Y110.077 E.00836
G1 X140.314 Y110.291 E.00673
G1 X142.34 Y113.795 E.12059
G1 X142.516 Y113.985 E.0077
G1 X142.783 Y114.083 E.00849
G1 X146.902 Y114.502 E.12333
G1 X148.335 Y114.502 E.04269
G1 X148.273 Y115.036 E.016
G1 X148.03 Y116.624 E.04787
G1 X147.713 Y118.237 E.04895
G1 X147.403 Y119.54 E.03991
G1 X147.034 Y120.886 E.04157
G1 X146.535 Y122.454 E.049
G1 X146.155 Y123.516 E.0336
G1 X145.56 Y125.009 E.04788
G1 X144.902 Y126.476 E.04788
G1 X144.405 Y127.489 E.03361
G1 X143.645 Y128.907 E.04794
G1 X143.077 Y129.882 E.03361
G1 X142.218 Y131.243 E.04794
G1 X141.582 Y132.175 E.03361
G1 X140.628 Y133.472 E.04794
G1 X140.294 Y133.894 E.01604
G1 X139.236 Y132.842 E.04445
G1 X136.07 Y130.269 E.12151
G1 X135.809 Y130.148 E.00856
G1 X135.554 Y130.158 E.00761
G1 X131.591 Y131.222 E.12222
G1 X131.376 Y131.361 E.00764
G1 X131.23 Y131.616 E.00877
G1 X130.181 Y135.526 E.12056
G1 X130.179 Y135.82 E.00877
G1 X130.292 Y136.043 E.00743
G1 X132.907 Y139.249 E.12325
G1 X133.92 Y140.261 E.04265
G1 X133.516 Y140.581 E.01536
G1 X132.189 Y141.554 E.04902
G1 X130.854 Y142.45 E.0479
G1 X129.895 Y143.046 E.03363
G1 X128.497 Y143.846 E.04797
G1 X127.494 Y144.374 E.03377
G1 X125.803 Y145.177 E.05575
;WIDTH:0.497701
G1 X125.703 Y145.195 E.00339
;WIDTH:0.545403
G1 X125.603 Y145.213 E.00375
;WIDTH:0.593105
G1 X125.502 Y145.231 E.0041
;WIDTH:0.640806
G1 X125.402 Y145.248 E.00446
G1 X124.787 Y145.537 E.02972
;WIDTH:0.621832
G1 X124.195 Y145.759 E.02678
G1 X124.109 Y145.816 E.00436
;WIDTH:0.578874
G1 X124.023 Y145.873 E.00404
;WIDTH:0.535916
G1 X123.938 Y145.93 E.00371
;WIDTH:0.492958
G1 X123.852 Y145.987 E.00339
;WIDTH:0.449999
G1 X123.475 Y146.136 E.01208
G1 X121.964 Y146.663 E.04767
G1 X120.88 Y146.998 E.03378
G1 X119.326 Y147.419 E.04797
G1 X118.226 Y147.675 E.03364
G1 X116.647 Y147.985 E.04792
G1 X115.02 Y148.234 E.04904
G1 X114.507 Y148.293 E.01539
G1 X114.504 Y146.802 E.04441
G1 X114.087 Y142.758 E.12111
G1 X113.994 Y142.488 E.00852
G1 X113.799 Y142.304 E.00798
G1 X110.206 Y140.231 E.12355
G1 X109.942 Y140.205 E.00789
G1 X109.71 Y140.28 E.00727
G1 X106.201 Y142.304 E.12065
G1 X106.005 Y142.489 E.00803
G1 X105.913 Y142.747 E.00817
G1 X105.493 Y146.862 E.1232
G1 X105.493 Y148.293 E.04263
G1 X104.958 Y148.231 E.01604
G1 X103.368 Y147.988 E.04792
G1 X101.753 Y147.671 E.04903
G1 X100.653 Y147.414 E.03363
G1 X99.099 Y146.992 E.04798
G1 X98.02 Y146.657 E.03363
G1 X96.501 Y146.127 E.04792
G1 X95.006 Y145.534 E.04792
G1 X93.972 Y145.081 E.03363
G1 X92.489 Y144.366 E.04902
G1 X91.071 Y143.607 E.04791
G1 X90.095 Y143.04 E.03363
G1 X88.733 Y142.182 E.04796
G1 X87.799 Y141.547 E.03363
G1 X86.501 Y140.594 E.04796
G1 X86.08 Y140.261 E.01601
G1 X87.132 Y139.205 E.04441
G1 X89.708 Y136.043 E.12148
G1 X89.82 Y135.82 E.00743
G1 X89.819 Y135.526 E.00877
G1 X88.77 Y131.616 E.12056
G1 X88.621 Y131.358 E.00889
G1 X88.359 Y131.206 E.00902
G1 X84.446 Y130.158 E.12068
G1 X84.173 Y130.152 E.00813
G1 X83.929 Y130.269 E.00805
G1 X80.719 Y132.881 E.12328
G1 X79.706 Y133.894 E.04269
G1 X79.385 Y133.489 E.01539
G1 X78.41 Y132.164 E.049
G1 X77.513 Y130.83 E.04788
G1 X76.917 Y129.872 E.03361
G1 X76.116 Y128.476 E.04794
G1 X75.587 Y127.474 E.03375
G1 X74.858 Y125.958 E.05011
;WIDTH:0.494907
G1 X74.814 Y125.8 E.00543
;WIDTH:0.539815
G1 X74.769 Y125.642 E.00597
;WIDTH:0.584723
G1 X74.725 Y125.484 E.00651
;WIDTH:0.629631
G1 X74.681 Y125.326 E.00705
G1 X74.423 Y124.77 E.0263
;WIDTH:0.6292
G1 X74.186 Y124.133 E.02918
G1 X74.095 Y123.964 E.0082
;WIDTH:0.5844
G1 X74.005 Y123.796 E.00757
;WIDTH:0.5396
G1 X73.914 Y123.628 E.00695
;WIDTH:0.4948
G1 X73.824 Y123.459 E.00632
;WIDTH:0.449999
G1 X73.296 Y121.95 E.04762
G1 X72.961 Y120.868 E.03376
G1 X72.539 Y119.314 E.04795
G1 X72.282 Y118.214 E.03364
G1 X71.972 Y116.637 E.04789
G1 X71.723 Y115.01 E.04901
G1 X71.664 Y114.502 E.01523
G1 X73.157 Y114.499 E.04447
G1 X77.217 Y114.083 E.12156
G1 X77.494 Y113.978 E.00882
G1 X77.66 Y113.795 E.00735
G1 X79.686 Y110.291 E.12059
G1 X79.713 Y110.191 E.00306
G1 X79.342 Y110.059 F9000
M204 P1000
;TYPE:Outer wall
;WIDTH:0.419999
G1 F5400
G1 X79.328 Y109.916 E.00397
G1 X77.302 Y106.411 E.1117
G1 X77.174 Y106.329 E.00419
G1 X73.106 Y105.911 E.11284
G1 X71.2 Y105.911 E.0526
G1 X71.318 Y104.902 E.02803
G1 X71.564 Y103.297 E.0448
G1 X71.777 Y102.175 E.03152
G1 X72.136 Y100.592 E.04478
G1 X72.561 Y99.026 E.04478
G1 X72.899 Y97.935 E.03152
G1 X73.434 Y96.402 E.0448
G1 X73.849 Y95.337 E.03152
G1 X74.492 Y93.846 E.0448
G1 X74.981 Y92.813 E.03152
G1 X75.745 Y91.339 E.04582
G1 X76.553 Y89.931 E.04479
G1 X77.156 Y88.96 E.03153
G1 X78.083 Y87.582 E.04582
G1 X79.044 Y86.275 E.04479
G1 X79.67 Y85.486 E.02778
G1 X81.024 Y86.837 E.05281
G1 X84.19 Y89.41 E.11256
G1 X84.339 Y89.442 E.00419
G1 X88.285 Y88.386 E.11272
G1 X88.371 Y88.276 E.00383
G1 X89.419 Y84.367 E.11168
G1 X89.387 Y84.218 E.0042
G1 X86.8 Y81.043 E.113
G1 X85.46 Y79.704 E.05229
G1 X86.647 Y78.778 E.04155
G1 X88.029 Y77.792 E.04685
G1 X89.422 Y76.886 E.04584
G1 X90.371 Y76.317 E.03053
G1 X91.303 Y75.792 E.02952
G1 X92.32 Y75.256 E.03173
G1 X93.315 Y74.768 E.03057
G1 X95.022 Y74.012 E.05152
G1 X95.818 Y73.691 E.02366
G1 X96.856 Y73.303 E.03059
G1 X98.435 Y72.777 E.04592
G1 X100.037 Y72.317 E.04597
G1 X101.111 Y72.05 E.03055
G1 X102.193 Y71.813 E.03056
G1 X103.281 Y71.607 E.03056
G1 X104.412 Y71.427 E.03158
G1 X105.907 Y71.244 E.04156
G1 X105.907 Y73.147 E.0525
G1 X106.325 Y77.21 E.11272
G1 X106.406 Y77.337 E.00417
G1 X109.934 Y79.371 E.11234
G1 X110.083 Y79.362 E.00413
G1 X113.592 Y77.338 E.11176
G1 X113.675 Y77.21 E.0042
G1 X114.093 Y73.147 E.11272
G1 X114.093 Y71.243 E.05254
G1 X115.06 Y71.354 E.02686
G1 X116.193 Y71.519 E.03158
G1 X117.792 Y71.81 E.04485
G1 X118.873 Y72.046 E.03053
G1 X120.484 Y72.459 E.04589
G1 X121.545 Y72.771 E.03052
G1 X123.123 Y73.296 E.04588
G1 X124.16 Y73.683 E.03054
G1 X125.186 Y74.099 E.03054
G1 X126.67 Y74.762 E.04485
G1 X127.697 Y75.265 E.03155
G1 X129.13 Y76.031 E.04484
G1 X130.119 Y76.606 E.03156
G1 X131.494 Y77.472 E.04483
G1 X132.439 Y78.116 E.03155
G1 X133.749 Y79.077 E.04483
G1 X134.541 Y79.703 E.02786
G1 X133.188 Y81.056 E.0528
G1 X130.612 Y84.218 E.11253
G1 X130.581 Y84.367 E.0042
G1 X131.637 Y88.305 E.11249
G1 X131.747 Y88.395 E.00392
G1 X135.661 Y89.442 E.11179
G1 X135.81 Y89.41 E.00419
G1 X138.982 Y86.832 E.11279
G1 X140.33 Y85.485 E.05257
G1 X140.944 Y86.26 E.02726
G1 X141.928 Y87.598 E.04584
G1 X142.834 Y88.945 E.0448
G1 X143.438 Y89.916 E.03154
G1 X144.246 Y91.324 E.04482
G1 X144.782 Y92.339 E.03167
G1 X145.484 Y93.793 E.04455
G1 X146.027 Y95.038 E.03746
G1 X146.564 Y96.397 E.04032
G1 X147.096 Y97.921 E.04455
G1 X147.436 Y99.017 E.03166
G1 X147.862 Y100.584 E.0448
G1 X148.122 Y101.696 E.03152
G1 X148.435 Y103.289 E.04479
G1 X148.688 Y104.946 E.04625
G1 X148.8 Y105.911 E.02681
G1 X146.885 Y105.912 E.05284
G1 X142.825 Y106.329 E.11261
G1 X142.698 Y106.411 E.00419
G1 X140.66 Y109.942 E.11247
G1 X140.672 Y110.084 E.00393
G1 X142.698 Y113.589 E.1117
G1 X142.825 Y113.671 E.00419
G1 X146.894 Y114.089 E.11284
G1 X148.8 Y114.089 E.0526
G1 X148.683 Y115.091 E.02785
G1 X148.437 Y116.696 E.04478
G1 X148.117 Y118.325 E.0458
G1 X147.804 Y119.643 E.03739
G1 X147.43 Y121.004 E.03893
G1 X146.927 Y122.586 E.04582
G1 X146.542 Y123.662 E.03153
G1 X145.941 Y125.17 E.04479
G1 X145.277 Y126.652 E.04479
G1 X144.773 Y127.678 E.03154
G1 X144.006 Y129.109 E.04481
G1 X143.431 Y130.097 E.03154
G1 X142.563 Y131.47 E.04482
G1 X141.919 Y132.415 E.03154
G1 X140.957 Y133.723 E.04481
G1 X140.33 Y134.514 E.02786
G1 X138.975 Y133.163 E.05281
G1 X135.81 Y130.59 E.11256
G1 X135.661 Y130.558 E.00419
G1 X131.733 Y131.61 E.1122
G1 X131.629 Y131.724 E.00425
G1 X130.581 Y135.633 E.11168
G1 X130.612 Y135.782 E.0042
G1 X133.193 Y138.951 E.11277
G1 X134.541 Y140.297 E.05257
G1 X133.767 Y140.91 E.02726
G1 X132.427 Y141.893 E.04585
G1 X131.078 Y142.798 E.04481
G1 X130.107 Y143.401 E.03156
G1 X128.696 Y144.209 E.04484
G1 X127.68 Y144.744 E.03169
G1 X126.225 Y145.445 E.04458
G1 X124.979 Y145.987 E.03749
G1 X123.619 Y146.523 E.04034
G1 X122.093 Y147.056 E.04459
G1 X120.995 Y147.395 E.03169
G1 X119.427 Y147.82 E.04484
G1 X118.313 Y148.08 E.03156
G1 X116.718 Y148.393 E.04483
G1 X115.075 Y148.644 E.04587
G1 X114.093 Y148.758 E.02727
G1 X114.092 Y146.845 E.05278
G1 X113.675 Y142.79 E.11248
G1 X113.594 Y142.663 E.00415
G1 X110.056 Y140.622 E.11269
G1 X109.916 Y140.638 E.00387
G1 X106.408 Y142.662 E.11176
G1 X106.325 Y142.79 E.0042
G1 X105.907 Y146.853 E.11272
G1 X105.907 Y148.757 E.05254
G1 X104.903 Y148.641 E.02788
G1 X103.297 Y148.395 E.04483
G1 X101.666 Y148.075 E.04586
G1 X100.552 Y147.815 E.03156
G1 X98.983 Y147.389 E.04485
G1 X97.891 Y147.05 E.03156
G1 X96.357 Y146.515 E.04483
G1 X94.847 Y145.915 E.04483
G1 X93.799 Y145.456 E.03155
G1 X92.302 Y144.735 E.04586
G1 X90.87 Y143.969 E.04482
G1 X89.881 Y143.394 E.03156
G1 X88.506 Y142.528 E.04483
G1 X87.561 Y141.884 E.03155
G1 X86.251 Y140.923 E.04483
G1 X85.459 Y140.297 E.02786
G1 X86.812 Y138.944 E.0528
G1 X89.387 Y135.782 E.11253
G1 X89.419 Y135.633 E.0042
G1 X88.367 Y131.709 E.1121
G1 X88.252 Y131.605 E.00425
G1 X84.339 Y130.558 E.11179
G1 X84.19 Y130.59 E.00419
G1 X81.018 Y133.168 E.11279
G1 X79.67 Y134.515 E.05257
G1 X79.056 Y133.74 E.02726
G1 X78.072 Y132.402 E.04584
G1 X77.166 Y131.055 E.0448
G1 X76.562 Y130.084 E.03154
G1 X75.753 Y128.676 E.04482
G1 X75.218 Y127.661 E.03167
G1 X74.516 Y126.207 E.04455
G1 X73.973 Y124.962 E.03746
G1 X73.436 Y123.603 E.04032
G1 X72.903 Y122.079 E.04455
G1 X72.564 Y120.983 E.03167
G1 X72.138 Y119.415 E.04482
G1 X71.878 Y118.301 E.03156
G1 X71.564 Y116.708 E.04481
G1 X71.313 Y115.065 E.04585
G1 X71.2 Y114.089 E.02712
G1 X73.115 Y114.088 E.05284
G1 X77.174 Y113.671 E.11261
G1 X77.302 Y113.589 E.00419
G1 X79.322 Y110.094 E.11137
G1 E-.7 F2400
;WIPE_START
G1 F5400
G1 X79.328 Y109.916 E-.05333
G1 X78.916 Y109.205 E-.24667
;WIPE_END
G17
G3 Z1.6 I.272 J1.186 P1  F9000
G1 X140.033 Y95.203 Z1.6
G1 Z1.2
G1 E1 F2700
M204 P2000
;TYPE:Inner wall
;WIDTH:0.449999
G1 F7200
G1 X140.068 Y95.13 E.00243
G1 X140.374 Y94.72 E.01523
G1 X140.8 Y94.338 E.01706
G1 X141.234 Y94.074 E.01511
G1 X141.782 Y93.88 E.01734
G1 X142.35 Y93.802 E.01706
G1 X142.865 Y93.833 E.01539
G1 X143.427 Y93.981 E.01729
G1 X143.939 Y94.237 E.01707
G1 X144.346 Y94.555 E.01538
;WIDTH:0.494907
G1 X144.459 Y94.651 E.00492
;WIDTH:0.539815
G1 X144.572 Y94.748 E.00541
;WIDTH:0.584723
G1 X144.685 Y94.845 E.0059
;WIDTH:0.62963
G1 X144.798 Y94.941 E.00639
G1 X145.047 Y95.411 E.02282
;WIDTH:0.616969
G1 X145.232 Y95.93 E.02312
G1 X145.229 Y96.107 E.00745
;WIDTH:0.575227
G1 X145.225 Y96.284 E.00691
;WIDTH:0.533484
G1 X145.221 Y96.462 E.00637
;WIDTH:0.491742
G1 X145.218 Y96.639 E.00582
;WIDTH:0.449999
G1 X145.086 Y97.423 E.02369
G1 X144.862 Y97.921 E.01626
G1 X144.729 Y98.151 E.00793
G1 X144.356 Y98.587 E.0171
G1 X143.712 Y99.043 E.02349
G1 X143.05 Y99.284 E.02097
G1 X142.297 Y99.34 E.02251
G1 X141.67 Y99.243 E.0189
G1 X141.167 Y99.043 E.01612
G1 X140.691 Y98.732 E.01692
G1 X140.323 Y98.372 E.01534
G1 X140.027 Y97.949 E.01539
G1 X139.799 Y97.429 E.01692
G1 X139.678 Y96.855 E.01745
G1 X139.674 Y96.34 E.01534
G1 X139.776 Y95.83 E.0155
G1 X139.845 Y95.592 E.00737
G1 X140.015 Y95.239 E.01167
G1 X140.404 Y95.383 F9000
M204 P1000
;TYPE:Outer wall
;WIDTH:0.419999
G1 F5400
G1 X140.423 Y95.343 E.00123
G1 X140.694 Y94.983 E.01242
G1 X141.016 Y94.69 E.01201
G1 X141.437 Y94.436 E.01357
G1 X141.847 Y94.289 E.01202
G1 X142.457 Y94.22 E.01695
G1 X142.769 Y94.235 E.0086
G1 X143.249 Y94.354 E.01364
G1 X143.692 Y94.569 E.01358
G1 X144.039 Y94.832 E.01202
G1 X144.366 Y95.199 E.01357
G1 X144.591 Y95.59 E.01245
G1 X144.748 Y96.048 E.01336
G1 X144.806 Y96.677 E.01742
G1 X144.68 Y97.342 E.01869
G1 X144.437 Y97.848 E.01548
G1 X144.066 Y98.29 E.01594
G1 X143.482 Y98.699 E.01966
G1 X142.921 Y98.891 E.01638
G1 X142.278 Y98.927 E.01776
G1 X141.753 Y98.838 E.01468
G1 X141.252 Y98.614 E.01515
G1 X140.819 Y98.287 E.01497
G1 X140.599 Y98.059 E.00876
G1 X140.354 Y97.689 E.01222
G1 X140.178 Y97.265 E.01267
G1 X140.083 Y96.77 E.0139
G1 X140.091 Y96.311 E.01267
G1 X140.206 Y95.805 E.0143
G1 X140.387 Y95.419 E.01178
G1 E-.7 F2400
;WIPE_START
G1 F5400
G1 X140.423 Y95.343 E-.02534
G1 X140.694 Y94.983 E-.13503
G1 X141.016 Y94.69 E-.1306
G1 X141.042 Y94.675 E-.00903
;WIPE_END
G17
G3 Z1.6 I-.163 J-1.206 P1  F9000
G1 X130.016 Y96.163 Z1.6
G1 Z1.2
G1 E1 F2700
M204 P2000
;TYPE:Inner wall
;WIDTH:0.449999
G1 F7200
G1 X130.487 Y96.875 E.02542
G1 X131.263 Y98.162 E.04476
G1 X131.847 Y99.274 E.03741
G1 X132.372 Y100.415 E.03741
G1 X132.823 Y101.546 E.03627
G1 X133.231 Y102.738 E.03753
G1 X133.552 Y103.864 E.03486
G1 X133.861 Y105.183 E.04038
G1 X134.083 Y106.455 E.03844
G1 X134.232 Y107.686 E.03696
G1 X134.319 Y108.939 E.0374
G1 X134.342 Y109.781 E.0251
G1 X134.321 Y111.031 E.03725
G1 X134.234 Y112.299 E.03785
G1 X134.083 Y113.545 E.0374
G1 X133.87 Y114.768 E.03696
G1 X133.592 Y115.992 E.0374
G1 X133.247 Y117.215 E.03785
G1 X132.901 Y118.232 E.03198
G1 X132.539 Y119.186 E.03039
G1 X132.041 Y120.321 E.03694
G1 X131.478 Y121.444 E.03741
G1 X130.858 Y122.536 E.03741
G1 X130.333 Y123.368 E.0293
G1 X129.693 Y124.294 E.03353
G1 X128.938 Y125.278 E.03695
G1 X128.341 Y125.978 E.02741
G1 X127.26 Y127.147 E.04742
G1 X126.351 Y128.014 E.03742
G1 X125.387 Y128.843 E.03786
G1 X124.405 Y129.602 E.03698
G1 X123.716 Y130.089 E.02511
G1 X122.66 Y130.77 E.03744
G1 X121.821 Y131.256 E.02889
G1 X120.829 Y131.778 E.03336
G1 X119.503 Y132.383 E.04342
G1 X118.525 Y132.776 E.03141
G1 X117.745 Y133.05 E.02463
G1 X116.532 Y133.425 E.03781
G1 X115.3 Y133.734 E.03785
G1 X114.066 Y133.975 E.03744
G1 X112.822 Y134.153 E.03744
G1 X111.613 Y134.262 E.03616
G1 X110.329 Y134.314 E.03827
G1 X109.072 Y134.299 E.03744
G1 X107.788 Y134.216 E.03833
G1 X106.554 Y134.072 E.037
G1 X105.33 Y133.865 E.03699
G1 X104.103 Y133.592 E.03743
G1 X103.288 Y133.374 E.02512
G1 X102.095 Y132.999 E.03728
G1 X100.917 Y132.56 E.03744
G1 X99.778 Y132.068 E.03694
G1 X98.876 Y131.629 E.02991
G1 X97.901 Y131.101 E.03302
G1 X96.815 Y130.441 E.03784
G1 X95.777 Y129.734 E.03743
G1 X94.776 Y128.975 E.03743
G1 X93.982 Y128.305 E.03092
G1 X93.111 Y127.511 E.0351
G1 X92.312 Y126.707 E.03378
G1 X91.473 Y125.773 E.03741
G1 X90.682 Y124.797 E.03742
G1 X89.952 Y123.793 E.03697
G1 X89.254 Y122.722 E.03808
G1 X88.635 Y121.655 E.03675
G1 X88.062 Y120.538 E.03741
G1 X87.788 Y119.944 E.01947
G1 X87.236 Y118.614 E.04288
G1 X86.821 Y117.429 E.0374
G1 X86.468 Y116.224 E.03741
G1 X86.175 Y114.988 E.03785
G1 X85.951 Y113.767 E.03695
G1 X85.818 Y112.789 E.0294
G1 X85.716 Y111.687 E.03298
G1 X85.661 Y110.434 E.03737
G1 X85.671 Y109.178 E.0374
G1 X85.746 Y107.916 E.03767
G1 X85.887 Y106.662 E.03759
G1 X86.09 Y105.438 E.03696
G1 X86.357 Y104.211 E.0374
G1 X86.612 Y103.257 E.0294
G1 X86.943 Y102.201 E.03299
G1 X87.383 Y101.008 E.03787
G1 X87.877 Y99.855 E.03735
G1 X88.424 Y98.741 E.03696
G1 X89.034 Y97.644 E.03741
G1 X89.573 Y96.783 E.03024
G1 X90.184 Y95.876 E.03257
G1 X90.94 Y94.873 E.03741
G1 X91.675 Y93.997 E.03406
G1 X92.593 Y93.002 E.04033
G1 X93.494 Y92.127 E.03742
G1 X94.131 Y91.56 E.02542
G1 X95.105 Y90.766 E.03741
G1 X96.107 Y90.033 E.03698
G1 X96.839 Y89.552 E.02609
G1 X98.168 Y88.746 E.04631
G1 X99.268 Y88.177 E.03689
G1 X100.502 Y87.611 E.04043
G1 X101.682 Y87.147 E.03777
G1 X102.858 Y86.754 E.03693
G1 X104.074 Y86.415 E.0376
G1 X104.907 Y86.221 E.02549
G1 X106.14 Y85.991 E.03736
G1 X107.371 Y85.826 E.03699
G1 X108.358 Y85.744 E.0295
G1 X109.599 Y85.687 E.037
G1 X110.573 Y85.693 E.029
G1 X111.957 Y85.761 E.04129
G1 X113.238 Y85.899 E.03837
G1 X114.464 Y86.096 E.03699
G1 X115.183 Y86.243 E.02185
G1 X116.505 Y86.568 E.04055
G1 X117.707 Y86.934 E.03744
G1 X118.893 Y87.364 E.03758
G1 X120.046 Y87.851 E.03729
G1 X121.177 Y88.398 E.03743
G1 X121.92 Y88.798 E.02512
G1 X123.008 Y89.446 E.03772
G1 X124.053 Y90.144 E.03743
G1 X125.06 Y90.895 E.03743
G1 X126.015 Y91.688 E.03698
G1 X126.94 Y92.538 E.03742
G1 X127.82 Y93.435 E.03742
G1 X128.658 Y94.381 E.03764
G1 X129.435 Y95.358 E.03719
G1 X129.993 Y96.131 E.02839
G1 X129.671 Y96.391 F9000
M204 P1000
;TYPE:Outer wall
;WIDTH:0.419999
G1 F5400
G1 X130.142 Y97.103 E.02355
G1 X130.907 Y98.373 E.0409
G1 X131.48 Y99.466 E.03407
G1 X131.996 Y100.588 E.03406
G1 X132.439 Y101.699 E.03301
G1 X132.839 Y102.871 E.03417
G1 X133.154 Y103.976 E.0317
G1 X133.456 Y105.268 E.0366
G1 X133.673 Y106.515 E.03493
G1 X133.821 Y107.736 E.03394
G1 X133.907 Y108.967 E.03405
G1 X133.928 Y109.792 E.02276
G1 X133.907 Y111.024 E.03401
G1 X133.822 Y112.26 E.03418
G1 X133.673 Y113.485 E.03406
G1 X133.462 Y114.697 E.03394
G1 X133.188 Y115.9 E.03406
G1 X132.851 Y117.092 E.03418
G1 X132.51 Y118.099 E.02933
G1 X132.156 Y119.029 E.02745
G1 X131.662 Y120.155 E.03394
G1 X131.109 Y121.258 E.03406
G1 X130.499 Y122.332 E.03406
G1 X129.987 Y123.142 E.02645
G1 X129.359 Y124.05 E.03046
G1 X128.61 Y125.026 E.03395
G1 X128.027 Y125.71 E.0248
G1 X126.96 Y126.863 E.04334
G1 X126.066 Y127.715 E.03408
G1 X125.126 Y128.522 E.0342
G1 X124.152 Y129.275 E.03396
G1 X123.478 Y129.751 E.02277
G1 X122.439 Y130.42 E.03408
G1 X121.613 Y130.899 E.02635
G1 X120.637 Y131.412 E.03043
G1 X119.349 Y131.999 E.03906
G1 X118.371 Y132.393 E.02909
G1 X117.608 Y132.659 E.02228
G1 X116.412 Y133.029 E.03455
G1 X115.21 Y133.33 E.0342
G1 X113.997 Y133.567 E.03409
G1 X112.774 Y133.742 E.03409
G1 X111.576 Y133.851 E.0332
G1 X110.313 Y133.901 E.03487
G1 X109.078 Y133.885 E.03409
G1 X107.843 Y133.806 E.03413
G1 X106.613 Y133.663 E.03417
G1 X105.399 Y133.457 E.03397
G1 X104.193 Y133.189 E.03409
G1 X103.396 Y132.975 E.02278
G1 X102.219 Y132.604 E.03404
G1 X101.061 Y132.173 E.03409
G1 X99.943 Y131.689 E.03363
G1 X99.065 Y131.261 E.02694
G1 X98.098 Y130.737 E.03034
G1 X97.039 Y130.094 E.03419
G1 X96.018 Y129.398 E.03408
G1 X95.034 Y128.652 E.03408
G1 X94.249 Y127.989 E.02835
G1 X93.392 Y127.208 E.03198
G1 X92.613 Y126.423 E.03054
G1 X91.787 Y125.504 E.03407
G1 X91.01 Y124.545 E.03407
G1 X90.287 Y123.55 E.03395
G1 X89.515 Y122.347 E.03942
G1 X88.992 Y121.446 E.02875
G1 X88.43 Y120.349 E.03401
G1 X88.164 Y119.771 E.01755
G1 X87.619 Y118.458 E.03923
G1 X87.212 Y117.293 E.03406
G1 X86.865 Y116.108 E.03406
G1 X86.579 Y114.903 E.03418
G1 X86.358 Y113.693 E.03394
G1 X86.229 Y112.742 E.02646
G1 X86.128 Y111.649 E.03031
G1 X86.074 Y110.413 E.03411
G1 X86.085 Y109.182 E.03399
G1 X86.159 Y107.947 E.03413
G1 X86.297 Y106.719 E.03411
G1 X86.498 Y105.505 E.03394
G1 X86.761 Y104.299 E.03406
G1 X87.01 Y103.373 E.02647
G1 X87.338 Y102.324 E.03031
G1 X87.765 Y101.165 E.0341
G1 X88.253 Y100.028 E.03413
G1 X88.795 Y98.923 E.03394
G1 X89.396 Y97.845 E.03407
G1 X89.923 Y97.003 E.02742
G1 X90.521 Y96.117 E.02948
G1 X91.264 Y95.131 E.03406
G1 X91.992 Y94.263 E.03125
G1 X92.895 Y93.284 E.03677
G1 X93.782 Y92.424 E.03407
G1 X94.401 Y91.874 E.02285
G1 X95.358 Y91.094 E.03407
G1 X96.351 Y90.367 E.03396
G1 X97.065 Y89.898 E.02358
G1 X98.37 Y89.106 E.04211
G1 X99.458 Y88.544 E.03379
G1 X100.672 Y87.988 E.03686
G1 X101.825 Y87.535 E.03418
G1 X102.989 Y87.146 E.03384
G1 X104.184 Y86.814 E.03425
G1 X104.992 Y86.626 E.02288
G1 X106.206 Y86.399 E.03407
G1 X107.426 Y86.236 E.03397
G1 X108.392 Y86.156 E.02674
G1 X109.614 Y86.101 E.03374
G1 X110.57 Y86.107 E.02639
G1 X111.926 Y86.174 E.03745
G1 X113.183 Y86.309 E.03488
G1 X114.398 Y86.504 E.03397
G1 X115.1 Y86.648 E.01975
G1 X116.404 Y86.969 E.03707
G1 X117.586 Y87.33 E.03409
G1 X118.747 Y87.751 E.03409
G1 X119.885 Y88.232 E.03409
G1 X120.997 Y88.771 E.03408
G1 X121.723 Y89.162 E.02277
G1 X122.787 Y89.796 E.03416
G1 X123.814 Y90.482 E.03408
G1 X124.804 Y91.22 E.03408
G1 X125.752 Y92.006 E.03396
G1 X126.66 Y92.842 E.03408
G1 X127.525 Y93.724 E.03407
G1 X128.344 Y94.651 E.03413
G1 X129.111 Y95.616 E.03401
G1 X129.648 Y96.359 E.02529
G1 E-.7 F2400
;WIPE_START
G1 F5400
G1 X130.142 Y97.103 E-.26801
G1 X130.197 Y97.195 E-.03199
;WIPE_END
G17
G3 Z1.6 I.541 J-1.09 P1  F9000
G1 X96.212 Y80.324 Z1.6
G1 Z1.2
G1 E1 F2700
M204 P2000
;TYPE:Inner wall
;WIDTH:0.449999
G1 F7200
G1 X95.995 Y80.308 E.00648
G1 X95.305 Y80.067 E.02179
G1 X94.755 Y79.701 E.01969
G1 X94.291 Y79.191 E.02052
G1 X93.936 Y78.492 E.02335
G1 X93.793 Y77.81 E.02077
G1 X93.809 Y77.219 E.0176
G1 X93.925 Y76.716 E.01538
G1 X94.162 Y76.195 E.01705
G1 X94.461 Y75.775 E.01536
;WIDTH:0.490105
G1 X94.606 Y75.617 E.00701
;WIDTH:0.530211
G1 X94.75 Y75.458 E.00764
;WIDTH:0.570316
G1 X94.894 Y75.299 E.00827
;WIDTH:0.618446
G1 X95.015 Y75.189 E.00689
G1 X95.53 Y74.936 E.02417
;WIDTH:0.608107
G1 X95.699 Y74.874 E.00745
G1 X95.858 Y74.863 E.00658
;WIDTH:0.56858
G1 X96.016 Y74.852 E.00612
;WIDTH:0.529053
G1 X96.175 Y74.84 E.00566
;WIDTH:0.489526
G1 X96.334 Y74.829 E.0052
;WIDTH:0.449999
G1 X96.872 Y74.834 E.01603
G1 X97.432 Y74.957 E.01707
G1 X97.961 Y75.195 E.01729
G1 X98.381 Y75.495 E.01538
G1 X98.773 Y75.912 E.01705
G1 X99.047 Y76.35 E.01538
G1 X99.248 Y76.886 E.01705
G1 X99.333 Y77.394 E.01536
G1 X99.318 Y77.943 E.01636
G1 X99.209 Y78.442 E.0152
G1 X99.012 Y78.906 E.01503
G1 X98.763 Y79.284 E.01348
G1 X98.368 Y79.7 E.01709
G1 X97.818 Y80.068 E.01971
G1 X97.269 Y80.278 E.01749
G1 X96.76 Y80.362 E.01537
G1 X96.252 Y80.327 E.01517
G1 X96.242 Y79.916 F9000
M204 P1000
;TYPE:Outer wall
;WIDTH:0.419999
G1 F5400
G1 X96.033 Y79.897 E.00579
G1 X95.453 Y79.681 E.01708
G1 X94.993 Y79.363 E.01542
G1 X94.604 Y78.92 E.01625
G1 X94.309 Y78.314 E.0186
G1 X94.2 Y77.737 E.01622
G1 X94.227 Y77.208 E.0146
G1 X94.337 Y76.787 E.01201
G1 X94.573 Y76.316 E.01454
G1 X94.816 Y75.997 E.01107
G1 X95.206 Y75.656 E.01429
G1 X95.674 Y75.412 E.01454
G1 X96.453 Y75.231 E.02209
G1 X96.959 Y75.269 E.01398
G1 X97.368 Y75.37 E.01164
G1 X97.937 Y75.679 E.01785
G1 X98.158 Y75.848 E.0077
G1 X98.485 Y76.215 E.01357
G1 X98.705 Y76.591 E.01202
G1 X98.866 Y77.056 E.01356
G1 X98.926 Y77.482 E.01188
G1 X98.913 Y77.858 E.01037
G1 X98.81 Y78.33 E.01335
G1 X98.544 Y78.878 E.0168
G1 X98.072 Y79.411 E.01965
G1 X97.597 Y79.718 E.01559
G1 X97.117 Y79.892 E.01409
G1 X96.662 Y79.954 E.01268
G1 X96.282 Y79.919 E.01053
G1 E-.7 F2400
;WIPE_START
G1 F5400
G1 X96.033 Y79.897 E-.07494
G1 X95.453 Y79.681 E-.18575
G1 X95.345 Y79.606 E-.03931
;WIPE_END
G17
G3 Z1.6 I-1.149 J-.4 P1  F9000
G1 X79.357 Y125.53 Z1.6
G1 Z1.2
G1 E1 F2700
M204 P2000
;TYPE:Inner wall
;WIDTH:0.449999
G1 F7200
G1 X79.29 Y125.594 E.00274
G1 X78.808 Y125.902 E.01706
G1 X78.276 Y126.104 E.01695
G1 X77.722 Y126.195 E.01671
G1 X77.207 Y126.177 E.01537
G1 X76.663 Y126.053 E.01659
G1 X76.288 Y125.89 E.01218
G1 X75.763 Y125.54 E.01882
;WIDTH:0.48874
G1 X75.61 Y125.407 E.0066
;WIDTH:0.52748
G1 X75.456 Y125.275 E.00717
;WIDTH:0.56622
G1 X75.303 Y125.143 E.00775
;WIDTH:0.597926
G1 X75.252 Y125.101 E.00268
;WIDTH:0.629631
G1 X75.202 Y125.059 E.00284
G1 X74.953 Y124.589 E.02282
;WIDTH:0.6292
G1 X74.751 Y123.998 E.02678
G1 X74.758 Y123.839 E.00684
;WIDTH:0.5844
G1 X74.766 Y123.68 E.00632
;WIDTH:0.5396
G1 X74.774 Y123.52 E.00579
;WIDTH:0.4948
G1 X74.782 Y123.361 E.00527
;WIDTH:0.449999
G1 X74.914 Y122.577 E.02369
G1 X75.137 Y122.079 E.01626
G1 X75.271 Y121.849 E.00793
G1 X75.644 Y121.413 E.0171
G1 X76.288 Y120.957 E.0235
G1 X76.787 Y120.756 E.01603
G1 X77.351 Y120.655 E.01706
G1 X77.868 Y120.664 E.01538
G1 X78.427 Y120.787 E.01705
G1 X78.917 Y121.001 E.01595
G1 X79.395 Y121.341 E.01747
G1 X79.682 Y121.634 E.01221
G1 X79.974 Y122.052 E.01518
G1 X80.203 Y122.577 E.01706
G1 X80.322 Y123.145 E.01729
G1 X80.319 Y123.725 E.01729
G1 X80.196 Y124.293 E.01729
G1 X79.957 Y124.822 E.01728
G1 X79.657 Y125.242 E.01537
G1 X79.386 Y125.502 E.01122
G1 X79.071 Y125.231 F9000
M204 P1000
;TYPE:Outer wall
;WIDTH:0.419999
G1 F5400
G1 X78.984 Y125.31 E.00324
G1 X78.56 Y125.565 E.01364
G1 X78.098 Y125.725 E.01351
G1 X77.728 Y125.782 E.01033
G1 X77.292 Y125.773 E.01201
G1 X76.816 Y125.669 E.01344
G1 X76.518 Y125.546 E.00891
G1 X75.992 Y125.196 E.01743
G1 X75.653 Y124.827 E.01381
G1 X75.409 Y124.41 E.01335
G1 X75.252 Y123.952 E.01336
G1 X75.194 Y123.323 E.01742
G1 X75.319 Y122.658 E.01869
G1 X75.563 Y122.152 E.01548
G1 X75.934 Y121.71 E.01595
G1 X76.518 Y121.301 E.01966
G1 X76.962 Y121.135 E.01308
G1 X77.449 Y121.062 E.01357
G1 X77.884 Y121.082 E.01202
G1 X78.359 Y121.199 E.01351
G1 X78.702 Y121.354 E.01039
G1 X79.1 Y121.63 E.01336
G1 X79.387 Y121.923 E.01131
G1 X79.645 Y122.311 E.01286
G1 X79.831 Y122.769 E.01363
G1 X79.918 Y123.255 E.01364
G1 X79.901 Y123.749 E.01364
G1 X79.782 Y124.229 E.01364
G1 X79.567 Y124.672 E.01357
G1 X79.306 Y125.017 E.01195
G1 X79.1 Y125.204 E.00767
G1 E-.7 F2400
;WIPE_START
G1 F5400
G1 X78.984 Y125.31 E-.04721
G1 X78.56 Y125.565 E-.14828
G1 X78.231 Y125.679 E-.1045
;WIPE_END
G17
G3 Z1.6 I-.356 J1.164 P1  F9000
G1 X124.417 Y139.817 Z1.6
G1 Z1.2
G1 E1 F2700
M204 P2000
;TYPE:Inner wall
;WIDTH:0.449999
G1 F7200
G1 X124.772 Y139.969 E.01149
G1 X125.245 Y140.299 E.01719
G1 X125.708 Y140.809 E.02052
G1 X126.064 Y141.508 E.02335
G1 X126.207 Y142.19 E.02077
G1 X126.191 Y142.781 E.0176
G1 X126.075 Y143.284 E.01538
G1 X125.838 Y143.805 E.01705
G1 X125.538 Y144.225 E.01536
;WIDTH:0.478689
G1 X125.401 Y144.381 E.00663
;WIDTH:0.507378
G1 X125.264 Y144.538 E.00707
;WIDTH:0.551854
G1 X125.217 Y144.599 E.0029
;WIDTH:0.59633
G1 X125.169 Y144.661 E.00315
;WIDTH:0.640806
G1 X125.121 Y144.722 E.0034
G1 X124.646 Y144.992 E.02391
;WIDTH:0.609367
G1 X124.172 Y145.166 E.02094
;WIDTH:0.621832
G1 X124.047 Y145.204 E.00551
G1 X123.92 Y145.198 E.0054
;WIDTH:0.578874
G1 X123.793 Y145.193 E.005
;WIDTH:0.535916
G1 X123.666 Y145.188 E.0046
;WIDTH:0.492958
G1 X123.538 Y145.182 E.0042
;WIDTH:0.449999
G1 X123.088 Y145.161 E.01343
G1 X122.537 Y145.033 E.01683
G1 X122.161 Y144.873 E.01219
G1 X121.631 Y144.514 E.01906
G1 X121.116 Y143.927 E.02327
G1 X120.762 Y143.143 E.02562
G1 X120.666 Y142.606 E.01626
G1 X120.682 Y142.057 E.01636
G1 X120.79 Y141.558 E.0152
G1 X120.988 Y141.093 E.01505
G1 X121.329 Y140.601 E.01782
G1 X121.727 Y140.235 E.0161
G1 X121.959 Y140.059 E.0087
G1 X122.444 Y139.816 E.01616
G1 X123.21 Y139.643 E.02339
G1 X123.748 Y139.648 E.01603
G1 X124.307 Y139.77 E.01705
G1 X124.38 Y139.802 E.00237
G1 X124.257 Y140.19 F9000
M204 P1000
;TYPE:Outer wall
;WIDTH:0.419999
G1 F5400
G1 X124.584 Y140.339 E.00989
G1 X125.007 Y140.637 E.01429
G1 X125.395 Y141.08 E.01625
G1 X125.69 Y141.686 E.0186
G1 X125.8 Y142.263 E.01622
G1 X125.773 Y142.792 E.0146
G1 X125.663 Y143.213 E.01201
G1 X125.448 Y143.655 E.01356
G1 X125.031 Y144.149 E.01782
G1 X124.475 Y144.532 E.01864
G1 X123.976 Y144.709 E.01461
G1 X123.549 Y144.769 E.01189
G1 X123.173 Y144.756 E.01038
G1 X122.7 Y144.653 E.01336
G1 X122.323 Y144.492 E.01129
G1 X121.869 Y144.177 E.01526
G1 X121.434 Y143.662 E.01859
G1 X121.144 Y142.984 E.02034
G1 X121.074 Y142.507 E.01331
G1 X121.086 Y142.142 E.01007
G1 X121.189 Y141.67 E.01335
G1 X121.364 Y141.269 E.01206
G1 X121.668 Y140.838 E.01456
G1 X122.11 Y140.451 E.01618
G1 X122.629 Y140.186 E.0161
G1 X123.291 Y140.048 E.01864
G1 X123.845 Y140.085 E.01532
G1 X124.219 Y140.177 E.01066
G1 E-.7 F2400
;WIPE_START
G1 F5400
G1 X124.584 Y140.339 E-.11945
G1 X125.007 Y140.637 E-.15534
G1 X125.062 Y140.7 E-.02521
;WIPE_END
G1 Z1.6 F9000
G1 X115.008 Y144.643
G1 Z1.6
G1 Z1.2
G1 E1 F2700
M204 P2500
;TYPE:Sparse infill
;WIDTH:0.45
G1 F10800
G1 X115.175 Y146.263 E.0485
G1 X116.228 Y147.316 E.04437
G1 X118.074 Y146.968 E.05595
G1 X119.149 Y146.718 E.03287
G1 X120.679 Y146.303 E.04721
G1 X121.255 Y146.125 E.01796
G1 X112.039 Y136.909 E.38822
G1 X113.134 Y136.805 E.03276
G1 X114.515 Y136.607 E.04155
G1 X115.884 Y136.339 E.04155
G1 X117.323 Y135.976 E.04422
G1 X121.139 Y139.792 E.16076
G1 X121.548 Y139.461 E.01568
G1 X122.237 Y139.114 E.02297
G1 X123.095 Y138.928 E.02613
G1 X123.344 Y138.908 E.00745
G1 X123.875 Y138.934 E.01585
G1 X124.64 Y139.12 E.02345
G1 X125.125 Y139.336 E.0158
G1 X125.734 Y139.764 E.0222
G1 X126.233 Y140.311 E.02204
G1 X126.474 Y140.689 E.01336
G1 X126.69 Y141.14 E.01489
G1 X126.817 Y141.494 E.01119
G1 X126.924 Y142.096 E.01821
G1 X126.939 Y142.341 E.00733
G1 X126.885 Y143.035 E.02074
G1 X126.707 Y143.663 E.01942
G1 X126.53 Y144.034 E.01226
G1 X127.172 Y143.726 E.02122
G1 X128.144 Y143.215 E.0327
G1 X129.811 Y142.247 E.05744
G1 X121.827 Y134.262 E.33634
G1 X122.829 Y133.75 E.03352
G1 X123.643 Y133.293 E.02782
G1 X124.773 Y132.594 E.03955
G1 X125.725 Y131.943 E.03437
G1 X129.437 Y135.654 E.15634
G1 X129.474 Y135.369 E.00857
G1 X130.54 Y131.396 E.12255
G1 X130.686 Y131.076 E.01045
G1 X130.858 Y130.858 E.00828
G1 X129.093 Y129.093 E.07438
G1 X129.79 Y128.371 E.0299
G1 X130.711 Y127.329 E.04142
G1 X131.298 Y126.603 E.02779
G1 X131.95 Y125.732 E.03241
G1 X135.64 Y129.423 E.15547
G1 X135.734 Y129.412 E.00282
G1 X136.054 Y129.461 E.00962
G1 X136.319 Y129.569 E.00853
G1 X136.509 Y129.693 E.00677
G1 X137.05 Y130.133 E.02076
G1 X131.028 Y126.586 F9000
;TYPE:Internal solid infill
;WIDTH:0.445067
G1 F10800
G1 X128.26 Y129.354 E.11518
G1 X127.872 Y129.713 E.01557
G1 X127.182 Y130.316 E.02696
G1 X126.471 Y130.894 E.02696
G1 X125.237 Y131.808 E.04518
G1 X131.85 Y125.195 E.27518
G1 X132.284 Y124.553 E.02281
G1 X132.882 Y123.594 E.03326
G1 X123.634 Y132.842 E.38483
G1 X122.347 Y133.56 E.04339
G1 X133.601 Y122.306 E.46833
G1 X134.154 Y121.184 E.03681
G1 X121.224 Y134.115 E.53811
G1 X120.208 Y134.562 E.03265
G1 X134.599 Y120.171 E.59889
G1 X134.967 Y119.234 E.02962
G1 X130.517 Y123.684 E.18519
G1 X131.144 Y122.702 E.03428
G1 X131.426 Y122.206 E.01679
G1 X135.275 Y118.358 E.16016
G1 X135.534 Y117.53 E.02553
G1 X132.079 Y120.985 E.1438
G1 X132.33 Y120.484 E.01651
G1 X132.58 Y119.915 E.01828
G1 X135.753 Y116.742 E.13204
G1 X135.764 Y116.7 E.00127
G1 X135.719 Y116.656 E.00187
G1 X135.868 Y116.059 E.0181
G1 X132.694 Y119.232 E.13207
G1 E-.77778 F2400
;WIPE_START
G1 F10800
G1 X133.401 Y118.525 E-.22222
;WIPE_END
G17
G3 Z1.6 I-.951 J-.759 P1  F9000
G1 X124.395 Y129.806 Z1.6
G1 Z1.2
G1 E1 F2700
G1 F10800
G1 X119.271 Y134.93 E.21322
G1 X118.395 Y135.238 E.02734
G1 X122.233 Y131.399 E.15975
G1 X121.006 Y132.058 E.04099
G1 X117.567 Y135.497 E.14314
G1 X116.777 Y135.718 E.02413
G1 X119.941 Y132.555 E.13166
G1 X118.974 Y132.952 E.03076
G1 X115.904 Y136.023 E.12777
G1 X111.207 Y135.429 F9000
;WIDTH:0.422594
G1 F10800
G1 X110.374 Y135.46 E.02314
G1 X109.449 Y135.452 E.02571
G1 X107.745 Y135.363 E.0474
G1 X106.824 Y135.259 E.02573
G1 X105.139 Y134.995 E.04738
G1 X104.174 Y134.784 E.02746
G1 X103.385 Y134.587 E.02258
G1 X102.484 Y134.325 E.02608
G1 X101.722 Y134.083 E.0222
G1 X100.881 Y133.772 E.02492
G1 X100.07 Y133.445 E.02428
G1 X99.271 Y133.098 E.0242
G1 X98.474 Y132.709 E.02464
G1 X97.646 Y132.267 E.02608
G1 X96.206 Y131.412 E.04651
G1 X95.464 Y130.911 E.02489
G1 X94.755 Y130.4 E.02428
G1 X94.095 Y129.897 E.02304
G1 X93.383 Y129.302 E.02579
G1 X92.729 Y128.721 E.0243
G1 X92.326 Y128.346 E.0153
G1 X91.481 Y127.496 E.03328
G1 X90.847 Y126.794 E.02628
G1 X89.795 Y125.523 E.04583
G1 X89.252 Y124.782 E.02554
G1 X88.757 Y124.063 E.02426
G1 X88.286 Y123.336 E.02407
G1 X87.837 Y122.567 E.02473
G1 X87.419 Y121.8 E.02426
G1 X87.039 Y121.057 E.02319
G1 X86.667 Y120.252 E.02464
G1 X86.297 Y119.351 E.02705
G1 X85.729 Y117.777 E.04649
G1 X85.475 Y116.921 E.0248
G1 X85.062 Y115.267 E.04738
G1 X84.892 Y114.358 E.0257
G1 X84.68 Y112.922 E.0403
G1 X84.572 Y111.777 E.03196
G1 X84.53 Y110.874 E.02513
G1 X84.524 Y109.16 E.04761
G1 X84.576 Y108.246 E.02543
G1 X84.651 Y107.376 E.02425
G1 X84.746 Y106.549 E.02313
G1 X84.873 Y105.765 E.02208
G1 X84.476 Y106.161 E.01558
G1 X84.42 Y106.178 E.00164
G1 X84.271 Y107.332 E.03234
G1 X84.194 Y108.218 E.0247
G1 X84.147 Y109.099 E.02451
G1 X84.133 Y109.996 E.02492
G1 X84.148 Y110.885 E.02471
G1 X84.191 Y111.749 E.02402
G1 X84.27 Y112.66 E.0254
G1 X84.377 Y113.542 E.02471
G1 X84.679 Y115.29 E.04926
G1 X84.992 Y116.598 E.03736
G1 X85.343 Y117.816 E.03522
G1 X85.824 Y119.186 E.04035
G1 X86.301 Y120.359 E.03517
G1 X86.677 Y121.179 E.02506
G1 X87.078 Y121.973 E.02472
G1 X87.504 Y122.754 E.02471
G1 X87.938 Y123.492 E.02379
G1 X88.718 Y124.685 E.03961
G1 X89.466 Y125.716 E.03537
G1 X90.023 Y126.415 E.02484
G1 X90.56 Y127.045 E.02299
G1 X91.168 Y127.716 E.02515
G1 X91.824 Y128.385 E.02602
G1 X92.842 Y129.335 E.03869
G1 X93.814 Y130.157 E.03538
G1 X94.523 Y130.703 E.02484
G1 X95.961 Y131.704 E.04868
G1 X96.742 Y132.187 E.02552
G1 X97.46 Y132.599 E.023
G1 X98.14 Y132.962 E.0214
G1 X99.073 Y133.421 E.02889
G1 X99.917 Y133.795 E.02564
G1 X100.743 Y134.127 E.02474
G1 X101.554 Y134.424 E.024
G1 X102.368 Y134.688 E.02376
G1 X103.72 Y135.065 E.03901
G1 X105.011 Y135.355 E.03676
G1 X105.894 Y135.511 E.02492
G1 X107.654 Y135.734 E.04929
G1 X108.549 Y135.798 E.02493
G1 X109.439 Y135.833 E.02474
G1 X110.323 Y135.838 E.02454
G1 X111.22 Y135.81 E.02494
G1 X112.109 Y135.753 E.02474
G1 X112.987 Y135.667 E.02452
G1 X113.877 Y135.547 E.02495
G1 X115.077 Y135.333 E.03386
G1 X115.134 Y135.226 E.00336
G1 X115.495 Y134.865 E.0142
G1 X114.301 Y135.097 E.0338
G1 X113 Y135.286 E.03654
G1 X112.079 Y135.373 E.02569
G1 X111.247 Y135.426 E.02318
G1 X111.192 Y135.05 F9000
;WIDTH:0.419999
G1 F10800
G1 X110.354 Y135.083 E.02313
G1 X109.453 Y135.073 E.02485
G1 X107.763 Y134.986 E.04669
G1 X106.868 Y134.883 E.02487
G1 X105.197 Y134.622 E.04667
G1 X103.483 Y134.222 E.04855
G1 X101.839 Y133.724 E.04741
G1 X101.013 Y133.417 E.02431
G1 X99.424 Y132.753 E.04752
G1 X98.641 Y132.369 E.02407
G1 X97.827 Y131.934 E.02546
G1 X96.405 Y131.092 E.0456
G1 X95.677 Y130.597 E.02428
G1 X94.319 Y129.593 E.0466
G1 X93.627 Y129.012 E.02493
G1 X92.582 Y128.069 E.03884
G1 X91.749 Y127.23 E.03261
G1 X90.616 Y125.937 E.04744
G1 X90.091 Y125.288 E.02304
G1 X89.558 Y124.559 E.02492
G1 X88.604 Y123.132 E.04736
G1 X88.165 Y122.376 E.02412
G1 X87.373 Y120.88 E.04673
G1 X87.011 Y120.094 E.02388
G1 X86.648 Y119.208 E.02641
G1 X86.37 Y118.468 E.02181
G1 X86.083 Y117.647 E.02399
G1 X85.84 Y116.815 E.02392
G1 X85.607 Y115.928 E.02529
G1 X85.428 Y115.174 E.02137
G1 X85.265 Y114.289 E.02484
G1 X85.054 Y112.872 E.03953
G1 X84.949 Y111.742 E.0313
G1 X84.895 Y110.004 E.04799
G1 X84.902 Y109.166 E.02311
G1 X84.955 Y108.269 E.02482
G1 X85.029 Y107.419 E.02354
G1 X85.123 Y106.576 E.02339
G1 X85.331 Y105.313 E.03533
G1 X85.48 Y104.622 E.01949
G1 X84.209 Y105.894 E.04961
G1 X84.08 Y105.902 E.00356
G1 X83.893 Y107.296 E.03881
G1 X83.815 Y108.195 E.0249
G1 X83.768 Y109.096 E.0249
G1 X83.753 Y109.999 E.02492
G1 X83.768 Y110.901 E.0249
G1 X83.815 Y111.803 E.0249
G1 X83.893 Y112.702 E.02491
G1 X84.001 Y113.598 E.0249
G1 X84.141 Y114.49 E.02492
G1 X84.311 Y115.377 E.02491
G1 X84.497 Y116.196 E.02318
G1 X84.742 Y117.13 E.02665
G1 X84.984 Y117.934 E.02316
G1 X85.293 Y118.849 E.02665
G1 X85.59 Y119.634 E.02317
G1 X85.961 Y120.525 E.02664
G1 X86.338 Y121.346 E.02491
G1 X86.743 Y122.152 E.02491
G1 X87.175 Y122.945 E.0249
G1 X87.635 Y123.722 E.02491
G1 X88.121 Y124.483 E.02491
G1 X88.633 Y125.226 E.02491
G1 X89.17 Y125.952 E.02492
G1 X89.732 Y126.659 E.02491
G1 X90.277 Y127.299 E.02319
G1 X90.928 Y128.012 E.02665
G1 X91.56 Y128.657 E.02491
G1 X92.214 Y129.28 E.02491
G1 X92.889 Y129.88 E.02492
G1 X93.584 Y130.457 E.02492
G1 X94.299 Y131.009 E.02493
G1 X95.032 Y131.537 E.02492
G1 X95.783 Y132.039 E.02493
G1 X96.551 Y132.514 E.02493
G1 X97.28 Y132.933 E.0232
G1 X98.134 Y133.385 E.02666
G1 X98.946 Y133.779 E.02491
G1 X99.772 Y134.145 E.02494
G1 X100.61 Y134.483 E.02493
G1 X101.46 Y134.791 E.02493
G1 X102.259 Y135.051 E.0232
G1 X103.188 Y135.319 E.02667
G1 X104.003 Y135.524 E.02319
G1 X104.948 Y135.728 E.02667
G1 X105.837 Y135.886 E.02492
G1 X106.732 Y136.014 E.02493
G1 X107.63 Y136.111 E.02493
G1 X108.531 Y136.177 E.02493
G1 X109.434 Y136.212 E.02493
G1 X110.338 Y136.216 E.02493
G1 X111.241 Y136.188 E.02494
G1 X112.143 Y136.13 E.02493
G1 X113.042 Y136.041 E.02493
G1 X113.937 Y135.921 E.02492
G1 X115.372 Y135.659 E.04025
G1 X115.366 Y135.533 E.00349
G1 X116.726 Y134.17 E.05311
G1 X115.461 Y134.485 E.03596
G1 X114.229 Y134.727 E.03465
G1 X112.946 Y134.912 E.03576
G1 X111.232 Y135.047 E.04745
G1 X111.177 Y134.673 F9000
G1 F10800
G1 X110.343 Y134.706 E.02303
G1 X109.458 Y134.696 E.02441
G1 X107.791 Y134.61 E.04605
G1 X106.911 Y134.508 E.02443
G1 X105.263 Y134.251 E.04603
G1 X103.581 Y133.858 E.04766
G1 X101.955 Y133.366 E.04687
G1 X101.145 Y133.063 E.02387
G1 X99.577 Y132.408 E.04689
G1 X98.807 Y132.03 E.02367
G1 X98.006 Y131.603 E.02503
G1 X96.604 Y130.771 E.045
G1 X95.889 Y130.285 E.02383
G1 X94.549 Y129.295 E.04597
G1 X93.242 Y128.166 E.04765
G1 X92.836 Y127.791 E.01527
G1 X92.017 Y126.965 E.03208
G1 X91.41 Y126.289 E.02506
G1 X90.386 Y125.054 E.04428
G1 X89.863 Y124.337 E.02448
G1 X88.922 Y122.929 E.04672
G1 X88.491 Y122.187 E.02367
G1 X87.71 Y120.71 E.0461
G1 X87.353 Y119.936 E.02353
G1 X86.997 Y119.065 E.02596
G1 X86.441 Y117.526 E.04514
G1 X86.202 Y116.709 E.02349
G1 X85.796 Y115.091 E.04603
G1 X85.505 Y113.392 E.04755
G1 X85.428 Y112.819 E.01597
G1 X85.324 Y111.707 E.0308
G1 X85.286 Y110.841 E.02393
G1 X85.279 Y109.173 E.04602
G1 X85.332 Y108.291 E.02438
G1 X85.497 Y106.628 E.04611
G1 X85.704 Y105.369 E.0352
G1 X85.974 Y104.127 E.03507
G1 X86.168 Y103.401 E.02072
G1 X83.942 Y105.627 E.08685
G1 X83.742 Y105.628 E.00553
G1 X83.628 Y106.348 E.02012
G1 X83.518 Y107.257 E.02526
G1 X83.439 Y108.169 E.02526
G1 X83.392 Y109.083 E.02526
G1 X83.376 Y109.999 E.02527
G1 X83.391 Y110.914 E.02526
G1 X83.439 Y111.829 E.02526
G1 X83.518 Y112.741 E.02526
G1 X83.628 Y113.65 E.02526
G1 X83.769 Y114.555 E.02528
G1 X83.942 Y115.454 E.02526
G1 X84.13 Y116.285 E.02353
G1 X84.379 Y117.232 E.027
G1 X84.625 Y118.048 E.02352
G1 X84.938 Y118.976 E.027
G1 X85.239 Y119.773 E.02353
G1 X85.615 Y120.677 E.027
G1 X85.998 Y121.509 E.02527
G1 X86.409 Y122.327 E.02527
G1 X86.847 Y123.131 E.02526
G1 X87.314 Y123.919 E.02527
G1 X87.807 Y124.691 E.02527
G1 X88.326 Y125.446 E.02527
G1 X88.871 Y126.182 E.02528
G1 X89.441 Y126.898 E.02527
G1 X89.994 Y127.548 E.02354
G1 X90.654 Y128.271 E.02701
G1 X91.295 Y128.926 E.02528
G1 X91.958 Y129.558 E.02527
G1 X92.643 Y130.166 E.02528
G1 X93.348 Y130.751 E.02528
G1 X94.073 Y131.312 E.02528
G1 X94.817 Y131.847 E.02528
G1 X95.579 Y132.356 E.02529
G1 X96.358 Y132.838 E.02528
G1 X97.098 Y133.263 E.02355
G1 X97.963 Y133.722 E.02702
G1 X98.787 Y134.121 E.02527
G1 X99.626 Y134.493 E.0253
G1 X100.476 Y134.835 E.02528
G1 X101.337 Y135.148 E.02529
G1 X102.149 Y135.412 E.02355
G1 X103.09 Y135.684 E.02703
G1 X103.918 Y135.891 E.02355
G1 X104.875 Y136.098 E.02703
G1 X105.778 Y136.258 E.02529
G1 X106.685 Y136.388 E.02528
G1 X107.596 Y136.486 E.02529
G1 X108.51 Y136.553 E.02529
G1 X109.426 Y136.589 E.02529
G1 X110.343 Y136.593 E.02529
G1 X111.259 Y136.565 E.02529
G1 X112.174 Y136.506 E.02529
G1 X113.086 Y136.416 E.02528
G1 X113.994 Y136.294 E.02528
G1 X114.898 Y136.141 E.0253
G1 X115.666 Y135.984 E.02164
G1 X115.668 Y135.761 E.00615
G1 X118.057 Y133.372 E.0932
G1 X116.604 Y133.812 E.04187
G1 X115.37 Y134.119 E.0351
G1 X114.156 Y134.357 E.03412
G1 X112.892 Y134.539 E.03523
G1 X111.217 Y134.671 E.04638
G1 X109.901 Y139.855 F9000
;WIDTH:0.383244
G1 F10800
G1 X110.298 Y139.898 E.00994
G1 X110.466 Y139.964 E.00449
G1 X113.983 Y141.992 E.1011
G1 X114.301 Y142.32 E.01137
G1 X114.446 Y142.71 E.01037
G1 X114.863 Y146.765 E.10152
G1 X114.867 Y147.699 E.02326
G1 X114.9 Y147.844 E.00369
G1 X115.048 Y147.855 E.00369
G1 X116.586 Y147.629 E.0387
G1 X118.153 Y147.321 E.03978
G1 X119.237 Y147.068 E.02772
G1 X120.782 Y146.65 E.03986
G1 X121.851 Y146.319 E.02785
G1 X123.181 Y145.855 E.03508
;WIDTH:0.401696
G1 X123.256 Y145.803 E.00241
;WIDTH:0.439247
G1 X123.332 Y145.75 E.00266
;WIDTH:0.480413
G1 X123.354 Y145.717 E.00127
;WIDTH:0.525193
G1 X123.376 Y145.685 E.0014
;WIDTH:0.569974
G1 F10245.635
G1 X123.398 Y145.652 E.00153
;WIDTH:0.57142
G1 F10217.605
G1 X123.35 Y145.63 E.00206
;WIDTH:0.529531
G1 F10800
G1 X123.301 Y145.607 E.0019
;WIDTH:0.487642
G1 X123.253 Y145.585 E.00173
;WIDTH:0.445754
G1 X123.204 Y145.563 E.00157
;WIDTH:0.382987
G1 X122.571 Y145.422 E.01616
G1 X121.877 Y145.118 E.01884
G1 X121.317 Y144.708 E.01727
G1 X120.942 Y144.27 E.01436
G1 X120.686 Y143.898 E.01123
G1 X120.398 Y143.193 E.01894
G1 X120.305 Y142.627 E.01429
G1 X120.32 Y142.081 E.0136
G1 X120.446 Y141.464 E.01567
G1 X120.668 Y140.938 E.0142
G1 X121.106 Y140.319 E.01887
G1 X121.694 Y139.801 E.0195
G1 X122.322 Y139.476 E.01762
G1 X123.137 Y139.289 E.02079
G1 X123.781 Y139.291 E.01602
G1 X124.453 Y139.442 E.01714
G1 X124.934 Y139.651 E.01306
G1 X125.497 Y140.039 E.01701
G1 X125.939 Y140.534 E.01651
G1 X126.154 Y140.864 E.00979
G1 X126.455 Y141.553 E.01872
G1 X126.576 Y142.346 E.01996
G1 X126.529 Y142.956 E.01523
G1 X126.372 Y143.522 E.01462
G1 X126.151 Y143.984 E.01275
G1 X125.848 Y144.413 E.01306
;WIDTH:0.403187
G1 X125.831 Y144.464 E.00143
;WIDTH:0.44372
G1 X125.814 Y144.516 E.00159
;WIDTH:0.484252
G1 X125.797 Y144.568 E.00175
;WIDTH:0.524785
G1 X125.78 Y144.619 E.00192
;WIDTH:0.565318
G1 F10336.955
G1 X125.763 Y144.671 E.00208
G1 X125.822 Y144.669 E.00225
;WIDTH:0.524785
G1 F10800
G1 X125.881 Y144.666 E.00207
;WIDTH:0.484252
G1 X125.94 Y144.664 E.0019
;WIDTH:0.44372
G1 X125.998 Y144.662 E.00172
;WIDTH:0.383243
G1 X126.057 Y144.659 E.00146
G1 X127.333 Y144.05 E.03522
G1 X128.323 Y143.529 E.02785
G1 X129.71 Y142.735 E.03981
G1 X130.658 Y142.147 E.02777
G1 X131.982 Y141.258 E.03972
G1 X133.232 Y140.341 E.03861
G1 X133.329 Y140.226 E.00373
G1 X133.251 Y140.102 E.00366
G1 X132.592 Y139.439 E.02326
G1 X130.012 Y136.271 E.10176
G1 X129.838 Y135.893 E.01035
G1 X129.793 Y135.577 E.00796
G1 X130.882 Y131.523 E.10452
G1 X131.06 Y131.182 E.00958
G1 X131.304 Y130.967 E.0081
G1 X131.547 Y130.857 E.00664
G1 X135.461 Y129.811 E.10089
G1 X135.753 Y129.781 E.0073
G1 X136.017 Y129.838 E.00672
G1 X136.299 Y129.989 E.00798
G1 X139.464 Y132.561 E.10156
G1 X140.129 Y133.22 E.02331
G1 X140.255 Y133.298 E.00368
G1 X140.367 Y133.202 E.00368
G1 X141.288 Y131.965 E.0384
G1 X141.915 Y131.045 E.02774
G1 X142.768 Y129.695 E.03976
G1 X143.328 Y128.733 E.02771
G1 X144.084 Y127.324 E.03982
G1 X144.575 Y126.322 E.02778
G1 X145.227 Y124.868 E.03968
G1 X145.816 Y123.388 E.03968
G1 X146.193 Y122.338 E.02777
G1 X146.687 Y120.784 E.04062
G1 X147.059 Y119.425 E.03509
G1 X147.36 Y118.16 E.03237
G1 X147.674 Y116.562 E.04055
G1 X147.906 Y115.045 E.03823
G1 X147.893 Y114.896 E.00373
G1 X147.75 Y114.863 E.00365
G1 X146.814 Y114.86 E.02332
G1 X142.746 Y114.441 E.10183
G1 X142.326 Y114.284 E.01118
G1 X142.021 Y113.966 E.01096
G1 X140.006 Y110.468 E.10053
G1 X139.891 Y110.129 E.00892
G1 X139.892 Y109.86 E.0067
G1 X140.002 Y109.526 E.00875
G1 X142.028 Y106.024 E.10075
G1 X142.34 Y105.711 E.011
G1 X142.734 Y105.559 E.01054
G1 X146.806 Y105.141 E.10192
G1 X147.742 Y105.137 E.0233
G1 X147.886 Y105.104 E.00369
G1 X147.897 Y104.956 E.00369
G1 X147.671 Y103.422 E.03861
G1 X147.363 Y101.856 E.03974
G1 X147.11 Y100.774 E.02769
G1 X146.691 Y99.23 E.03983
G1 X146.341 Y98.109 E.02926
G1 X145.891 Y96.831 E.03373
;WIDTH:0.407543
G1 X145.842 Y96.778 E.00191
;WIDTH:0.456787
G1 X145.794 Y96.725 E.00217
;WIDTH:0.506032
G1 X145.746 Y96.672 E.00243
;WIDTH:0.555276
G1 F10539.552
G1 X145.698 Y96.618 E.00269
G1 X145.666 Y96.684 E.00275
;WIDTH:0.506032
G1 F10800
G1 X145.634 Y96.751 E.00248
;WIDTH:0.456787
G1 X145.603 Y96.817 E.00222
;WIDTH:0.383029
G1 X145.571 Y96.883 E.00182
G1 X145.429 Y97.498 E.0157
G1 X145.349 Y97.75 E.00659
G1 X145.044 Y98.322 E.01613
G1 X144.465 Y98.969 E.02161
G1 X143.847 Y99.372 E.01836
G1 X143.15 Y99.62 E.01841
G1 X142.313 Y99.696 E.02094
G1 X142.045 Y99.684 E.00666
G1 X141.519 Y99.574 E.01338
G1 X140.967 Y99.342 E.0149
G1 X140.498 Y99.018 E.0142
G1 X140.071 Y98.625 E.01442
G1 X139.718 Y98.124 E.01526
G1 X139.419 Y97.413 E.01918
G1 X139.331 Y96.873 E.01363
G1 X139.321 Y96.31 E.01401
G1 X139.46 Y95.626 E.01735
G1 X139.745 Y94.97 E.01781
G1 X140.074 Y94.518 E.0139
G1 X140.478 Y94.13 E.01394
G1 X141.067 Y93.771 E.01717
G1 X141.569 Y93.568 E.01349
G1 X142.147 Y93.457 E.01464
G1 X142.857 Y93.474 E.01766
G1 X143.399 Y93.596 E.01383
G1 X143.997 Y93.859 E.01627
G1 X144.46 Y94.183 E.01406
;WIDTH:0.402901
G1 X144.526 Y94.197 E.00177
;WIDTH:0.442863
G1 X144.592 Y94.21 E.00197
;WIDTH:0.482825
G1 X144.658 Y94.224 E.00217
;WIDTH:0.522787
G1 X144.724 Y94.238 E.00236
G1 X144.72 Y94.172 E.00231
;WIDTH:0.482825
G1 X144.716 Y94.106 E.00212
;WIDTH:0.442863
G1 X144.713 Y94.041 E.00193
;WIDTH:0.383349
G1 X144.709 Y93.975 E.00164
G1 X144.089 Y92.687 E.03562
G1 X143.567 Y91.698 E.02784
G1 X142.772 Y90.312 E.0398
G1 X142.183 Y89.366 E.02776
G1 X141.294 Y88.043 E.03971
G1 X140.374 Y86.793 E.03867
G1 X140.26 Y86.696 E.00372
G1 X140.135 Y86.774 E.00366
G1 X139.47 Y87.434 E.02333
G1 X136.298 Y90.012 E.10181
G1 X135.9 Y90.191 E.01089
G1 X135.461 Y90.191 E.01094
G1 X131.547 Y89.142 E.10092
G1 X131.291 Y89.028 E.00697
G1 X131.004 Y88.734 E.01024
G1 X130.886 Y88.495 E.00665
G1 X129.827 Y84.549 E.10178
G1 X129.839 Y84.1 E.01119
G1 X130.011 Y83.729 E.01019
G1 X132.587 Y80.567 E.10159
G1 X133.245 Y79.904 E.02325
G1 X133.323 Y79.779 E.00369
G1 X133.227 Y79.666 E.00369
G1 X131.99 Y78.748 E.03836
G1 X131.069 Y78.121 E.02776
G1 X129.717 Y77.269 E.03981
G1 X128.752 Y76.708 E.02779
G1 X127.343 Y75.955 E.0398
G1 X126.341 Y75.464 E.0278
G1 X124.882 Y74.812 E.03981
G1 X123.879 Y74.405 E.02696
G1 X122.865 Y74.027 E.02696
G1 X121.314 Y73.51 E.04074
G1 X120.279 Y73.206 E.02687
G1 X118.694 Y72.801 E.04074
G1 X117.64 Y72.571 E.02688
G1 X116.064 Y72.284 E.03989
G1 X115.048 Y72.136 E.02558
G1 X114.9 Y72.149 E.0037
G1 X114.867 Y72.292 E.00366
G1 X114.865 Y73.214 E.02297
G1 X114.445 Y77.29 E.10206
G1 X114.297 Y77.698 E.01081
G1 X113.989 Y78.004 E.01081
G1 X110.47 Y80.032 E.10119
G1 X110.209 Y80.131 E.00695
G1 X109.837 Y80.141 E.00927
G1 X109.526 Y80.031 E.00823
G1 X106.012 Y78.005 E.10104
G1 X105.712 Y77.702 E.01061
G1 X105.554 Y77.29 E.01101
G1 X105.137 Y73.235 E.10155
G1 X105.133 Y72.298 E.02333
G1 X105.1 Y72.156 E.00363
G1 X104.519 Y72.195 E.01453
G1 X103.415 Y72.371 E.02785
G1 X102.348 Y72.573 E.02704
G1 X101.287 Y72.805 E.02705
G1 X100.237 Y73.066 E.02696
G1 X98.665 Y73.517 E.04075
G1 X96.764 Y74.166 E.05001
;WIDTH:0.407646
G1 X96.718 Y74.212 E.00175
;WIDTH:0.457098
G1 X96.672 Y74.259 E.00198
;WIDTH:0.50655
G1 X96.626 Y74.305 E.00222
;WIDTH:0.556002
G1 F10524.633
G1 X96.58 Y74.352 E.00246
G1 X96.637 Y74.381 E.0024
;WIDTH:0.50655
G1 F10800
G1 X96.694 Y74.41 E.00217
;WIDTH:0.457098
G1 X96.751 Y74.439 E.00194
;WIDTH:0.383095
G1 X96.808 Y74.467 E.00159
G1 X97.515 Y74.608 E.01794
G1 X98.101 Y74.861 E.01588
G1 X98.706 Y75.315 E.01883
G1 X99.12 Y75.795 E.01579
G1 X99.415 Y76.284 E.01421
G1 X99.589 Y76.765 E.01272
G1 X99.695 Y77.371 E.01532
G1 X99.68 Y77.919 E.01366
G1 X99.573 Y78.458 E.01366
G1 X99.33 Y79.057 E.01611
G1 X99.029 Y79.504 E.01339
G1 X98.635 Y79.932 E.01449
G1 X98.159 Y80.272 E.01456
G1 X97.847 Y80.456 E.00902
G1 X97.323 Y80.639 E.0138
G1 X96.804 Y80.713 E.01306
G1 X95.998 Y80.665 E.02009
G1 X95.672 Y80.592 E.00832
G1 X95.091 Y80.365 E.01553
G1 X94.552 Y79.991 E.01632
G1 X94.064 Y79.466 E.01784
G1 X93.84 Y79.128 E.0101
G1 X93.545 Y78.447 E.01847
G1 X93.453 Y77.921 E.01331
G1 X93.441 Y77.432 E.01216
G1 X93.532 Y76.819 E.01543
G1 X93.644 Y76.44 E.00983
G1 X93.918 Y75.904 E.01499
G1 X94.155 Y75.575 E.01008
;WIDTH:0.411963
G1 X94.173 Y75.515 E.00171
;WIDTH:0.456843
G1 X94.192 Y75.454 E.00192
;WIDTH:0.501724
G1 X94.211 Y75.393 E.00213
;WIDTH:0.546604
G1 F10721.014
G1 X94.23 Y75.333 E.00234
;WIDTH:0.545779
G1 F10738.607
G1 X94.158 Y75.334 E.00263
;WIDTH:0.499248
G1 F10800
G1 X94.087 Y75.334 E.00238
;WIDTH:0.452717
G1 X94.016 Y75.335 E.00214
;WIDTH:0.383238
G1 X93.944 Y75.336 E.00178
G1 X93.161 Y75.705 E.02156
G1 X91.674 Y76.472 E.04167
G1 X90.76 Y76.987 E.0261
G1 X89.832 Y77.544 E.02696
G1 X88.465 Y78.433 E.04061
G1 X87.113 Y79.397 E.04134
G1 X86.747 Y79.684 E.01159
G1 X86.675 Y79.779 E.00296
G1 X86.753 Y79.902 E.00363
G1 X87.408 Y80.561 E.02312
G1 X89.988 Y83.729 E.10176
G1 X90.18 Y84.155 E.01163
G1 X90.168 Y84.568 E.01029
G1 X89.118 Y88.477 E.10079
G1 X88.942 Y88.812 E.00942
G1 X88.774 Y88.983 E.00598
G1 X88.452 Y89.143 E.00895
G1 X84.537 Y90.191 E.10094
G1 X84.086 Y90.189 E.01123
G1 X83.701 Y90.012 E.01054
G1 X80.536 Y87.439 E.10159
G1 X79.871 Y86.78 E.02331
G1 X79.745 Y86.702 E.00368
G1 X79.633 Y86.798 E.00368
G1 X78.715 Y88.031 E.03828
G1 X77.807 Y89.381 E.04052
G1 X77.21 Y90.343 E.02818
G1 X76.426 Y91.711 E.03927
G1 X75.675 Y93.158 E.0406
G1 X75.198 Y94.165 E.02776
G1 X74.566 Y95.631 E.03975
G1 X74.162 Y96.67 E.02776
G1 X73.631 Y98.19 E.04009
G1 X73.306 Y99.242 E.02742
G1 X72.888 Y100.78 E.03967
G1 X72.535 Y102.337 E.03977
G1 X72.328 Y103.428 E.02766
G1 X72.094 Y104.955 E.03846
G1 X72.107 Y105.105 E.00373
G1 X72.249 Y105.137 E.00364
G1 X73.186 Y105.14 E.02332
G1 X77.253 Y105.558 E.10181
G1 X77.617 Y105.682 E.00957
G1 X77.802 Y105.813 E.00565
G1 X77.973 Y106.024 E.00675
G1 X79.998 Y109.529 E.10081
G1 X80.116 Y109.945 E.01076
G1 X80.108 Y110.163 E.00543
G1 X80.007 Y110.456 E.00772
G1 X77.972 Y113.976 E.10125
G1 X77.801 Y114.187 E.00676
G1 X77.598 Y114.334 E.00625
G1 X77.262 Y114.441 E.00878
G1 X73.194 Y114.859 E.10184
G1 X72.258 Y114.863 E.0233
G1 X72.114 Y114.896 E.00369
G1 X72.102 Y115.044 E.00369
G1 X72.328 Y116.575 E.03854
G1 X72.636 Y118.142 E.03976
G1 X72.889 Y119.225 E.02772
G1 X73.309 Y120.769 E.03984
G1 X73.64 Y121.836 E.02782
G1 X74.109 Y123.168 E.03515
;WIDTH:0.405938
G1 X74.155 Y123.219 E.00184
;WIDTH:0.451974
G1 X74.201 Y123.271 E.00207
;WIDTH:0.498009
G1 X74.247 Y123.323 E.0023
;WIDTH:0.544045
G1 F10775.77
G1 X74.293 Y123.375 E.00254
G1 X74.327 Y123.31 E.00267
;WIDTH:0.498009
G1 F10800
G1 X74.361 Y123.246 E.00243
;WIDTH:0.451974
G1 X74.395 Y123.182 E.00218
;WIDTH:0.383021
G1 X74.429 Y123.117 E.00181
G1 X74.57 Y122.502 E.0157
G1 X74.65 Y122.25 E.00659
G1 X74.956 Y121.678 E.01613
G1 X75.535 Y121.031 E.0216
G1 X76.138 Y120.626 E.01808
G1 X76.718 Y120.398 E.01551
G1 X77.336 Y120.293 E.0156
G1 X77.919 Y120.309 E.01451
G1 X78.546 Y120.448 E.01599
G1 X79.041 Y120.665 E.01344
G1 X79.518 Y120.994 E.01442
G1 X79.958 Y121.405 E.01498
G1 X80.302 Y121.907 E.01516
G1 X80.536 Y122.442 E.01452
G1 X80.676 Y123.08 E.01627
G1 X80.672 Y123.737 E.01633
G1 X80.54 Y124.379 E.01633
G1 X80.277 Y124.984 E.01642
G1 X79.945 Y125.456 E.01436
G1 X79.535 Y125.857 E.01427
G1 X78.992 Y126.21 E.01611
G1 X78.399 Y126.443 E.01585
G1 X77.89 Y126.543 E.01293
G1 X77.318 Y126.549 E.01422
G1 X76.687 Y126.435 E.01597
G1 X76.116 Y126.204 E.01532
G1 X75.548 Y125.82 E.01706
;WIDTH:0.40597
G1 X75.484 Y125.804 E.00177
;WIDTH:0.45207
G1 X75.419 Y125.787 E.00199
;WIDTH:0.498169
G1 X75.355 Y125.771 E.00221
;WIDTH:0.544269
G1 F10770.956
G1 X75.291 Y125.755 E.00244
G1 X75.294 Y125.824 E.00251
;WIDTH:0.498169
G1 F10800
G1 X75.297 Y125.892 E.00228
;WIDTH:0.45207
G1 X75.3 Y125.96 E.00205
;WIDTH:0.383273
G1 X75.303 Y126.028 E.0017
G1 X75.911 Y127.313 E.0354
G1 X76.433 Y128.302 E.02783
G1 X77.228 Y129.688 E.03979
G1 X77.817 Y130.634 E.02775
G1 X78.706 Y131.957 E.0397
G1 X79.626 Y133.207 E.03866
G1 X79.74 Y133.304 E.00372
G1 X79.865 Y133.226 E.00366
G1 X80.529 Y132.566 E.02333
G1 X83.702 Y129.989 E.10179
G1 X84.105 Y129.804 E.01105
G1 X84.539 Y129.809 E.01081
G1 X88.453 Y130.858 E.1009
G1 X88.787 Y131.031 E.00938
G1 X88.97 Y131.231 E.00676
G1 X89.119 Y131.523 E.00815
G1 X90.173 Y135.455 E.10138
G1 X90.172 Y135.904 E.01119
G1 X89.988 Y136.272 E.01025
G1 X87.413 Y139.433 E.10154
G1 X86.755 Y140.096 E.02324
G1 X86.677 Y140.221 E.00369
G1 X86.773 Y140.334 E.00369
G1 X88.009 Y141.252 E.03836
G1 X88.931 Y141.879 E.02776
G1 X90.283 Y142.731 E.0398
G1 X91.247 Y143.292 E.02778
G1 X92.654 Y144.044 E.03972
G1 X94.143 Y144.761 E.04116
G1 X95.145 Y145.2 E.02726
G1 X96.628 Y145.788 E.03972
G1 X98.137 Y146.315 E.03981
G1 X99.2 Y146.645 E.0277
G1 X100.745 Y147.064 E.03989
G1 X101.829 Y147.317 E.02771
G1 X103.43 Y147.632 E.04064
G1 X104.951 Y147.864 E.03831
G1 X105.1 Y147.851 E.00373
G1 X105.133 Y147.708 E.00364
G1 X105.136 Y146.773 E.02328
G1 X105.554 Y142.71 E.10172
G1 X105.704 Y142.304 E.0108
G1 X106.022 Y141.99 E.01112
G1 X109.53 Y139.968 E.10084
G1 X109.863 Y139.867 E.00867
G1 X103.929 Y136.296 F9000
;TYPE:Sparse infill
;WIDTH:0.45
G1 F10800
G1 X104.799 Y136.482 E.0265
G1 X105.526 Y136.613 E.022
G1 X108.852 Y139.94 E.14013
G1 X105.818 Y141.69 E.10433
G1 X105.587 Y141.871 E.00874
G1 X105.371 Y142.143 E.01035
G1 X105.246 Y142.411 E.00879
G1 X105.222 Y142.527 E.00355
G1 X95.403 Y132.709 E.41361
G1 X94.216 Y131.902 E.04275
G1 X93.105 Y131.059 E.04154
G1 X92.037 Y130.158 E.04163
G1 X91.019 Y129.204 E.04153
G1 X90.054 Y128.203 E.04143
G1 X89.138 Y127.147 E.04163
G1 X88.28 Y126.049 E.04152
G1 X87.742 Y125.295 E.02758
G1 X87.251 Y124.556 E.02642
G1 X77.463 Y114.768 E.41231
G1 X77.564 Y114.746 E.00309
G1 X77.815 Y114.635 E.00818
G1 X78.093 Y114.415 E.01054
G1 X78.272 Y114.182 E.00874
G1 X80.038 Y111.126 E.10516
G1 X83.353 Y114.441 E.13964
G1 X83.467 Y115.081 E.01939
G1 X83.669 Y116.038 E.02912
G1 X75.164 Y120.893 F9000
G1 F10800
G1 X75.341 Y120.719 E.00741
G1 X75.994 Y120.289 E.02327
G1 X76.552 Y120.075 E.01781
G1 X72.632 Y116.154 E.16514
G1 X72.685 Y116.514 E.01081
G1 X72.929 Y117.755 E.03769
G1 E-.77778 F2400
;WIPE_START
G1 F10800
G1 X72.736 Y116.774 E-.22222
;WIPE_END
G17
G3 Z1.6 I1.188 J.265 P1  F9000
G1 X75.366 Y105.001 Z1.6
G1 Z1.2
G1 E1 F2700
G1 F10800
G1 X73.747 Y104.834 E.0485
G1 X72.646 Y103.734 E.04634
G1 X72.888 Y102.415 E.03995
G1 X73.239 Y100.867 E.04728
G1 X73.653 Y99.343 E.04704
G1 X73.847 Y98.717 E.01952
G1 X83.064 Y107.934 E.38828
G1 X83.18 Y106.754 E.03532
G1 X83.395 Y105.313 E.04339
G1 X83.658 Y104.009 E.03963
G1 X84.003 Y102.656 E.0416
G1 X75.571 Y94.223 E.35523
G1 X76.241 Y92.835 E.04591
G1 X76.743 Y91.884 E.03205
G1 X77.739 Y90.175 E.05893
G1 X85.724 Y98.159 E.33635
G1 X85.446 Y98.743 E.01925
G1 X85.053 Y99.643 E.02926
G1 X83.683 Y105.394 F9000
;TYPE:Internal solid infill
;WIDTH:0.437403
G1 F10800
G1 X86.469 Y102.608 E.11374
G1 X86.749 Y101.771 E.02549
G1 X83.999 Y104.52 E.11225
G1 X84.169 Y103.793 E.02157
G1 X87.075 Y100.886 E.11864
G1 X87.493 Y99.911 E.03064
G1 X84.282 Y103.121 E.13106
G1 X84.503 Y102.342 E.02337
G1 X88.008 Y98.838 E.14306
G1 X88.67 Y97.618 E.04006
G1 X84.765 Y101.523 E.1594
G1 X85.074 Y100.656 E.02654
G1 X90.378 Y95.352 E.21652
G1 E-.77778 F2400
;WIPE_START
G1 F10800
G1 X89.67 Y96.059 E-.22222
;WIPE_END
G17
G3 Z1.6 I.721 J.981 P1  F9000
G1 X102.31 Y86.767 Z1.6
G1 Z1.2
G1 E1 F2700
G1 F10800
G1 X105.186 Y83.891 E.11742
G1 X104.485 Y84.034 E.02066
G1 X101.74 Y86.779 E.11205
G1 X100.838 Y87.123 E.02786
G1 X103.757 Y84.204 E.11916
G1 X103.218 Y84.34 E.01606
G1 X103.173 Y84.295 E.00183
G1 X103.086 Y84.318 E.00259
G1 X99.868 Y87.535 E.13135
G1 X99.208 Y87.835 E.02093
G1 X98.799 Y88.047 E.01331
G1 X102.305 Y84.541 E.14312
G1 X101.484 Y84.803 E.02486
G1 X97.569 Y88.719 E.15982
G1 X97.013 Y89.043 E.0186
G1 X96.068 Y89.661 E.03258
G1 X100.618 Y85.112 E.18571
G1 X99.692 Y85.48 E.02875
G1 X85.44 Y99.732 E.58178
G1 X85.887 Y98.727 E.03172
G1 X98.689 Y85.925 E.52259
G1 X97.58 Y86.477 E.03575
G1 X86.437 Y97.619 E.45484
G1 X87.155 Y96.343 E.04225
G1 X96.304 Y87.194 E.37346
G1 X95.633 Y87.61 E.02279
G1 X94.715 Y88.225 E.03189
G1 X88.185 Y94.755 E.26655
G1 X88.596 Y94.183 E.02033
G1 X89.154 Y93.457 E.02643
G1 X89.777 Y92.702 E.02826
G1 X90.342 Y92.063 E.02461
G1 X90.654 Y91.729 E.01319
G1 X93.356 Y89.027 E.1103
G1 X82.952 Y89.868 F9000
;TYPE:Sparse infill
;WIDTH:0.45
G1 F10800
G1 X83.494 Y90.309 E.02082
G1 X83.734 Y90.456 E.00838
G1 X83.992 Y90.549 E.00819
G1 X84.363 Y90.581 E.01107
G1 X88.05 Y94.268 E.15532
G1 X88.846 Y93.214 E.03933
G1 X89.478 Y92.449 E.02958
G1 X90.054 Y91.797 E.0259
G1 X90.908 Y90.908 E.03671
G1 X89.139 Y89.139 E.07453
G1 X89.236 Y89.04 E.00413
G1 X89.37 Y88.827 E.00749
G1 X89.462 Y88.595 E.00743
G1 X90.525 Y84.631 E.12227
G1 X90.563 Y84.346 E.00856
G1 X94.274 Y88.057 E.15633
G1 X94.98 Y87.568 E.02559
G1 X96.156 Y86.825 E.04142
G1 X96.966 Y86.362 E.02779
G1 X98.172 Y85.737 E.04046
G1 X90.187 Y77.753 E.33635
G1 X90.941 Y77.3 E.0262
G1 X91.847 Y76.79 E.03094
G1 X92.835 Y76.269 E.03328
G1 X93.488 Y75.949 E.02167
G1 X93.285 Y76.362 E.01371
G1 X93.108 Y77.054 E.0213
G1 X93.069 Y77.801 E.02227
G1 X93.183 Y78.506 E.02127
G1 X93.311 Y78.862 E.01126
G1 X93.52 Y79.301 E.0145
G1 X93.768 Y79.691 E.01375
G1 X94.242 Y80.211 E.02097
G1 X94.887 Y80.67 E.02358
G1 X95.563 Y80.938 E.02165
G1 X95.94 Y81.029 E.01156
G1 X96.592 Y81.089 E.0195
G1 X96.839 Y81.082 E.00738
G1 X97.397 Y80.996 E.01682
G1 X98.002 Y80.785 E.01907
G1 X98.355 Y80.576 E.01223
G1 X98.871 Y80.219 E.0187
G1 X102.677 Y84.024 E.16032
G1 X103.893 Y83.712 E.0374
G1 X105.259 Y83.432 E.04155
G1 X106.635 Y83.223 E.04145
G1 X107.961 Y83.091 E.03967
G1 X98.742 Y73.872 E.38833
G1 X100.331 Y73.415 E.04923
G1 X101.37 Y73.157 E.03189
G1 X102.42 Y72.927 E.03204
G1 X103.768 Y72.681 E.04082
G1 X104.825 Y73.737 E.04451
G1 X104.992 Y75.357 E.0485
G1 E-.77778 F2400
;WIPE_START
G1 F10800
G1 X104.889 Y74.362 E-.22222
;WIPE_END
G17
G3 Z1.6 I.13 J1.21 P1  F9000
G1 X117.799 Y72.975 Z1.6
G1 Z1.2
G1 E1 F2700
G1 F10800
G1 X116.198 Y72.676 E.0485
G1 X129.959 Y86.437 E.57968
G1 X129.467 Y84.601 E.05663
G1 X129.435 Y84.291 E.00927
G1 X129.481 Y83.988 E.00911
G1 X129.58 Y83.726 E.00835
G1 X129.714 Y83.522 E.00728
G1 X131.306 Y81.566 E.07512
G1 X125.001 Y75.261 E.26563
G1 X123.493 Y74.647 E.04849
G1 X116.07 Y83.704 F9000
G1 F10800
G1 X115.425 Y83.563 E.01966
G1 X114.473 Y83.386 E.02884
G1 X111.148 Y80.06 E.1401
G1 X114.189 Y78.306 E.1046
G1 X114.436 Y78.113 E.00931
G1 X114.63 Y77.863 E.00944
G1 X114.733 Y77.643 E.00723
G1 X114.775 Y77.47 E.0053
G1 X124.599 Y87.294 E.4138
G1 X125.215 Y87.7 E.02201
G1 X125.972 Y88.234 E.02759
G1 X127.075 Y89.087 E.04154
G1 X128.133 Y89.995 E.04153
G1 X129.143 Y90.957 E.04153
G1 X130.104 Y91.972 E.04163
G1 X131.009 Y93.033 E.04153
G1 X131.894 Y94.19 E.04341
G1 X132.747 Y95.442 E.04511
G1 X142.539 Y105.233 E.41248
G1 X142.4 Y105.268 E.00426
G1 X142.165 Y105.382 E.00777
G1 X141.883 Y105.61 E.01083
G1 X141.727 Y105.82 E.00778
G1 X139.962 Y108.874 E.10507
G1 X136.648 Y105.56 E.1396
G1 X136.489 Y104.694 E.02622
G1 X136.331 Y103.963 E.02228
G1 X135.864 Y109.766 F9000
;TYPE:Internal solid infill
;WIDTH:0.422919
G1 F10800
G1 X135.82 Y108.448 E.03667
G1 X135.754 Y107.568 E.02455
G1 X135.652 Y106.678 E.02491
G1 X135.365 Y104.928 E.0493
G1 X135.186 Y104.114 E.02318
G1 X134.707 Y102.342 E.05103
G1 X134.425 Y101.493 E.02488
G1 X134.117 Y100.658 E.02474
G1 X133.8 Y99.876 E.02347
G1 X133.417 Y99.023 E.026
G1 X133.024 Y98.224 E.02475
G1 X132.636 Y97.493 E.02302
G1 X132.158 Y96.669 E.02648
G1 X131.686 Y95.916 E.02472
G1 X131.291 Y95.327 E.0197
G1 X130.666 Y94.458 E.02978
G1 X129.796 Y93.371 E.03872
G1 X128.955 Y92.415 E.0354
G1 X128.334 Y91.772 E.02485
G1 X127.695 Y91.153 E.02475
G1 X127.045 Y90.562 E.02441
G1 X126.354 Y89.981 E.0251
G1 X125.655 Y89.431 E.02475
G1 X124.975 Y88.931 E.02346
G1 X124.201 Y88.404 E.02604
G1 X123.449 Y87.928 E.02475
G1 X122.721 Y87.501 E.02346
G1 X121.897 Y87.055 E.02606
G1 X121.098 Y86.661 E.02476
G1 X120.287 Y86.293 E.02476
G1 X119.497 Y85.965 E.02379
G1 X118.63 Y85.642 E.02573
G1 X117.785 Y85.359 E.02477
G1 X116.992 Y85.122 E.02302
G1 X116.069 Y84.883 E.0265
G1 X114.709 Y84.594 E.03867
G1 X113.451 Y84.391 E.03542
G1 X112.561 Y84.288 E.02493
G1 X111.673 Y84.216 E.02477
G1 X110.789 Y84.172 E.02461
G1 X109.6 Y84.165 E.03305
G1 X108.559 Y84.2 E.02896
G1 X107.731 Y84.262 E.02309
G1 X106.166 Y84.449 E.04384
G1 X105.738 Y84.899 E.01725
G1 X106.829 Y84.74 E.03063
G1 X108.529 Y84.58 E.0475
G1 X109.559 Y84.541 E.02866
G1 X110.766 Y84.549 E.03354
G1 X111.646 Y84.596 E.02452
G1 X112.518 Y84.667 E.02432
G1 X113.354 Y84.759 E.02338
G1 X114.26 Y84.901 E.02551
G1 X115.121 Y85.059 E.02434
G1 X116.822 Y85.467 E.04863
G1 X117.669 Y85.722 E.02459
G1 X118.498 Y86 E.02432
G1 X119.314 Y86.298 E.02415
G1 X120.135 Y86.642 E.02473
G1 X121.685 Y87.37 E.04762
G1 X122.493 Y87.805 E.02553
G1 X123.249 Y88.253 E.02443
G1 X123.988 Y88.72 E.02429
G1 X124.717 Y89.21 E.02444
G1 X125.423 Y89.734 E.02443
G1 X126.11 Y90.274 E.02429
G1 X126.759 Y90.815 E.02351
G1 X127.432 Y91.431 E.02536
G1 X128.06 Y92.038 E.02429
G1 X128.645 Y92.638 E.0233
G1 X129.256 Y93.325 E.02556
G1 X129.817 Y93.994 E.02429
G1 X130.338 Y94.651 E.02329
G1 X130.878 Y95.396 E.02558
G1 X131.365 Y96.122 E.02433
G1 X131.828 Y96.862 E.02427
G1 X132.27 Y97.614 E.02426
G1 X132.683 Y98.397 E.0246
G1 X133.068 Y99.181 E.02429
G1 X133.433 Y99.98 E.02442
G1 X133.76 Y100.795 E.02442
G1 X134.062 Y101.614 E.02429
G1 X134.33 Y102.409 E.02332
G1 X134.583 Y103.29 E.02548
G1 X134.982 Y104.947 E.04739
G1 X135.145 Y105.859 E.02574
G1 X135.272 Y106.722 E.02427
G1 X135.371 Y107.547 E.0231
G1 X135.438 Y108.47 E.02572
G1 X135.478 Y109.343 E.0243
G1 X135.482 Y110.28 E.02606
G1 X135.467 Y111.05 E.02142
G1 X135.408 Y111.972 E.02569
G1 X135.223 Y113.668 E.04742
G1 X135.069 Y114.578 E.02568
G1 X134.885 Y115.476 E.02548
G1 X135.262 Y115.099 E.01483
G1 X135.368 Y115.043 E.00331
G1 X135.59 Y113.779 E.03568
G1 X135.705 Y112.889 E.02496
G1 X135.789 Y112.003 E.02474
G1 X135.844 Y111.123 E.02452
G1 X135.864 Y109.806 E.03662
G1 E-.77778 F2400
;WIPE_START
G1 F10800
G1 X135.849 Y110.806 E-.22222
;WIPE_END
G17
G3 Z1.6 I.817 J-.902 P1  F9000
G1 X107.823 Y85.395 Z1.6
G1 Z1.2
G1 E1 F2700
;WIDTH:0.419999
G1 F10800
G1 X108.593 Y85.331 E.02133
G1 X109.589 Y85.295 E.02749
G1 X110.761 Y85.303 E.03233
G1 X112.437 Y85.418 E.04636
G1 X113.267 Y85.508 E.02302
G1 X114.141 Y85.647 E.02444
G1 X114.97 Y85.799 E.02324
G1 X116.641 Y86.199 E.04739
G1 X118.24 Y86.71 E.04634
G1 X119.051 Y87.005 E.02379
G1 X119.84 Y87.338 E.02365
G1 X121.35 Y88.046 E.046
G1 X122.135 Y88.47 E.02462
G1 X123.567 Y89.348 E.04635
G1 X124.293 Y89.834 E.02411
G1 X124.97 Y90.34 E.02331
G1 X126.273 Y91.392 E.04619
G1 X127.52 Y92.568 E.04729
G1 X128.101 Y93.161 E.02294
G1 X128.689 Y93.826 E.02448
G1 X129.743 Y95.116 E.04594
G1 X130.265 Y95.838 E.0246
G1 X130.734 Y96.539 E.02325
G1 X131.621 Y98 E.04717
G1 X132.381 Y99.497 E.04631
G1 X132.744 Y100.29 E.02408
G1 X133.057 Y101.075 E.02331
G1 X133.613 Y102.646 E.04599
G1 X133.855 Y103.497 E.02441
G1 X134.075 Y104.366 E.02474
G1 X134.247 Y105.117 E.02126
G1 X134.399 Y105.989 E.02442
G1 X134.621 Y107.641 E.04598
G1 X134.723 Y109.363 E.04761
G1 X134.712 Y111.04 E.04626
G1 X134.653 Y111.921 E.02437
G1 X134.473 Y113.579 E.04603
G1 X134.256 Y114.838 E.03525
G1 X133.973 Y116.084 E.03525
G1 X133.622 Y117.327 E.03564
G1 X133.376 Y118.053 E.02114
G1 X135.796 Y115.633 E.09443
G1 X136.02 Y115.631 E.00617
G1 X136.19 Y114.782 E.0239
G1 X136.339 Y113.878 E.02526
G1 X136.457 Y112.971 E.02526
G1 X136.544 Y112.059 E.02527
G1 X136.599 Y111.145 E.02526
G1 X136.622 Y110.293 E.02353
G1 X136.615 Y109.331 E.02652
G1 X136.507 Y107.51 E.05035
G1 X136.328 Y106.072 E.03996
G1 X136.108 Y104.792 E.03583
G1 X135.796 Y103.439 E.03831
G1 X135.431 Y102.131 E.03749
G1 X135.144 Y101.256 E.02541
G1 X134.499 Y99.591 E.04927
G1 X134.107 Y98.713 E.02652
G1 X133.704 Y97.89 E.02528
G1 X133.302 Y97.137 E.02354
G1 X132.814 Y96.291 E.02697
G1 X132.327 Y95.514 E.02529
G1 X131.917 Y94.905 E.02027
G1 X131.277 Y94.014 E.03027
G1 X130.713 Y93.292 E.02527
G1 X129.516 Y91.911 E.05044
G1 X128.878 Y91.248 E.02538
G1 X128.221 Y90.61 E.02527
G1 X127.551 Y90.003 E.02494
G1 X126.842 Y89.403 E.02562
G1 X126.123 Y88.836 E.02528
G1 X125.421 Y88.322 E.024
G1 X124.627 Y87.778 E.02656
G1 X123.852 Y87.289 E.02528
G1 X123.102 Y86.849 E.024
G1 X122.255 Y86.39 E.02658
G1 X120.969 Y85.771 E.03938
G1 X119.785 Y85.267 E.0355
G1 X118.894 Y84.933 E.02625
G1 X117.207 Y84.399 E.04884
G1 X116.26 Y84.151 E.02699
G1 X114.847 Y83.854 E.03984
G1 X113.564 Y83.645 E.03586
G1 X112.648 Y83.537 E.02546
G1 X111.734 Y83.462 E.02529
G1 X110.805 Y83.417 E.02569
G1 X109.604 Y83.411 E.03312
G1 X108.531 Y83.446 E.02961
G1 X107.152 Y83.563 E.03821
G1 X105.613 Y83.771 E.04285
G1 X105.646 Y83.874 E.00299
G1 X105.593 Y83.976 E.00317
G1 X103.362 Y86.208 E.08707
G1 X103.985 Y86.033 E.01786
G1 X104.816 Y85.84 E.02355
G1 X106.053 Y85.608 E.03473
G1 X106.93 Y85.49 E.0244
G1 X107.783 Y85.399 E.02368
G1 X107.792 Y85.019 F9000
G1 F10800
G1 X108.566 Y84.955 E.02144
G1 X109.583 Y84.918 E.02808
G1 X110.763 Y84.926 E.03256
G1 X112.477 Y85.043 E.04741
G1 X113.31 Y85.133 E.02311
G1 X114.201 Y85.275 E.02488
G1 X115.046 Y85.43 E.0237
G1 X116.736 Y85.834 E.04795
G1 X118.369 Y86.356 E.04731
G1 X119.182 Y86.652 E.02388
G1 X119.987 Y86.991 E.0241
G1 X121.517 Y87.708 E.04663
G1 X122.314 Y88.138 E.02497
G1 X123.777 Y89.035 E.04735
G1 X124.505 Y89.522 E.02417
G1 X125.196 Y90.038 E.02378
G1 X126.516 Y91.103 E.04681
G1 X127.789 Y92.304 E.04828
G1 X128.373 Y92.9 E.02303
G1 X128.972 Y93.576 E.02492
G1 X129.52 Y94.231 E.02357
G1 X130.04 Y94.883 E.02302
G1 X130.571 Y95.617 E.02499
G1 X131.048 Y96.331 E.0237
G1 X131.948 Y97.811 E.04778
G1 X132.723 Y99.339 E.04729
G1 X133.088 Y100.135 E.02415
G1 X133.407 Y100.935 E.02378
G1 X133.972 Y102.528 E.04661
G1 X134.218 Y103.394 E.02485
G1 X134.615 Y105.037 E.04664
G1 X134.771 Y105.924 E.02485
G1 X134.996 Y107.598 E.04662
G1 X135.1 Y109.353 E.04849
G1 X135.089 Y111.05 E.04682
G1 X135.029 Y111.946 E.0248
G1 X134.847 Y113.628 E.04666
G1 X134.626 Y114.909 E.03588
G1 X134.342 Y116.163 E.03546
G1 X134.189 Y116.706 E.01558
G1 X135.567 Y115.332 E.05371
G1 X135.694 Y115.337 E.0035
G1 X135.819 Y114.714 E.01755
G1 X135.966 Y113.823 E.0249
G1 X136.083 Y112.928 E.0249
G1 X136.168 Y112.03 E.02491
G1 X136.223 Y111.129 E.02491
G1 X136.245 Y110.289 E.02318
G1 X136.238 Y109.334 E.02635
G1 X136.131 Y107.539 E.04962
G1 X135.955 Y106.127 E.03924
G1 X135.737 Y104.86 E.03548
G1 X135.557 Y104.033 E.02336
G1 X135.069 Y102.236 E.05137
G1 X134.785 Y101.374 E.02505
G1 X134.473 Y100.527 E.02491
G1 X134.15 Y99.733 E.02365
G1 X133.763 Y98.867 E.02616
G1 X133.365 Y98.057 E.02492
G1 X132.97 Y97.315 E.02319
G1 X132.487 Y96.479 E.02662
G1 X132.008 Y95.714 E.02491
G1 X131.604 Y95.116 E.01991
G1 X130.972 Y94.236 E.02991
G1 X130.416 Y93.524 E.02491
G1 X129.236 Y92.163 E.04972
G1 X128.607 Y91.509 E.02502
G1 X127.959 Y90.88 E.02492
G1 X127.298 Y90.282 E.02458
G1 X126.599 Y89.691 E.02526
G1 X125.889 Y89.133 E.02492
G1 X125.198 Y88.626 E.02364
G1 X124.414 Y88.09 E.0262
G1 X123.651 Y87.608 E.02492
G1 X122.912 Y87.175 E.02364
G1 X122.076 Y86.722 E.02622
G1 X121.267 Y86.321 E.02492
G1 X120.444 Y85.947 E.02493
G1 X119.641 Y85.616 E.02397
G1 X118.763 Y85.287 E.02589
G1 X117.905 Y85 E.02494
G1 X117.099 Y84.76 E.0232
G1 X116.165 Y84.516 E.02664
G1 X115.283 Y84.319 E.02493
G1 X113.508 Y84.018 E.04968
G1 X112.604 Y83.912 E.0251
G1 X111.704 Y83.838 E.02494
G1 X110.794 Y83.794 E.02512
G1 X109.602 Y83.788 E.03289
G1 X108.545 Y83.823 E.02918
G1 X107.191 Y83.937 E.03749
G1 X105.936 Y84.1 E.03493
G1 X105.86 Y84.243 E.00447
G1 X104.607 Y85.495 E.04887
G1 X105.984 Y85.237 E.03864
G1 X106.879 Y85.116 E.02494
G1 X107.752 Y85.024 E.02421
G1 E-.77778 F2400
;WIPE_START
G1 F10800
G1 X106.879 Y85.116 E-.19501
G1 X106.758 Y85.132 E-.02721
;WIPE_END
G17
G3 Z1.6 I-.214 J1.198 P1  F9000
G1 X132.013 Y89.642 Z1.6
G1 Z1.2
G1 E1 F2700
;TYPE:Sparse infill
;WIDTH:0.45
G1 F10800
G1 X133.586 Y90.063 E.0485
G1 X139.095 Y95.572 E.23206
G1 X139.142 Y95.415 E.00488
G1 X139.447 Y94.756 E.02165
G1 X139.801 Y94.28 E.01768
G1 X140.253 Y93.845 E.01867
G1 X140.38 Y93.755 E.00465
G1 X141.092 Y93.356 E.0243
G1 X141.401 Y93.239 E.00986
G1 X142.107 Y93.097 E.02145
G1 X142.488 Y93.083 E.01135
G1 X142.85 Y93.109 E.01079
G1 X138.461 Y88.72 E.18488
G1 X139.723 Y87.692 E.0485
G1 E-.77778 F2400
;WIPE_START
G1 F10800
G1 X138.948 Y88.324 E-.22222
;WIPE_END
G17
G3 Z1.6 I-1.068 J.583 P1  F9000
G1 X144.832 Y99.11 Z1.6
G1 Z1.2
G1 E1 F2700
G1 F10800
G1 X144.658 Y99.281 E.00726
G1 X144.018 Y99.704 E.02286
G1 X143.439 Y99.916 E.01837
G1 X147.368 Y103.845 E.16551
G1 X147.315 Y103.484 E.01088
G1 X147.071 Y102.245 E.03762
G1 E-.77778 F2400
;WIPE_START
G1 F10800
G1 X147.264 Y103.226 E-.22222
;WIPE_END
G17
G3 Z1.6 I-1.188 J-.265 P1  F9000
G1 X144.633 Y114.999 Z1.6
G1 Z1.2
G1 E1 F2700
G1 F10800
G1 X146.253 Y115.166 E.0485
G1 X147.353 Y116.266 E.04634
G1 X147.006 Y118.084 E.05514
G1 X146.715 Y119.309 E.0375
G1 X146.339 Y120.686 E.04252
G1 X146.153 Y121.283 E.01863
G1 X136.937 Y112.067 E.38826
G1 X136.791 Y113.473 E.04211
G1 X136.576 Y114.85 E.04151
G1 X136.29 Y116.214 E.04151
G1 X135.996 Y117.343 E.03477
G1 X144.43 Y125.777 E.35528
G1 X143.762 Y127.159 E.0457
G1 X143.259 Y128.112 E.0321
G1 X142.459 Y129.507 E.04792
G1 X142.259 Y129.824 E.01116
G1 X134.276 Y121.841 E.33626
G1 X134.648 Y121.049 E.02607
G1 X134.946 Y120.357 E.02243
G1 E-.77778 F2400
;WIPE_START
G1 F10800
G1 X134.648 Y121.049 E-.16735
G1 X134.543 Y121.273 E-.05487
;WIPE_END
G17
G3 Z1.6 I-.758 J-.952 P1  F9000
G1 X102.199 Y147.022 Z1.6
G1 Z1.2
G1 E1 F2700
G1 F10800
G1 X103.799 Y147.322 E.0485
G1 X90.04 Y133.563 E.57961
G1 X90.532 Y135.397 E.05657
G1 X90.56 Y135.709 E.00931
G1 X90.523 Y136.003 E.00883
G1 X90.42 Y136.273 E.00862
G1 X90.286 Y136.479 E.00731
G1 X88.693 Y138.434 E.07511
G1 X95.002 Y144.742 E.26576
G1 X96.511 Y145.353 E.0485
G1 X87.987 Y130.358 F9000
G1 F10800
G1 X86.414 Y129.937 E.0485
G1 X80.907 Y124.43 E.23199
G1 X80.734 Y124.871 E.01413
G1 X80.592 Y125.164 E.0097
G1 X80.22 Y125.691 E.01921
G1 X79.762 Y126.141 E.01912
G1 X79.499 Y126.32 E.00948
G1 X79.158 Y126.532 E.01196
G1 X78.499 Y126.792 E.0211
G1 X77.926 Y126.904 E.01739
G1 X77.291 Y126.913 E.01891
G1 X77.15 Y126.891 E.00424
G1 X81.539 Y131.28 E.18488
G1 X80.277 Y132.308 E.0485
; stop printing object ОсновнойПрофиль.stl id:503862 copy 0
;LAYER_CHANGE
;Z:1.4
;HEIGHT:0.2
;BEFORE_LAYER_CHANGE
;1.4
G92 E0

G1 E-.77778 F2400
;WIPE_START
G1 F10800
G1 X81.052 Y131.676 E-.22222
;WIPE_END
;_SET_FAN_SPEED_CHANGING_LAYER
; printing object ОсновнойПрофиль.stl id:503862 copy 0
G17
G3 Z1.8 I1.215 J-.075 P1  F9000
G1 X79.725 Y110.162 Z1.8
G1 Z1.4
G1 E1 F2700
M204 P2000
;TYPE:Inner wall
;WIDTH:0.449999
G1 F7200
G1 X79.755 Y110.102 E.00198
G1 X79.762 Y109.956 E.00434
G1 X79.686 Y109.709 E.0077
G1 X77.66 Y106.205 E.12059
G1 X77.49 Y106.019 E.0075
G1 X77.217 Y105.917 E.00867
G1 X73.098 Y105.498 E.12333
G1 X71.664 Y105.498 E.04269
G1 X71.726 Y104.965 E.01598
G1 X71.971 Y103.367 E.04816
G1 X72.18 Y102.267 E.03334
G1 X72.537 Y100.692 E.04811
G1 X72.96 Y99.134 E.04811
G1 X73.292 Y98.065 E.03334
G1 X73.835 Y96.511 E.04903
G1 X74.231 Y95.495 E.03247
G1 X74.882 Y93.986 E.04897
G1 X75.597 Y92.507 E.04891
G1 X76.36 Y91.084 E.04811
G1 X76.924 Y90.116 E.03335
G1 X77.787 Y88.749 E.04818
G1 X78.418 Y87.824 E.03335
G1 X79.377 Y86.521 E.04818
G1 X79.706 Y86.106 E.01578
G1 X80.764 Y87.158 E.04445
G1 X83.929 Y89.731 E.12151
G1 X84.147 Y89.842 E.00728
G1 X84.442 Y89.843 E.00876
G1 X88.442 Y88.765 E.12341
G1 X88.671 Y88.585 E.00866
G1 X88.77 Y88.384 E.0067
G1 X89.819 Y84.474 E.12056
G1 X89.821 Y84.183 E.00866
G1 X89.708 Y83.957 E.00754
G1 X87.093 Y80.751 E.12325
G1 X86.083 Y79.742 E.04251
G1 X86.899 Y79.105 E.03084
G1 X88.26 Y78.135 E.04979
G1 X89.639 Y77.238 E.049
G1 X90.577 Y76.675 E.03256
G1 X91.504 Y76.153 E.0317
G1 X92.997 Y75.381 E.05007
G1 X94.063 Y74.88 E.0351
;WIDTH:0.489916
G1 X94.304 Y74.796 E.00832
;WIDTH:0.529833
G1 X94.544 Y74.713 E.00906
;WIDTH:0.56975
G1 X94.784 Y74.629 E.00981
;WIDTH:0.609667
G1 X95.541 Y74.338 E.0336
;WIDTH:0.605618
G1 X95.68 Y74.262 E.00655
;WIDTH:0.566714
G1 X95.82 Y74.185 E.0061
;WIDTH:0.527809
G1 X95.959 Y74.109 E.00564
;WIDTH:0.488904
G1 X96.099 Y74.033 E.00519
;WIDTH:0.449999
G1 X97.518 Y73.51 E.04504
G1 X98.559 Y73.171 E.03261
G1 X100.146 Y72.716 E.04918
G1 X101.207 Y72.452 E.03258
G1 X102.278 Y72.218 E.03264
G1 X103.354 Y72.015 E.03263
G1 X104.463 Y71.838 E.03344
G1 X105.493 Y71.711 E.03093
G1 X105.493 Y73.168 E.04338
G1 X105.913 Y77.253 E.12232
G1 X105.992 Y77.49 E.00743
G1 X106.201 Y77.696 E.00876
G1 X109.71 Y79.72 E.12065
G1 X109.997 Y79.798 E.00887
G1 X110.29 Y79.72 E.00902
G1 X113.799 Y77.696 E.12065
G1 X114.009 Y77.488 E.00883
G1 X114.086 Y77.253 E.00736
G1 X114.507 Y73.168 E.12232
G1 X114.507 Y71.707 E.04352
G1 X116.12 Y71.927 E.04849
G1 X117.713 Y72.216 E.04822
G1 X118.779 Y72.449 E.03251
G1 X120.376 Y72.858 E.04909
G1 X121.422 Y73.166 E.0325
G1 X122.986 Y73.686 E.04909
G1 X124.011 Y74.068 E.03257
G1 X125.024 Y74.479 E.03257
G1 X126.502 Y75.14 E.04822
G1 X127.508 Y75.633 E.03337
G1 X128.935 Y76.396 E.04821
G1 X129.903 Y76.959 E.03337
G1 X131.273 Y77.822 E.0482
G1 X132.199 Y78.452 E.03337
G1 X133.503 Y79.41 E.0482
G1 X133.92 Y79.739 E.01582
G1 X132.867 Y80.795 E.04441
G1 X130.292 Y83.957 E.12148
G1 X130.171 Y84.22 E.00861
G1 X130.181 Y84.474 E.00759
G1 X131.23 Y88.384 E.12056
G1 X131.379 Y88.643 E.00891
G1 X131.64 Y88.794 E.00899
G1 X135.554 Y89.842 E.12068
G1 X135.827 Y89.848 E.00813
G1 X136.07 Y89.731 E.00805
G1 X139.28 Y87.119 E.12328
G1 X140.294 Y86.106 E.04269
G1 X140.614 Y86.51 E.01535
G1 X141.589 Y87.834 E.04899
G1 X142.49 Y89.175 E.04813
G1 X143.082 Y90.126 E.03335
G1 X143.887 Y91.529 E.04818
G1 X144.411 Y92.522 E.03346
G1 X145.13 Y94.016 E.04938
;WIDTH:0.499131
G1 X145.16 Y94.146 E.00448
;WIDTH:0.548263
G1 X145.191 Y94.277 E.00496
;WIDTH:0.597395
G1 X145.221 Y94.408 E.00544
;WIDTH:0.646526
G1 X145.251 Y94.539 E.00593
G1 X145.556 Y95.184 E.03155
;WIDTH:0.619817
G1 X145.777 Y95.763 E.02616
G1 X145.836 Y95.876 E.00535
;WIDTH:0.593499
G1 X145.894 Y95.988 E.00511
;WIDTH:0.567181
G1 X145.988 Y96.171 E.00785
;WIDTH:0.528121
G1 X146.081 Y96.353 E.00727
;WIDTH:0.48906
G1 X146.174 Y96.535 E.00668
;WIDTH:0.449999
G1 X146.705 Y98.054 E.04792
G1 X147.037 Y99.127 E.03346
G1 X147.461 Y100.687 E.04817
G1 X147.716 Y101.777 E.03334
G1 X148.028 Y103.362 E.04811
G1 X148.277 Y104.995 E.04921
G1 X148.336 Y105.498 E.01507
G1 X146.843 Y105.501 E.04446
G1 X142.783 Y105.917 E.12156
G1 X142.509 Y106.02 E.00873
G1 X142.34 Y106.205 E.00745
G1 X140.272 Y109.798 E.12348
G1 X140.243 Y110.087 E.00866
G1 X140.314 Y110.291 E.00642
G1 X142.34 Y113.795 E.12059
G1 X142.538 Y113.999 E.00848
G1 X142.783 Y114.083 E.00771
G1 X146.902 Y114.502 E.12333
G1 X148.335 Y114.502 E.04269
G1 X148.274 Y115.03 E.01582
G1 X148.03 Y116.626 E.04811
G1 X147.713 Y118.238 E.04894
G1 X147.416 Y119.488 E.03826
G1 X147.033 Y120.889 E.04327
G1 X146.709 Y121.933 E.03256
G1 X146.356 Y122.967 E.03255
G1 X145.769 Y124.503 E.04897
G1 X145.118 Y126.013 E.04898
G1 X144.651 Y126.998 E.03248
G1 X143.894 Y128.458 E.04898
G1 X143.077 Y129.883 E.04892
G1 X142.214 Y131.249 E.04812
G1 X141.583 Y132.174 E.03336
G1 X140.625 Y133.477 E.04818
G1 X140.294 Y133.894 E.01586
G1 X139.236 Y132.842 E.04445
G1 X136.07 Y130.269 E.12151
G1 X135.81 Y130.148 E.00855
G1 X135.554 Y130.158 E.00762
G1 X131.64 Y131.206 E.12068
G1 X131.383 Y131.353 E.00884
G1 X131.23 Y131.616 E.00906
G1 X130.181 Y135.526 E.12056
G1 X130.179 Y135.817 E.00866
G1 X130.292 Y136.043 E.00754
G1 X132.907 Y139.249 E.12325
G1 X133.92 Y140.261 E.04265
G1 X133.517 Y140.58 E.01532
G1 X132.191 Y141.554 E.04901
G1 X130.848 Y142.454 E.04814
G1 X129.897 Y143.045 E.03337
G1 X128.492 Y143.849 E.0482
G1 X127.497 Y144.373 E.03349
G1 X125.936 Y145.12 E.05156
;WIDTH:0.49507
G1 X125.783 Y145.163 E.00527
;WIDTH:0.540141
G1 X125.629 Y145.206 E.0058
;WIDTH:0.585212
G1 X125.476 Y145.249 E.00632
;WIDTH:0.630282
G1 X125.322 Y145.291 E.00685
G1 X124.975 Y145.453 E.01648
;WIDTH:0.621211
G1 X124.196 Y145.758 E.0354
G1 X124.11 Y145.815 E.00436
;WIDTH:0.578408
G1 X124.024 Y145.872 E.00403
;WIDTH:0.535605
G1 X123.939 Y145.929 E.00371
;WIDTH:0.492802
G1 X123.853 Y145.986 E.00339
;WIDTH:0.449999
G1 X123.515 Y146.121 E.01084
G1 X121.96 Y146.664 E.04907
G1 X120.886 Y146.996 E.03348
G1 X119.323 Y147.42 E.04822
G1 X118.232 Y147.674 E.03337
G1 X116.646 Y147.985 E.04816
G1 X115.019 Y148.234 E.04902
G1 X114.507 Y148.293 E.01536
G1 X114.504 Y146.802 E.04441
G1 X114.086 Y142.747 E.12143
G1 X114.008 Y142.51 E.00743
G1 X113.799 Y142.304 E.00876
G1 X110.216 Y140.237 E.1232
G1 X109.934 Y140.206 E.00844
G1 X109.71 Y140.28 E.00704
G1 X106.201 Y142.304 E.12065
G1 X106.008 Y142.484 E.00785
G1 X105.913 Y142.747 E.00834
G1 X105.493 Y146.862 E.1232
G1 X105.493 Y148.293 E.04263
G1 X104.964 Y148.232 E.01586
G1 X103.366 Y147.988 E.04815
G1 X101.751 Y147.671 E.04902
G1 X100.66 Y147.415 E.03338
G1 X99.098 Y146.992 E.04822
G1 X98.028 Y146.66 E.03337
G1 X96.501 Y146.127 E.04816
G1 X94.999 Y145.53 E.04815
G1 X93.972 Y145.081 E.03337
G1 X92.49 Y144.366 E.04901
G1 X91.065 Y143.604 E.04815
G1 X90.096 Y143.041 E.03337
G1 X88.727 Y142.178 E.0482
G1 X87.801 Y141.548 E.03337
G1 X86.496 Y140.59 E.0482
G1 X86.08 Y140.261 E.01582
G1 X87.132 Y139.205 E.04441
G1 X89.708 Y136.043 E.12148
G1 X89.821 Y135.819 E.00747
G1 X89.819 Y135.526 E.00873
G1 X88.773 Y131.627 E.12022
G1 X88.62 Y131.357 E.00925
G1 X88.359 Y131.206 E.00899
G1 X84.446 Y130.158 E.12068
G1 X84.165 Y130.154 E.00837
G1 X83.929 Y130.269 E.0078
G1 X80.719 Y132.881 E.12328
G1 X79.706 Y133.894 E.04269
G1 X79.385 Y133.49 E.01535
G1 X78.411 Y132.166 E.04899
G1 X77.509 Y130.825 E.04813
G1 X76.918 Y129.874 E.03335
G1 X76.113 Y128.471 E.04818
G1 X75.589 Y127.478 E.03346
G1 X74.858 Y125.958 E.05022
;WIDTH:0.49498
G1 X74.814 Y125.8 E.00543
;WIDTH:0.53996
G1 X74.769 Y125.642 E.00597
;WIDTH:0.58494
G1 X74.725 Y125.484 E.00651
;WIDTH:0.62992
G1 X74.68 Y125.326 E.00705
G1 X74.43 Y124.785 E.02563
;WIDTH:0.629012
G1 X74.186 Y124.133 E.02985
G1 X74.096 Y123.966 E.00814
;WIDTH:0.584259
G1 X74.006 Y123.799 E.00752
;WIDTH:0.539506
G1 X73.916 Y123.632 E.00689
;WIDTH:0.494753
G1 X73.826 Y123.465 E.00627
;WIDTH:0.449999
G1 X73.295 Y121.946 E.04792
G1 X72.962 Y120.873 E.03346
G1 X72.538 Y119.312 E.04819
G1 X72.283 Y118.221 E.03337
G1 X71.972 Y116.636 E.04813
G1 X71.723 Y115.01 E.04899
G1 X71.664 Y114.502 E.01522
G1 X73.157 Y114.499 E.04447
G1 X77.282 Y114.072 E.12353
G1 X77.501 Y113.973 E.00715
G1 X77.66 Y113.795 E.0071
G1 X79.533 Y110.555 E.1115
G1 X79.708 Y110.198 E.01183
G1 X79.35 Y110.045 F9000
M204 P1000
;TYPE:Outer wall
;WIDTH:0.419999
G1 F5400
G1 X79.328 Y109.916 E.00359
G1 X77.302 Y106.411 E.1117
G1 X77.174 Y106.329 E.00419
G1 X73.106 Y105.911 E.11284
G1 X71.2 Y105.911 E.0526
G1 X71.317 Y104.91 E.02782
G1 X71.564 Y103.297 E.04502
G1 X71.775 Y102.183 E.03128
G1 X72.136 Y100.592 E.045
G1 X72.563 Y99.018 E.045
G1 X72.899 Y97.935 E.03129
G1 X73.447 Y96.367 E.04583
G1 X73.848 Y95.338 E.03048
G1 X74.506 Y93.814 E.04581
G1 X75.228 Y92.319 E.04579
G1 X75.999 Y90.882 E.04501
G1 X76.57 Y89.902 E.03129
G1 X77.441 Y88.522 E.04503
G1 X78.081 Y87.585 E.03129
G1 X79.048 Y86.27 E.04504
G1 X79.67 Y85.485 E.02762
G1 X81.024 Y86.837 E.05281
G1 X84.19 Y89.41 E.11256
G1 X84.338 Y89.442 E.00416
G1 X88.27 Y88.389 E.11232
G1 X88.371 Y88.276 E.00417
G1 X89.419 Y84.367 E.11168
G1 X89.387 Y84.218 E.0042
G1 X86.8 Y81.043 E.113
G1 X85.46 Y79.704 E.05229
G1 X86.652 Y78.774 E.04173
G1 X88.027 Y77.793 E.04662
G1 X89.42 Y76.887 E.04584
G1 X90.369 Y76.318 E.03052
G1 X91.307 Y75.789 E.02973
G1 X92.814 Y75.01 E.04679
G1 X93.78 Y74.552 E.02951
G1 X94.83 Y74.092 E.03162
G1 X96.341 Y73.491 E.04487
G1 X97.384 Y73.119 E.03056
G1 X98.438 Y72.776 E.03057
G1 X100.039 Y72.317 E.04596
G1 X101.113 Y72.05 E.03054
G1 X102.195 Y71.813 E.03056
G1 X103.283 Y71.607 E.03055
G1 X104.405 Y71.428 E.03134
G1 X105.907 Y71.244 E.04175
G1 X105.907 Y73.147 E.0525
G1 X106.325 Y77.21 E.11272
G1 X106.408 Y77.338 E.0042
G1 X109.953 Y79.383 E.11294
G1 X110.083 Y79.362 E.00364
G1 X113.592 Y77.338 E.11176
G1 X113.675 Y77.21 E.0042
G1 X114.093 Y73.147 E.11272
G1 X114.093 Y71.243 E.05254
G1 X115.062 Y71.355 E.02692
G1 X116.187 Y71.518 E.03135
G1 X117.794 Y71.811 E.04507
G1 X118.874 Y72.047 E.03052
G1 X120.485 Y72.459 E.04588
G1 X121.546 Y72.771 E.03051
G1 X123.124 Y73.296 E.04587
G1 X124.161 Y73.683 E.03054
G1 X125.186 Y74.099 E.03054
G1 X126.677 Y74.765 E.04507
G1 X127.696 Y75.265 E.03132
G1 X129.136 Y76.035 E.04506
G1 X130.118 Y76.605 E.03132
G1 X131.499 Y77.476 E.04506
G1 X132.438 Y78.114 E.03131
G1 X133.754 Y79.081 E.04506
G1 X134.541 Y79.703 E.02769
G1 X133.188 Y81.056 E.0528
G1 X130.612 Y84.218 E.11253
G1 X130.581 Y84.367 E.0042
G1 X131.632 Y88.287 E.11197
G1 X131.747 Y88.395 E.00436
G1 X135.661 Y89.442 E.11179
G1 X135.81 Y89.41 E.00419
G1 X138.982 Y86.832 E.11279
G1 X140.33 Y85.485 E.05257
G1 X140.943 Y86.259 E.02722
G1 X141.927 Y87.596 E.04582
G1 X142.838 Y88.95 E.04502
G1 X143.437 Y89.914 E.0313
G1 X144.249 Y91.329 E.04504
G1 X144.78 Y92.336 E.0314
G1 X145.487 Y93.799 E.04483
G1 X146.008 Y94.991 E.0359
G1 X146.561 Y96.391 E.04153
G1 X147.097 Y97.924 E.04482
G1 X147.434 Y99.011 E.0314
G1 X147.862 Y100.586 E.04502
G1 X148.12 Y101.69 E.03129
G1 X148.435 Y103.291 E.04501
G1 X148.688 Y104.947 E.04624
G1 X148.8 Y105.911 E.02677
G1 X146.885 Y105.912 E.05284
G1 X142.825 Y106.329 E.11261
G1 X142.698 Y106.411 E.00419
G1 X140.663 Y109.935 E.11227
G1 X140.672 Y110.084 E.00411
G1 X142.698 Y113.589 E.1117
G1 X142.825 Y113.671 E.00419
G1 X146.894 Y114.089 E.11284
G1 X148.8 Y114.089 E.0526
G1 X148.684 Y115.085 E.02767
G1 X148.437 Y116.697 E.04501
G1 X148.117 Y118.326 E.0458
G1 X147.817 Y119.59 E.03585
G1 X147.43 Y121.005 E.04047
G1 X147.102 Y122.061 E.03051
G1 X146.745 Y123.108 E.03051
G1 X146.153 Y124.659 E.04581
G1 X145.495 Y126.184 E.04582
G1 X145.021 Y127.182 E.03049
G1 X144.257 Y128.656 E.04582
G1 X143.431 Y130.096 E.0458
G1 X142.56 Y131.476 E.04502
G1 X141.921 Y132.413 E.0313
G1 X140.953 Y133.728 E.04504
G1 X140.33 Y134.515 E.02769
G1 X138.975 Y133.163 E.05281
G1 X135.81 Y130.59 E.11256
G1 X135.661 Y130.558 E.00419
G1 X131.706 Y131.617 E.11298
G1 X131.629 Y131.724 E.00363
G1 X130.581 Y135.633 E.11168
G1 X130.612 Y135.782 E.0042
G1 X133.193 Y138.951 E.11277
G1 X134.541 Y140.297 E.05257
G1 X133.768 Y140.909 E.02722
G1 X132.428 Y141.892 E.04584
G1 X131.073 Y142.801 E.04503
G1 X130.108 Y143.4 E.03132
G1 X128.691 Y144.211 E.04506
G1 X127.684 Y144.742 E.03142
G1 X126.219 Y145.448 E.04487
G1 X125.17 Y145.908 E.0316
G1 X123.659 Y146.508 E.04485
G1 X122.089 Y147.057 E.0459
G1 X121.001 Y147.393 E.03142
G1 X119.424 Y147.821 E.04507
G1 X118.319 Y148.078 E.03132
G1 X116.717 Y148.393 E.04505
G1 X115.074 Y148.644 E.04586
G1 X114.093 Y148.758 E.02724
G1 X114.092 Y146.845 E.05278
G1 X113.675 Y142.79 E.11248
G1 X113.592 Y142.662 E.0042
G1 X110.06 Y140.625 E.11251
G1 X109.916 Y140.638 E.00397
G1 X106.408 Y142.662 E.11176
G1 X106.325 Y142.79 E.0042
G1 X105.907 Y146.853 E.11272
G1 X105.907 Y148.757 E.05254
G1 X104.909 Y148.641 E.02771
G1 X103.295 Y148.395 E.04505
G1 X101.664 Y148.075 E.04586
G1 X100.559 Y147.816 E.03132
G1 X98.982 Y147.389 E.04507
G1 X97.898 Y147.053 E.03132
G1 X96.357 Y146.514 E.04505
G1 X94.839 Y145.912 E.04505
G1 X93.8 Y145.456 E.03132
G1 X92.303 Y144.735 E.04584
G1 X90.863 Y143.965 E.04504
G1 X89.882 Y143.395 E.03132
G1 X88.5 Y142.524 E.04506
G1 X87.562 Y141.886 E.03131
G1 X86.246 Y140.919 E.04506
G1 X85.458 Y140.297 E.02769
G1 X86.812 Y138.944 E.0528
G1 X89.387 Y135.782 E.11253
G1 X89.419 Y135.633 E.0042
G1 X88.36 Y131.685 E.11279
G1 X88.252 Y131.605 E.00369
G1 X84.339 Y130.558 E.11179
G1 X84.19 Y130.59 E.00419
G1 X81.018 Y133.168 E.11279
G1 X79.67 Y134.515 E.05257
G1 X79.057 Y133.741 E.02722
G1 X78.073 Y132.404 E.04582
G1 X77.162 Y131.05 E.04502
G1 X76.563 Y130.086 E.0313
G1 X75.751 Y128.671 E.04504
G1 X75.22 Y127.664 E.0314
G1 X74.513 Y126.201 E.04483
G1 X73.992 Y125.009 E.0359
G1 X73.438 Y123.609 E.04153
G1 X72.902 Y122.076 E.04482
G1 X72.565 Y120.989 E.0314
G1 X72.137 Y119.413 E.04504
G1 X71.879 Y118.308 E.03132
G1 X71.564 Y116.707 E.04502
G1 X71.313 Y115.065 E.04583
G1 X71.2 Y114.089 E.02711
G1 X73.115 Y114.088 E.05284
G1 X77.174 Y113.671 E.11261
G1 X77.302 Y113.589 E.00419
G1 X79.33 Y110.079 E.11184
G1 E-.7 F2400
;WIPE_START
G1 F5400
G1 X79.328 Y109.916 E-.04887
G1 X78.909 Y109.192 E-.25113
;WIPE_END
G17
G3 Z1.8 I.273 J1.186 P1  F9000
G1 X140.081 Y95.125 Z1.8
G1 Z1.4
G1 E1 F2700
M204 P2000
;TYPE:Inner wall
;WIDTH:0.449999
G1 F7200
G1 X140.342 Y94.758 E.01341
G1 X140.709 Y94.406 E.01515
G1 X141.326 Y94.051 E.0212
G1 X141.595 Y93.935 E.00872
G1 X142.214 Y93.812 E.01881
G1 X142.753 Y93.817 E.01603
G1 X143.293 Y93.936 E.01648
G1 X143.841 Y94.178 E.01786
G1 X144.261 Y94.478 E.01537
;WIDTH:0.499131
G1 X144.377 Y94.564 E.00481
;WIDTH:0.548263
G1 X144.492 Y94.651 E.00532
;WIDTH:0.597395
G1 X144.607 Y94.737 E.00584
;WIDTH:0.646526
G1 X144.722 Y94.824 E.00636
G1 X145.004 Y95.316 E.02505
;WIDTH:0.619817
G1 X145.236 Y95.962 E.029
G1 X145.232 Y96.135 E.0073
;WIDTH:0.577363
G1 X145.227 Y96.308 E.00676
;WIDTH:0.534908
G1 X145.223 Y96.481 E.00623
;WIDTH:0.492454
G1 X145.219 Y96.654 E.00569
;WIDTH:0.449999
G1 X145.086 Y97.424 E.02327
G1 X144.862 Y97.9 E.01568
G1 X144.638 Y98.274 E.01296
G1 X144.197 Y98.726 E.01881
G1 X143.693 Y99.056 E.01796
G1 X143.15 Y99.261 E.01729
G1 X142.64 Y99.346 E.01538
G1 X142.068 Y99.327 E.01705
G1 X141.57 Y99.215 E.01522
G1 X141.049 Y98.977 E.01705
G1 X140.436 Y98.493 E.02327
G1 X140.02 Y97.914 E.02125
G1 X139.865 Y97.592 E.01063
G1 X139.725 Y97.143 E.01402
G1 X139.667 Y96.514 E.01881
G1 X139.799 Y95.729 E.02372
G1 X140.042 Y95.178 E.01793
G1 X140.057 Y95.157 E.00077
G1 X140.414 Y95.362 F9000
M204 P1000
;TYPE:Outer wall
;WIDTH:0.419999
G1 F5400
G1 X140.423 Y95.343 E.00058
G1 X140.694 Y94.983 E.01242
G1 X141.024 Y94.686 E.01225
G1 X141.629 Y94.358 E.01899
G1 X142.295 Y94.218 E.01879
G1 X142.769 Y94.235 E.01308
G1 X143.249 Y94.354 E.01364
G1 X143.692 Y94.569 E.01358
G1 X144.035 Y94.828 E.01189
G1 X144.293 Y95.103 E.01039
G1 X144.565 Y95.536 E.01411
G1 X144.764 Y96.123 E.0171
G1 X144.806 Y96.681 E.01545
G1 X144.68 Y97.343 E.01859
G1 X144.37 Y97.946 E.01871
G1 X143.901 Y98.437 E.01874
G1 X143.477 Y98.703 E.01382
G1 X143.002 Y98.874 E.01393
G1 X142.548 Y98.938 E.01263
G1 X142.06 Y98.91 E.01351
G1 X141.693 Y98.819 E.01043
G1 X141.222 Y98.602 E.0143
G1 X140.7 Y98.175 E.01859
G1 X140.363 Y97.684 E.01644
G1 X140.146 Y97.146 E.01602
G1 X140.079 Y96.477 E.01856
G1 X140.205 Y95.81 E.01872
G1 X140.397 Y95.398 E.01254
G1 E-.7 F2400
;WIPE_START
G1 F5400
G1 X140.423 Y95.343 E-.01836
G1 X140.694 Y94.983 E-.13504
G1 X141.024 Y94.686 E-.13318
G1 X141.063 Y94.665 E-.01343
;WIPE_END
G17
G3 Z1.8 I-.123 J-1.211 P1  F9000
G1 X130.623 Y95.729 Z1.8
G1 Z1.4
G1 E1 F2700
M204 P2000
;TYPE:Inner wall
;WIDTH:0.449999
G1 F7200
G1 X131.258 Y96.685 E.03416
G1 X131.917 Y97.798 E.03856
G1 X132.524 Y98.954 E.03886
G1 X133.014 Y100.021 E.035
G1 X133.451 Y101.101 E.03469
G1 X133.957 Y102.549 E.04567
G1 X134.31 Y103.794 E.03855
G1 X134.601 Y105.07 E.03899
G1 X134.824 Y106.345 E.03857
G1 X134.977 Y107.615 E.03811
G1 X135.038 Y108.488 E.02605
G1 X135.09 Y109.774 E.03836
G1 X135.069 Y111.063 E.0384
G1 X134.98 Y112.354 E.03855
G1 X134.88 Y113.247 E.02675
G1 X134.685 Y114.491 E.03752
G1 X134.42 Y115.758 E.03854
G1 X134.201 Y116.616 E.02638
G1 X133.834 Y117.834 E.03789
G1 X133.398 Y119.052 E.03855
G1 X132.899 Y120.247 E.03855
G1 X132.522 Y121.048 E.02639
G1 X131.932 Y122.175 E.03789
G1 X131.274 Y123.29 E.03856
G1 X130.55 Y124.382 E.03901
G1 X129.78 Y125.422 E.03857
G1 X128.956 Y126.422 E.03857
G1 X128.093 Y127.366 E.03813
G1 X127.171 Y128.276 E.03857
G1 X126.193 Y129.147 E.03902
G1 X125.193 Y129.947 E.03813
G1 X124.478 Y130.471 E.0264
G1 X123.171 Y131.327 E.04655
G1 X122.308 Y131.842 E.02993
G1 X121.163 Y132.447 E.03858
G1 X119.783 Y133.077 E.0452
G1 X118.787 Y133.477 E.03197
G1 X117.562 Y133.899 E.03859
G1 X116.317 Y134.257 E.03858
G1 X115.472 Y134.461 E.02589
G1 X114.191 Y134.713 E.03888
G1 X112.909 Y134.896 E.0386
G1 X111.633 Y135.011 E.03814
G1 X110.338 Y135.062 E.03862
G1 X109.043 Y135.046 E.03857
G1 X107.735 Y134.963 E.03904
G1 X106.448 Y134.813 E.03859
G1 X105.186 Y134.599 E.03814
G1 X104.319 Y134.414 E.02641
G1 X103.087 Y134.094 E.03792
G1 X101.851 Y133.706 E.03858
G1 X100.637 Y133.254 E.03859
G1 X99.474 Y132.752 E.03772
G1 X98.287 Y132.166 E.03944
G1 X97.51 Y131.739 E.0264
G1 X96.41 Y131.07 E.03836
G1 X95.339 Y130.341 E.03858
G1 X94.307 Y129.558 E.03858
G1 X93.329 Y128.733 E.03812
G1 X92.677 Y128.133 E.02639
G1 X91.779 Y127.232 E.03791
G1 X90.907 Y126.264 E.0388
G1 X90.088 Y125.252 E.03878
G1 X89.335 Y124.217 E.03812
G1 X88.628 Y123.132 E.03856
G1 X88.202 Y122.412 E.02493
G1 X87.577 Y121.248 E.03935
G1 X86.959 Y119.916 E.04373
G1 X86.536 Y118.879 E.03338
G1 X86.108 Y117.657 E.03856
G1 X85.821 Y116.677 E.03043
G1 X85.596 Y115.813 E.02659
G1 X85.279 Y114.293 E.04624
G1 X85.09 Y113.013 E.03855
G1 X84.968 Y111.725 E.03855
G1 X84.912 Y110.446 E.03811
G1 X84.923 Y109.152 E.03855
G1 X85.001 Y107.845 E.039
G1 X85.146 Y106.559 E.03855
G1 X85.354 Y105.297 E.03811
G1 X85.63 Y104.032 E.03855
G1 X85.856 Y103.176 E.02638
G1 X86.234 Y101.961 E.03789
G1 X86.692 Y100.719 E.03944
G1 X87.191 Y99.555 E.03772
G1 X87.76 Y98.394 E.03852
G1 X88.39 Y97.263 E.03856
G1 X89.085 Y96.153 E.03902
G1 X89.828 Y95.093 E.03856
G1 X90.616 Y94.084 E.03812
G1 X91.226 Y93.38 E.02776
G1 X91.982 Y92.559 E.03325
G1 X92.987 Y91.577 E.04184
G1 X93.651 Y90.986 E.0265
G1 X94.647 Y90.175 E.03825
G1 X95.68 Y89.418 E.03813
G1 X96.762 Y88.707 E.03858
G1 X97.88 Y88.053 E.03858
G1 X99.03 Y87.458 E.03859
G1 X100.21 Y86.922 E.03858
G1 X101.209 Y86.529 E.03198
G1 X102.254 Y86.16 E.033
G1 X103.315 Y85.845 E.03296
G1 X104.748 Y85.49 E.04398
G1 X106.021 Y85.252 E.03859
G1 X107.305 Y85.08 E.03859
G1 X108.53 Y84.98 E.03659
G1 X109.468 Y84.941 E.02796
G1 X110.741 Y84.946 E.03793
G1 X112.064 Y85.02 E.03948
G1 X113.337 Y85.158 E.03815
G1 X114.602 Y85.361 E.03814
G1 X115.47 Y85.538 E.02641
G1 X116.705 Y85.847 E.03792
G1 X117.944 Y86.225 E.03858
G1 X119.167 Y86.668 E.03874
G1 X120.356 Y87.17 E.03844
G1 X121.522 Y87.734 E.03859
G1 X122.657 Y88.358 E.03858
G1 X123.771 Y89.047 E.03903
G1 X124.835 Y89.785 E.03858
G1 X125.86 Y90.577 E.03858
G1 X126.657 Y91.261 E.03127
G1 X127.466 Y92.004 E.03272
G1 X128.096 Y92.637 E.02661
G1 X128.956 Y93.578 E.03798
G1 X129.78 Y94.578 E.03857
G1 X130.541 Y95.606 E.03812
G1 X130.601 Y95.696 E.00321
G1 X130.279 Y95.958 F9000
M204 P1000
;TYPE:Outer wall
;WIDTH:0.419999
G1 F5400
G1 X130.913 Y96.913 E.03164
G1 X131.562 Y98.009 E.03513
G1 X132.154 Y99.139 E.03521
G1 X132.639 Y100.194 E.03203
G1 X133.067 Y101.254 E.03154
G1 X133.565 Y102.682 E.04171
G1 X133.912 Y103.906 E.03512
G1 X134.196 Y105.152 E.03524
G1 X134.414 Y106.406 E.03513
G1 X134.567 Y107.665 E.035
G1 X134.626 Y108.516 E.02354
G1 X134.677 Y109.785 E.03504
G1 X134.655 Y111.056 E.03508
G1 X134.568 Y112.326 E.03512
G1 X134.47 Y113.192 E.02404
G1 X134.277 Y114.427 E.03451
G1 X134.016 Y115.673 E.03512
G1 X133.801 Y116.514 E.02394
G1 X133.438 Y117.714 E.03461
G1 X133.008 Y118.913 E.03513
G1 X132.517 Y120.087 E.03512
G1 X132.148 Y120.872 E.02394
G1 X131.566 Y121.984 E.03461
G1 X130.918 Y123.08 E.03513
G1 X130.212 Y124.144 E.03525
G1 X129.454 Y125.168 E.03514
G1 X128.644 Y126.151 E.03514
G1 X127.787 Y127.087 E.03502
G1 X126.881 Y127.982 E.03514
G1 X125.926 Y128.831 E.03526
G1 X124.935 Y129.624 E.03502
G1 X124.234 Y130.137 E.02396
G1 X122.96 Y130.972 E.04204
G1 X122.096 Y131.487 E.02773
G1 X120.97 Y132.082 E.03515
G1 X119.628 Y132.693 E.04069
G1 X118.632 Y133.094 E.02961
G1 X117.428 Y133.508 E.03516
G1 X116.203 Y133.86 E.03515
G1 X115.375 Y134.059 E.02349
G1 X114.122 Y134.305 E.03523
G1 X112.861 Y134.485 E.03516
G1 X111.596 Y134.6 E.03504
G1 X110.323 Y134.649 E.03517
G1 X109.049 Y134.633 E.03515
G1 X107.773 Y134.551 E.03528
G1 X106.507 Y134.403 E.03516
G1 X105.255 Y134.191 E.03503
G1 X104.406 Y134.009 E.02396
G1 X103.19 Y133.694 E.03464
G1 X101.975 Y133.311 E.03515
G1 X100.781 Y132.867 E.03515
G1 X99.639 Y132.372 E.03436
G1 X98.47 Y131.795 E.03594
G1 X97.71 Y131.377 E.02396
G1 X96.634 Y130.722 E.03475
G1 X95.581 Y130.006 E.03515
G1 X94.566 Y129.235 E.03515
G1 X93.596 Y128.417 E.03502
G1 X92.957 Y127.829 E.02395
G1 X92.072 Y126.94 E.03463
G1 X91.219 Y125.991 E.0352
G1 X90.416 Y125 E.03519
G1 X89.67 Y123.974 E.03502
G1 X88.975 Y122.907 E.03513
G1 X88.558 Y122.202 E.02259
G1 X87.942 Y121.053 E.03597
G1 X87.342 Y119.76 E.03933
G1 X86.918 Y118.723 E.03092
G1 X86.498 Y117.521 E.03513
G1 X86.218 Y116.561 E.0276
G1 X85.997 Y115.714 E.02413
G1 X85.687 Y114.223 E.04205
G1 X85.501 Y112.963 E.03512
G1 X85.38 Y111.696 E.03512
G1 X85.326 Y110.429 E.03501
G1 X85.336 Y109.156 E.03512
G1 X85.413 Y107.881 E.03524
G1 X85.555 Y106.616 E.03512
G1 X85.762 Y105.364 E.035
G1 X86.034 Y104.121 E.03512
G1 X86.256 Y103.282 E.02394
G1 X86.629 Y102.084 E.03461
G1 X87.069 Y100.888 E.03517
G1 X87.57 Y99.72 E.03508
G1 X88.131 Y98.577 E.03513
G1 X88.751 Y97.464 E.03513
G1 X89.429 Y96.382 E.03525
G1 X90.161 Y95.339 E.03513
G1 X90.942 Y94.339 E.03502
G1 X91.539 Y93.651 E.02512
G1 X92.282 Y92.843 E.0303
G1 X93.274 Y91.874 E.03827
G1 X93.924 Y91.297 E.02398
G1 X94.9 Y90.502 E.03472
G1 X95.924 Y89.752 E.03503
G1 X96.989 Y89.053 E.03515
G1 X98.089 Y88.41 E.03515
G1 X99.22 Y87.825 E.03515
G1 X100.381 Y87.299 E.03515
G1 X101.36 Y86.914 E.02904
G1 X102.388 Y86.551 E.03007
G1 X103.432 Y86.242 E.03005
G1 X104.834 Y85.895 E.03986
G1 X106.087 Y85.661 E.03516
G1 X107.35 Y85.491 E.03516
G1 X108.563 Y85.392 E.03359
G1 X109.483 Y85.354 E.02541
G1 X110.739 Y85.36 E.03464
G1 X112.013 Y85.431 E.0352
G1 X113.282 Y85.568 E.03523
G1 X114.536 Y85.769 E.03503
G1 X115.387 Y85.943 E.02396
G1 X116.605 Y86.248 E.03464
G1 X117.823 Y86.62 E.03515
G1 X119.023 Y87.056 E.03522
G1 X120.195 Y87.551 E.03509
G1 X121.341 Y88.106 E.03515
G1 X122.458 Y88.72 E.03515
G1 X123.544 Y89.393 E.03527
G1 X124.591 Y90.119 E.03515
G1 X125.599 Y90.898 E.03515
G1 X126.387 Y91.575 E.02867
G1 X127.183 Y92.306 E.02982
G1 X127.797 Y92.923 E.024
G1 X128.644 Y93.849 E.03464
G1 X129.454 Y94.832 E.03514
G1 X130.209 Y95.852 E.03502
G1 X130.257 Y95.924 E.00239
G1 E-.7 F2400
;WIPE_START
G1 F5400
G1 X130.81 Y96.758 E-.3
;WIPE_END
G17
G3 Z1.8 I-1.204 J-.179 P1  F9000
G1 X124.41 Y139.814 Z1.8
G1 Z1.4
G1 E1 F2700
M204 P2000
;TYPE:Inner wall
;WIDTH:0.449999
G1 F7200
G1 X124.77 Y139.968 E.01165
G1 X125.19 Y140.253 E.01514
G1 X125.562 Y140.617 E.01551
G1 X125.915 Y141.151 E.01907
G1 X126.118 Y141.682 E.01692
G1 X126.21 Y142.209 E.01593
G1 X126.191 Y142.781 E.01705
G1 X126.075 Y143.284 E.01538
G1 X125.838 Y143.805 E.01705
G1 X125.538 Y144.225 E.01536
;WIDTH:0.49507
G1 X125.408 Y144.368 E.0064
;WIDTH:0.540141
G1 X125.277 Y144.511 E.00704
;WIDTH:0.585212
G1 X125.147 Y144.654 E.00768
;WIDTH:0.630282
G1 X125.016 Y144.797 E.00832
G1 X124.204 Y145.154 E.03812
;WIDTH:0.621211
G1 X124.047 Y145.203 E.00697
G1 X123.92 Y145.198 E.00539
;WIDTH:0.578408
G1 X123.793 Y145.193 E.00499
;WIDTH:0.535605
G1 X123.666 Y145.187 E.00459
;WIDTH:0.492802
G1 X123.538 Y145.182 E.00419
;WIDTH:0.449999
G1 X123.088 Y145.161 E.01344
G1 X122.508 Y145.02 E.01777
G1 X121.936 Y144.739 E.01899
G1 X121.472 Y144.359 E.01787
G1 X121.32 Y144.2 E.00654
G1 X120.969 Y143.675 E.0188
G1 X120.751 Y143.114 E.01793
G1 X120.666 Y142.605 E.01538
G1 X120.685 Y142.033 E.01705
G1 X120.801 Y141.53 E.01538
G1 X121.038 Y141.009 E.01705
G1 X121.337 Y140.589 E.01535
G1 X121.809 Y140.159 E.01903
G1 X122.441 Y139.818 E.02137
G1 X123.21 Y139.643 E.0235
G1 X123.748 Y139.648 E.01603
G1 X124.307 Y139.77 E.01705
G1 X124.373 Y139.798 E.00214
G1 X124.251 Y140.187 F9000
M204 P1000
;TYPE:Outer wall
;WIDTH:0.419999
G1 F5400
G1 X124.583 Y140.338 E.01006
G1 X125.083 Y140.719 E.01736
G1 X125.288 Y140.934 E.00819
G1 X125.565 Y141.372 E.01431
G1 X125.743 Y141.87 E.01457
G1 X125.797 Y142.395 E.01457
G1 X125.773 Y142.792 E.01097
G1 X125.663 Y143.213 E.01201
G1 X125.448 Y143.655 E.01357
G1 X125.18 Y144.006 E.01218
G1 X124.695 Y144.409 E.01741
G1 X124.016 Y144.698 E.02036
G1 X123.549 Y144.769 E.01303
G1 X123.173 Y144.756 E.01038
G1 X122.69 Y144.649 E.01365
G1 X122.118 Y144.368 E.01759
G1 X121.693 Y144.003 E.01546
G1 X121.313 Y143.445 E.01861
G1 X121.138 Y142.966 E.01409
G1 X121.074 Y142.513 E.01262
G1 X121.103 Y142.022 E.01356
G1 X121.213 Y141.601 E.01202
G1 X121.428 Y141.159 E.01356
G1 X121.692 Y140.811 E.01204
G1 X122.082 Y140.47 E.01429
G1 X122.628 Y140.186 E.01698
G1 X123.291 Y140.048 E.01867
G1 X123.764 Y140.065 E.01308
G1 X124.212 Y140.176 E.01273
G1 E-.7 F2400
;WIPE_START
G1 F5400
G1 X124.583 Y140.338 E-.12127
G1 X125.057 Y140.699 E-.17873
;WIPE_END
G17
G3 Z1.8 I.384 J-1.155 P1  F9000
G1 X79.394 Y125.503 Z1.8
G1 Z1.4
G1 E1 F2700
M204 P2000
;TYPE:Inner wall
;WIDTH:0.449999
G1 F7200
G1 X79.352 Y125.545 E.00178
G1 X78.936 Y125.834 E.01508
G1 X78.404 Y126.067 E.0173
G1 X77.842 Y126.185 E.0171
G1 X77.32 Y126.19 E.01555
G1 X76.758 Y126.082 E.01707
G1 X76.288 Y125.89 E.01511
G1 X75.763 Y125.54 E.01882
;WIDTH:0.488888
G1 X75.609 Y125.407 E.0066
;WIDTH:0.527777
G1 X75.456 Y125.275 E.00718
;WIDTH:0.566666
G1 X75.303 Y125.143 E.00775
;WIDTH:0.598293
G1 X75.252 Y125.101 E.00269
;WIDTH:0.62992
G1 X75.201 Y125.059 E.00284
G1 X74.961 Y124.611 E.02183
;WIDTH:0.629012
G1 X74.751 Y123.998 E.02778
G1 X74.759 Y123.839 E.00684
;WIDTH:0.584259
G1 X74.766 Y123.68 E.00631
;WIDTH:0.539506
G1 X74.774 Y123.52 E.00579
;WIDTH:0.494753
G1 X74.782 Y123.361 E.00527
;WIDTH:0.449999
G1 X74.914 Y122.576 E.02371
G1 X75.138 Y122.1 E.01568
G1 X75.362 Y121.726 E.01296
G1 X75.802 Y121.274 E.01881
G1 X76.307 Y120.945 E.01795
G1 X76.787 Y120.756 E.01538
G1 X77.351 Y120.655 E.01706
G1 X77.868 Y120.664 E.01538
G1 X78.427 Y120.787 E.01707
G1 X78.956 Y121.025 E.01729
G1 X79.564 Y121.506 E.02308
G1 X79.995 Y122.109 E.02207
G1 X80.209 Y122.591 E.01572
G1 X80.327 Y123.179 E.01786
G1 X80.321 Y123.73 E.0164
G1 X80.215 Y124.24 E.01554
G1 X80.004 Y124.744 E.01625
G1 X79.719 Y125.171 E.01532
G1 X79.422 Y125.474 E.01263
G1 X79.099 Y125.214 F9000
M204 P1000
;TYPE:Outer wall
;WIDTH:0.419999
G1 F5400
G1 X79.081 Y125.233 E.00073
G1 X78.671 Y125.509 E.01364
G1 X78.213 Y125.695 E.01364
G1 X77.734 Y125.781 E.01342
G1 X77.292 Y125.773 E.01219
G1 X76.816 Y125.669 E.01344
G1 X76.518 Y125.546 E.00891
G1 X75.992 Y125.196 E.01743
G1 X75.653 Y124.827 E.0138
G1 X75.414 Y124.425 E.01292
G1 X75.252 Y123.952 E.0138
G1 X75.194 Y123.323 E.01742
G1 X75.32 Y122.657 E.01871
G1 X75.63 Y122.054 E.01871
G1 X76.099 Y121.563 E.01874
G1 X76.523 Y121.297 E.01381
G1 X76.962 Y121.135 E.01292
G1 X77.449 Y121.062 E.01357
G1 X77.884 Y121.082 E.01202
G1 X78.364 Y121.201 E.01364
G1 X78.814 Y121.421 E.01382
G1 X79.299 Y121.825 E.01743
G1 X79.652 Y122.339 E.0172
G1 X79.828 Y122.753 E.01243
G1 X79.916 Y123.232 E.01343
G1 X79.91 Y123.68 E.01236
G1 X79.821 Y124.112 E.01217
G1 X79.63 Y124.565 E.01356
G1 X79.387 Y124.923 E.01195
G1 X79.127 Y125.185 E.01018
G1 E-.7 F2400
;WIPE_START
G1 F5400
G1 X79.081 Y125.233 E-.0199
G1 X78.671 Y125.509 E-.14827
G1 X78.264 Y125.674 E-.13182
;WIPE_END
G17
G3 Z1.8 I1.132 J.448 P1  F9000
G1 X96.194 Y80.335 Z1.8
G1 Z1.4
G1 E1 F2700
M204 P2000
;TYPE:Inner wall
;WIDTH:0.449999
G1 F7200
G1 X96.075 Y80.327 E.00354
G1 X95.592 Y80.195 E.01492
G1 X95.183 Y80.003 E.01344
G1 X94.765 Y79.713 E.01517
G1 X94.402 Y79.344 E.01543
G1 X94.085 Y78.849 E.01752
G1 X93.875 Y78.3 E.01748
G1 X93.79 Y77.791 E.01538
G1 X93.809 Y77.219 E.01705
G1 X93.925 Y76.716 E.01538
G1 X94.162 Y76.195 E.01705
G1 X94.461 Y75.775 E.01536
;WIDTH:0.491872
G1 X94.641 Y75.591 E.00844
;WIDTH:0.533745
G1 X94.821 Y75.408 E.00923
;WIDTH:0.575618
G1 X95.001 Y75.224 E.01001
;WIDTH:0.611782
G1 X95.127 Y75.122 E.00678
G1 X95.586 Y74.913 E.02098
;WIDTH:0.605618
G1 X95.773 Y74.892 E.00775
;WIDTH:0.566714
G1 X95.96 Y74.871 E.00721
;WIDTH:0.527809
G1 X96.147 Y74.85 E.00667
;WIDTH:0.488904
G1 X96.334 Y74.829 E.00614
;WIDTH:0.449999
G1 X96.872 Y74.834 E.01603
G1 X97.432 Y74.957 E.01707
G1 X97.961 Y75.195 E.01729
G1 X98.568 Y75.676 E.02308
G1 X98.875 Y76.093 E.01543
G1 X99.095 Y76.453 E.01257
G1 X99.276 Y76.996 E.01704
G1 X99.339 Y77.495 E.01498
G1 X99.309 Y78.025 E.01582
G1 X99.181 Y78.527 E.01544
G1 X98.962 Y78.991 E.01528
G1 X98.48 Y79.598 E.02308
G1 X98.015 Y79.937 E.01713
G1 X97.702 Y80.124 E.01087
G1 X97.22 Y80.292 E.01519
G1 X96.646 Y80.368 E.01725
G1 X96.234 Y80.338 E.01233
G1 X96.223 Y79.929 F9000
M204 P1000
;TYPE:Outer wall
;WIDTH:0.419999
G1 F5400
G1 X96.177 Y79.926 E.00127
G1 X95.76 Y79.818 E.01189
G1 X95.417 Y79.662 E.01038
G1 X94.916 Y79.281 E.01736
G1 X94.711 Y79.066 E.0082
G1 X94.434 Y78.628 E.01431
G1 X94.258 Y78.135 E.01445
G1 X94.202 Y77.62 E.01428
G1 X94.227 Y77.208 E.01139
G1 X94.337 Y76.787 E.01201
G1 X94.552 Y76.345 E.01357
G1 X94.82 Y75.994 E.01218
G1 X95.305 Y75.591 E.01741
G1 X95.756 Y75.37 E.01384
G1 X96.414 Y75.234 E.01856
G1 X96.888 Y75.252 E.01308
G1 X97.368 Y75.37 E.01364
G1 X97.818 Y75.59 E.01382
G1 X98.304 Y75.994 E.01743
G1 X98.687 Y76.555 E.01873
G1 X98.866 Y77.056 E.01469
G1 X98.926 Y77.487 E.01201
G1 X98.897 Y77.978 E.01356
G1 X98.786 Y78.399 E.01202
G1 X98.566 Y78.848 E.0138
G1 X98.162 Y79.333 E.01743
G1 X97.601 Y79.716 E.01873
G1 X97.131 Y79.888 E.0138
G1 X96.668 Y79.955 E.01292
G1 X96.263 Y79.931 E.0112
G1 E-.7 F2400
;WIPE_START
G1 F5400
G1 X96.177 Y79.926 E-.02582
G1 X95.76 Y79.818 E-.12927
G1 X95.417 Y79.662 E-.11288
G1 X95.332 Y79.598 E-.03203
;WIPE_END
G1 Z1.8 F9000
G1 X147.609 Y102.085
G1 Z1.8
G1 Z1.4
G1 E1 F2700
M204 P500
;TYPE:Internal Bridge
;WIDTH:0.389872
;HEIGHT:0.389872
G1 F9000
G1 X147.609 Y105.137 E.1333
G1 X147.169 Y105.138 E.01921
G1 X147.169 Y101.029 E.17947
G1 X146.729 Y99.374 E.07479
G1 X146.729 Y105.148 E.25218
G1 X146.289 Y105.193 E.01931
G1 X146.289 Y97.965 E.31571
G1 X145.849 Y96.715 E.05787
G1 X145.849 Y105.238 E.37227
G1 X145.409 Y105.284 E.01931
G1 X145.409 Y97.589 E.33608
G1 X145.356 Y97.74 E.00698
G1 X145.051 Y98.318 E.02854
G1 X144.97 Y98.43 E.00608
G1 X144.97 Y105.329 E.3013
G1 X144.53 Y105.374 E.01931
G1 X144.53 Y98.904 E.28259
G1 X144.282 Y99.12 E.01434
G1 X144.09 Y99.237 E.00985
G1 X144.09 Y105.419 E.27001
G1 X143.65 Y105.464 E.01931
G1 X143.65 Y99.459 E.26228
G1 X143.21 Y99.623 E.0205
G1 X143.21 Y105.509 E.25712
G1 X142.77 Y105.555 E.01931
G1 X142.77 Y99.692 E.25608
G1 X142.646 Y99.711 E.00548
G1 X142.33 Y99.697 E.01381
G1 X142.33 Y105.71 E.26262
G1 X142.159 Y105.844 E.0095
G1 X142.031 Y106.015 E.00935
G1 X141.89 Y106.258 E.01223
G1 X141.89 Y99.664 E.28799
G1 X141.451 Y99.557 E.01977
G1 X141.451 Y107.019 E.32588
G1 X141.011 Y107.78 E.03839
G1 X141.011 Y99.358 E.36783
G1 X140.697 Y99.182 E.01571
G1 X140.571 Y99.076 E.00719
G1 X140.571 Y108.936 E.43065
G1 E-.73333 F2400
;WIPE_START
G1 F9000
G1 X140.571 Y107.936 E-.26667
;WIPE_END
G17
G3 Z1.8 I-.841 J.88 P1
G1 X147.609 Y114.665 Z1.8
G1 Z1.4
G1 E1 F2700
G1 F9000
G1 X147.609 Y116.888 E.09709
G1 X147.358 Y118.162 E.05668
G1 X147.169 Y118.96 E.03585
G1 X147.169 Y114.862 E.17901
G1 X146.729 Y114.852 E.01922
G1 X146.729 Y120.626 E.25219
G1 X146.289 Y122.041 E.06472
G1 X146.289 Y114.807 E.31597
G1 X145.849 Y114.762 E.01931
G1 X145.849 Y123.278 E.37195
G1 X145.409 Y124.423 E.05357
G1 X145.409 Y114.716 E.42394
G1 X144.97 Y114.671 E.01931
G1 X144.97 Y125.442 E.47044
G1 X144.53 Y126.408 E.04634
G1 X144.53 Y114.626 E.51459
G1 X144.09 Y114.581 E.01931
G1 X144.09 Y127.293 E.55522
G1 X143.65 Y128.141 E.04174
G1 X143.65 Y114.536 E.59425
G1 X143.21 Y114.491 E.01931
G1 X143.21 Y128.922 E.6303
G1 X142.77 Y129.688 E.0386
G1 X142.77 Y114.446 E.66576
G1 X142.555 Y114.404 E.00956
G1 X142.33 Y114.295 E.01091
G1 X142.33 Y130.386 E.70277
G1 X141.89 Y131.08 E.03589
G1 X141.89 Y113.741 E.75731
G1 X141.451 Y112.975 E.03859
G1 X141.451 Y131.725 E.81895
G1 X141.011 Y132.336 E.03288
G1 X141.011 Y112.208 E.8791
G1 X140.571 Y111.442 E.03859
G1 X140.571 Y132.927 E.93838
G1 X140.258 Y133.347 E.02287
G1 X140.131 Y133.221 E.00783
G1 X140.131 Y110.676 E.98467
G1 X139.931 Y110.327 E.01758
G1 X139.883 Y110.14 E.00844
G1 X139.876 Y109.912 E.00995
G1 X139.93 Y109.675 E.01062
G1 X140.131 Y109.302 E.0185
G1 X140.131 Y98.376 E.4772
G1 E-.73333 F2400
;WIPE_START
G1 F9000
G1 X140.131 Y99.376 E-.26667
;WIPE_END
G17
G3 Z1.8 I.906 J.813 P1
G1 X144.53 Y94.471 Z1.8
G1 Z1.4
G1 E1 F2700
G1 F9000
G1 X144.53 Y93.604 E.03789
G1 X144.09 Y92.691 E.04427
G1 X144.09 Y93.906 E.05308
G1 X143.65 Y93.686 E.02149
G1 X143.65 Y91.857 E.07989
G1 X143.21 Y91.078 E.03907
G1 X143.21 Y93.548 E.10789
G1 X142.77 Y93.455 E.01963
G1 X142.77 Y90.311 E.13733
G1 X142.33 Y89.604 E.03637
G1 X142.33 Y93.441 E.16758
G1 X142.153 Y93.455 E.00779
G1 X141.89 Y93.508 E.01168
G1 X141.89 Y88.933 E.19984
G1 X141.451 Y88.278 E.03443
G1 X141.451 Y93.597 E.23231
G1 X141.267 Y93.671 E.00866
G1 X141.011 Y93.81 E.01272
G1 X141.011 Y87.66 E.26862
G1 X140.571 Y87.062 E.03242
G1 X140.571 Y94.062 E.30571
G1 X140.469 Y94.134 E.00546
G1 X140.131 Y94.462 E.02057
G1 X140.131 Y86.779 E.33555
G1 X139.691 Y87.216 E.02707
G1 X139.691 Y95.085 E.3437
G1 X139.46 Y95.588 E.02417
G1 X139.314 Y96.311 E.03222
G1 X139.305 Y96.537 E.00988
G1 X139.365 Y97.186 E.02846
G1 X139.411 Y97.396 E.00938
G1 X139.581 Y97.875 E.02222
G1 X139.691 Y98.074 E.00991
G1 X139.691 Y132.784 E1.51603
G1 X139.471 Y132.565 E.01355
G1 X139.251 Y132.387 E.01236
G1 X139.251 Y87.613 E1.95557
G1 X138.811 Y87.971 E.02476
G1 X138.811 Y132.029 E1.92434
G1 X138.372 Y131.672 E.02476
G1 X138.372 Y88.328 E1.89312
G1 X137.932 Y88.686 E.02476
G1 X137.932 Y131.314 E1.86189
G1 X137.492 Y130.957 E.02476
G1 X137.492 Y89.043 E1.83066
G1 X137.052 Y89.401 E.02476
G1 X137.052 Y130.599 E1.79943
G1 X136.612 Y130.242 E.02476
G1 X136.612 Y89.758 E1.76821
G1 X136.291 Y90.019 E.01809
G1 X136.172 Y90.091 E.00605
G1 X136.172 Y129.901 E1.73875
G1 X135.965 Y129.812 E.00984
G1 X135.732 Y129.777 E.01029
G1 X135.732 Y90.223 E1.72758
G1 X135.471 Y90.194 E.01148
G1 X135.292 Y90.147 E.00807
G1 X135.292 Y129.853 E1.73426
G1 X134.853 Y129.971 E.01989
G1 X134.853 Y115.461 E.63376
G1 X134.774 Y115.836 E.01672
G1 X134.543 Y116.742 E.04084
G1 X134.413 Y117.172 E.01962
G1 X134.413 Y130.089 E.56418
G1 X133.973 Y130.207 E.01989
G1 X133.973 Y118.522 E.51033
G1 X133.732 Y119.193 E.03114
G1 X133.533 Y119.669 E.02253
G1 X133.533 Y130.324 E.46537
G1 X133.093 Y130.442 E.01989
G1 X133.093 Y120.686 E.42613
G1 X132.653 Y121.579 E.04348
G1 X132.653 Y130.56 E.39226
G1 X132.213 Y130.678 E.01989
G1 X132.213 Y122.413 E.36096
G1 X131.773 Y123.156 E.03769
G1 X131.773 Y130.795 E.33367
G1 X131.532 Y130.86 E.01091
G1 X131.334 Y130.956 E.00964
G1 X131.334 Y123.856 E.31011
G1 X130.894 Y124.518 E.03471
G1 X130.894 Y131.485 E.30432
G1 X130.454 Y133.11 E.07353
G1 X130.454 Y124.788 E.3635
G1 E-.73333 F2400
;WIPE_START
G1 F9000
G1 X130.454 Y125.788 E-.26667
;WIPE_END
G17
G3 Z1.8 I-1.196 J.227 P1
G1 X133.093 Y139.664 Z1.8
G1 Z1.4
G1 E1 F2700
G1 F9000
G1 X133.093 Y140.442 E.03398
G1 X132.653 Y140.764 E.02383
G1 X132.653 Y139.502 E.05513
G1 X132.213 Y138.976 E.02996
G1 X132.213 Y141.087 E.09222
G1 X131.773 Y141.397 E.0235
G1 X131.773 Y138.436 E.12933
G1 X131.334 Y137.896 E.03042
G1 X131.334 Y141.692 E.16581
G1 X130.894 Y141.987 E.02313
G1 X130.894 Y137.356 E.20229
G1 X130.454 Y136.816 E.03042
G1 X130.454 Y142.272 E.23833
G1 X130.014 Y142.545 E.02261
G1 X130.014 Y136.276 E.27385
G1 X129.892 Y136.088 E.00977
G1 X129.826 Y135.903 E.00858
G1 X129.798 Y135.676 E.00998
G1 X129.828 Y135.442 E.01033
G1 X130.014 Y134.75 E.03128
G1 X130.014 Y125.708 E.39494
G1 X129.574 Y126.241 E.03019
G1 X129.574 Y142.812 E.72377
G1 X129.134 Y143.064 E.02214
G1 X129.134 Y126.764 E.71191
G1 X128.694 Y127.244 E.02844
G1 X128.694 Y143.316 E.70194
G1 X128.254 Y143.565 E.02208
G1 X128.254 Y127.717 E.69219
G1 X127.815 Y128.15 E.02696
G1 X127.815 Y143.796 E.68339
G1 X127.375 Y144.028 E.02171
G1 X127.375 Y128.581 E.67466
G1 X126.935 Y128.972 E.02571
G1 X126.935 Y144.24 E.66687
G1 X126.495 Y144.451 E.0213
G1 X126.495 Y129.363 E.65899
G1 X126.055 Y129.721 E.02475
G1 X126.055 Y140.703 E.4797
G1 X125.88 Y140.429 E.01423
G1 X125.615 Y140.158 E.01654
G1 X125.615 Y130.073 E.44048
G1 X125.175 Y130.409 E.02417
G1 X125.175 Y139.808 E.4105
G1 X124.947 Y139.651 E.01211
G1 X124.735 Y139.555 E.01012
G1 X124.735 Y130.731 E.38542
G1 X124.296 Y131.029 E.02321
G1 X124.296 Y139.404 E.36582
G1 X123.856 Y139.295 E.0198
G1 X123.856 Y131.322 E.34821
G1 X123.416 Y131.603 E.0228
G1 X123.416 Y139.273 E.33497
G1 X123.147 Y139.285 E.01175
G1 X122.976 Y139.323 E.00765
G1 X122.976 Y131.865 E.32572
G1 X122.536 Y132.127 E.02235
G1 X122.536 Y139.418 E.31846
G1 X122.358 Y139.457 E.00798
G1 X122.096 Y139.588 E.01278
G1 X122.096 Y132.364 E.31552
G1 X121.656 Y132.597 E.02173
G1 X121.656 Y139.825 E.31571
G1 X121.217 Y140.198 E.02519
G1 X121.217 Y132.822 E.32217
G1 X120.777 Y133.026 E.02119
G1 X120.777 Y141.178 E.35606
G1 E-.73333 F2400
;WIPE_START
G1 F9000
G1 X120.777 Y140.178 E-.26667
;WIPE_END
G17
G3 Z1.8 I-.68 J1.009 P1
G1 X126.055 Y143.732 Z1.8
G1 Z1.4
G1 E1 F2700
G1 F9000
G1 X126.055 Y144.881 E.05017
G1 X123.416 Y145.338
G1 X123.416 Y145.77 E.01887
G1 X122.976 Y145.925 E.02037
G1 X122.976 Y145.498 E.01863
G1 X122.536 Y145.412 E.01958
G1 X122.536 Y146.079 E.02913
G1 X122.096 Y146.232 E.02035
G1 X122.096 Y145.222 E.04414
G1 X121.767 Y145.06 E.01605
G1 X121.656 Y144.986 E.00578
G1 X121.656 Y146.378 E.0608
G1 X121.217 Y146.514 E.02011
G1 X121.217 Y144.617 E.08286
G1 X121.025 Y144.41 E.01234
G1 X120.777 Y144.037 E.01958
G1 X120.777 Y146.65 E.11415
G1 X120.337 Y146.769 E.01991
G1 X120.337 Y133.231 E.59133
G1 X119.897 Y133.42 E.02092
G1 X119.897 Y146.889 E.58826
G1 X119.457 Y147.008 E.01991
G1 X119.457 Y133.598 E.58572
G1 X119.017 Y133.775 E.02071
G1 X119.017 Y147.119 E.58282
G1 X118.577 Y147.221 E.01973
G1 X118.577 Y133.933 E.58038
G1 X118.137 Y134.085 E.02032
G1 X118.137 Y147.323 E.57823
G1 X117.698 Y147.41 E.01958
G1 X117.698 Y134.236 E.57539
G1 X117.258 Y134.364 E.02001
G1 X117.258 Y147.496 E.57358
G1 X116.818 Y147.582 E.01958
G1 X116.818 Y134.49 E.57182
G1 X116.378 Y134.615 E.01997
G1 X116.378 Y147.659 E.56969
G1 X115.938 Y147.723 E.01942
G1 X115.938 Y134.721 E.56789
G1 X115.498 Y134.826 E.01975
G1 X115.498 Y147.788 E.56614
G1 X115.058 Y147.853 E.01942
G1 X115.058 Y134.912 E.56522
G1 X114.618 Y134.998 E.01957
G1 X114.618 Y144.38 E.40977
G1 X114.444 Y142.681 E.07457
G1 X114.398 Y142.489 E.00863
G1 X114.319 Y142.321 E.0081
G1 X114.179 Y142.148 E.00972
G1 X114.179 Y135.081 E.30869
G1 X113.739 Y135.143 E.0194
G1 X113.739 Y141.851 E.29296
G1 X113.299 Y141.597 E.02218
G1 X113.299 Y135.206 E.27915
G1 X112.859 Y135.264 E.01938
G1 X112.859 Y141.343 E.26551
G1 X112.419 Y141.09 E.02218
G1 X112.419 Y135.304 E.25271
G1 X111.979 Y135.343 E.01929
G1 X111.979 Y140.836 E.2399
G1 X111.539 Y140.582 E.02218
G1 X111.539 Y135.379 E.22728
G1 X111.099 Y135.396 E.01923
G1 X111.099 Y140.329 E.21546
G1 X110.66 Y140.075 E.02218
G1 X110.66 Y135.413 E.20363
G1 X110.22 Y135.423 E.01922
G1 X110.22 Y139.872 E.1943
G1 X110.084 Y139.843 E.00606
G1 X109.893 Y139.845 E.00833
G1 X109.78 Y139.87 E.00507
G1 X109.78 Y135.418 E.19444
G1 X109.34 Y135.412 E.01921
G1 X109.34 Y140.075 E.20364
G1 X108.9 Y140.329 E.02218
G1 X108.9 Y135.4 E.21526
G1 X108.46 Y135.372 E.01925
G1 X108.46 Y140.582 E.22756
G1 X108.02 Y140.836 E.02218
G1 X108.02 Y135.344 E.23987
G1 X107.581 Y135.309 E.01927
G1 X107.581 Y141.09 E.2525
G1 X107.141 Y141.343 E.02218
G1 X107.141 Y135.258 E.2658
G1 X106.701 Y135.207 E.01934
G1 X106.701 Y141.597 E.27911
G1 X106.261 Y141.851 E.02218
G1 X106.261 Y135.148 E.29277
G1 X105.821 Y135.073 E.01948
G1 X105.821 Y142.146 E.30889
G1 X105.66 Y142.359 E.01168
G1 X105.592 Y142.519 E.00761
G1 X105.554 Y142.702 E.00814
G1 X105.381 Y144.379 E.07366
G1 X105.381 Y134.999 E.40969
G1 X104.941 Y134.917 E.01955
G1 X104.941 Y147.861 E.56537
G1 X104.501 Y147.794 E.01943
G1 X104.501 Y134.823 E.56656
G1 X104.062 Y134.722 E.01971
G1 X104.062 Y147.727 E.56803
G1 X103.622 Y147.66 E.01943
G1 X103.622 Y134.607 E.5701
G1 X103.182 Y134.493 E.01985
G1 X103.182 Y147.582 E.5717
G1 X102.742 Y147.496 E.01958
G1 X102.742 Y134.367 E.57344
G1 X102.302 Y134.228 E.02015
G1 X102.302 Y147.409 E.57573
G1 X101.862 Y147.323 E.01958
G1 X101.862 Y134.089 E.57802
G1 X101.422 Y133.934 E.02038
G1 X101.422 Y147.221 E.58037
G1 X100.982 Y147.119 E.01973
G1 X100.982 Y133.77 E.58304
G1 X100.543 Y133.606 E.0205
G1 X100.543 Y147.008 E.58538
G1 X100.103 Y146.889 E.01991
G1 X100.103 Y133.418 E.58835
G1 X99.663 Y133.228 E.02094
G1 X99.663 Y146.769 E.59145
G1 X99.223 Y146.65 E.01991
G1 X99.223 Y133.034 E.59469
G1 X98.783 Y132.816 E.02144
G1 X98.783 Y146.515 E.59829
G1 X98.343 Y146.378 E.02011
G1 X98.343 Y132.598 E.60185
G1 X97.903 Y132.368 E.02168
G1 X97.903 Y146.232 E.60554
G1 X97.463 Y146.079 E.02035
G1 X97.463 Y132.126 E.60942
G1 X97.024 Y131.867 E.02229
G1 X97.024 Y145.925 E.61401
G1 X96.584 Y145.77 E.02038
G1 X96.584 Y131.599 E.61891
G1 X96.144 Y131.328 E.02258
G1 X96.144 Y145.595 E.62315
G1 X95.704 Y145.421 E.02067
G1 X95.704 Y131.028 E.62861
G1 X95.264 Y130.729 E.02324
G1 X95.264 Y145.246 E.63406
G1 X94.824 Y145.058 E.02089
G1 X94.824 Y130.405 E.64002
G1 X94.384 Y130.071 E.02411
G1 X94.384 Y144.866 E.64616
G1 X93.945 Y144.665 E.02112
G1 X93.945 Y129.725 E.65253
G1 X93.505 Y129.354 E.02512
G1 X93.505 Y144.453 E.65945
G1 X93.065 Y144.241 E.02133
G1 X93.065 Y128.982 E.66647
G1 X92.625 Y128.576 E.02613
G1 X92.625 Y144.027 E.67485
G1 X92.185 Y143.792 E.02179
G1 X92.185 Y128.153 E.68308
G1 X91.745 Y127.71 E.02724
G1 X91.745 Y143.557 E.69211
G1 X91.305 Y143.321 E.02179
G1 X91.305 Y127.248 E.70203
G1 X90.865 Y126.758 E.02877
G1 X90.865 Y143.069 E.71241
G1 X90.426 Y142.813 E.02222
G1 X90.426 Y126.245 E.72364
G1 X89.986 Y125.701 E.03054
G1 X89.986 Y134.752 E.3953
G1 X90.18 Y135.474 E.03267
G1 X90.2 Y135.732 E.01129
G1 X90.172 Y135.91 E.00785
G1 X90.097 Y136.108 E.00928
G1 X89.986 Y136.276 E.00878
G1 X89.986 Y142.543 E.27372
G1 X89.546 Y142.266 E.02271
G1 X89.546 Y136.816 E.23803
G1 X89.106 Y137.356 E.03042
G1 X89.106 Y141.988 E.20234
G1 X88.666 Y141.698 E.02302
G1 X88.666 Y137.896 E.16607
G1 X88.226 Y138.436 E.03042
G1 X88.226 Y141.399 E.12941
G1 X87.786 Y141.086 E.02359
G1 X87.786 Y138.976 E.09214
G1 X87.346 Y139.502 E.02996
G1 X87.346 Y140.759 E.05489
G1 X86.907 Y140.432 E.02393
G1 X86.907 Y139.664 E.03356
G1 E-.73333 F2400
;WIPE_START
G1 F9000
G1 X86.907 Y140.432 E-.20492
G1 X87.092 Y140.57 E-.06175
;WIPE_END
G17
G3 Z1.8 I1.143 J.419 P1
G1 X89.546 Y133.876 Z1.8
G1 Z1.4
G1 E1 F2700
G1 F9000
G1 X89.546 Y125.121 E.38239
G1 X89.106 Y124.518 E.03263
G1 X89.106 Y131.475 E.30387
G1 X88.986 Y131.23 E.01192
G1 X88.862 Y131.085 E.00834
G1 X88.666 Y130.942 E.01057
G1 X88.666 Y123.853 E.3096
G1 X88.226 Y123.165 E.03568
G1 X88.226 Y130.795 E.33325
G1 X87.786 Y130.677 E.01989
G1 X87.786 Y122.409 E.36116
G1 X87.346 Y121.584 E.04082
G1 X87.346 Y130.56 E.39203
G1 X86.907 Y130.442 E.01989
G1 X86.907 Y120.674 E.42662
G1 X86.68 Y120.19 E.02334
G1 X86.467 Y119.668 E.02462
G1 X86.467 Y130.324 E.46542
G1 X86.027 Y130.207 E.01989
G1 X86.027 Y118.524 E.51026
G1 X85.765 Y117.773 E.03474
G1 X85.587 Y117.167 E.02757
G1 X85.587 Y130.089 E.56438
G1 X85.147 Y129.971 E.01989
G1 X85.147 Y114.468 E.67712
G1 E-.73333 F2400
;WIPE_START
G1 F9000
G1 X85.147 Y115.468 E-.26667
;WIPE_END
G17
G3 Z1.8 I1.186 J.275 P1
G1 X94.384 Y75.612 Z1.8
G1 Z1.4
G1 E1 F2700
G1 F9000
G1 X94.384 Y75.176 E.01902
G1 X94.197 Y75.217 E.00839
G1 X93.945 Y75.336 E.01217
G1 X93.945 Y76.284 E.04141
G1 E-.73333 F2400
;WIPE_START
G1 F9000
G1 X93.945 Y75.336 E-.25284
G1 X93.991 Y75.314 E-.01382
;WIPE_END
G17
G3 Z1.8 I-.124 J1.211 P1
G1 X133.093 Y79.321 Z1.8
G1 Z1.4
G1 E1 F2700
G1 F9000
G1 X133.093 Y80.056 E.03208
G1 X132.653 Y80.498 E.02724
G1 X132.653 Y79.241 E.05489
G1 X132.213 Y78.914 E.02393
G1 X132.213 Y81.024 E.09215
G1 X131.773 Y81.564 E.03042
G1 X131.773 Y78.601 E.12942
G1 X131.334 Y78.302 E.02324
G1 X131.334 Y82.104 E.16608
G1 X130.894 Y82.644 E.03042
G1 X130.894 Y78.012 E.20234
G1 X130.454 Y77.734 E.02271
G1 X130.454 Y83.498 E.25173
G1 E-.73333 F2400
;WIPE_START
G1 F9000
G1 X130.454 Y82.498 E-.26667
;WIPE_END
G17
G3 Z1.8 I-1.043 J.626 P1
G1 X134.853 Y89.824 Z1.8
G1 Z1.4
G1 E1 F2700
G1 F9000
G1 X134.853 Y104.542 E.64283
G1 X134.66 Y103.699 E.03777
G1 X134.413 Y102.828 E.03953
G1 X134.413 Y89.911 E.56418
G1 X133.973 Y89.793 E.01989
G1 X133.973 Y101.471 E.51004
G1 X133.533 Y100.329 E.05348
G1 X133.533 Y89.676 E.46528
G1 X133.093 Y89.558 E.01989
G1 X133.093 Y99.326 E.42664
G1 X132.842 Y98.78 E.02625
G1 X132.653 Y98.421 E.01772
G1 X132.653 Y89.44 E.39225
G1 X132.213 Y89.322 E.01989
G1 X132.213 Y97.587 E.36096
G1 X131.773 Y96.844 E.03769
G1 X131.773 Y89.205 E.33367
G1 X131.534 Y89.141 E.01081
G1 X131.334 Y89.05 E.00962
G1 X131.334 Y96.143 E.3098
G1 X130.894 Y95.48 E.03475
G1 X130.894 Y88.513 E.30432
G1 X130.454 Y86.889 E.07349
G1 X130.454 Y94.88 E.34902
G1 X130.014 Y94.294 E.03201
G1 X130.014 Y85.248 E.39508
G1 X129.821 Y84.528 E.03259
G1 X129.798 Y84.303 E.00984
G1 X129.834 Y84.065 E.01054
G1 X129.902 Y83.893 E.00807
G1 X130.014 Y83.724 E.00884
G1 X130.014 Y77.457 E.27373
G1 X129.716 Y77.269 E.0154
G1 X129.574 Y77.187 E.00716
G1 X129.574 Y93.759 E.7238
G1 X129.134 Y93.237 E.02981
G1 X129.134 Y76.931 E.71218
G1 X128.694 Y76.679 E.02216
G1 X128.694 Y92.755 E.70217
G1 X128.254 Y92.284 E.02816
G1 X128.254 Y76.443 E.69186
G1 X127.815 Y76.208 E.02179
G1 X127.815 Y91.842 E.68283
G1 X127.375 Y91.423 E.02651
G1 X127.375 Y75.972 E.67485
G1 X126.935 Y75.755 E.02142
G1 X126.935 Y91.023 E.66682
G1 X126.495 Y90.646 E.02531
G1 X126.495 Y75.54 E.65976
G1 X126.055 Y75.337 E.02116
G1 X126.055 Y90.27 E.65222
G1 X125.615 Y89.931 E.02427
G1 X125.615 Y75.14 E.64599
G1 X125.175 Y74.944 E.02104
G1 X125.175 Y89.591 E.63976
G1 X124.736 Y89.275 E.02365
G1 X124.736 Y74.753 E.63429
G1 X124.296 Y74.575 E.02073
G1 X124.296 Y88.971 E.62878
G1 X123.856 Y88.674 E.02319
G1 X123.856 Y74.397 E.62355
G1 X123.416 Y74.233 E.0205
G1 X123.416 Y88.402 E.61883
G1 X122.976 Y88.13 E.02259
G1 X122.976 Y74.069 E.61411
G1 X122.536 Y73.918 E.02031
G1 X122.536 Y87.878 E.60971
G1 X122.096 Y87.636 E.02193
G1 X122.096 Y73.772 E.60554
G1 X121.656 Y73.625 E.02025
G1 X121.656 Y87.397 E.6015
G1 X121.217 Y87.184 E.02135
G1 X121.217 Y73.483 E.59842
G1 X120.777 Y73.353 E.02003
G1 X120.777 Y86.971 E.59476
G1 X120.337 Y86.769 E.02114
G1 X120.337 Y73.224 E.59158
G1 X119.897 Y73.109 E.01985
G1 X119.897 Y86.583 E.58847
G1 X119.457 Y86.397 E.02086
G1 X119.457 Y72.997 E.58526
G1 X119.017 Y72.884 E.01983
G1 X119.017 Y86.229 E.58283
G1 X118.577 Y86.069 E.02044
G1 X118.577 Y72.776 E.58058
G1 X118.137 Y72.68 E.01967
G1 X118.137 Y85.909 E.5778
G1 X117.698 Y85.771 E.02014
G1 X117.698 Y72.584 E.57596
G1 X117.258 Y72.502 E.01954
G1 X117.258 Y85.636 E.57366
G1 X116.818 Y85.503 E.02008
G1 X116.818 Y72.422 E.57132
G1 X116.378 Y72.342 E.01953
G1 X116.378 Y85.392 E.56999
G1 X115.938 Y85.282 E.01981
G1 X115.938 Y72.266 E.56847
G1 X115.498 Y72.202 E.01941
G1 X115.498 Y85.175 E.5666
G1 X115.058 Y85.085 E.01961
G1 X115.058 Y72.138 E.56545
G1 X114.869 Y72.113 E.00836
G1 X114.866 Y73.212 E.04798
G1 X114.618 Y75.621 E.10578
G1 X114.618 Y84.996 E.40948
G1 X114.179 Y84.926 E.01946
G1 X114.179 Y77.856 E.30879
G1 X113.988 Y78.005 E.01055
G1 X113.739 Y78.149 E.01259
G1 X113.739 Y84.856 E.29292
G1 X113.299 Y84.789 E.01943
G1 X113.299 Y78.403 E.27892
G1 X112.859 Y78.657 E.02218
G1 X112.859 Y84.742 E.26579
G1 X112.419 Y84.695 E.01932
G1 X112.419 Y78.91 E.25265
G1 X111.979 Y79.164 E.02218
G1 X111.979 Y84.652 E.23969
G1 X111.539 Y84.628 E.01924
G1 X111.539 Y79.418 E.22755
G1 X111.1 Y79.671 E.02218
G1 X111.1 Y84.603 E.21541
G1 X110.66 Y84.584 E.01923
G1 X110.66 Y79.925 E.20347
G1 X110.461 Y80.04 E.01001
G1 X110.22 Y80.135 E.01133
G1 X110.22 Y84.582 E.19424
G1 X109.78 Y84.58 E.01921
G1 X109.78 Y80.126 E.19454
G1 X109.552 Y80.047 E.01051
G1 X109.34 Y79.925 E.01071
G1 X109.34 Y84.583 E.20346
G1 X108.9 Y84.601 E.01923
G1 X108.9 Y79.671 E.21529
G1 X108.46 Y79.418 E.02218
G1 X108.46 Y84.622 E.22731
G1 X108.02 Y84.658 E.01928
G1 X108.02 Y79.164 E.23998
G1 X107.581 Y78.91 E.02218
G1 X107.581 Y84.695 E.25264
G1 X107.141 Y84.736 E.0193
G1 X107.141 Y78.656 E.26555
G1 X106.701 Y78.403 E.02218
G1 X106.701 Y84.796 E.27923
G1 X106.261 Y84.855 E.01939
G1 X106.261 Y78.149 E.2929
G1 X105.995 Y77.996 E.01338
G1 X105.821 Y77.852 E.00989
G1 X105.821 Y84.921 E.30877
G1 X105.381 Y85.004 E.01955
G1 X105.381 Y75.62 E.40986
G1 X105.135 Y73.227 E.10506
G1 X105.131 Y72.121 E.0483
G1 X104.941 Y72.144 E.00836
G1 X104.941 Y85.086 E.56527
G1 X104.501 Y85.177 E.01962
G1 X104.501 Y72.199 E.56685
G1 X104.062 Y72.269 E.01945
G1 X104.062 Y85.283 E.56842
G1 X103.622 Y85.389 E.01976
G1 X103.622 Y72.339 E.56998
G1 X103.182 Y72.416 E.01951
G1 X103.182 Y85.507 E.57179
G1 X102.742 Y85.637 E.02003
G1 X102.742 Y72.499 E.57383
G1 X102.302 Y72.584 E.01956
G1 X102.302 Y85.767 E.5758
G1 X101.862 Y85.912 E.02022
G1 X101.862 Y72.68 E.57792
G1 X101.422 Y72.776 E.01967
G1 X101.422 Y86.063 E.58031
G1 X100.982 Y86.229 E.02054
G1 X100.982 Y72.882 E.58296
G1 X100.543 Y72.991 E.0198
G1 X100.543 Y86.402 E.58574
G1 X100.103 Y86.575 E.02065
G1 X100.103 Y73.106 E.5883
G1 X99.663 Y73.232 E.01999
G1 X99.663 Y86.772 E.59141
G1 X99.223 Y86.972 E.0211
G1 X99.223 Y79.261 E.33679
G1 X98.783 Y79.794 E.03019
G1 X98.783 Y87.177 E.32247
G1 X98.343 Y87.405 E.02163
G1 X98.343 Y80.146 E.31707
G1 X98.026 Y80.366 E.01686
G1 X97.903 Y80.43 E.00605
G1 X97.903 Y87.632 E.3146
G1 X97.464 Y87.878 E.02199
G1 X97.464 Y80.591 E.31826
G1 X97.31 Y80.644 E.00711
G1 X97.024 Y80.689 E.01265
G1 X97.024 Y88.134 E.32521
G1 X96.584 Y88.392 E.02227
G1 X96.584 Y80.727 E.33478
G1 X96.144 Y80.704 E.01924
G1 X96.144 Y88.68 E.34839
G1 X95.704 Y88.968 E.02296
G1 X95.704 Y80.601 E.36545
G1 X95.516 Y80.556 E.00846
G1 X95.264 Y80.443 E.01204
G1 X95.264 Y89.274 E.38571
G1 X94.824 Y89.596 E.0238
G1 X94.824 Y80.192 E.41072
G1 X94.532 Y79.992 E.0155
G1 X94.384 Y79.842 E.00918
G1 X94.384 Y89.922 E.44029
G1 X93.945 Y90.28 E.02476
G1 X93.945 Y78.928 E.49584
G1 X93.505 Y75.324
G1 X93.505 Y90.638 E.66886
G1 X93.065 Y91.023 E.02555
G1 X93.065 Y75.754 E.66693
G1 X92.625 Y75.981 E.02163
G1 X92.625 Y91.423 E.67446
G1 X92.185 Y91.85 E.02677
G1 X92.185 Y76.209 E.68316
G1 X91.745 Y76.436 E.02163
G1 X91.745 Y92.282 E.69207
G1 X91.305 Y92.747 E.02797
G1 X91.305 Y76.681 E.70172
G1 X90.865 Y76.929 E.02205
G1 X90.865 Y93.244 E.7126
G1 X90.426 Y93.751 E.02933
G1 X90.426 Y77.189 E.7234
G1 X89.986 Y77.453 E.02241
G1 X89.986 Y83.724 E.27391
G1 X90.107 Y83.912 E.00978
G1 X90.174 Y84.097 E.00858
G1 X90.202 Y84.323 E.00997
G1 X90.171 Y84.558 E.01033
G1 X89.986 Y85.25 E.0313
G1 X89.986 Y94.303 E.39541
G1 X89.546 Y94.867 E.03124
G1 X89.546 Y86.89 E.34842
G1 X89.106 Y88.517 E.07362
G1 X89.106 Y95.492 E.30465
G1 X88.666 Y96.139 E.03415
G1 X88.666 Y89.051 E.30957
G1 X88.459 Y89.143 E.0099
G1 X88.226 Y89.205 E.01052
G1 X88.226 Y96.842 E.33355
G1 X87.786 Y97.602 E.03835
G1 X87.786 Y89.323 E.3616
G1 X87.346 Y89.44 E.01989
G1 X87.346 Y98.415 E.39201
G1 X86.907 Y99.311 E.04359
G1 X86.907 Y89.558 E.426
G1 X86.467 Y89.676 E.01989
G1 X86.467 Y100.326 E.46515
G1 X86.027 Y101.473 E.05369
G1 X86.027 Y89.793 E.51014
G1 X85.587 Y89.911 E.01989
G1 X85.587 Y102.821 E.56384
G1 X85.277 Y103.952 E.05122
G1 X85.147 Y104.546 E.02658
G1 X85.147 Y90.029 E.63407
G1 X84.707 Y90.147 E.01989
G1 X84.707 Y129.853 E1.73426
G1 X84.53 Y129.806 E.00801
G1 X84.267 Y129.78 E.01153
G1 X84.267 Y90.221 E1.72782
G1 X84.056 Y90.194 E.0093
G1 X83.828 Y90.096 E.01086
G1 X83.827 Y129.907 E1.73881
G1 X83.709 Y129.981 E.00611
G1 X83.388 Y130.242 E.01807
G1 X83.388 Y89.758 E1.76821
G1 X82.948 Y89.4 E.02476
G1 X82.948 Y130.6 E1.79944
G1 X82.508 Y130.957 E.02476
G1 X82.508 Y89.043 E1.83067
G1 X82.068 Y88.686 E.02476
G1 X82.068 Y131.315 E1.8619
G1 X81.628 Y131.672 E.02476
G1 X81.628 Y88.328 E1.89312
G1 X81.188 Y87.971 E.02476
G1 X81.188 Y132.029 E1.92435
G1 X80.748 Y132.387 E.02476
G1 X80.748 Y87.613 E1.95558
G1 X80.529 Y87.435 E.01236
G1 X80.309 Y87.216 E.01356
G1 X80.309 Y121.926 E1.51603
G1 X80.415 Y122.117 E.00953
G1 X80.577 Y122.551 E.02025
G1 X80.689 Y123.147 E.0265
G1 X80.681 Y123.776 E.02746
G1 X80.559 Y124.355 E.02586
G1 X80.309 Y124.939 E.02772
G1 X80.309 Y132.784 E.34266
G1 X79.869 Y133.221 E.02707
G1 X79.869 Y125.535 E.33569
G1 X79.583 Y125.826 E.0178
G1 X79.429 Y125.931 E.00817
G1 X79.429 Y132.938 E.30601
G1 X78.989 Y132.34 E.03242
G1 X78.989 Y126.212 E.26764
G1 X78.549 Y126.396 E.02083
G1 X78.549 Y131.722 E.2326
G1 X78.109 Y131.067 E.03443
G1 X78.109 Y126.501 E.19942
G1 X77.896 Y126.543 E.00948
G1 X77.669 Y126.547 E.00992
G1 X77.669 Y130.396 E.1681
G1 X77.229 Y129.689 E.03637
G1 X77.229 Y126.543 E.13738
G1 X76.79 Y126.458 E.01957
G1 X76.79 Y128.922 E.10761
G1 X76.35 Y128.143 E.03907
G1 X76.35 Y126.317 E.07977
G1 X76.094 Y126.196 E.01235
G1 X75.91 Y126.073 E.00967
G1 X75.91 Y127.309 E.05397
G1 X75.47 Y126.394 E.04433
G1 X75.47 Y125.513 E.0385
G1 E-.73333 F2400
;WIPE_START
G1 F9000
G1 X75.47 Y126.394 E-.23507
G1 X75.521 Y126.501 E-.03159
;WIPE_END
G17
G3 Z1.8 I.908 J.81 P1
G1 X79.869 Y121.624 Z1.8
G1 Z1.4
G1 E1 F2700
G1 F9000
G1 X79.869 Y110.698 E.47719
G1 X80.008 Y110.458 E.01212
G1 X80.119 Y110.125 E.01533
G1 X80.124 Y109.929 E.00858
G1 X80.091 Y109.743 E.00826
G1 X80.005 Y109.537 E.00977
G1 X79.869 Y109.302 E.01186
G1 X79.869 Y86.779 E.9837
G1 X79.741 Y86.653 E.00783
G1 X79.429 Y87.073 E.02287
G1 X79.429 Y108.54 E.93762
G1 X78.989 Y107.779 E.03839
G1 X78.989 Y87.664 E.87857
G1 X78.549 Y88.275 E.03289
G1 X78.549 Y107.018 E.81864
G1 X78.109 Y106.257 E.03839
G1 X78.109 Y88.92 E.75723
G1 X77.669 Y89.614 E.0359
G1 X77.669 Y105.71 E.70299
G1 X77.441 Y105.595 E.01118
G1 X77.229 Y105.554 E.00939
G1 X77.229 Y90.311 E.66576
G1 X76.79 Y91.066 E.03816
G1 X76.79 Y105.509 E.63082
G1 X76.35 Y105.464 E.01931
G1 X76.35 Y91.87 E.59376
G1 X75.91 Y92.692 E.04073
G1 X75.91 Y105.419 E.55588
G1 X75.47 Y105.374 E.01931
G1 X75.47 Y93.602 E.51414
G1 X75.03 Y94.558 E.04595
G1 X75.03 Y105.329 E.47043
G1 X74.59 Y105.284 E.01931
G1 X74.59 Y95.577 E.42393
G1 X74.15 Y96.706 E.05293
G1 X74.15 Y105.238 E.37264
G1 X73.71 Y105.193 E.01931
G1 X73.71 Y97.964 E.31573
G1 X73.271 Y99.374 E.06451
G1 X73.271 Y105.148 E.25217
G1 X72.831 Y105.138 E.01922
G1 X72.831 Y101.037 E.17912
G1 X72.535 Y102.341 E.05841
G1 X72.391 Y103.1 E.03372
G1 X72.391 Y105.335 E.09761
G1 E-.73333 F2400
;WIPE_START
G1 F9000
G1 X72.391 Y104.335 E-.26667
;WIPE_END
G17
G3 Z1.8 I-.841 J.88 P1
G1 X79.429 Y111.064 Z1.8
G1 Z1.4
G1 E1 F2700
G1 F9000
G1 X79.429 Y120.928 E.43081
G1 X79.232 Y120.765 E.01114
G1 X78.989 Y120.644 E.01186
G1 X78.989 Y112.221 E.36793
G1 X78.549 Y112.982 E.03839
G1 X78.549 Y120.447 E.32606
G1 X78.109 Y120.348 E.01969
G1 X78.109 Y113.743 E.28852
G1 X77.969 Y113.984 E.0122
G1 X77.849 Y114.148 E.00887
G1 X77.669 Y114.291 E.01004
G1 X77.669 Y120.297 E.2623
G1 X77.351 Y120.289 E.01392
G1 X77.229 Y120.309 E.00537
G1 X77.229 Y114.445 E.25612
G1 X76.79 Y114.491 E.01931
G1 X76.79 Y120.382 E.25733
G1 X76.35 Y120.539 E.02039
G1 X76.35 Y114.536 E.26218
G1 X75.91 Y114.581 E.01931
G1 X75.91 Y120.763 E.27
G1 X75.718 Y120.88 E.00984
G1 X75.47 Y121.096 E.01435
G1 X75.47 Y114.626 E.28259
G1 X75.03 Y114.671 E.01931
G1 X75.03 Y121.57 E.3013
G1 X74.948 Y121.682 E.00607
G1 X74.644 Y122.26 E.02854
G1 X74.59 Y122.411 E.007
G1 X74.59 Y114.716 E.33609
G1 X74.15 Y114.762 E.01931
G1 X74.15 Y123.282 E.37213
G1 X73.71 Y122.034 E.05777
G1 X73.71 Y114.807 E.31568
G1 X73.271 Y114.852 E.01931
G1 X73.271 Y120.625 E.25216
G1 X72.831 Y118.97 E.07479
G1 X72.831 Y114.862 E.17945
G1 X72.391 Y114.863 E.01921
G1 X72.391 Y117.915 E.13328
G1 E-.73333 F2400
;WIPE_START
G1 F9000
G1 X72.391 Y116.915 E-.26667
;WIPE_END
G17
G3 Z1.8 I1.083 J.556 P1
G1 X89.546 Y83.498 Z1.8
G1 Z1.4
G1 E1 F2700
G1 F9000
G1 X89.546 Y77.731 E.25186
G1 X89.106 Y78.017 E.02291
G1 X89.106 Y82.644 E.20209
G1 X88.666 Y82.104 E.03042
G1 X88.666 Y78.303 E.16601
G1 X88.226 Y78.604 E.02328
G1 X88.226 Y81.564 E.12928
G1 X87.786 Y81.024 E.03042
G1 X87.786 Y78.918 E.092
G1 X87.346 Y79.231 E.0236
G1 X87.346 Y80.498 E.05531
G1 X86.907 Y80.055 E.02724
G1 X86.907 Y79.308 E.03265
G1 X99.223 Y73.152
G1 X99.223 Y75.961 E.12267
G1 X98.974 Y75.589 E.01953
G1 X98.783 Y75.384 E.01225
G1 X98.783 Y73.484 E.08297
G1 X98.343 Y73.623 E.02014
G1 X98.343 Y75.018 E.06095
G1 X98.125 Y74.872 E.01147
G1 X97.903 Y74.767 E.01071
G1 X97.903 Y73.766 E.04375
G1 X97.464 Y73.914 E.02028
G1 X97.464 Y74.596 E.02976
G1 X97.024 Y74.492 E.01974
G1 X97.024 Y74.072 E.01835
G1 X96.584 Y74.23 E.02042
G1 X96.584 Y74.463 E.01016
G1 X96.144 Y74.463 E.01921
G1 X96.144 Y74.195 E.01171
; stop printing object ОсновнойПрофиль.stl id:503862 copy 0
;LAYER_CHANGE
;Z:1.6
;HEIGHT:0.2
;BEFORE_LAYER_CHANGE
;1.6
G92 E0

G1 E-.73333 F2400
;WIPE_START
G1 F9000
G1 X96.144 Y74.463 E-.07148
G1 X96.584 Y74.463 E-.1173
G1 X96.584 Y74.23 E-.06203
G1 X96.64 Y74.21 E-.01586
;WIPE_END
;_SET_FAN_SPEED_CHANGING_LAYER
; printing object ОсновнойПрофиль.stl id:503862 copy 0
G17
G3 Z2 I-1.101 J-.518 P1
G1 X79.731 Y110.158 Z2
G1 Z1.6
G1 E1 F2700
M204 P2000
;TYPE:Inner wall
;WIDTH:0.449999
G1 F7200
M106 S255
G1 X79.752 Y110.115 E.00143
G1 X79.762 Y109.95 E.00492
G1 X79.686 Y109.709 E.00751
G1 X77.663 Y106.209 E.12041
G1 X77.467 Y106.004 E.00846
G1 X77.217 Y105.917 E.00789
G1 X73.098 Y105.498 E.12333
G1 X71.664 Y105.498 E.04269
G1 X71.725 Y104.972 E.01575
G1 X71.971 Y103.366 E.0484
G1 X72.178 Y102.275 E.03308
G1 X72.537 Y100.692 E.04834
G1 X72.963 Y99.126 E.04834
G1 X73.291 Y98.065 E.03308
G1 X73.834 Y96.512 E.04901
G1 X74.275 Y95.388 E.03598
G1 X74.882 Y93.987 E.04546
G1 X75.587 Y92.525 E.04836
G1 X76.105 Y91.542 E.03309
G1 X76.914 Y90.132 E.04841
G1 X77.501 Y89.189 E.03309
G1 X78.418 Y87.825 E.04897
G1 X79.38 Y86.517 E.04836
G1 X79.706 Y86.106 E.01562
G1 X80.764 Y87.158 E.04445
G1 X83.929 Y89.731 E.12151
G1 X84.152 Y89.843 E.00743
G1 X84.446 Y89.842 E.00874
G1 X88.359 Y88.794 E.12068
G1 X88.613 Y88.65 E.0087
G1 X88.77 Y88.384 E.00921
G1 X89.811 Y84.502 E.1197
G1 X89.826 Y84.203 E.00893
G1 X89.708 Y83.957 E.00811
G1 X87.093 Y80.751 E.12325
G1 X86.083 Y79.742 E.04251
G1 X86.904 Y79.101 E.03104
G1 X88.259 Y78.136 E.04954
G1 X89.638 Y77.239 E.04899
G1 X90.575 Y76.676 E.03256
G1 X91.509 Y76.15 E.03194
G1 X93.197 Y75.286 E.0565
G1 X94.038 Y74.891 E.02766
;WIDTH:0.490189
G1 X94.204 Y74.84 E.00569
;WIDTH:0.530379
G1 X94.37 Y74.789 E.0062
;WIDTH:0.570568
G1 X94.536 Y74.738 E.00671
;WIDTH:0.613915
G1 X95.541 Y74.338 E.04517
;WIDTH:0.605571
G1 X95.68 Y74.262 E.00655
;WIDTH:0.566678
G1 X95.82 Y74.185 E.0061
;WIDTH:0.527785
G1 X95.959 Y74.109 E.00564
;WIDTH:0.488892
G1 X96.099 Y74.033 E.00519
;WIDTH:0.449999
G1 X97.522 Y73.509 E.04517
G1 X98.562 Y73.17 E.03259
G1 X100.148 Y72.716 E.04914
G1 X101.209 Y72.452 E.03257
G1 X102.279 Y72.218 E.03263
G1 X103.356 Y72.014 E.03263
G1 X104.456 Y71.839 E.03318
G1 X105.493 Y71.711 E.03114
G1 X105.493 Y73.168 E.04338
G1 X105.913 Y77.253 E.12232
G1 X105.992 Y77.49 E.00743
G1 X106.201 Y77.696 E.00876
G1 X109.71 Y79.72 E.12065
G1 X110.002 Y79.798 E.00902
G1 X110.29 Y79.72 E.00887
G1 X113.799 Y77.696 E.12065
G1 X113.982 Y77.529 E.0074
G1 X114.086 Y77.253 E.0088
G1 X114.507 Y73.168 E.12232
G1 X114.507 Y71.707 E.04352
G1 X116.113 Y71.926 E.04831
G1 X117.714 Y72.217 E.04846
G1 X118.78 Y72.449 E.0325
G1 X120.376 Y72.858 E.04908
G1 X121.423 Y73.166 E.0325
G1 X122.986 Y73.686 E.04908
G1 X124.011 Y74.068 E.03257
G1 X125.024 Y74.479 E.03257
G1 X126.509 Y75.143 E.04845
G1 X127.507 Y75.632 E.03311
G1 X128.941 Y76.4 E.04845
G1 X129.902 Y76.959 E.03312
G1 X131.278 Y77.826 E.04845
G1 X132.197 Y78.451 E.03311
G1 X133.508 Y79.413 E.04843
G1 X133.92 Y79.739 E.01565
G1 X132.867 Y80.795 E.04441
G1 X130.292 Y83.957 E.12148
G1 X130.183 Y84.166 E.00702
G1 X130.181 Y84.474 E.00917
G1 X131.149 Y88.084 E.11131
G1 X131.313 Y88.564 E.01512
G1 X131.426 Y88.685 E.00493
G1 X131.64 Y88.794 E.00716
G1 X135.554 Y89.842 E.12068
G1 X135.827 Y89.848 E.00813
G1 X136.07 Y89.731 E.00805
G1 X139.28 Y87.119 E.12328
G1 X140.294 Y86.106 E.04269
G1 X140.614 Y86.509 E.01531
G1 X141.588 Y87.833 E.04897
G1 X142.494 Y89.18 E.04836
G1 X143.081 Y90.124 E.0331
G1 X143.89 Y91.534 E.04842
G1 X144.409 Y92.519 E.03317
G1 X145.142 Y94.041 E.05032
;WIDTH:0.495053
G1 X145.186 Y94.199 E.00543
;WIDTH:0.540107
G1 X145.231 Y94.357 E.00597
;WIDTH:0.585161
G1 X145.275 Y94.515 E.00651
;WIDTH:0.630215
G1 X145.32 Y94.673 E.00705
G1 X145.539 Y95.138 E.02207
;WIDTH:0.609612
G1 X145.735 Y95.643 E.02248
G1 X145.807 Y95.773 E.00615
;WIDTH:0.569709
G1 X145.88 Y95.902 E.00572
;WIDTH:0.529806
G1 X145.953 Y96.031 E.00529
;WIDTH:0.489903
G1 X146.026 Y96.161 E.00485
;WIDTH:0.449999
G1 X146.172 Y96.53 E.01182
G1 X146.706 Y98.057 E.04821
G1 X147.036 Y99.121 E.03317
G1 X147.462 Y100.689 E.04841
G1 X147.715 Y101.771 E.03308
G1 X148.028 Y103.364 E.04835
G1 X148.277 Y104.996 E.0492
G1 X148.336 Y105.498 E.01504
G1 X146.843 Y105.501 E.04446
G1 X142.783 Y105.917 E.12156
G1 X142.546 Y105.996 E.00744
G1 X142.34 Y106.205 E.00874
G1 X140.314 Y109.709 E.12059
G1 X140.236 Y110.007 E.00916
G1 X140.314 Y110.291 E.00876
G1 X142.34 Y113.795 E.12059
G1 X142.519 Y113.987 E.00781
G1 X142.783 Y114.083 E.00837
G1 X146.902 Y114.502 E.12333
G1 X148.336 Y114.502 E.04269
G1 X148.275 Y115.024 E.01564
G1 X148.029 Y116.628 E.04834
G1 X147.712 Y118.24 E.04894
G1 X147.43 Y119.436 E.0366
G1 X147.033 Y120.888 E.04485
G1 X146.535 Y122.455 E.04897
G1 X146.16 Y123.501 E.03309
G1 X145.56 Y125.009 E.04835
G1 X144.896 Y126.49 E.04835
G1 X144.406 Y127.487 E.03309
G1 X143.638 Y128.92 E.04842
G1 X143.078 Y129.88 E.0331
G1 X142.21 Y131.254 E.04842
G1 X141.584 Y132.172 E.0331
G1 X140.621 Y133.482 E.04841
G1 X140.294 Y133.894 E.01568
G1 X139.236 Y132.842 E.04445
G1 X136.07 Y130.269 E.12151
G1 X135.809 Y130.148 E.00857
G1 X135.558 Y130.158 E.00749
G1 X131.567 Y131.231 E.12311
G1 X131.376 Y131.361 E.00686
G1 X131.23 Y131.616 E.00878
G1 X130.181 Y135.526 E.12056
G1 X130.174 Y135.797 E.00809
G1 X130.292 Y136.043 E.00811
G1 X132.907 Y139.249 E.12325
G1 X133.92 Y140.261 E.04265
G1 X133.518 Y140.579 E.01528
G1 X132.192 Y141.553 E.04899
G1 X130.843 Y142.457 E.04838
G1 X129.899 Y143.044 E.03312
G1 X128.487 Y143.852 E.04844
G1 X127.501 Y144.371 E.0332
G1 X125.632 Y145.254 E.06156
;WIDTH:0.499902
G1 X125.355 Y145.346 E.00979
;WIDTH:0.549805
G1 X125.077 Y145.438 E.01085
;WIDTH:0.599708
G1 X124.799 Y145.53 E.01192
;WIDTH:0.621167
G1 X124.196 Y145.758 E.02729
G1 X124.11 Y145.815 E.00436
;WIDTH:0.578375
G1 X124.024 Y145.872 E.00404
;WIDTH:0.535583
G1 X123.938 Y145.929 E.00372
;WIDTH:0.492791
G1 X123.852 Y145.987 E.00339
;WIDTH:0.449999
G1 X123.511 Y146.122 E.01096
G1 X121.956 Y146.665 E.04904
G1 X120.891 Y146.995 E.0332
G1 X119.321 Y147.42 E.04846
G1 X118.238 Y147.673 E.03312
G1 X116.644 Y147.986 E.0484
G1 X115.017 Y148.234 E.04901
G1 X114.507 Y148.293 E.01532
G1 X114.504 Y146.802 E.04441
G1 X114.086 Y142.747 E.12143
G1 X114.008 Y142.51 E.00743
G1 X113.799 Y142.304 E.00876
G1 X110.29 Y140.28 E.12065
G1 X109.997 Y140.202 E.00902
G1 X109.71 Y140.28 E.00887
G1 X106.201 Y142.304 E.12065
G1 X105.995 Y142.504 E.00856
G1 X105.913 Y142.747 E.00763
G1 X105.493 Y146.862 E.1232
G1 X105.493 Y148.293 E.04263
G1 X104.97 Y148.232 E.01568
G1 X103.364 Y147.987 E.04839
G1 X101.75 Y147.67 E.04901
G1 X100.667 Y147.417 E.03312
G1 X99.097 Y146.991 E.04846
G1 X98.035 Y146.662 E.03312
G1 X96.501 Y146.127 E.0484
G1 X94.991 Y145.527 E.04839
G1 X93.973 Y145.081 E.03312
G1 X92.491 Y144.367 E.049
G1 X91.059 Y143.6 E.04838
G1 X90.097 Y143.041 E.03312
G1 X88.721 Y142.174 E.04845
G1 X87.802 Y141.549 E.03311
G1 X86.492 Y140.587 E.04843
G1 X86.08 Y140.261 E.01565
G1 X87.132 Y139.205 E.04441
G1 X89.708 Y136.043 E.12148
G1 X89.823 Y135.811 E.0077
G1 X89.819 Y135.526 E.0085
G1 X88.77 Y131.616 E.12056
G1 X88.62 Y131.357 E.00892
G1 X88.359 Y131.206 E.00898
G1 X84.446 Y130.158 E.12068
G1 X84.136 Y130.161 E.00923
G1 X83.929 Y130.269 E.00694
G1 X80.719 Y132.881 E.12328
G1 X79.706 Y133.894 E.04269
G1 X79.386 Y133.491 E.01531
G1 X78.412 Y132.167 E.04897
G1 X77.506 Y130.82 E.04836
G1 X76.919 Y129.876 E.0331
G1 X76.11 Y128.466 E.04842
G1 X75.591 Y127.481 E.03318
G1 X74.858 Y125.959 E.05033
;WIDTH:0.495054
G1 X74.814 Y125.801 E.00543
;WIDTH:0.540109
G1 X74.769 Y125.643 E.00597
;WIDTH:0.585164
G1 X74.725 Y125.485 E.00651
;WIDTH:0.630218
G1 X74.68 Y125.327 E.00705
G1 X74.43 Y124.785 E.02564
;WIDTH:0.628844
G1 X74.187 Y124.133 E.02984
G1 X74.097 Y123.967 E.00807
;WIDTH:0.584133
G1 X74.007 Y123.802 E.00746
;WIDTH:0.539422
G1 X73.918 Y123.636 E.00684
;WIDTH:0.494711
G1 X73.828 Y123.47 E.00623
;WIDTH:0.449999
G1 X73.294 Y121.943 E.04821
G1 X72.964 Y120.879 E.03317
G1 X72.538 Y119.31 E.04842
G1 X72.285 Y118.228 E.03311
G1 X71.972 Y116.635 E.04836
G1 X71.723 Y115.01 E.04897
G1 X71.664 Y114.502 E.01521
G1 X73.157 Y114.499 E.04447
G1 X77.282 Y114.072 E.12353
G1 X77.501 Y113.973 E.00715
G1 X77.66 Y113.795 E.0071
G1 X79.504 Y110.605 E.10978
G1 X79.712 Y110.193 E.01373
G1 X79.347 Y110.033 F9000
M204 P1000
;TYPE:Outer wall
;WIDTH:0.419999
G1 F5400
G1 X79.328 Y109.916 E.00326
G1 X77.302 Y106.411 E.1117
G1 X77.174 Y106.329 E.00419
G1 X73.106 Y105.911 E.11284
G1 X71.2 Y105.911 E.0526
G1 X71.316 Y104.917 E.02761
G1 X71.564 Y103.297 E.04524
G1 X71.774 Y102.191 E.03105
G1 X72.136 Y100.592 E.04522
G1 X72.565 Y99.011 E.04522
G1 X72.898 Y97.936 E.03105
G1 X73.447 Y96.368 E.04581
G1 X73.893 Y95.23 E.03374
G1 X74.506 Y93.815 E.04255
G1 X75.218 Y92.339 E.04523
G1 X75.743 Y91.343 E.03106
G1 X76.559 Y89.92 E.04525
G1 X77.153 Y88.964 E.03106
G1 X78.08 Y87.587 E.04581
G1 X79.051 Y86.266 E.04524
G1 X79.67 Y85.485 E.02747
G1 X81.024 Y86.837 E.05281
G1 X84.19 Y89.41 E.11256
G1 X84.339 Y89.442 E.00419
G1 X88.3 Y88.382 E.11313
G1 X88.371 Y88.276 E.00351
G1 X89.419 Y84.367 E.11168
G1 X89.387 Y84.218 E.0042
G1 X86.8 Y81.043 E.113
G1 X85.46 Y79.704 E.05229
G1 X86.657 Y78.77 E.04191
G1 X88.026 Y77.794 E.04638
G1 X89.418 Y76.889 E.04583
G1 X90.367 Y76.319 E.03052
G1 X91.312 Y75.786 E.02995
G1 X92.81 Y75.012 E.04652
G1 X93.786 Y74.55 E.0298
G1 X94.825 Y74.094 E.0313
G1 X96.345 Y73.49 E.04515
G1 X97.388 Y73.117 E.03055
G1 X98.441 Y72.775 E.03055
G1 X100.041 Y72.316 E.04593
G1 X101.115 Y72.049 E.03053
G1 X102.197 Y71.813 E.03055
G1 X103.285 Y71.607 E.03055
G1 X104.398 Y71.429 E.03111
G1 X105.907 Y71.244 E.04194
G1 X105.907 Y73.147 E.0525
G1 X106.325 Y77.21 E.11272
G1 X106.408 Y77.338 E.0042
G1 X109.95 Y79.381 E.11284
G1 X110.083 Y79.362 E.00372
G1 X113.592 Y77.338 E.11176
G1 X113.675 Y77.21 E.0042
G1 X114.093 Y73.147 E.11272
G1 X114.093 Y71.243 E.05254
G1 X115.065 Y71.355 E.02699
G1 X116.18 Y71.517 E.03111
G1 X117.795 Y71.811 E.04529
G1 X118.876 Y72.047 E.03051
G1 X120.486 Y72.459 E.04587
G1 X121.547 Y72.771 E.03051
G1 X123.124 Y73.296 E.04586
G1 X124.161 Y73.683 E.03053
G1 X125.186 Y74.098 E.03053
G1 X126.684 Y74.768 E.04529
G1 X127.696 Y75.264 E.03108
G1 X129.143 Y76.039 E.04528
G1 X130.117 Y76.605 E.03108
G1 X131.505 Y77.48 E.04528
G1 X132.436 Y78.113 E.03107
G1 X133.759 Y79.084 E.04527
G1 X134.541 Y79.703 E.02753
G1 X133.188 Y81.056 E.0528
G1 X130.612 Y84.218 E.11253
G1 X130.581 Y84.367 E.0042
G1 X131.653 Y88.328 E.11323
G1 X131.747 Y88.395 E.00317
G1 X135.661 Y89.442 E.11179
G1 X135.81 Y89.41 E.00419
G1 X138.982 Y86.832 E.11279
G1 X140.33 Y85.485 E.05257
G1 X140.942 Y86.258 E.02719
G1 X141.926 Y87.595 E.04581
G1 X142.841 Y88.956 E.04524
G1 X143.436 Y89.912 E.03107
G1 X144.252 Y91.334 E.04526
G1 X144.778 Y92.332 E.03113
G1 X145.489 Y93.805 E.04511
G1 X145.988 Y94.945 E.03435
G1 X146.559 Y96.385 E.04274
G1 X147.099 Y97.928 E.0451
G1 X147.433 Y99.006 E.03113
G1 X147.863 Y100.588 E.04525
G1 X148.119 Y101.684 E.03105
G1 X148.435 Y103.292 E.04523
G1 X148.688 Y104.949 E.04623
G1 X148.8 Y105.911 E.02674
G1 X146.885 Y105.912 E.05284
G1 X142.825 Y106.329 E.11261
G1 X142.698 Y106.411 E.00419
G1 X140.658 Y109.946 E.1126
G1 X140.672 Y110.084 E.00381
G1 X142.698 Y113.589 E.1117
G1 X142.825 Y113.671 E.00419
G1 X146.894 Y114.089 E.11284
G1 X148.8 Y114.089 E.0526
G1 X148.685 Y115.079 E.02751
G1 X148.437 Y116.699 E.04522
G1 X148.116 Y118.328 E.04579
G1 X147.83 Y119.538 E.03431
G1 X147.43 Y121.005 E.04197
G1 X146.927 Y122.587 E.0458
G1 X146.547 Y123.647 E.03106
G1 X145.941 Y125.17 E.04523
G1 X145.27 Y126.666 E.04523
G1 X144.774 Y127.676 E.03106
G1 X143.999 Y129.122 E.04525
G1 X143.432 Y130.095 E.03106
G1 X142.556 Y131.481 E.04525
G1 X141.922 Y132.411 E.03107
G1 X140.95 Y133.733 E.04525
G1 X140.33 Y134.515 E.02753
G1 X138.975 Y133.163 E.05281
G1 X135.81 Y130.59 E.11256
G1 X135.662 Y130.558 E.00416
G1 X131.726 Y131.613 E.11243
G1 X131.629 Y131.724 E.00406
G1 X130.581 Y135.633 E.11168
G1 X130.612 Y135.782 E.0042
G1 X133.193 Y138.951 E.11277
G1 X134.541 Y140.297 E.05257
G1 X133.769 Y140.908 E.02719
G1 X132.43 Y141.891 E.04583
G1 X131.067 Y142.805 E.04526
G1 X130.11 Y143.399 E.03108
G1 X128.686 Y144.214 E.04528
G1 X127.687 Y144.74 E.03115
G1 X126.213 Y145.45 E.04514
G1 X125.175 Y145.906 E.03128
G1 X123.655 Y146.51 E.04512
G1 X122.085 Y147.058 E.04588
G1 X121.007 Y147.392 E.03116
G1 X119.422 Y147.821 E.04529
G1 X118.325 Y148.077 E.03108
G1 X116.715 Y148.393 E.04527
G1 X115.072 Y148.644 E.04585
G1 X114.093 Y148.758 E.02721
G1 X114.092 Y146.845 E.05278
G1 X113.675 Y142.79 E.11248
G1 X113.592 Y142.662 E.0042
G1 X110.058 Y140.624 E.11256
G1 X109.916 Y140.638 E.00393
G1 X106.408 Y142.662 E.11176
G1 X106.325 Y142.79 E.0042
G1 X105.907 Y146.853 E.11272
G1 X105.907 Y148.757 E.05254
G1 X104.915 Y148.642 E.02754
G1 X103.293 Y148.395 E.04527
G1 X101.663 Y148.075 E.04585
G1 X100.566 Y147.818 E.03109
G1 X98.982 Y147.388 E.04529
G1 X97.905 Y147.055 E.03108
G1 X96.356 Y146.514 E.04527
G1 X94.832 Y145.909 E.04527
G1 X93.8 Y145.457 E.03108
G1 X92.303 Y144.735 E.04584
G1 X90.857 Y143.961 E.04526
G1 X89.883 Y143.395 E.03108
G1 X88.495 Y142.52 E.04528
G1 X87.564 Y141.887 E.03108
G1 X86.241 Y140.916 E.04527
G1 X85.458 Y140.297 E.02753
G1 X86.812 Y138.944 E.0528
G1 X89.387 Y135.782 E.11253
G1 X89.419 Y135.633 E.0042
G1 X88.354 Y131.684 E.11285
G1 X88.252 Y131.605 E.00354
G1 X84.339 Y130.558 E.11179
G1 X84.19 Y130.59 E.00419
G1 X81.018 Y133.168 E.11279
G1 X79.67 Y134.515 E.05257
G1 X79.057 Y133.742 E.02719
G1 X78.074 Y132.405 E.04581
G1 X77.159 Y131.044 E.04524
G1 X76.564 Y130.088 E.03107
G1 X75.748 Y128.666 E.04525
G1 X75.221 Y127.668 E.03114
G1 X74.51 Y126.195 E.04511
G1 X74.011 Y125.055 E.03435
G1 X73.44 Y123.615 E.04274
G1 X72.901 Y122.072 E.0451
G1 X72.567 Y120.994 E.03113
G1 X72.137 Y119.411 E.04526
G1 X71.881 Y118.315 E.03108
G1 X71.564 Y116.706 E.04524
G1 X71.313 Y115.065 E.04581
G1 X71.2 Y114.089 E.02711
G1 X73.115 Y114.088 E.05284
G1 X77.174 Y113.671 E.11261
G1 X77.302 Y113.589 E.00419
G1 X79.327 Y110.068 E.11207
G1 E-.7 F2400
;WIPE_START
G1 F5400
G1 X79.328 Y109.916 E-.04539
G1 X78.903 Y109.182 E-.25461
;WIPE_END
G17
G3 Z2 I.273 J1.186 P1  F9000
G1 X140.095 Y95.104 Z2
G1 Z1.6
G1 E1 F2700
M204 P2000
;TYPE:Inner wall
;WIDTH:0.449999
G1 F7200
G1 X140.342 Y94.758 E.01266
G1 X140.709 Y94.406 E.01515
G1 X141.192 Y94.098 E.01706
G1 X141.672 Y93.909 E.01539
G1 X142.236 Y93.808 E.01706
G1 X142.753 Y93.817 E.01538
G1 X143.289 Y93.935 E.01636
G1 X143.841 Y94.178 E.01798
G1 X144.262 Y94.478 E.01538
;WIDTH:0.496766
G1 X144.475 Y94.671 E.00955
;WIDTH:0.543532
G1 X144.688 Y94.864 E.01054
;WIDTH:0.586874
G1 X144.743 Y94.903 E.00267
;WIDTH:0.630215
G1 X144.798 Y94.941 E.00289
G1 X145.038 Y95.389 E.02182
;WIDTH:0.616441
G1 X145.232 Y95.929 E.02408
G1 X145.229 Y96.071 E.00598
;WIDTH:0.574831
G1 X145.225 Y96.214 E.00555
;WIDTH:0.53322
G1 X145.222 Y96.356 E.00511
;WIDTH:0.49161
G1 X145.219 Y96.499 E.00468
;WIDTH:0.449999
G1 X145.185 Y97.015 E.01542
G1 X144.98 Y97.703 E.02137
G1 X144.56 Y98.37 E.0235
G1 X144.124 Y98.786 E.01793
G1 X143.658 Y99.074 E.01633
G1 X143.211 Y99.245 E.01424
G1 X142.787 Y99.328 E.01288
G1 X142.099 Y99.328 E.0205
G1 X141.565 Y99.211 E.01628
G1 X141.043 Y98.975 E.01706
G1 X140.623 Y98.675 E.01537
G1 X140.27 Y98.309 E.01515
G1 X139.962 Y97.826 E.01706
G1 X139.756 Y97.284 E.01728
G1 X139.665 Y96.697 E.0177
G1 X139.696 Y96.154 E.0162
G1 X139.82 Y95.651 E.01543
G1 X140.042 Y95.178 E.01555
G1 X140.072 Y95.137 E.00152
G1 X140.426 Y95.343 F9000
M204 P1000
;TYPE:Outer wall
;WIDTH:0.419999
G1 F5400
G1 X140.432 Y95.328 E.00043
G1 X140.694 Y94.983 E.01195
G1 X141.016 Y94.69 E.01201
G1 X141.437 Y94.436 E.01357
G1 X141.847 Y94.289 E.01202
G1 X142.469 Y94.22 E.01726
G1 X142.769 Y94.235 E.00829
G1 X143.249 Y94.354 E.01364
G1 X143.692 Y94.569 E.01358
G1 X144.039 Y94.832 E.01202
G1 X144.366 Y95.199 E.01357
G1 X144.586 Y95.575 E.01202
G1 X144.747 Y96.039 E.01357
G1 X144.806 Y96.472 E.01204
G1 X144.772 Y96.988 E.01429
G1 X144.587 Y97.575 E.01697
G1 X144.216 Y98.141 E.01867
G1 X143.823 Y98.497 E.01463
G1 X143.503 Y98.69 E.01031
G1 X143.119 Y98.842 E.01141
G1 X142.787 Y98.914 E.00937
G1 X142.099 Y98.915 E.01899
G1 X141.636 Y98.799 E.01316
G1 X141.193 Y98.585 E.01357
G1 X140.76 Y98.229 E.01548
G1 X140.554 Y98.002 E.00844
G1 X140.299 Y97.579 E.01363
G1 X140.143 Y97.137 E.01293
G1 X140.079 Y96.671 E.01299
G1 X140.111 Y96.197 E.0131
G1 X140.218 Y95.771 E.01211
G1 X140.408 Y95.379 E.01204
G1 E-.7 F2400
;WIPE_START
G1 F5400
G1 X140.432 Y95.328 E-.01671
G1 X140.694 Y94.983 E-.12994
G1 X141.016 Y94.69 E-.13058
G1 X141.081 Y94.651 E-.02276
;WIPE_END
G17
G3 Z2 I-1.142 J-.422 P1  F9000
G1 X124.403 Y139.82 Z2
G1 Z1.6
G1 E1 F2700
M204 P2000
;TYPE:Inner wall
;WIDTH:0.449999
G1 F7200
G1 X124.837 Y140.009 E.0141
G1 X125.257 Y140.308 E.01536
G1 X125.76 Y140.887 E.02284
G1 X126.097 Y141.609 E.02373
G1 X126.209 Y142.201 E.01795
G1 X126.191 Y142.781 E.01728
G1 X126.036 Y143.391 E.01875
G1 X125.76 Y143.927 E.01794
G1 X125.356 Y144.412 E.01881
;WIDTH:0.489784
G1 X125.205 Y144.544 E.00656
;WIDTH:0.529568
G1 X125.054 Y144.676 E.00715
;WIDTH:0.569352
G1 X124.902 Y144.808 E.00773
;WIDTH:0.609136
G1 X124.751 Y144.94 E.00832
G1 X124.172 Y145.166 E.02576
;WIDTH:0.621167
G1 X124.047 Y145.203 E.0055
G1 X123.916 Y145.198 E.00556
;WIDTH:0.578375
G1 X123.785 Y145.192 E.00515
;WIDTH:0.535583
G1 X123.654 Y145.187 E.00473
;WIDTH:0.492791
G1 X123.522 Y145.182 E.00432
;WIDTH:0.449999
G1 X122.951 Y145.141 E.01706
G1 X122.454 Y145.003 E.01539
G1 X121.918 Y144.728 E.01795
G1 X121.432 Y144.324 E.01881
G1 X120.969 Y143.676 E.02371
G1 X120.778 Y143.204 E.01516
G1 X120.667 Y142.613 E.01791
G1 X120.685 Y142.033 E.01728
G1 X120.801 Y141.53 E.01538
G1 X121.038 Y141.009 E.01705
G1 X121.337 Y140.589 E.01535
G1 X121.809 Y140.159 E.01903
G1 X122.441 Y139.818 E.02137
G1 X123.21 Y139.643 E.0235
G1 X123.748 Y139.648 E.01603
G1 X124.267 Y139.761 E.0158
G1 X124.366 Y139.804 E.00324
G1 X124.242 Y140.184 F9000
M204 P1000
;TYPE:Outer wall
;WIDTH:0.419999
G1 F5400
G1 X124.244 Y140.184 E.00005
G1 X124.687 Y140.399 E.01358
G1 X125.038 Y140.667 E.01218
G1 X125.443 Y141.153 E.01746
G1 X125.717 Y141.772 E.01868
G1 X125.8 Y142.266 E.01381
G1 X125.773 Y142.792 E.01453
G1 X125.663 Y143.213 E.01201
G1 X125.443 Y143.662 E.0138
G1 X125.038 Y144.147 E.01743
G1 X124.477 Y144.53 E.01873
G1 X124.008 Y144.701 E.0138
G1 X123.544 Y144.769 E.01292
G1 X123.053 Y144.74 E.01357
G1 X122.631 Y144.629 E.01202
G1 X122.182 Y144.41 E.01381
G1 X121.696 Y144.006 E.01743
G1 X121.313 Y143.446 E.01872
G1 X121.148 Y143.002 E.01308
G1 X121.074 Y142.513 E.01363
G1 X121.103 Y142.022 E.01357
G1 X121.213 Y141.601 E.01202
G1 X121.473 Y141.098 E.01562
G1 X121.767 Y140.745 E.01268
G1 X122.116 Y140.447 E.01267
G1 X122.628 Y140.186 E.01584
G1 X123.291 Y140.048 E.01867
G1 X123.764 Y140.065 E.01308
G1 X124.204 Y140.174 E.01249
G1 E-.7 F2400
;WIPE_START
G1 F5400
G1 X124.244 Y140.184 E-.01256
G1 X124.687 Y140.399 E-.14766
G1 X125.038 Y140.667 E-.13245
G1 X125.054 Y140.685 E-.00734
;WIPE_END
G17
G3 Z2 I1.206 J.164 P1  F9000
G1 X131.234 Y95.299 Z2
G1 Z1.6
G1 E1 F2700
M204 P2000
;TYPE:Inner wall
;WIDTH:0.449999
G1 F7200
G1 X132.009 Y96.491 E.04234
G1 X132.352 Y97.048 E.0195
G1 X132.806 Y97.878 E.02816
G1 X133.241 Y98.736 E.02868
G1 X133.57 Y99.42 E.02258
G1 X134.041 Y100.538 E.03616
G1 X134.535 Y101.902 E.0432
G1 X134.802 Y102.757 E.02668
G1 X135.146 Y104.054 E.03996
G1 X135.42 Y105.36 E.03975
G1 X135.625 Y106.677 E.03971
G1 X135.761 Y107.987 E.03926
G1 X135.827 Y109.199 E.03615
G1 X135.84 Y110.222 E.03046
G1 X135.794 Y111.554 E.03972
G1 X135.679 Y112.882 E.0397
G1 X135.498 Y114.188 E.03926
G1 X135.245 Y115.511 E.04013
G1 X134.96 Y116.676 E.03572
G1 X134.546 Y118.066 E.04321
G1 X134.181 Y119.087 E.03228
G1 X133.582 Y120.553 E.04718
G1 X133.005 Y121.755 E.03971
G1 X132.367 Y122.926 E.03971
G1 X131.968 Y123.59 E.02309
G1 X131.415 Y124.446 E.03037
G1 X130.641 Y125.53 E.03967
G1 X129.82 Y126.562 E.03927
G1 X129.2 Y127.265 E.02791
G1 X128.572 Y127.936 E.02738
G1 X128.005 Y128.515 E.02415
G1 X127.017 Y129.426 E.04003
G1 X125.987 Y130.28 E.03985
G1 X125.026 Y130.999 E.03574
G1 X124.397 Y131.431 E.02274
G1 X123.061 Y132.273 E.04704
G1 X122.128 Y132.787 E.03173
G1 X121.084 Y133.309 E.03476
G1 X119.464 Y134.019 E.0527
G1 X118.407 Y134.404 E.0335
G1 X117.247 Y134.77 E.03626
G1 X116.174 Y135.057 E.03308
G1 X115.64 Y135.19 E.01638
G1 X114.316 Y135.45 E.04019
G1 X112.996 Y135.639 E.03974
G1 X111.682 Y135.758 E.03929
G1 X110.788 Y135.801 E.02666
G1 X109.459 Y135.807 E.03959
G1 X108.237 Y135.752 E.03644
G1 X106.784 Y135.612 E.04347
G1 X105.479 Y135.414 E.03933
G1 X104.172 Y135.148 E.03974
G1 X102.866 Y134.81 E.04019
G1 X101.823 Y134.481 E.03257
G1 X100.904 Y134.159 E.02899
G1 X99.361 Y133.52 E.04976
G1 X98.435 Y133.082 E.03051
G1 X97.263 Y132.458 E.03954
G1 X96.018 Y131.708 E.04329
G1 X94.914 Y130.957 E.03978
G1 X94.187 Y130.415 E.02701
G1 X93.166 Y129.584 E.03921
G1 X92.177 Y128.69 E.03972
G1 X91.235 Y127.746 E.03972
G1 X90.411 Y126.834 E.03661
G1 X89.494 Y125.708 E.04326
G1 X88.709 Y124.629 E.03974
G1 X87.99 Y123.524 E.03926
G1 X87.534 Y122.755 E.02664
G1 X86.723 Y121.193 E.05243
G1 X86.34 Y120.377 E.02683
G1 X85.756 Y118.91 E.04706
G1 X85.395 Y117.887 E.0323
G1 X85.02 Y116.606 E.03976
G1 X84.709 Y115.294 E.04015
G1 X84.471 Y113.998 E.03925
G1 X84.346 Y113.101 E.027
G1 X84.222 Y111.791 E.03918
G1 X84.164 Y110.459 E.0397
G1 X84.174 Y109.126 E.0397
G1 X84.255 Y107.781 E.04015
G1 X84.404 Y106.456 E.03971
G1 X84.619 Y105.156 E.03926
G1 X84.903 Y103.854 E.0397
G1 X85.131 Y102.989 E.02663
G1 X85.525 Y101.721 E.03955
G1 X85.99 Y100.456 E.04016
G1 X86.51 Y99.245 E.03926
G1 X86.952 Y98.343 E.02992
G1 X87.752 Y96.87 E.04992
G1 X88.387 Y95.853 E.03573
G1 X88.966 Y95.006 E.03053
G1 X89.767 Y93.943 E.03967
G1 X90.624 Y92.921 E.03972
G1 X91.513 Y91.966 E.03886
G1 X92.49 Y91.016 E.04058
G1 X93.494 Y90.139 E.03973
G1 X94.543 Y89.314 E.03973
G1 X95.632 Y88.545 E.03973
G1 X96.51 Y87.991 E.03091
G1 X97.284 Y87.533 E.0268
G1 X98.703 Y86.785 E.04779
G1 X99.918 Y86.233 E.03974
G1 X101.16 Y85.745 E.03974
G1 X102.659 Y85.256 E.04697
G1 X103.71 Y84.964 E.0325
G1 X104.582 Y84.761 E.02666
G1 X105.903 Y84.514 E.04003
G1 X107.225 Y84.336 E.03975
G1 X108.54 Y84.229 E.03929
G1 X109.434 Y84.193 E.02665
G1 X110.332 Y84.189 E.02675
G1 X111.667 Y84.241 E.03979
G1 X112.996 Y84.361 E.03974
G1 X114.302 Y84.548 E.0393
G1 X115.625 Y84.806 E.04017
G1 X116.79 Y85.095 E.03576
G1 X118.185 Y85.517 E.04341
G1 X119.441 Y85.972 E.03977
G1 X120.665 Y86.489 E.03959
G1 X121.714 Y86.996 E.03471
G1 X123.048 Y87.719 E.04518
G1 X124.069 Y88.35 E.03574
G1 X124.918 Y88.923 E.03054
G1 X125.986 Y89.72 E.03968
G1 X127.002 Y90.562 E.03928
G1 X127.983 Y91.464 E.03972
G1 X128.917 Y92.416 E.03972
G1 X129.524 Y93.09 E.02701
G1 X130.37 Y94.117 E.03965
G1 X131.155 Y95.177 E.03927
G1 X131.212 Y95.265 E.00315
G1 X130.888 Y95.524 F9000
M204 P1000
;TYPE:Outer wall
;WIDTH:0.419999
G1 F5400
G1 X131.657 Y96.707 E.03894
G1 X132 Y97.265 E.01807
G1 X132.443 Y98.076 E.02549
G1 X132.869 Y98.915 E.02597
G1 X133.197 Y99.599 E.02092
G1 X133.66 Y100.699 E.03292
G1 X134.147 Y102.042 E.03944
G1 X134.407 Y102.88 E.02419
G1 X134.743 Y104.15 E.03625
G1 X135.013 Y105.434 E.0362
G1 X135.215 Y106.73 E.03619
G1 X135.35 Y108.03 E.03607
G1 X135.414 Y109.221 E.03292
G1 X135.426 Y110.219 E.02752
G1 X135.381 Y111.529 E.03619
G1 X135.268 Y112.836 E.03619
G1 X135.088 Y114.131 E.03607
G1 X134.841 Y115.423 E.0363
G1 X134.558 Y116.578 E.03281
G1 X134.15 Y117.948 E.03945
G1 X133.791 Y118.947 E.02928
G1 X133.2 Y120.393 E.04311
G1 X132.654 Y121.531 E.03481
G1 X132.004 Y122.727 E.03758
G1 X131.614 Y123.377 E.02091
G1 X131.073 Y124.214 E.0275
G1 X130.31 Y125.281 E.03619
G1 X129.496 Y126.304 E.03609
G1 X128.89 Y126.991 E.02527
G1 X128.277 Y127.647 E.02477
G1 X127.71 Y128.226 E.02237
G1 X126.742 Y129.116 E.03629
G1 X125.731 Y129.955 E.03624
G1 X124.778 Y130.668 E.03282
G1 X124.163 Y131.09 E.02059
G1 X122.843 Y131.921 E.04304
G1 X121.929 Y132.424 E.0288
G1 X120.904 Y132.937 E.03161
G1 X119.303 Y133.638 E.04823
G1 X118.266 Y134.015 E.03044
G1 X117.126 Y134.375 E.03299
G1 X116.073 Y134.656 E.03005
G1 X115.54 Y134.789 E.01517
G1 X114.247 Y135.042 E.03635
G1 X112.948 Y135.228 E.03623
G1 X111.645 Y135.346 E.0361
G1 X110.768 Y135.388 E.0242
G1 X109.457 Y135.393 E.03618
G1 X108.262 Y135.339 E.03302
G1 X106.835 Y135.202 E.03954
G1 X105.541 Y135.006 E.03612
G1 X104.255 Y134.742 E.03622
G1 X102.98 Y134.412 E.03634
G1 X101.947 Y134.087 E.02988
G1 X101.045 Y133.77 E.02637
G1 X99.537 Y133.146 E.04503
G1 X98.614 Y132.71 E.02817
G1 X97.457 Y132.093 E.03617
G1 X96.232 Y131.354 E.03949
G1 X95.147 Y130.615 E.03622
G1 X94.441 Y130.089 E.02429
G1 X93.427 Y129.263 E.03607
G1 X92.454 Y128.383 E.03621
G1 X91.528 Y127.454 E.03621
G1 X90.725 Y126.564 E.03305
G1 X89.822 Y125.455 E.03947
G1 X89.05 Y124.394 E.03621
G1 X88.337 Y123.298 E.03608
G1 X87.89 Y122.544 E.02418
G1 X87.097 Y121.017 E.04748
G1 X86.714 Y120.202 E.02485
G1 X86.146 Y118.772 E.04244
G1 X85.785 Y117.749 E.02992
G1 X85.417 Y116.49 E.03621
G1 X85.113 Y115.21 E.03631
G1 X84.878 Y113.924 E.03607
G1 X84.757 Y113.052 E.02428
G1 X84.634 Y111.752 E.03605
G1 X84.577 Y110.441 E.03619
G1 X84.588 Y109.13 E.03619
G1 X84.667 Y107.817 E.03631
G1 X84.814 Y106.513 E.03619
G1 X85.027 Y105.223 E.03607
G1 X85.307 Y103.942 E.03618
G1 X85.531 Y103.095 E.02418
G1 X85.92 Y101.844 E.03615
G1 X86.375 Y100.609 E.03631
G1 X86.89 Y99.408 E.03607
G1 X87.323 Y98.525 E.02713
G1 X88.108 Y97.08 E.04537
G1 X88.738 Y96.072 E.03281
G1 X89.302 Y95.248 E.02754
G1 X90.091 Y94.2 E.03619
G1 X90.934 Y93.195 E.0362
G1 X91.816 Y92.247 E.0357
G1 X92.77 Y91.321 E.03671
G1 X93.758 Y90.457 E.03621
G1 X94.79 Y89.646 E.03621
G1 X95.862 Y88.889 E.03621
G1 X96.73 Y88.34 E.02834
G1 X97.49 Y87.891 E.02434
G1 X98.893 Y87.152 E.04378
G1 X100.089 Y86.61 E.03622
G1 X101.311 Y86.13 E.03622
G1 X102.769 Y85.654 E.04233
G1 X103.821 Y85.362 E.03011
G1 X104.675 Y85.164 E.0242
G1 X105.968 Y84.922 E.0363
G1 X107.269 Y84.748 E.03622
G1 X108.574 Y84.641 E.0361
G1 X109.45 Y84.607 E.0242
G1 X110.328 Y84.603 E.02422
G1 X111.64 Y84.654 E.03623
G1 X112.948 Y84.772 E.03623
G1 X114.243 Y84.957 E.03611
G1 X115.536 Y85.21 E.03634
G1 X116.691 Y85.497 E.03284
G1 X118.062 Y85.911 E.03952
G1 X119.297 Y86.359 E.03625
G1 X120.504 Y86.87 E.03616
G1 X121.534 Y87.368 E.03157
G1 X122.839 Y88.077 E.04098
G1 X123.852 Y88.701 E.03283
G1 X124.679 Y89.261 E.02756
G1 X125.731 Y90.045 E.0362
G1 X126.738 Y90.88 E.03609
G1 X127.703 Y91.768 E.03621
G1 X128.622 Y92.706 E.0362
G1 X129.21 Y93.36 E.02429
G1 X130.044 Y94.372 E.03618
G1 X130.822 Y95.423 E.03608
G1 X130.866 Y95.49 E.00222
G1 E-.7 F2400
;WIPE_START
G1 F5400
G1 X131.411 Y96.329 E-.3
;WIPE_END
G17
G3 Z2 I-.595 J-1.062 P1  F9000
G1 X79.402 Y125.487 Z2
G1 Z1.6
G1 E1 F2700
M204 P2000
;TYPE:Inner wall
;WIDTH:0.449999
G1 F7200
G1 X79.29 Y125.594 E.0046
G1 X78.808 Y125.902 E.01706
G1 X78.327 Y126.091 E.01539
G1 X77.502 Y126.196 E.02477
G1 X76.709 Y126.064 E.02395
G1 X76.158 Y125.822 E.01793
G1 X75.738 Y125.522 E.01538
;WIDTH:0.48905
G1 X75.593 Y125.396 E.00627
;WIDTH:0.5281
G1 X75.448 Y125.27 E.00682
;WIDTH:0.56715
G1 X75.303 Y125.143 E.00737
;WIDTH:0.598684
G1 X75.252 Y125.101 E.00269
;WIDTH:0.630218
G1 X75.201 Y125.059 E.00284
G1 X74.962 Y124.611 E.02182
;WIDTH:0.628844
G1 X74.751 Y123.998 E.0278
G1 X74.759 Y123.839 E.00683
;WIDTH:0.584133
G1 X74.766 Y123.68 E.00631
;WIDTH:0.539422
G1 X74.774 Y123.52 E.00579
;WIDTH:0.494711
G1 X74.782 Y123.361 E.00527
;WIDTH:0.449999
G1 X74.914 Y122.576 E.0237
G1 X75.15 Y122.04 E.01746
G1 X75.448 Y121.617 E.0154
G1 X75.929 Y121.175 E.01945
G1 X76.56 Y120.834 E.02137
G1 X77.329 Y120.659 E.0235
G1 X77.868 Y120.664 E.01603
G1 X78.427 Y120.787 E.01707
G1 X78.956 Y121.025 E.01728
G1 X79.402 Y121.347 E.01637
G1 X79.738 Y121.701 E.01454
G1 X79.969 Y122.052 E.01253
G1 X80.234 Y122.689 E.02055
G1 X80.33 Y123.218 E.01602
G1 X80.319 Y123.735 E.01538
G1 X80.233 Y124.158 E.01288
G1 X79.97 Y124.794 E.02049
G1 X79.657 Y125.242 E.01627
G1 X79.431 Y125.459 E.00936
G1 X79.116 Y125.189 F9000
M204 P1000
;TYPE:Outer wall
;WIDTH:0.419999
G1 F5400
G1 X78.984 Y125.31 E.00494
G1 X78.563 Y125.564 E.01357
G1 X78.144 Y125.713 E.01226
G1 X77.459 Y125.784 E.01899
G1 X76.79 Y125.659 E.01879
G1 X76.336 Y125.448 E.0138
G1 X75.961 Y125.168 E.01292
G1 X75.634 Y124.801 E.01357
G1 X75.414 Y124.425 E.01202
G1 X75.252 Y123.952 E.0138
G1 X75.194 Y123.323 E.01742
G1 X75.32 Y122.657 E.01871
G1 X75.487 Y122.278 E.01143
G1 X75.786 Y121.856 E.01427
G1 X76.201 Y121.486 E.01535
G1 X76.747 Y121.203 E.01698
G1 X77.41 Y121.065 E.01867
G1 X77.884 Y121.082 E.01308
G1 X78.364 Y121.201 E.01364
G1 X78.805 Y121.414 E.01351
G1 X79.268 Y121.802 E.01668
G1 X79.581 Y122.198 E.01393
G1 X79.851 Y122.846 E.01937
G1 X79.918 Y123.253 E.01138
G1 X79.881 Y123.848 E.01645
G1 X79.851 Y124 E.00428
G1 X79.588 Y124.635 E.01898
G1 X79.306 Y125.017 E.01309
G1 X79.146 Y125.162 E.00597
G1 E-.7 F2400
;WIPE_START
G1 F5400
G1 X78.984 Y125.31 E-.06566
G1 X78.563 Y125.564 E-.14755
G1 X78.29 Y125.661 E-.08679
;WIPE_END
G17
G3 Z2 I1.133 J.445 P1  F9000
G1 X96.122 Y80.318 Z2
G1 Z1.6
G1 E1 F2700
M204 P2000
;TYPE:Inner wall
;WIDTH:0.449999
G1 F7200
G1 X95.699 Y80.231 E.01288
G1 X95.163 Y79.991 E.01749
G1 X94.743 Y79.692 E.01536
G1 X94.24 Y79.113 E.02284
G1 X93.993 Y78.601 E.01695
G1 X93.86 Y78.237 E.01153
G1 X93.784 Y77.693 E.01635
G1 X93.806 Y77.242 E.01346
G1 X93.93 Y76.699 E.01658
G1 X94.093 Y76.325 E.01218
G1 X94.444 Y75.8 E.01878
;WIDTH:0.490189
G1 X94.593 Y75.633 E.00734
;WIDTH:0.530379
G1 X94.743 Y75.467 E.008
;WIDTH:0.570568
G1 X94.893 Y75.3 E.00866
;WIDTH:0.596079
G1 X94.954 Y75.244 E.00332
;WIDTH:0.62159
G1 X95.014 Y75.188 E.00348
G1 X95.53 Y74.937 E.02432
;WIDTH:0.605571
G1 X95.699 Y74.876 E.0074
G1 X95.858 Y74.864 E.00655
;WIDTH:0.566678
G1 X96.017 Y74.852 E.0061
;WIDTH:0.527785
G1 X96.175 Y74.84 E.00564
;WIDTH:0.488892
G1 X96.334 Y74.829 E.00519
;WIDTH:0.449999
G1 X96.985 Y74.849 E.0194
G1 X97.5 Y74.978 E.01582
G1 X97.961 Y75.195 E.01518
G1 X98.38 Y75.494 E.01535
G1 X98.811 Y75.965 E.01903
G1 X99.153 Y76.596 E.02137
G1 X99.328 Y77.365 E.0235
G1 X99.315 Y77.967 E.01793
G1 X99.198 Y78.47 E.01538
G1 X98.962 Y78.991 E.01705
G1 X98.662 Y79.412 E.01538
G1 X98.243 Y79.803 E.01706
G1 X97.806 Y80.076 E.01537
G1 X97.331 Y80.263 E.0152
G1 X96.835 Y80.357 E.01503
G1 X96.327 Y80.359 E.01513
G1 X96.161 Y80.326 E.00504
G1 X96.203 Y79.921 F9000
M204 P1000
;TYPE:Outer wall
;WIDTH:0.419999
G1 F5400
G1 X95.787 Y79.827 E.01177
G1 X95.327 Y79.611 E.01404
G1 X94.961 Y79.333 E.01265
G1 X94.556 Y78.847 E.01746
G1 X94.283 Y78.228 E.01868
G1 X94.198 Y77.704 E.01463
G1 X94.21 Y77.328 E.01039
G1 X94.314 Y76.853 E.01342
G1 X94.437 Y76.554 E.00891
G1 X94.787 Y76.03 E.01739
G1 X95.206 Y75.656 E.01549
G1 X95.752 Y75.372 E.01698
G1 X96.414 Y75.234 E.01867
G1 X96.888 Y75.252 E.01308
G1 X97.368 Y75.37 E.01364
G1 X97.937 Y75.679 E.01785
G1 X98.159 Y75.849 E.00772
G1 X98.501 Y76.238 E.01429
G1 X98.785 Y76.784 E.01697
G1 X98.923 Y77.446 E.01866
G1 X98.9 Y77.962 E.01425
G1 X98.786 Y78.399 E.01246
G1 X98.572 Y78.841 E.01357
G1 X98.308 Y79.188 E.01202
G1 X97.941 Y79.515 E.01357
G1 X97.448 Y79.779 E.01542
G1 X97.217 Y79.865 E.0068
G1 X96.747 Y79.95 E.01317
G1 X96.296 Y79.942 E.01246
G1 X96.242 Y79.93 E.00152
G1 E-.7 F2400
;WIPE_START
G1 F5400
G1 X95.787 Y79.827 E-.13995
G1 X95.327 Y79.611 E-.15263
G1 X95.307 Y79.596 E-.00742
;WIPE_END
G1 Z2 F9000
G1 X94.474 Y75.148
G1 Z2
G1 Z1.6
G1 E1 F2700
M204 P2500
;TYPE:Internal solid infill
;WIDTH:0.38292
G1 F10800
G1 X94.411 Y75.185 E.00183
G1 X94.476 Y75.22 E.00183
G1 X98.735 Y75.299 F9000
;WIDTH:0.419999
G1 F10800
G1 X101.167 Y72.866 E.09493
G1 X100.249 Y73.095 E.0261
G1 X98.677 Y73.545 E.04514
G1 X97.648 Y73.88 E.02984
G1 X96.63 Y74.244 E.02985
G1 X96.215 Y74.424 E.01249
G1 X97.045 Y74.463 E.02292
G1 X97.617 Y74.604 E.01627
G1 X98.129 Y74.84 E.01554
G1 X98.611 Y75.177 E.01622
G1 X98.706 Y75.271 E.00371
G1 X98.713 Y74.787 F9000
G1 F10800
G1 X99.919 Y73.581 E.04706
G1 X98.787 Y73.906 E.03249
G1 X97.739 Y74.248 E.03041
G1 X98.289 Y74.499 E.01667
G1 X98.68 Y74.765 E.01305
G1 X98.694 Y74.283 F9000
;WIDTH:0.383266
G1 F10800
G1 X98.63 Y74.32 E.00184
G1 X98.695 Y74.355 E.00184
G1 X142.476 Y93.417 F9000
;WIDTH:0.419999
G1 F10800
G1 X142.962 Y93.453 E.01344
G1 X143.563 Y93.615 E.01718
G1 X144.146 Y93.906 E.01797
G1 X144.827 Y94.423 E.0236
G1 X144.771 Y94.175 E.00701
G1 X144.059 Y92.696 E.04531
G1 X143.762 Y92.132 E.0176
G1 X142.504 Y93.389 E.04906
G1 X143.267 Y93.151 F9000
;WIDTH:0.407731
G1 F10800
G1 X143.767 Y93.298 E.01392
G1 X143.992 Y93.412 E.00674
G1 X143.668 Y92.75 E.01969
G1 X143.295 Y93.123 E.01409
G1 X145.624 Y96.168 F9000
;WIDTH:0.38292
G1 F10800
G1 X145.56 Y96.205 E.00183
G1 X145.625 Y96.239 E.00183
G1 X146.184 Y105.174 F9000
;WIDTH:0.419999
G1 F10800
G1 X146.803 Y105.111 E.01717
G1 X147.889 Y105.106 E.02996
G1 X147.678 Y103.68 E.03979
G1 X146.212 Y105.146 E.05721
G1 X147.391 Y104.591 F9000
;WIDTH:0.583414
G1 F9990.86
G1 X147.324 Y104.591 E.00267
G1 X147.29 Y104.649 E.00267
G1 X147.324 Y104.708 E.00267
G1 X147.391 Y104.708 E.00267
G1 X147.405 Y104.684 E.00109
G1 E-.92846 F2400
;WIPE_START
G1 F9990.86
G1 X147.391 Y104.708 E-.00662
G1 X147.324 Y104.708 E-.01623
G1 X147.29 Y104.649 E-.01623
G1 X147.324 Y104.591 E-.01623
G1 X147.391 Y104.591 E-.01623
;WIPE_END
G17
G3 Z2 I-1.068 J-.584 P1  F9000
G1 X125.309 Y144.957 Z2
G1 Z1.6
G1 E1 F2700
;WIDTH:0.38292
G1 F10800
G1 X125.364 Y144.811 E.00389
G1 X125.999 Y144.132 E.02312
G1 X121.746 Y145.076 F9000
;WIDTH:0.419999
G1 F10800
G1 X119.99 Y146.833 E.06853
G1 X120.782 Y146.618 E.02264
G1 X121.833 Y146.293 E.03036
G1 X123.373 Y145.755 E.04501
G1 X123.721 Y145.588 E.01065
G1 X123.048 Y145.549 E.01861
G1 X122.469 Y145.423 E.01635
G1 X121.874 Y145.161 E.01792
G1 X121.78 Y145.098 E.00313
G1 X121.807 Y145.524 F9000
;WIDTH:0.384124
G1 F10800
G1 X121.226 Y146.105 E.0205
G1 X122.309 Y145.746 E.02849
G1 X121.843 Y145.54 E.01272
G1 X121.569 Y144.648 F9000
;WIDTH:0.420733
G1 F10800
G1 X119.081 Y147.136 E.09728
G1 X118.384 Y147.299 E.01978
G1 X121.165 Y144.519 E.10869
G1 X121.05 Y144.392 E.00473
G1 X120.933 Y144.216 E.00584
G1 X117.71 Y147.439 E.12603
G1 X117.045 Y147.57 E.01873
G1 X120.72 Y143.895 E.14368
G1 X120.655 Y143.796 E.00327
G1 X120.552 Y143.528 E.00793
G1 X116.392 Y147.688 E.16264
G1 X115.765 Y147.781 E.01751
G1 X120.419 Y143.127 E.18193
G1 X120.343 Y142.669 E.01284
G1 X115.139 Y147.873 E.20345
G1 X114.837 Y147.917 E.00843
G1 X114.836 Y147.641 E.00764
G1 X120.533 Y141.944 E.22274
G1 E-.77778 F2400
;WIPE_START
G1 F10800
G1 X119.826 Y142.651 E-.22222
;WIPE_END
G17
G3 Z2 I.055 J1.216 P1  F9000
G1 X131.017 Y142.146 Z2
G1 Z1.6
G1 E1 F2700
G1 F10800
G1 X133.178 Y139.985 E.08449
G1 X132.912 Y139.718 E.01044
G1 X130.1 Y142.529 E.10991
G1 X128.809 Y143.286 E.0414
G1 X132.645 Y139.45 E.15
G1 X132.402 Y139.158 E.01049
G1 X127.634 Y143.927 E.18644
G1 X126.578 Y144.448 E.03254
G1 X132.162 Y138.864 E.21833
G1 X131.923 Y138.569 E.0105
G1 X126.395 Y144.096 E.21609
G1 X126.171 Y143.872 E.00878
G1 X126.24 Y143.718 E.00467
G1 X131.683 Y138.275 E.2128
G1 X131.443 Y137.98 E.0105
G1 X126.494 Y142.93 E.19349
G1 X126.521 Y142.809 E.00341
G1 X126.545 Y142.344 E.01288
G1 X131.203 Y137.686 E.1821
G1 X130.963 Y137.391 E.0105
G1 X126.486 Y141.869 E.17506
G1 X126.429 Y141.549 E.00899
G1 X126.382 Y141.439 E.00331
G1 X130.723 Y137.097 E.16975
G1 X130.484 Y136.802 E.0105
G1 X126.222 Y141.064 E.16662
G1 X126.147 Y140.888 E.00529
G1 X126.04 Y140.712 E.00569
G1 X130.244 Y136.508 E.16436
G1 X130.008 Y136.209 E.01052
G1 X125.797 Y140.42 E.16463
G1 X125.551 Y140.132 E.01048
G1 X129.846 Y135.837 E.16793
G1 X129.829 Y135.676 E.00447
G1 X129.859 Y135.448 E.00636
G1 X129.917 Y135.232 E.0062
G1 X125.253 Y139.896 E.18237
G1 X125.056 Y139.75 E.00678
G1 X124.926 Y139.688 E.00397
G1 X130.113 Y134.501 E.2028
G1 X130.309 Y133.771 E.0209
G1 X124.564 Y139.516 E.22462
G1 X124.476 Y139.475 E.00268
G1 X124.152 Y139.394 E.00925
G1 X130.505 Y133.041 E.24839
G1 X130.701 Y132.311 E.0209
G1 X123.529 Y139.483 E.2804
G1 E-.77778 F2400
;WIPE_START
G1 F10800
G1 X124.236 Y138.776 E-.22222
;WIPE_END
G17
G3 Z2 I.404 J1.148 P1  F9000
G1 X139.894 Y133.269 Z2
G1 Z1.6
G1 E1 F2700
G1 F10800
G1 X141.596 Y131.567 E.06653
G1 X141.934 Y131.073 E.01656
G1 X142.58 Y130.049 E.03345
G1 X139.746 Y132.883 E.11078
G1 X139.478 Y132.617 E.01044
G1 X143.363 Y128.732 E.15188
G1 X143.981 Y127.58 E.03615
G1 X139.186 Y132.374 E.18746
G1 X138.891 Y132.135 E.0105
G1 X144.518 Y126.508 E.22
G1 X144.965 Y125.527 E.02978
G1 X138.597 Y131.895 E.24897
G1 X138.302 Y131.656 E.0105
G1 X145.372 Y124.586 E.27642
G1 X145.726 Y123.698 E.02643
G1 X138.007 Y131.416 E.30177
G1 X137.712 Y131.177 E.0105
G1 X146.043 Y122.846 E.32571
G1 X146.322 Y122.033 E.02374
G1 X137.418 Y130.937 E.34812
G1 X137.123 Y130.698 E.0105
G1 X146.571 Y121.25 E.36938
G1 X146.8 Y120.487 E.02203
G1 X136.828 Y130.458 E.38985
G1 X136.533 Y130.218 E.0105
G1 X147 Y119.752 E.40922
G1 X147.185 Y119.033 E.02052
G1 X136.235 Y129.982 E.42809
G1 X136.121 Y129.908 E.00377
G1 X135.966 Y129.845 E.00464
G1 X135.854 Y129.829 E.00311
G1 X147.35 Y118.333 E.44945
G1 X147.489 Y117.66 E.019
G1 X135.252 Y129.897 E.47842
G1 X134.523 Y130.092 E.02088
G1 X147.62 Y116.995 E.51206
G1 X147.738 Y116.342 E.01834
G1 X133.793 Y130.287 E.54521
G1 X133.063 Y130.482 E.02088
G1 X147.835 Y115.711 E.57751
G1 X147.931 Y115.08 E.01764
G1 X132.094 Y130.918 E.61918
G1 X122.947 Y139.53 F9000
G1 F10800
G1 X147.645 Y114.832 E.96563
G1 X147.113 Y114.83 E.01472
G1 X122.492 Y139.451 E.96257
G1 X122.351 Y139.494 E.0041
G1 X121.735 Y139.806 E.01909
G1 X121.596 Y139.906 E.00472
G1 X121.197 Y140.256 E.01468
G1 X121.075 Y140.387 E.00495
G1 X120.744 Y140.857 E.01589
G1 X120.508 Y141.359 E.01535
G1 X120.481 Y141.462 E.00293
G1 X114.835 Y147.108 E.22077
G1 X114.815 Y146.594 E.01424
G1 X146.601 Y114.807 E1.24275
G1 X146.117 Y114.758 E.01347
G1 X114.765 Y146.109 E1.22575
G1 X114.715 Y145.625 E.01346
G1 X145.632 Y114.708 E1.20876
G1 X145.148 Y114.658 E.01347
G1 X114.665 Y145.141 E1.19176
G1 X114.615 Y144.656 E.01346
G1 X144.663 Y114.608 E1.17477
G1 X144.179 Y114.559 E.01347
G1 X114.565 Y144.172 E1.15777
G1 X114.516 Y143.687 E.01346
G1 X143.694 Y114.509 E1.14078
G1 X143.209 Y114.459 E.01347
G1 X114.466 Y143.203 E1.12378
G1 X114.416 Y142.718 E.01346
G1 X142.727 Y114.408 E1.10685
G1 X142.522 Y114.36 E.0058
G1 X142.336 Y114.264 E.00579
G1 X130.987 Y125.613 E.4437
G1 X130.051 Y126.802 E.04184
G1 X129.156 Y127.813 E.03734
G1 X128.223 Y128.765 E.03684
G1 X127.246 Y129.664 E.03672
G1 X126.207 Y130.527 E.03734
G1 X125.67 Y130.93 E.01855
G1 X114.279 Y142.321 E.44538
G1 X114.157 Y142.164 E.00551
G1 X114.013 Y142.053 E.00502
G1 X123.963 Y132.103 E.38902
G1 X123.197 Y132.576 E.02488
G1 X122.659 Y132.872 E.01698
G1 X113.679 Y141.852 E.3511
G1 X113.34 Y141.657 E.01081
G1 X121.543 Y133.454 E.32071
G1 X120.538 Y133.924 E.03067
G1 X113.001 Y141.462 E.29468
G1 X112.662 Y141.266 E.01081
G1 X119.613 Y134.315 E.27175
G1 X118.771 Y134.623 E.02479
G1 X112.323 Y141.071 E.25207
G1 X111.985 Y140.875 E.01081
G1 X117.963 Y134.897 E.23374
G1 X117.193 Y135.133 E.02227
G1 X111.646 Y140.68 E.21687
G1 X111.307 Y140.484 E.01081
G1 X116.467 Y135.324 E.20173
G1 X115.754 Y135.503 E.02032
G1 X110.968 Y140.289 E.18711
G1 X110.629 Y140.093 E.01081
G1 X115.086 Y135.636 E.17426
G1 X114.421 Y135.767 E.01874
G1 X110.266 Y139.923 E.16247
G1 X110.159 Y139.884 E.00312
G1 X109.994 Y139.871 E.00459
G1 X109.741 Y139.913 E.00709
G1 X113.795 Y135.859 E.15852
G1 X113.171 Y135.948 E.01743
G1 X108.557 Y140.563 E.18042
G1 X107.294 Y141.291 E.04028
G1 X112.764 Y135.821 E.21385
G1 E-.77778 F2400
;WIPE_START
G1 F10800
G1 X112.057 Y136.528 E-.22222
;WIPE_END
G17
G3 Z2 I-.972 J-.733 P1  F9000
G1 X105.496 Y145.226 Z2
G1 Z1.6
G1 E1 F2700
G1 F10800
G1 X103.121 Y147.602 E.09288
G1 X102.674 Y147.514 E.01258
G1 X105.367 Y144.821 E.1053
G1 X105.429 Y144.225 E.01655
G1 X102.227 Y147.427 E.12516
G1 X101.782 Y147.338 E.01256
G1 X105.49 Y143.63 E.14497
G1 X105.551 Y143.034 E.01655
G1 X101.349 Y147.237 E.1643
G1 X100.916 Y147.135 E.0123
G1 X111.989 Y136.062 E.43292
G1 X111.415 Y136.102 E.0159
G1 X100.49 Y147.026 E.42711
G1 X100.07 Y146.912 E.01204
G1 X110.854 Y136.128 E.42162
G1 X110.314 Y136.134 E.01494
G1 X99.65 Y146.798 E.41692
G1 X99.23 Y146.684 E.01204
G1 X109.777 Y136.137 E.41238
G1 X109.251 Y136.129 E.01455
G1 X98.82 Y146.559 E.40779
G1 X98.413 Y146.433 E.01181
G1 X108.74 Y136.105 E.40376
G1 X108.229 Y136.082 E.01414
G1 X98.009 Y146.302 E.39958
G1 X97.612 Y146.164 E.0116
G1 X107.74 Y136.037 E.39595
G1 X107.253 Y135.989 E.01353
G1 X97.216 Y146.026 E.39239
G1 X96.82 Y145.888 E.0116
G1 X106.766 Y135.942 E.38884
G1 X106.3 Y135.874 E.01302
G1 X96.431 Y145.743 E.38585
G1 X96.048 Y145.591 E.01138
G1 X105.836 Y135.803 E.38266
G1 X105.374 Y135.731 E.01292
G1 X95.666 Y145.439 E.37956
G1 X95.283 Y145.287 E.01138
G1 X104.931 Y135.64 E.37717
G1 X104.487 Y135.55 E.01252
G1 X94.907 Y145.129 E.37453
G1 X94.536 Y144.966 E.01121
G1 X104.046 Y135.457 E.3718
G1 X103.621 Y135.347 E.01212
G1 X94.164 Y144.803 E.36972
G1 X93.802 Y144.631 E.01109
G1 X103.196 Y135.237 E.36728
G1 X102.773 Y135.126 E.01211
G1 X93.442 Y144.457 E.36481
G1 X93.081 Y144.284 E.01106
G1 X102.366 Y134.999 E.36302
G1 X101.96 Y134.871 E.01178
G1 X92.721 Y144.11 E.36122
G1 X92.37 Y143.927 E.01095
G1 X101.553 Y134.743 E.35905
G1 X101.159 Y134.603 E.01157
G1 X92.022 Y143.74 E.35723
G1 X91.674 Y143.554 E.01091
G1 X100.767 Y134.461 E.35552
G1 X100.384 Y134.309 E.01139
G1 X91.326 Y143.368 E.35415
G1 X91.22 Y143.311 E.00331
G1 X90.985 Y143.174 E.00752
G1 X100.006 Y134.153 E.35269
G1 X99.627 Y133.997 E.01131
G1 X90.647 Y142.978 E.35111
G1 X90.309 Y142.781 E.0108
G1 X99.255 Y133.835 E.34976
G1 X98.892 Y133.664 E.0111
G1 X89.98 Y142.576 E.34844
G1 X89.652 Y142.37 E.01071
G1 X98.529 Y133.493 E.34706
G1 X98.17 Y133.317 E.01104
G1 X89.324 Y142.163 E.34585
G1 X88.997 Y141.957 E.01071
G1 X97.822 Y133.131 E.34505
G1 X97.474 Y132.945 E.01092
G1 X88.676 Y141.743 E.34397
G1 X88.358 Y141.527 E.01063
G1 X97.126 Y132.759 E.34279
G1 X96.79 Y132.56 E.01078
G1 X88.04 Y141.31 E.34209
G1 X87.732 Y141.084 E.01057
G1 X96.457 Y132.359 E.34112
G1 X96.124 Y132.158 E.01076
G1 X87.425 Y140.856 E.34008
G1 X87.118 Y140.629 E.01056
G1 X95.793 Y131.954 E.33914
G1 X95.475 Y131.738 E.01063
G1 X86.812 Y140.401 E.33869
G1 X86.58 Y140.229 E.008
G1 X87.385 Y139.419 E.03157
G1 X87.935 Y138.743 E.02409
G1 X95.157 Y131.522 E.28232
G1 X94.838 Y131.306 E.01063
G1 X90.083 Y136.061 E.18593
G1 X90.145 Y135.889 E.00507
G1 X90.17 Y135.714 E.00487
G1 X90.143 Y135.467 E.00687
G1 X94.528 Y131.082 E.17145
G1 X94.222 Y130.854 E.01056
G1 X90.032 Y135.044 E.16381
G1 X89.919 Y134.622 E.01206
G1 X93.918 Y130.623 E.15635
G1 X93.624 Y130.383 E.0105
G1 X89.806 Y134.201 E.14926
G1 X89.693 Y133.78 E.01206
G1 X93.33 Y130.143 E.14218
G1 X93.035 Y129.903 E.0105
G1 X89.58 Y133.359 E.1351
G1 X89.467 Y132.937 E.01206
G1 X92.75 Y129.654 E.12835
G1 X92.47 Y129.4 E.01046
G1 X89.354 Y132.516 E.12181
G1 X89.241 Y132.095 E.01206
G1 X92.189 Y129.146 E.11527
G1 X91.91 Y128.892 E.01046
G1 X89.128 Y131.673 E.10875
G1 X89.087 Y131.52 E.00439
G1 X88.979 Y131.288 E.00707
G1 X91.643 Y128.624 E.10416
G1 X91.377 Y128.356 E.01044
G1 X88.718 Y131.015 E.10395
G1 X88.453 Y130.888 E.0081
G1 X88.34 Y130.858 E.00324
G1 X91.11 Y128.088 E.10829
G1 X90.85 Y127.814 E.01045
G1 X87.919 Y130.745 E.1146
G1 X87.497 Y130.633 E.01206
G1 X90.597 Y127.533 E.12118
G1 X90.344 Y127.252 E.01046
G1 X87.076 Y130.52 E.12776
G1 X86.654 Y130.407 E.01206
G1 X90.093 Y126.968 E.13446
G1 X89.854 Y126.673 E.0105
G1 X86.233 Y130.294 E.14157
G1 X85.811 Y130.181 E.01206
G1 X89.614 Y126.378 E.14869
G1 X89.375 Y126.084 E.0105
G1 X85.39 Y130.069 E.1558
G1 X84.968 Y129.956 E.01206
G1 X89.14 Y125.784 E.16311
G1 X88.915 Y125.474 E.01058
G1 X84.547 Y129.843 E.17081
G1 X84.291 Y129.807 E.00715
G1 X84.046 Y129.842 E.00683
G1 X83.991 Y129.864 E.00165
G1 X88.691 Y125.165 E.18375
G1 X88.466 Y124.855 E.01058
G1 X81.523 Y131.798 E.27143
G1 X80.55 Y132.589 E.03468
G1 X79.735 Y133.398 E.03176
G1 X79.584 Y133.202 E.00682
G1 X88.253 Y124.534 E.3389
G1 X88.042 Y124.21 E.01068
G1 X79.358 Y132.894 E.33952
G1 X79.131 Y132.587 E.01057
G1 X87.831 Y123.887 E.34014
G1 X87.625 Y123.558 E.01071
G1 X78.905 Y132.279 E.34094
G1 X78.679 Y131.971 E.01057
G1 X87.427 Y123.223 E.34202
G1 X87.229 Y122.886 E.01079
G1 X78.464 Y131.651 E.34268
G1 X78.249 Y131.332 E.01064
G1 X87.043 Y122.538 E.34381
G1 X86.857 Y122.189 E.01092
G1 X78.034 Y131.012 E.34494
G1 X77.82 Y130.693 E.01064
G1 X86.671 Y121.841 E.34606
G1 X86.494 Y121.484 E.01102
G1 X77.613 Y130.365 E.34722
G1 X77.408 Y130.035 E.01072
G1 X86.323 Y121.12 E.34855
G1 X86.152 Y120.757 E.0111
G1 X77.203 Y129.706 E.34988
G1 X77.008 Y129.367 E.01082
G1 X85.987 Y120.388 E.35102
G1 X85.831 Y120.009 E.01132
G1 X76.814 Y129.027 E.35256
G1 X76.669 Y128.775 E.00805
G1 X80.653 Y124.79 E.15579
G1 X80.585 Y124.721 E.00268
G1 X85.676 Y119.631 E.19904
G1 X85.524 Y119.248 E.01138
G1 X80.56 Y124.212 E.19409
G1 X80.647 Y123.783 E.01212
G1 X80.652 Y123.586 E.00545
G1 X85.385 Y118.853 E.18504
G1 X85.246 Y118.458 E.01158
G1 X80.641 Y123.062 E.18002
G1 X80.596 Y122.76 E.00844
G1 X80.555 Y122.614 E.0042
G1 X85.106 Y118.063 E.17794
G1 X84.982 Y117.653 E.01184
G1 X80.401 Y122.233 E.17909
G1 X80.244 Y121.857 E.01128
G1 X84.861 Y117.24 E.18052
G1 X84.74 Y116.826 E.0119
G1 X80.028 Y121.538 E.18423
G1 X79.773 Y121.258 E.01046
G1 X84.631 Y116.401 E.18993
G1 X84.529 Y115.969 E.01227
G1 X79.493 Y121.005 E.19688
G1 X79.187 Y120.777 E.01056
G1 X84.426 Y115.537 E.20484
G1 X84.336 Y115.093 E.01253
G1 X78.828 Y120.601 E.21534
G1 X78.6 Y120.493 E.00696
G1 X78.44 Y120.454 E.00455
G1 X84.253 Y114.642 E.22726
G1 X84.17 Y114.19 E.01269
G1 X78.01 Y120.35 E.24084
G1 X77.501 Y120.325 E.0141
G1 X84.1 Y113.726 E.25801
G1 X84.035 Y113.257 E.0131
G1 X76.661 Y120.63 E.28827
G1 X74.76 Y122.531 F9000
G1 F10800
G1 X74.089 Y123.203 E.02624
G1 X73.95 Y122.808 E.01158
G1 X83.983 Y112.774 E.39227
G1 X83.937 Y112.286 E.01356
G1 X73.811 Y122.413 E.39591
G1 X73.671 Y122.018 E.01158
G1 X83.891 Y111.798 E.39956
G1 X83.868 Y111.286 E.01415
G1 X73.539 Y121.615 E.40383
G1 X73.413 Y121.208 E.0118
G1 X83.846 Y110.774 E.40792
G1 X83.834 Y110.252 E.01443
G1 X73.286 Y120.8 E.41238
G1 X73.172 Y120.38 E.01203
G1 X83.838 Y109.713 E.41704
G1 X83.843 Y109.174 E.0149
G1 X73.057 Y119.96 E.42168
G1 X72.943 Y119.54 E.01204
G1 X83.874 Y108.609 E.42735
G1 X83.908 Y108.041 E.01574
G1 X72.832 Y119.116 E.43301
G1 X72.731 Y118.683 E.0123
G1 X76.974 Y114.44 E.16588
G1 X76.379 Y114.501 E.01655
G1 X72.63 Y118.25 E.14656
G1 X72.539 Y117.806 E.01252
G1 X75.783 Y114.562 E.12683
G1 X75.188 Y114.624 E.01655
G1 X72.452 Y117.36 E.10698
G1 X72.364 Y116.913 E.01258
G1 X74.592 Y114.685 E.08713
G1 X73.997 Y114.746 E.01655
G1 X72.281 Y116.462 E.0671
G1 X72.212 Y115.997 E.01301
G1 X73.401 Y114.807 E.04651
G1 X73.184 Y114.829 E.00604
G1 X72.844 Y114.83 E.00941
G1 X72.143 Y115.531 E.02739
G1 X72.075 Y115.065 E.01301
G1 X72.478 Y114.662 E.01578
G1 X78.158 Y113.256 F9000
G1 F10800
G1 X83.959 Y107.455 E.22681
G1 X84.026 Y106.854 E.01673
G1 X79.354 Y111.526 E.18267
G1 X79.978 Y110.446 E.03449
G1 X80.021 Y110.325 E.00353
G1 X84.105 Y106.241 E.15968
G1 X84.21 Y105.601 E.01791
G1 X80.058 Y109.754 E.16233
G1 X79.976 Y109.55 E.00608
G1 X79.885 Y109.392 E.00502
G1 X84.324 Y104.953 E.17358
G1 X84.473 Y104.269 E.01933
G1 X79.689 Y109.054 E.18705
G1 X79.493 Y108.715 E.01081
G1 X84.635 Y103.574 E.201
G1 X84.828 Y102.846 E.02082
G1 X79.298 Y108.376 E.21622
G1 X79.102 Y108.038 E.01081
G1 X85.07 Y102.07 E.23332
G1 X85.339 Y101.267 E.02342
G1 X78.906 Y107.699 E.25149
G1 X78.711 Y107.361 E.01081
G1 X85.651 Y100.42 E.27134
G1 X86.043 Y99.494 E.0278
G1 X78.515 Y107.022 E.29431
G1 X78.319 Y106.683 E.01081
G1 X86.51 Y98.493 E.32022
G1 X86.81 Y97.881 E.01885
G1 X87.09 Y97.378 E.01591
G1 X78.123 Y106.345 E.35056
G1 X77.925 Y106.009 E.01078
G1 X88.432 Y95.502 E.41077
G1 E-.77778 F2400
;WIPE_START
G1 F10800
G1 X87.724 Y96.21 E-.22222
;WIPE_END
G17
G3 Z2 I-.659 J1.023 P1  F9000
G1 X131.581 Y124.484 Z2
G1 Z1.6
G1 E1 F2700
G1 F10800
G1 X142.074 Y113.992 E.41022
G1 X141.876 Y113.655 E.01079
G1 X132.91 Y122.621 E.35054
G1 X133.293 Y121.919 E.02211
G1 X133.492 Y121.505 E.0127
G1 X141.681 Y113.316 E.32014
G1 X141.485 Y112.978 E.01081
G1 X133.963 Y120.5 E.29407
G1 X134.347 Y119.581 E.02753
G1 X141.289 Y112.639 E.27139
G1 X141.093 Y112.301 E.01081
G1 X134.658 Y118.736 E.25161
G1 X134.933 Y117.927 E.02363
G1 X140.898 Y111.962 E.23321
G1 X140.702 Y111.623 E.01081
G1 X135.16 Y117.165 E.21666
G1 X135.36 Y116.431 E.02103
G1 X140.506 Y111.285 E.2012
G1 X140.311 Y110.946 E.01081
G1 X135.534 Y115.723 E.18677
G1 X135.669 Y115.054 E.01889
G1 X140.115 Y110.608 E.17382
G1 X140.021 Y110.446 E.00518
G1 X139.95 Y110.238 E.00606
G1 X135.796 Y114.392 E.16238
G1 X135.89 Y113.764 E.01756
G1 X139.963 Y109.691 E.15925
G1 X140.024 Y109.55 E.00422
G1 X140.646 Y108.474 E.03437
G1 X135.977 Y113.143 E.18254
G1 X136.04 Y112.546 E.01659
G1 X141.842 Y106.743 E.22685
G1 X145.217 Y105.505 F9000
G1 F10800
G1 X147.636 Y103.087 E.09457
G1 X147.548 Y102.64 E.01258
G1 X144.812 Y105.376 E.10698
G1 X144.216 Y105.438 E.01655
G1 X147.46 Y102.194 E.12683
G1 X147.37 Y101.75 E.01252
G1 X143.621 Y105.499 E.14657
G1 X143.025 Y105.56 E.01655
G1 X147.268 Y101.317 E.16589
G1 X147.167 Y100.884 E.0123
G1 X136.091 Y111.96 E.43306
G1 X136.13 Y111.387 E.01589
G1 X147.056 Y100.46 E.4272
G1 X146.942 Y100.04 E.01204
G1 X136.149 Y110.834 E.42199
G1 X136.168 Y110.28 E.01531
G1 X146.828 Y99.62 E.41678
G1 X146.714 Y99.2 E.01203
G1 X136.165 Y109.749 E.41243
G1 X136.158 Y109.221 E.01459
G1 X146.587 Y98.792 E.40774
G1 X146.461 Y98.384 E.0118
G1 X136.132 Y108.713 E.40381
G1 X136.105 Y108.206 E.01403
G1 X146.329 Y97.982 E.39973
G1 X146.19 Y97.586 E.01159
G1 X136.065 Y107.711 E.39585
G1 X136.015 Y107.227 E.01345
G1 X146.052 Y97.19 E.39242
G1 X145.914 Y96.794 E.01159
G1 X145.22 Y97.488 E.02714
G1 X143.33 Y99.378 F9000
G1 F10800
G1 X135.964 Y106.744 E.28798
G1 X135.898 Y106.276 E.01306
G1 X142.517 Y99.657 E.25879
G1 X141.992 Y99.647 E.0145
G1 X135.825 Y105.814 E.24113
G1 X135.752 Y105.353 E.01292
G1 X141.562 Y99.543 E.22714
G1 X141.324 Y99.476 E.00685
G1 X141.172 Y99.399 E.0047
G1 X135.663 Y104.908 E.21539
G1 X135.57 Y104.466 E.01247
G1 X140.818 Y99.219 E.20516
G1 X140.508 Y98.994 E.01057
G1 X135.477 Y104.025 E.1967
G1 X135.368 Y103.6 E.01213
G1 X140.225 Y98.743 E.18991
G1 X139.976 Y98.458 E.01047
G1 X135.256 Y103.178 E.18452
G1 X135.144 Y102.755 E.01208
G1 X139.767 Y98.133 E.18072
G1 X139.617 Y97.881 E.00809
G1 X139.583 Y97.782 E.0029
G1 X135.02 Y102.345 E.17839
G1 X134.893 Y101.937 E.01179
G1 X139.445 Y97.386 E.17796
G1 X139.416 Y97.303 E.00242
G1 X139.365 Y96.932 E.01036
G1 X134.756 Y101.54 E.18017
G1 X134.614 Y101.148 E.01153
G1 X139.352 Y96.41 E.18522
G1 X139.372 Y96.087 E.00897
G1 X139.448 Y95.779 E.00876
G1 X134.339 Y100.888 E.19975
G1 X141.378 Y93.85 F9000
G1 F10800
G1 X143.576 Y91.652 E.08592
G1 X143.381 Y91.312 E.01082
G1 X134.327 Y100.366 E.35396
G1 X134.169 Y99.99 E.01128
G1 X143.186 Y90.973 E.35254
G1 X142.991 Y90.633 E.01082
G1 X134.011 Y99.614 E.35111
G1 X133.851 Y99.24 E.01125
G1 X142.796 Y90.294 E.34976
G1 X142.592 Y89.964 E.01072
G1 X133.677 Y98.879 E.34853
G1 X133.503 Y98.519 E.01107
G1 X142.387 Y89.635 E.34731
G1 X142.18 Y89.307 E.01071
G1 X133.33 Y98.158 E.34603
G1 X133.145 Y97.808 E.01093
G1 X141.965 Y88.988 E.34486
G1 X141.751 Y88.668 E.01064
G1 X132.956 Y97.463 E.34385
G1 X132.767 Y97.118 E.01088
G1 X141.536 Y88.349 E.34283
G1 X141.321 Y88.029 E.01064
G1 X132.573 Y96.777 E.342
G1 X132.37 Y96.446 E.01074
G1 X141.095 Y87.721 E.34111
G1 X140.868 Y87.413 E.01057
G1 X132.166 Y96.115 E.34022
G1 X131.963 Y95.785 E.01074
G1 X140.642 Y87.106 E.33932
G1 X140.415 Y86.798 E.01057
G1 X131.749 Y95.464 E.33883
G1 X131.533 Y95.146 E.01064
G1 X138.476 Y88.203 E.27144
G1 X136.272 Y89.994 E.07849
G1 X136.008 Y90.137 E.00832
G1 X131.312 Y94.833 E.1836
G1 X131.084 Y94.526 E.01056
G1 X135.453 Y90.157 E.17081
G1 X135.031 Y90.044 E.01206
G1 X130.856 Y94.219 E.16323
G1 X130.629 Y93.913 E.01056
G1 X134.61 Y89.931 E.15565
G1 X134.188 Y89.819 E.01206
G1 X130.388 Y93.619 E.14858
G1 X130.147 Y93.326 E.01049
G1 X133.767 Y89.706 E.14153
G1 X133.345 Y89.593 E.01206
G1 X129.906 Y93.033 E.13449
G1 X129.658 Y92.746 E.01047
G1 X132.924 Y89.48 E.12767
G1 X132.503 Y89.367 E.01206
G1 X129.406 Y92.464 E.12107
G1 X129.152 Y92.184 E.01046
G1 X132.081 Y89.255 E.11452
G1 X131.66 Y89.142 E.01206
G1 X128.888 Y91.914 E.10837
G1 X128.623 Y91.644 E.01045
G1 X131.283 Y88.984 E.10397
G1 X131.218 Y88.943 E.00213
G1 X131.065 Y88.787 E.00604
G1 X131.025 Y88.707 E.00246
G1 X128.359 Y91.374 E.10424
G1 X128.087 Y91.111 E.01045
G1 X130.872 Y88.327 E.10887
G1 X130.759 Y87.905 E.01206
G1 X127.809 Y90.855 E.11532
G1 X127.531 Y90.599 E.01045
G1 X130.646 Y87.484 E.12177
G1 X130.533 Y87.063 E.01206
G1 X127.253 Y90.342 E.12822
G1 X126.962 Y90.099 E.01049
G1 X130.42 Y86.641 E.1352
G1 X130.307 Y86.22 E.01206
G1 X126.67 Y89.857 E.14219
G1 X126.378 Y89.615 E.01049
G1 X130.194 Y85.799 E.14918
G1 X130.081 Y85.377 E.01206
G1 X126.08 Y89.378 E.1564
G1 X125.774 Y89.15 E.01055
G1 X129.968 Y84.956 E.16394
G1 X129.856 Y84.534 E.01208
G1 X125.469 Y88.921 E.17153
G1 X125.163 Y88.693 E.01055
G1 X129.919 Y83.937 E.18595
G1 X130.031 Y83.753 E.00594
G1 X132.065 Y81.256 E.08904
G1 X124.846 Y88.475 E.28225
G1 X124.527 Y88.26 E.01064
G1 X133.188 Y79.599 E.33862
G1 X132.881 Y79.371 E.01056
G1 X124.207 Y88.046 E.33914
G1 X123.876 Y87.842 E.01074
G1 X132.575 Y79.143 E.34008
G1 X132.268 Y78.916 E.01056
G1 X123.545 Y87.638 E.34102
G1 X123.215 Y87.435 E.01074
G1 X131.96 Y78.69 E.34189
G1 X131.642 Y78.473 E.01063
G1 X122.871 Y87.244 E.34291
G1 X122.526 Y87.055 E.01088
G1 X131.324 Y78.257 E.34396
G1 X131.003 Y78.043 E.01065
G1 X122.181 Y86.865 E.3449
G1 X121.828 Y86.684 E.01097
G1 X130.675 Y77.837 E.34589
G1 X130.348 Y77.63 E.01071
G1 X121.468 Y86.51 E.34715
G1 X121.108 Y86.335 E.01106
G1 X130.02 Y77.424 E.3484
G1 X129.691 Y77.218 E.01072
G1 X120.746 Y86.163 E.34972
G1 X120.37 Y86.005 E.01127
G1 X129.353 Y77.022 E.35119
G1 X129.015 Y76.826 E.0108
G1 X119.995 Y85.846 E.35267
G1 X119.619 Y85.687 E.01127
G1 X128.674 Y76.632 E.35402
G1 X128.326 Y76.446 E.01091
G1 X119.229 Y85.543 E.35567
G1 X118.837 Y85.401 E.01153
G1 X127.978 Y76.26 E.35738
G1 X127.63 Y76.073 E.01091
G1 X118.445 Y85.258 E.3591
G1 X118.042 Y85.127 E.01172
G1 X127.28 Y75.889 E.36118
G1 X126.921 Y75.714 E.01104
G1 X117.631 Y85.003 E.36319
G1 X117.221 Y84.879 E.01185
G1 X126.563 Y75.538 E.36521
G1 X126.199 Y75.367 E.0111
G1 X116.807 Y84.759 E.36721
G1 X116.379 Y84.653 E.01219
G1 X125.83 Y75.202 E.36951
G1 X125.461 Y75.037 E.01118
G1 X115.951 Y84.547 E.37181
G1 X115.516 Y84.447 E.01233
G1 X125.091 Y74.872 E.37437
G1 X124.717 Y74.712 E.01125
G1 X115.069 Y84.36 E.37721
G1 X114.622 Y84.272 E.01259
G1 X124.337 Y74.558 E.37981
G1 X123.957 Y74.403 E.01134
G1 X114.166 Y84.195 E.3828
G1 X113.698 Y84.128 E.01305
G1 X123.569 Y74.257 E.38591
G1 X123.18 Y74.112 E.01148
G1 X113.231 Y84.06 E.38896
G1 X112.75 Y84.007 E.01338
G1 X122.788 Y73.969 E.39246
G1 X122.387 Y73.836 E.01168
G1 X112.261 Y83.963 E.39593
G1 X111.771 Y83.918 E.01359
G1 X121.987 Y73.702 E.3994
G1 X121.586 Y73.569 E.01168
G1 X111.256 Y83.898 E.40384
G1 X110.738 Y83.882 E.01433
G1 X121.181 Y73.439 E.40826
G1 X120.768 Y73.318 E.0119
G1 X110.22 Y83.866 E.41238
G1 X109.69 Y83.861 E.01465
G1 X120.355 Y73.197 E.41695
G1 X119.931 Y73.086 E.0121
G1 X109.144 Y83.874 E.42177
G1 X108.587 Y83.896 E.01539
G1 X119.506 Y72.977 E.42688
G1 X119.081 Y72.868 E.01214
G1 X108.008 Y83.94 E.43289
G1 X107.426 Y83.989 E.01616
G1 X112.705 Y78.709 E.2064
G1 X111.443 Y79.437 E.04028
G1 X106.824 Y84.056 E.18059
G1 X106.206 Y84.14 E.01723
G1 X110.272 Y80.074 E.15896
G1 X110.149 Y80.117 E.00362
G1 X110.002 Y80.129 E.00406
G1 X109.815 Y80.111 E.00519
G1 X109.732 Y80.079 E.00246
G1 X105.573 Y84.238 E.1626
G1 X104.916 Y84.361 E.01848
G1 X109.371 Y79.906 E.17417
G1 X109.032 Y79.711 E.01081
G1 X104.242 Y84.501 E.18726
G1 X103.541 Y84.667 E.01991
G1 X108.693 Y79.516 E.20141
G1 X108.354 Y79.32 E.01081
G1 X102.801 Y84.873 E.21711
G1 X102.038 Y85.102 E.02202
G1 X108.015 Y79.125 E.23369
G1 X107.676 Y78.929 E.01081
G1 X101.235 Y85.371 E.25185
G1 X100.372 Y85.699 E.0255
G1 X107.337 Y78.734 E.27231
G1 X106.998 Y78.538 E.01081
G1 X99.459 Y86.078 E.29476
G1 X98.468 Y86.535 E.03019
G1 X106.66 Y78.343 E.32027
G1 X106.321 Y78.148 E.01081
G1 X97.36 Y87.108 E.35034
G1 X96.573 Y87.559 E.02508
G1 X96.034 Y87.9 E.01763
G1 X105.987 Y77.947 E.38913
G1 X105.843 Y77.836 E.00503
G1 X105.721 Y77.679 E.0055
G1 X94.361 Y89.038 E.44413
G1 X93.268 Y89.897 E.03844
G1 X92.251 Y90.787 E.03734
G1 X91.282 Y91.728 E.03734
G1 X90.363 Y92.717 E.03734
G1 X89.496 Y93.753 E.03734
G1 X89.034 Y94.366 E.02122
G1 X77.66 Y105.74 E.44468
G1 X77.431 Y105.625 E.00707
G1 X77.273 Y105.592 E.00446
G1 X105.584 Y77.282 E1.10685
G1 X105.534 Y76.797 E.01346
G1 X76.79 Y105.541 E1.12378
G1 X76.306 Y105.491 E.01347
G1 X105.484 Y76.313 E1.14078
G1 X105.434 Y75.828 E.01346
G1 X75.821 Y105.441 E1.15777
G1 X75.336 Y105.392 E.01347
G1 X105.384 Y75.344 E1.17477
G1 X105.334 Y74.859 E.01346
G1 X74.852 Y105.342 E1.19176
G1 X74.367 Y105.292 E.01347
G1 X105.285 Y74.375 E1.20876
G1 X105.235 Y73.89 E.01346
G1 X73.883 Y105.242 E1.22575
G1 X73.398 Y105.193 E.01347
G1 X105.185 Y73.406 E1.24275
G1 X105.165 Y72.891 E.01424
G1 X99.524 Y78.533 E.22056
G1 X99.461 Y78.714 E.00531
G1 X99.239 Y79.177 E.0142
G1 X98.869 Y79.681 E.01727
G1 X98.385 Y80.114 E.01795
G1 X97.85 Y80.422 E.01708
G1 X97.507 Y80.549 E.01011
G1 X72.887 Y105.17 E.96257
G1 X72.354 Y105.168 E.01472
G1 X96.843 Y80.679 E.95743
G1 X96.751 Y80.695 E.00259
G1 X96.302 Y80.686 E.01242
G1 X89.299 Y87.689 E.27378
G1 X89.495 Y86.959 E.0209
G1 X95.853 Y80.6 E.2486
G1 X95.524 Y80.525 E.00934
G1 X95.436 Y80.484 E.00269
G1 X89.691 Y86.229 E.22462
G1 X89.887 Y85.498 E.0209
G1 X95.074 Y80.312 E.20279
G1 X94.944 Y80.25 E.00397
G1 X94.747 Y80.104 E.00678
G1 X90.082 Y84.768 E.18237
G1 X90.14 Y84.552 E.00619
G1 X90.17 Y84.324 E.00636
G1 X90.153 Y84.163 E.00446
G1 X94.448 Y79.868 E.16792
G1 X94.203 Y79.58 E.01048
G1 X89.992 Y83.79 E.16463
G1 X89.756 Y83.492 E.01052
G1 X93.96 Y79.288 E.16436
G1 X93.853 Y79.113 E.00566
G1 X93.777 Y78.936 E.00532
G1 X89.516 Y83.197 E.1666
G1 X89.276 Y82.903 E.0105
G1 X93.617 Y78.563 E.16969
G1 X93.537 Y78.311 E.0073
G1 X93.513 Y78.132 E.00498
G1 X89.036 Y82.609 E.175
G1 X88.797 Y82.314 E.0105
G1 X93.455 Y77.656 E.18212
G1 X93.48 Y77.183 E.0131
G1 X93.503 Y77.073 E.0031
G1 X88.557 Y82.02 E.19339
G1 X88.317 Y81.725 E.0105
G1 X93.73 Y76.312 E.21164
G1 X94.172 Y75.61 E.02293
G1 X94.299 Y75.466 E.0053
G1 X94.127 Y75.38 E.0053
G1 X88.077 Y81.431 E.23655
G1 X87.837 Y81.136 E.0105
G1 X93.431 Y75.542 E.21871
G1 X92.353 Y76.087 E.03341
G1 X87.597 Y80.842 E.18591
G1 X87.354 Y80.55 E.01049
G1 X91.201 Y76.703 E.1504
G1 X89.907 Y77.464 E.04152
G1 X87.088 Y80.282 E.11019
G1 X86.822 Y80.015 E.01044
G1 X88.971 Y77.865 E.08404
G1 E-.77778 F2400
;WIPE_START
G1 F10800
G1 X88.264 Y78.572 E-.22222
;WIPE_END
G17
G3 Z2 I-1.216 J-.041 P1  F9000
G1 X87.906 Y89.082 Z2
G1 Z1.6
G1 E1 F2700
G1 F10800
G1 X72.068 Y104.92 E.61918
G1 X72.165 Y104.289 E.01764
G1 X86.936 Y89.518 E.5775
G1 X86.207 Y89.713 E.02088
G1 X72.262 Y103.658 E.5452
G1 X72.376 Y103.009 E.01821
G1 X85.477 Y89.908 E.5122
G1 X84.747 Y90.103 E.02088
G1 X72.501 Y102.349 E.47878
G1 X72.658 Y101.659 E.01958
G1 X84.14 Y90.176 E.44893
G1 X83.892 Y90.099 E.00717
G1 X83.765 Y90.017 E.00419
G1 X72.814 Y100.968 E.42813
G1 X73.001 Y100.246 E.0206
G1 X83.466 Y89.781 E.40914
G1 X83.172 Y89.542 E.0105
G1 X73.201 Y99.513 E.38983
G1 X73.424 Y98.755 E.02184
G1 X82.877 Y89.302 E.36957
G1 X82.582 Y89.063 E.0105
G1 X73.675 Y97.969 E.34822
G1 X73.963 Y97.148 E.02406
G1 X82.287 Y88.823 E.32546
G1 X81.993 Y88.584 E.0105
G1 X74.271 Y96.305 E.30188
G1 X74.622 Y95.42 E.02634
G1 X81.698 Y88.344 E.27662
G1 X81.403 Y88.105 E.0105
G1 X75.03 Y94.478 E.24916
G1 X75.495 Y93.479 E.03046
G1 X81.108 Y87.865 E.21947
G1 X80.814 Y87.626 E.0105
G1 X76.015 Y92.424 E.18761
G1 X76.655 Y91.25 E.03697
G1 X80.522 Y87.383 E.15118
G1 X80.253 Y87.117 E.01044
G1 X77.412 Y89.958 E.11109
G1 X77.779 Y89.369 E.0192
G1 X78.417 Y88.419 E.03163
G1 X80.105 Y86.731 E.06601
G1 E-.77778 F2400
;WIPE_START
G1 F10800
G1 X79.398 Y87.438 E-.22222
;WIPE_END
G17
G3 Z2 I.515 J1.102 P1  F9000
G1 X99.467 Y78.056 Z2
G1 Z1.6
G1 E1 F2700
G1 F10800
G1 X105.163 Y72.359 E.22273
G1 X105.163 Y72.085 E.00756
G1 X104.866 Y72.122 E.00826
G1 X99.656 Y77.332 E.20368
G1 X99.567 Y76.886 E.01255
G1 X104.246 Y72.207 E.18294
G1 X103.611 Y72.309 E.0178
G1 X99.451 Y76.469 E.16264
G1 X99.274 Y76.111 E.01103
G1 X102.959 Y72.426 E.14406
G1 X102.298 Y72.553 E.0186
G1 X98.956 Y75.894 E.13066
G1 E-.77778 F2400
;WIPE_START
G1 F10800
G1 X99.663 Y75.187 E-.22222
;WIPE_END
G17
G3 Z2 I-.163 J1.206 P1  F9000
G1 X114.258 Y77.156 Z2
G1 Z1.6
G1 E1 F2700
G1 F10800
G1 X118.654 Y72.761 E.17184
G1 X118.215 Y72.665 E.01241
G1 X114.51 Y76.37 E.14486
G1 X114.571 Y75.775 E.01655
G1 X117.777 Y72.569 E.12532
G1 X117.328 Y72.483 E.01262
G1 X114.632 Y75.179 E.10541
G1 X114.694 Y74.583 E.01655
G1 X116.876 Y72.401 E.08533
G1 X116.424 Y72.319 E.0127
G1 X114.755 Y73.988 E.06526
G1 X114.816 Y73.392 E.01655
G1 X115.969 Y72.239 E.04508
G1 X115.503 Y72.171 E.01303
G1 X114.835 Y72.839 E.02612
G1 X114.836 Y72.303 E.01482
G1 X115.186 Y71.954 E.01367
G1 E-.77778 F2400
;WIPE_START
G1 F10800
G1 X114.836 Y72.303 E-.10991
G1 X114.835 Y72.809 E-.11231
;WIPE_END
G17
G3 Z2 I-1.014 J-.674 P1  F9000
G1 X80.316 Y124.753 Z2
G1 Z1.6
G1 E1 F2700
;WIDTH:0.38292
G1 F10800
G1 X80.252 Y124.79 E.00183
G1 X80.317 Y124.825 E.00183
G1 X78.555 Y126.408 F9000
;WIDTH:0.419999
G1 F10800
G1 X78.228 Y126.514 E.00949
G1 X77.543 Y126.585 E.01899
G1 X77.252 Y126.572 E.00804
G1 X76.615 Y126.445 E.01794
G1 X75.995 Y126.178 E.01862
G1 X75.19 Y125.6 E.02734
G1 X75.246 Y125.861 E.00735
G1 X75.941 Y127.305 E.04421
G1 X76.539 Y128.425 E.03504
G1 X78.527 Y126.437 E.07758
G1 X77.468 Y126.962 F9000
G1 F10800
G1 X76.787 Y126.864 E.01899
G1 X76.424 Y126.778 E.0103
G1 X76.021 Y126.601 E.01215
G1 X76.277 Y127.135 E.01634
G1 X76.629 Y127.801 E.02079
G1 X77.44 Y126.99 E.03165
G1 X76.739 Y127.175 F9000
;WIDTH:0.373988
G1 F10800
G1 X76.677 Y127.211 E.00174
G1 X76.74 Y127.246 E.00174
G1 X74.38 Y123.594 F9000
;WIDTH:0.38292
G1 F10800
G1 X74.316 Y123.631 E.00183
G1 X74.381 Y123.666 E.00183
G1 E-.96727 F2400
;WIPE_START
G1 F10800
G1 X74.316 Y123.631 E-.01637
G1 X74.38 Y123.594 E-.01636
;WIPE_END
G17
G3 Z2 I-.72 J.981 P1  F9000
G1 X105.165 Y146.193 Z2
G1 Z1.6
G1 E1 F2700
;WIDTH:0.419999
G1 F10800
G1 X103.716 Y147.642 E.05652
G1 X105.102 Y147.853 E.03867
G1 X105.105 Y146.781 E.02958
G1 X105.161 Y146.233 E.0152
G1 X104.688 Y147.278 F9000
;WIDTH:0.560462
G1 F10433.936
G1 X104.624 Y147.278 E.00245
G1 X104.591 Y147.334 E.00245
G1 X104.624 Y147.39 E.00245
G1 X104.688 Y147.39 E.00245
G1 X104.701 Y147.369 E.00094
; stop printing object ОсновнойПрофиль.stl id:503862 copy 0
;LAYER_CHANGE
;Z:1.8
;HEIGHT:0.2
;BEFORE_LAYER_CHANGE
;1.8
G92 E0

G1 E-.9348 F2400
;WIPE_START
G1 F10433.936
G1 X104.688 Y147.39 E-.00568
G1 X104.624 Y147.39 E-.01488
G1 X104.591 Y147.334 E-.01488
G1 X104.624 Y147.278 E-.01488
G1 X104.688 Y147.278 E-.01488
;WIPE_END
;_SET_FAN_SPEED_CHANGING_LAYER
; printing object ОсновнойПрофиль.stl id:503862 copy 0
G17
G3 Z2.2 I1.01 J-.679 P1  F9000
G1 X79.728 Y110.17 Z2.2
G1 Z1.8
G1 E1 F2700
M204 P2000
;TYPE:Inner wall
;WIDTH:0.449999
G1 F7200
G1 X79.749 Y110.131 E.0013
G1 X79.761 Y109.941 E.00568
G1 X79.686 Y109.709 E.00726
G1 X77.66 Y106.205 E.12059
G1 X77.497 Y106.024 E.00724
G1 X77.217 Y105.917 E.00893
G1 X73.098 Y105.498 E.12333
G1 X71.664 Y105.498 E.04269
G1 X71.724 Y104.98 E.01552
G1 X71.971 Y103.366 E.04864
G1 X72.177 Y102.283 E.03283
G1 X72.537 Y100.692 E.04858
G1 X72.965 Y99.119 E.04858
G1 X73.291 Y98.066 E.03283
G1 X73.83 Y96.524 E.04865
G1 X74.23 Y95.497 E.03283
G1 X74.877 Y93.997 E.04865
G1 X75.349 Y93.001 E.03284
G1 X76.106 Y91.542 E.04896
G1 X76.917 Y90.127 E.04859
G1 X77.499 Y89.191 E.03284
G1 X78.416 Y87.827 E.04896
G1 X79.383 Y86.513 E.0486
G1 X79.706 Y86.106 E.01546
G1 X80.764 Y87.158 E.04445
G1 X83.929 Y89.731 E.12151
G1 X84.162 Y89.846 E.00774
G1 X84.446 Y89.842 E.00844
G1 X88.359 Y88.794 E.12068
G1 X88.613 Y88.65 E.0087
G1 X88.77 Y88.384 E.00921
G1 X89.815 Y84.486 E.1202
G1 X89.823 Y84.191 E.00878
G1 X89.708 Y83.957 E.00777
G1 X87.093 Y80.751 E.12325
G1 X86.083 Y79.742 E.04251
G1 X86.91 Y79.097 E.03125
G1 X88.257 Y78.137 E.04928
G1 X89.636 Y77.24 E.04898
G1 X90.573 Y76.678 E.03255
G1 X91.516 Y76.146 E.03224
G1 X92.497 Y75.63 E.03304
G1 X93.479 Y75.149 E.03255
G1 X94.039 Y74.899 E.01828
;WIDTH:0.490706
G1 X94.205 Y74.847 E.0057
;WIDTH:0.531412
G1 X94.371 Y74.795 E.00622
;WIDTH:0.572118
G1 X94.537 Y74.744 E.00673
;WIDTH:0.611262
G1 X95.538 Y74.336 E.04494
;WIDTH:0.607724
G1 X95.649 Y74.27 E.00533
;WIDTH:0.568293
G1 X95.76 Y74.203 E.00496
;WIDTH:0.528862
G1 X95.871 Y74.137 E.00459
;WIDTH:0.489431
G1 X95.981 Y74.071 E.00422
;WIDTH:0.449999
G1 X97.021 Y73.683 E.03306
G1 X98.568 Y73.169 E.04854
G1 X100.15 Y72.715 E.04904
G1 X101.211 Y72.451 E.03256
G1 X102.281 Y72.217 E.03263
G1 X103.357 Y72.014 E.03262
G1 X104.449 Y71.84 E.03293
G1 X105.493 Y71.711 E.03134
G1 X105.493 Y73.168 E.04338
G1 X105.913 Y77.253 E.12232
G1 X106.007 Y77.514 E.00826
G1 X106.201 Y77.696 E.00793
G1 X109.71 Y79.72 E.12065
G1 X109.996 Y79.798 E.00883
G1 X110.29 Y79.72 E.00906
G1 X113.815 Y77.687 E.12123
G1 X114.014 Y77.479 E.00856
G1 X114.086 Y77.253 E.00708
G1 X114.507 Y73.168 E.12232
G1 X114.507 Y71.707 E.04352
G1 X116.107 Y71.925 E.04812
G1 X117.716 Y72.217 E.04869
G1 X118.782 Y72.45 E.0325
G1 X120.377 Y72.858 E.04907
G1 X121.424 Y73.166 E.03249
G1 X122.987 Y73.686 E.04907
G1 X124.011 Y74.068 E.03255
G1 X125.024 Y74.479 E.03256
G1 X126.516 Y75.146 E.04869
G1 X127.507 Y75.632 E.03286
G1 X128.948 Y76.403 E.04869
G1 X129.901 Y76.958 E.03286
G1 X131.284 Y77.829 E.04868
G1 X132.196 Y78.45 E.03286
G1 X133.513 Y79.417 E.04867
G1 X133.92 Y79.739 E.01546
G1 X132.867 Y80.795 E.04441
G1 X130.292 Y83.957 E.12148
G1 X130.181 Y84.175 E.00727
G1 X130.181 Y84.474 E.00893
G1 X131.23 Y88.384 E.12056
G1 X131.376 Y88.639 E.00878
G1 X131.64 Y88.794 E.00913
G1 X135.554 Y89.842 E.12068
G1 X135.827 Y89.848 E.00813
G1 X136.07 Y89.731 E.00805
G1 X139.28 Y87.119 E.12328
G1 X140.294 Y86.106 E.04269
G1 X140.613 Y86.508 E.01528
G1 X141.587 Y87.832 E.04897
G1 X142.497 Y89.186 E.04859
G1 X143.079 Y90.122 E.03285
G1 X143.892 Y91.539 E.04865
G1 X144.407 Y92.515 E.03289
G1 X145.12 Y93.991 E.04882
;WIDTH:0.499067
G1 X145.154 Y94.131 E.00478
;WIDTH:0.548135
G1 X145.188 Y94.27 E.0053
;WIDTH:0.597203
G1 X145.223 Y94.409 E.00581
;WIDTH:0.64627
G1 X145.257 Y94.548 E.00633
G1 X145.519 Y95.092 E.02667
;WIDTH:0.609459
G1 X145.734 Y95.643 E.02453
G1 X145.807 Y95.773 E.00615
;WIDTH:0.569594
G1 X145.88 Y95.902 E.00572
;WIDTH:0.529729
G1 X145.953 Y96.031 E.00528
;WIDTH:0.489864
G1 X146.026 Y96.16 E.00485
;WIDTH:0.449999
G1 X146.164 Y96.509 E.01117
G1 X146.707 Y98.061 E.04898
G1 X147.034 Y99.116 E.03288
G1 X147.462 Y100.691 E.04864
G1 X147.713 Y101.765 E.03283
G1 X148.028 Y103.365 E.04858
G1 X148.278 Y104.997 E.04918
G1 X148.336 Y105.498 E.015
G1 X146.843 Y105.501 E.04446
G1 X142.792 Y105.917 E.12129
G1 X142.516 Y106.015 E.00873
G1 X142.34 Y106.205 E.00773
G1 X140.314 Y109.709 E.12059
G1 X140.236 Y109.99 E.00867
G1 X140.314 Y110.29 E.00924
G1 X142.34 Y113.795 E.12059
G1 X142.506 Y113.978 E.00735
G1 X142.783 Y114.083 E.00882
G1 X146.902 Y114.502 E.12333
G1 X148.336 Y114.502 E.0427
G1 X148.276 Y115.018 E.01546
G1 X148.029 Y116.63 E.04858
G1 X147.712 Y118.242 E.04895
G1 X147.46 Y119.315 E.03283
G1 X147.032 Y120.891 E.04865
G1 X146.705 Y121.944 E.03284
G1 X146.166 Y123.486 E.04865
G1 X145.77 Y124.501 E.03247
G1 X145.119 Y126.011 E.04896
G1 X144.405 Y127.489 E.04889
G1 X143.634 Y128.926 E.04859
G1 X143.079 Y129.879 E.03284
G1 X142.207 Y131.26 E.04866
G1 X141.585 Y132.171 E.03284
G1 X140.617 Y133.486 E.04866
G1 X140.294 Y133.894 E.0155
G1 X139.236 Y132.842 E.04445
G1 X136.07 Y130.269 E.12151
G1 X135.807 Y130.148 E.00864
G1 X135.554 Y130.158 E.00753
G1 X131.64 Y131.206 E.12068
G1 X131.379 Y131.357 E.00899
G1 X131.23 Y131.616 E.00891
G1 X130.181 Y135.526 E.12056
G1 X130.179 Y135.817 E.00867
G1 X130.292 Y136.043 E.00753
G1 X132.907 Y139.249 E.12325
G1 X133.92 Y140.261 E.04265
G1 X133.519 Y140.579 E.01525
G1 X132.193 Y141.552 E.04898
G1 X130.838 Y142.461 E.04862
G1 X129.9 Y143.043 E.03286
G1 X128.482 Y143.854 E.04868
G1 X127.504 Y144.369 E.03291
G1 X125.962 Y145.109 E.05096
;WIDTH:0.492783
G1 X125.78 Y145.166 E.00628
;WIDTH:0.535567
G1 X125.597 Y145.222 E.00687
;WIDTH:0.578351
G1 X125.415 Y145.278 E.00747
;WIDTH:0.621135
G1 X125.233 Y145.335 E.00807
G1 X124.923 Y145.475 E.0144
;WIDTH:0.611512
G1 X124.459 Y145.662 E.02081
;WIDTH:0.605853
G1 X124.319 Y145.739 E.00655
;WIDTH:0.56689
G1 X124.18 Y145.815 E.0061
;WIDTH:0.527926
G1 X124.04 Y145.891 E.00565
;WIDTH:0.488963
G1 X123.901 Y145.968 E.00519
;WIDTH:0.449999
G1 X123.506 Y146.124 E.01263
G1 X121.952 Y146.666 E.04903
G1 X120.897 Y146.993 E.03291
G1 X119.319 Y147.421 E.04869
G1 X118.245 Y147.671 E.03286
G1 X116.642 Y147.986 E.04863
G1 X115.016 Y148.234 E.049
G1 X114.507 Y148.293 E.01528
G1 X114.504 Y146.802 E.04441
G1 X114.086 Y142.747 E.12143
G1 X113.99 Y142.481 E.00843
G1 X113.799 Y142.304 E.00776
G1 X110.29 Y140.28 E.12065
G1 X110.007 Y140.202 E.00873
G1 X109.71 Y140.28 E.00916
G1 X106.201 Y142.304 E.12065
G1 X106.012 Y142.478 E.00766
G1 X105.913 Y142.747 E.00854
G1 X105.493 Y146.862 E.1232
G1 X105.493 Y148.293 E.04263
G1 X104.976 Y148.233 E.0155
G1 X103.362 Y147.987 E.04863
G1 X101.748 Y147.67 E.049
G1 X100.674 Y147.419 E.03287
G1 X99.098 Y146.992 E.04863
G1 X97.53 Y146.494 E.049
G1 X96.491 Y146.123 E.03286
G1 X94.974 Y145.52 E.04863
G1 X93.484 Y144.854 E.04863
G1 X92.493 Y144.368 E.03286
G1 X91.052 Y143.597 E.04869
G1 X90.099 Y143.042 E.03286
G1 X88.716 Y142.171 E.04868
G1 X87.804 Y141.55 E.03286
G1 X86.487 Y140.583 E.04867
G1 X86.08 Y140.261 E.01546
G1 X87.132 Y139.205 E.04441
G1 X89.708 Y136.043 E.12148
G1 X89.826 Y135.796 E.00816
G1 X89.819 Y135.526 E.00804
G1 X88.77 Y131.616 E.12056
G1 X88.627 Y131.364 E.00863
G1 X88.359 Y131.206 E.00927
G1 X84.446 Y130.158 E.12068
G1 X84.173 Y130.152 E.00813
G1 X83.929 Y130.269 E.00805
G1 X80.719 Y132.881 E.12328
G1 X79.706 Y133.894 E.04269
G1 X79.387 Y133.492 E.01528
G1 X78.413 Y132.168 E.04897
G1 X77.503 Y130.814 E.04859
G1 X76.92 Y129.878 E.03285
G1 X76.107 Y128.461 E.04865
G1 X75.592 Y127.485 E.03289
G1 X74.858 Y125.959 E.05043
;WIDTH:0.495133
G1 X74.814 Y125.801 E.00543
;WIDTH:0.540267
G1 X74.769 Y125.643 E.00597
;WIDTH:0.585401
G1 X74.724 Y125.485 E.00652
;WIDTH:0.630534
G1 X74.68 Y125.327 E.00706
G1 X74.431 Y124.785 E.02566
;WIDTH:0.622173
G1 X74.202 Y124.181 E.02736
G1 X74.145 Y124.096 E.00435
;WIDTH:0.57913
G1 X74.088 Y124.01 E.00403
;WIDTH:0.536086
G1 X74.031 Y123.925 E.00371
;WIDTH:0.493043
G1 X73.974 Y123.84 E.00338
;WIDTH:0.449999
G1 X73.836 Y123.491 E.01117
G1 X73.293 Y121.939 E.04898
G1 X72.966 Y120.884 E.03289
G1 X72.537 Y119.308 E.04865
G1 X72.286 Y118.234 E.03285
G1 X71.971 Y116.634 E.04859
G1 X71.723 Y115.009 E.04896
G1 X71.664 Y114.502 E.0152
G1 X73.157 Y114.499 E.04447
G1 X77.217 Y114.083 E.12156
G1 X77.492 Y113.979 E.00877
G1 X77.66 Y113.795 E.00741
G1 X79.386 Y110.81 E.10271
G1 X79.709 Y110.205 E.02044
G1 X79.346 Y110.038 F9000
M204 P1000
;TYPE:Outer wall
;WIDTH:0.419999
G1 F5400
G1 X79.328 Y109.916 E.00339
G1 X77.302 Y106.411 E.1117
G1 X77.174 Y106.329 E.00419
G1 X73.106 Y105.911 E.11284
G1 X71.2 Y105.911 E.0526
G1 X71.314 Y104.925 E.0274
G1 X71.564 Y103.296 E.04546
G1 X71.772 Y102.199 E.03081
G1 X72.136 Y100.593 E.04545
G1 X72.568 Y99.003 E.04545
G1 X72.898 Y97.936 E.03082
G1 X73.442 Y96.381 E.04547
G1 X73.848 Y95.34 E.03082
G1 X74.5 Y93.827 E.04547
G1 X74.979 Y92.817 E.03082
G1 X75.743 Y91.344 E.04579
G1 X76.562 Y89.915 E.04545
G1 X77.152 Y88.966 E.03082
G1 X78.078 Y87.589 E.0458
G1 X79.055 Y86.261 E.04546
G1 X79.67 Y85.485 E.02732
G1 X81.024 Y86.837 E.05281
G1 X84.19 Y89.41 E.11256
G1 X84.339 Y89.442 E.00419
G1 X88.308 Y88.368 E.11346
G1 X88.371 Y88.276 E.00305
G1 X89.419 Y84.367 E.11168
G1 X89.387 Y84.218 E.0042
G1 X86.8 Y81.043 E.113
G1 X85.46 Y79.704 E.05229
G1 X86.663 Y78.765 E.0421
G1 X88.024 Y77.795 E.04614
G1 X89.417 Y76.89 E.04582
G1 X90.365 Y76.32 E.03052
G1 X91.318 Y75.783 E.03019
G1 X92.31 Y75.261 E.03093
G1 X93.303 Y74.774 E.03053
G1 X94.883 Y74.07 E.04773
G1 X95.832 Y73.686 E.02823
G1 X96.884 Y73.293 E.03099
G1 X98.445 Y72.773 E.04541
G1 X100.043 Y72.316 E.04587
G1 X101.117 Y72.049 E.03053
G1 X102.199 Y71.812 E.03055
G1 X103.286 Y71.607 E.03054
G1 X104.391 Y71.43 E.03087
G1 X105.907 Y71.244 E.04213
G1 X105.907 Y73.147 E.0525
G1 X106.325 Y77.21 E.11272
G1 X106.408 Y77.338 E.0042
G1 X109.954 Y79.384 E.11297
G1 X110.083 Y79.362 E.00361
G1 X113.592 Y77.338 E.11176
G1 X113.675 Y77.21 E.0042
G1 X114.093 Y73.147 E.11272
G1 X114.093 Y71.243 E.05253
G1 X115.067 Y71.355 E.02705
G1 X116.174 Y71.516 E.03087
G1 X117.797 Y71.811 E.04551
G1 X118.877 Y72.047 E.03051
G1 X120.487 Y72.459 E.04586
G1 X121.548 Y72.771 E.0305
G1 X123.124 Y73.296 E.04586
G1 X124.161 Y73.683 E.03052
G1 X125.186 Y74.098 E.03052
G1 X126.691 Y74.772 E.04551
G1 X127.695 Y75.264 E.03085
G1 X129.149 Y76.042 E.0455
G1 X130.115 Y76.604 E.03084
G1 X131.511 Y77.483 E.0455
G1 X132.435 Y78.112 E.03084
G1 X133.764 Y79.088 E.0455
G1 X134.541 Y79.703 E.02735
G1 X133.188 Y81.056 E.0528
G1 X130.612 Y84.218 E.11253
G1 X130.581 Y84.367 E.0042
G1 X131.651 Y88.325 E.11312
G1 X131.747 Y88.395 E.00329
G1 X135.661 Y89.442 E.11179
G1 X135.81 Y89.41 E.00419
G1 X138.982 Y86.832 E.11279
G1 X140.33 Y85.485 E.05257
G1 X140.941 Y86.257 E.02715
G1 X141.925 Y87.594 E.04581
G1 X142.844 Y88.961 E.04546
G1 X143.434 Y89.91 E.03083
G1 X144.255 Y91.339 E.04547
G1 X144.777 Y92.329 E.03087
G1 X145.492 Y93.81 E.04538
G1 X145.969 Y94.899 E.0328
G1 X146.552 Y96.364 E.04351
G1 X147.1 Y97.932 E.04582
G1 X147.431 Y99 E.03087
G1 X147.863 Y100.59 E.04546
G1 X148.118 Y101.678 E.03082
G1 X148.436 Y103.294 E.04545
G1 X148.688 Y104.95 E.04621
G1 X148.8 Y105.911 E.02671
G1 X146.885 Y105.912 E.05284
G1 X142.825 Y106.329 E.11261
G1 X142.698 Y106.411 E.00419
G1 X140.647 Y109.96 E.11308
G1 X140.672 Y110.084 E.00348
G1 X142.698 Y113.589 E.1117
G1 X142.825 Y113.671 E.00419
G1 X146.894 Y114.089 E.11284
G1 X148.8 Y114.089 E.0526
G1 X148.686 Y115.073 E.02734
G1 X148.437 Y116.701 E.04544
G1 X148.116 Y118.329 E.04579
G1 X147.861 Y119.417 E.03082
G1 X147.429 Y121.007 E.04547
G1 X147.098 Y122.074 E.03082
G1 X146.554 Y123.629 E.04547
G1 X146.153 Y124.658 E.03048
G1 X145.495 Y126.183 E.0458
G1 X144.774 Y127.677 E.04578
G1 X143.995 Y129.128 E.04545
G1 X143.433 Y130.093 E.03083
G1 X142.552 Y131.487 E.04548
G1 X141.923 Y132.41 E.03083
G1 X140.946 Y133.738 E.04548
G1 X140.33 Y134.515 E.02736
G1 X138.975 Y133.163 E.05281
G1 X135.81 Y130.59 E.11256
G1 X135.661 Y130.558 E.00419
G1 X131.692 Y131.62 E.11336
G1 X131.629 Y131.724 E.00334
G1 X130.581 Y135.633 E.11168
G1 X130.612 Y135.782 E.0042
G1 X133.193 Y138.951 E.11277
G1 X134.541 Y140.297 E.05257
G1 X133.77 Y140.908 E.02715
G1 X132.431 Y141.89 E.04582
G1 X131.062 Y142.808 E.04548
G1 X130.112 Y143.398 E.03084
G1 X128.681 Y144.217 E.0455
G1 X127.69 Y144.738 E.03089
G1 X126.208 Y145.453 E.04542
G1 X125.118 Y145.93 E.03282
G1 X123.651 Y146.512 E.04354
G1 X122.082 Y147.059 E.04586
G1 X121.012 Y147.39 E.03089
G1 X119.42 Y147.822 E.04551
G1 X118.331 Y148.076 E.03085
G1 X116.713 Y148.393 E.04549
G1 X115.071 Y148.644 E.04584
G1 X114.093 Y148.758 E.02717
G1 X114.092 Y146.845 E.05278
G1 X113.675 Y142.79 E.11248
G1 X113.592 Y142.662 E.0042
G1 X110.029 Y140.619 E.11332
G1 X109.916 Y140.638 E.00317
G1 X106.408 Y142.662 E.11176
G1 X106.325 Y142.79 E.0042
G1 X105.907 Y146.853 E.11272
G1 X105.907 Y148.757 E.05254
G1 X104.921 Y148.643 E.02737
G1 X103.291 Y148.394 E.04549
G1 X101.661 Y148.074 E.04583
G1 X100.572 Y147.82 E.03085
G1 X98.981 Y147.388 E.04549
G1 X97.398 Y146.886 E.04583
G1 X96.345 Y146.51 E.03085
G1 X94.813 Y145.901 E.04548
G1 X93.308 Y145.228 E.04549
G1 X92.304 Y144.736 E.03085
G1 X90.85 Y143.958 E.0455
G1 X89.884 Y143.396 E.03084
G1 X88.489 Y142.517 E.0455
G1 X87.565 Y141.888 E.03084
G1 X86.236 Y140.912 E.0455
G1 X85.458 Y140.297 E.02735
G1 X86.812 Y138.944 E.0528
G1 X89.387 Y135.782 E.11253
G1 X89.419 Y135.633 E.0042
G1 X88.343 Y131.666 E.1134
G1 X88.252 Y131.605 E.00301
G1 X84.339 Y130.558 E.11179
G1 X84.19 Y130.59 E.00419
G1 X81.018 Y133.168 E.11279
G1 X79.67 Y134.515 E.05257
G1 X79.058 Y133.743 E.02715
G1 X78.074 Y132.406 E.04581
G1 X77.155 Y131.039 E.04546
G1 X76.565 Y130.09 E.03083
G1 X75.745 Y128.661 E.04547
G1 X75.223 Y127.671 E.03087
G1 X74.508 Y126.19 E.04538
G1 X74.03 Y125.101 E.0328
G1 X73.448 Y123.636 E.04351
G1 X72.9 Y122.068 E.04582
G1 X72.568 Y121 E.03087
G1 X72.136 Y119.409 E.04547
G1 X71.882 Y118.321 E.03083
G1 X71.564 Y116.705 E.04545
G1 X71.313 Y115.064 E.0458
G1 X71.2 Y114.089 E.0271
G1 X73.115 Y114.088 E.05284
G1 X77.174 Y113.671 E.11261
G1 X77.302 Y113.589 E.00419
G1 X79.326 Y110.072 E.11194
G1 E-.7 F2400
;WIPE_START
G1 F5400
G1 X79.328 Y109.916 E-.04684
G1 X78.906 Y109.186 E-.25316
;WIPE_END
G17
G3 Z2.2 I.273 J1.186 P1  F9000
G1 X140.108 Y95.086 Z2.2
G1 Z1.8
G1 E1 F2700
M204 P2000
;TYPE:Inner wall
;WIDTH:0.449999
G1 F7200
G1 X140.342 Y94.759 E.01196
G1 X140.814 Y94.329 E.01903
G1 X141.445 Y93.987 E.02137
G1 X142.214 Y93.812 E.0235
G1 X142.753 Y93.817 E.01603
G1 X143.412 Y93.974 E.02019
G1 X143.821 Y94.167 E.01346
G1 X144.285 Y94.498 E.01697
;WIDTH:0.499067
G1 X144.395 Y94.581 E.00461
;WIDTH:0.548135
G1 X144.505 Y94.664 E.0051
;WIDTH:0.597203
G1 X144.615 Y94.747 E.0056
;WIDTH:0.64627
G1 X144.725 Y94.83 E.00609
G1 X144.986 Y95.279 E.02291
;WIDTH:0.609459
G1 X145.204 Y95.843 E.02505
G1 X145.207 Y95.976 E.00554
;WIDTH:0.569594
G1 X145.209 Y96.11 E.00515
;WIDTH:0.529729
G1 X145.212 Y96.244 E.00476
;WIDTH:0.489864
G1 X145.214 Y96.377 E.00437
;WIDTH:0.449999
G1 X145.185 Y97.015 E.01902
G1 X144.98 Y97.703 E.02137
G1 X144.56 Y98.37 E.02347
G1 X144.071 Y98.825 E.01991
G1 X143.44 Y99.166 E.02137
G1 X142.671 Y99.341 E.02349
G1 X142.143 Y99.339 E.01572
G1 X141.645 Y99.236 E.01515
G1 X141.09 Y98.983 E.01817
G1 X140.737 Y98.757 E.01249
G1 X140.325 Y98.37 E.01684
G1 X139.974 Y97.846 E.01878
G1 X139.762 Y97.307 E.01723
G1 X139.671 Y96.803 E.01525
G1 X139.68 Y96.276 E.01572
G1 X139.804 Y95.707 E.01733
G1 X140.042 Y95.178 E.01728
G1 X140.085 Y95.118 E.0022
G1 X140.438 Y95.32 F9000
M204 P1000
;TYPE:Outer wall
;WIDTH:0.419999
G1 F5400
G1 X140.697 Y94.981 E.01177
G1 X141.086 Y94.64 E.0143
G1 X141.632 Y94.356 E.01698
G1 X142.295 Y94.218 E.01867
G1 X142.769 Y94.235 E.01308
G1 X143.244 Y94.352 E.01351
G1 X143.587 Y94.508 E.01039
G1 X144.022 Y94.821 E.01479
G1 X144.293 Y95.104 E.0108
G1 X144.57 Y95.542 E.01431
G1 X144.745 Y96.029 E.01429
G1 X144.806 Y96.472 E.01232
G1 X144.772 Y96.988 E.01429
G1 X144.587 Y97.575 E.01697
G1 X144.217 Y98.14 E.01864
G1 X143.798 Y98.514 E.01548
G1 X143.252 Y98.797 E.01698
G1 X142.59 Y98.935 E.01866
G1 X142.177 Y98.926 E.01139
G1 X141.691 Y98.818 E.01373
G1 X141.124 Y98.539 E.01743
G1 X140.697 Y98.173 E.01553
G1 X140.318 Y97.616 E.0186
G1 X140.168 Y97.231 E.01138
G1 X140.083 Y96.754 E.01339
G1 X140.098 Y96.251 E.01388
G1 X140.218 Y95.771 E.01364
G1 X140.419 Y95.355 E.01275
G1 E-.7 F2400
;WIPE_START
G1 F5400
G1 X140.697 Y94.981 E-.13978
G1 X141.086 Y94.64 E-.15543
G1 X141.101 Y94.632 E-.00479
;WIPE_END
G17
G3 Z2.2 I-.03 J-1.217 P1  F9000
G1 X131.845 Y94.862 Z2.2
G1 Z1.8
G1 E1 F2700
M204 P2000
;TYPE:Inner wall
;WIDTH:0.449999
G1 F7200
G1 X132.527 Y95.89 E.03676
G1 X133.022 Y96.726 E.02893
G1 X133.559 Y97.704 E.03322
G1 X133.863 Y98.286 E.01956
G1 X134.437 Y99.532 E.04086
G1 X135.01 Y100.993 E.04675
G1 X135.392 Y102.119 E.03541
G1 X135.716 Y103.266 E.0355
G1 X136.07 Y104.776 E.0462
G1 X136.305 Y106.127 E.04086
G1 X136.47 Y107.488 E.04082
G1 X136.55 Y108.583 E.0327
G1 X136.588 Y109.758 E.03503
G1 X136.565 Y111.143 E.04125
G1 X136.47 Y112.511 E.04086
G1 X136.305 Y113.873 E.04085
G1 X136.127 Y114.9 E.03105
G1 X135.769 Y116.547 E.05021
G1 X135.396 Y117.867 E.04085
G1 X135.043 Y118.921 E.03312
G1 X134.619 Y120.033 E.03545
G1 X134.152 Y121.099 E.03466
G1 X133.453 Y122.514 E.04702
G1 X132.776 Y123.706 E.04084
G1 X132.188 Y124.634 E.03271
G1 X131.511 Y125.613 E.03546
G1 X130.676 Y126.701 E.04085
G1 X129.785 Y127.745 E.04087
G1 X128.852 Y128.73 E.04043
G1 X127.849 Y129.687 E.04128
G1 X127.009 Y130.414 E.03308
G1 X126.087 Y131.148 E.03512
G1 X124.989 Y131.938 E.04028
G1 X123.832 Y132.684 E.04101
G1 X122.641 Y133.367 E.04089
G1 X121.417 Y133.987 E.04088
G1 X120.402 Y134.443 E.03314
G1 X119.015 Y134.982 E.04433
G1 X117.998 Y135.331 E.03201
G1 X116.747 Y135.69 E.03878
G1 X115.356 Y136.016 E.04256
G1 X114.005 Y136.258 E.04089
G1 X113.08 Y136.382 E.02779
G1 X111.73 Y136.504 E.04037
G1 X110.358 Y136.558 E.04089
G1 X108.97 Y136.541 E.04134
G1 X107.6 Y136.453 E.04089
G1 X106.236 Y136.294 E.0409
G1 X105.086 Y136.099 E.03474
G1 X103.558 Y135.769 E.04659
G1 X102.668 Y135.531 E.02742
G1 X101.363 Y135.12 E.04077
G1 X100.077 Y134.642 E.04086
G1 X98.817 Y134.097 E.04089
G1 X97.899 Y133.643 E.03052
G1 X96.389 Y132.817 E.05124
G1 X95.216 Y132.077 E.04133
G1 X94.095 Y131.285 E.04088
G1 X93.028 Y130.446 E.04043
G1 X92.329 Y129.847 E.02741
G1 X91.397 Y128.974 E.03806
G1 X90.368 Y127.914 E.04398
G1 X89.47 Y126.879 E.04083
G1 X88.782 Y126.007 E.03308
G1 X88.1 Y125.063 E.03469
G1 X87.352 Y123.915 E.04081
G1 X86.663 Y122.729 E.04086
G1 X86.036 Y121.509 E.04086
G1 X85.474 Y120.258 E.04086
G1 X84.976 Y118.979 E.04086
G1 X84.655 Y118.022 E.03007
G1 X84.296 Y116.795 E.03808
G1 X83.979 Y115.463 E.04081
G1 X83.732 Y114.114 E.04085
G1 X83.603 Y113.19 E.02776
G1 X83.475 Y111.842 E.04033
G1 X83.415 Y110.472 E.04086
G1 X83.426 Y109.086 E.0413
G1 X83.509 Y107.717 E.04086
G1 X83.662 Y106.354 E.04085
G1 X83.874 Y105.073 E.03868
G1 X84.179 Y103.662 E.043
G1 X84.464 Y102.601 E.0327
G1 X84.822 Y101.462 E.03558
G1 X85.295 Y100.179 E.04071
G1 X85.829 Y98.933 E.04041
G1 X86.435 Y97.697 E.04098
G1 X87.1 Y96.502 E.04075
G1 X87.828 Y95.339 E.04086
G1 X88.469 Y94.416 E.03348
G1 X89.182 Y93.477 E.03511
G1 X90.053 Y92.438 E.0404
G1 X90.987 Y91.432 E.04087
G1 X91.983 Y90.466 E.04132
G1 X93.016 Y89.563 E.04088
G1 X94.094 Y88.716 E.04084
G1 X94.998 Y88.071 E.03308
G1 X95.974 Y87.435 E.0347
G1 X96.932 Y86.874 E.03307
G1 X98.376 Y86.112 E.04865
G1 X99.626 Y85.544 E.04089
G1 X100.628 Y85.15 E.03206
G1 X101.548 Y84.823 E.02909
G1 X103.087 Y84.353 E.04793
G1 X104.42 Y84.031 E.04084
G1 X105.784 Y83.775 E.04134
G1 X107.145 Y83.593 E.04089
G1 X108.498 Y83.482 E.04045
G1 X109.61 Y83.443 E.03315
G1 X111.183 Y83.472 E.04685
G1 X112.172 Y83.528 E.0295
G1 X113.537 Y83.675 E.0409
G1 X114.877 Y83.89 E.04045
G1 X116.22 Y84.176 E.04089
G1 X117.546 Y84.531 E.04089
G1 X118.852 Y84.955 E.04089
G1 X119.715 Y85.276 E.02742
G1 X120.975 Y85.807 E.04074
G1 X122.149 Y86.376 E.03887
G1 X123.425 Y87.073 E.04331
G1 X124.362 Y87.648 E.03273
G1 X125.347 Y88.31 E.03536
G1 X126.45 Y89.132 E.04097
G1 X127.495 Y89.999 E.04043
G1 X128.505 Y90.927 E.04088
G1 X129.466 Y91.907 E.04087
G1 X130.089 Y92.6 E.02778
G1 X130.96 Y93.657 E.0408
G1 X131.777 Y94.76 E.04087
G1 X131.823 Y94.829 E.00246
G1 X131.5 Y95.091 F9000
M204 P1000
;TYPE:Outer wall
;WIDTH:0.419999
G1 F5400
G1 X132.183 Y96.119 E.03406
G1 X132.666 Y96.937 E.02621
G1 X133.192 Y97.896 E.03018
G1 X133.497 Y98.478 E.01812
G1 X134.061 Y99.705 E.03726
G1 X134.618 Y101.126 E.04212
G1 X134.997 Y102.242 E.03251
G1 X135.318 Y103.378 E.03259
G1 X135.664 Y104.857 E.04191
G1 X135.896 Y106.188 E.03726
G1 X136.058 Y107.528 E.03724
G1 X136.138 Y108.613 E.03002
G1 X136.175 Y109.771 E.03198
G1 X136.151 Y111.125 E.03736
G1 X136.058 Y112.472 E.03726
G1 X135.896 Y113.812 E.03725
G1 X135.719 Y114.829 E.02847
G1 X135.365 Y116.455 E.04592
G1 X134.998 Y117.754 E.03725
G1 X134.651 Y118.79 E.03014
G1 X134.237 Y119.876 E.03209
G1 X133.773 Y120.933 E.03183
G1 X133.309 Y121.879 E.02908
G1 X132.421 Y123.493 E.05083
G1 X131.839 Y124.413 E.03003
G1 X131.176 Y125.369 E.0321
G1 X130.354 Y126.441 E.03726
G1 X129.477 Y127.468 E.03727
G1 X128.552 Y128.446 E.03715
G1 X127.571 Y129.381 E.03738
G1 X126.745 Y130.096 E.03013
G1 X125.837 Y130.818 E.03201
G1 X124.748 Y131.602 E.03704
G1 X123.608 Y132.336 E.0374
G1 X122.436 Y133.008 E.03728
G1 X121.228 Y133.62 E.03736
G1 X120.233 Y134.065 E.03008
G1 X118.88 Y134.59 E.04003
G1 X117.874 Y134.936 E.02936
G1 X116.633 Y135.292 E.03563
G1 X115.262 Y135.613 E.03883
G1 X113.932 Y135.851 E.03729
G1 X113.034 Y135.971 E.02501
G1 X111.693 Y136.093 E.03715
G1 X110.342 Y136.145 E.03729
G1 X108.986 Y136.128 E.03741
G1 X107.638 Y136.041 E.03729
G1 X106.295 Y135.884 E.03729
G1 X105.155 Y135.691 E.03189
G1 X103.647 Y135.366 E.04257
G1 X102.775 Y135.132 E.02491
G1 X101.485 Y134.725 E.03733
G1 X100.222 Y134.254 E.03721
G1 X98.981 Y133.718 E.03729
G1 X98.082 Y133.273 E.02768
G1 X96.592 Y132.457 E.04688
G1 X95.446 Y131.733 E.0374
G1 X94.342 Y130.954 E.03728
G1 X93.284 Y130.121 E.03715
G1 X92.599 Y129.533 E.0249
G1 X91.679 Y128.672 E.03476
G1 X90.674 Y127.635 E.03986
G1 X89.788 Y126.615 E.03726
G1 X89.113 Y125.758 E.03013
G1 X88.435 Y124.821 E.03189
G1 X87.697 Y123.687 E.03733
G1 X87.021 Y122.521 E.03718
G1 X86.404 Y121.32 E.03726
G1 X85.851 Y120.088 E.03726
G1 X85.362 Y118.83 E.03726
G1 X85.047 Y117.891 E.02731
G1 X84.693 Y116.68 E.0348
G1 X84.382 Y115.367 E.03724
G1 X84.138 Y114.039 E.03725
G1 X84.014 Y113.142 E.02499
G1 X83.886 Y111.803 E.03711
G1 X83.828 Y110.454 E.03725
G1 X83.84 Y109.1 E.03737
G1 X83.921 Y107.752 E.03725
G1 X84.072 Y106.411 E.03725
G1 X84.282 Y105.14 E.03553
G1 X84.58 Y103.76 E.03897
G1 X84.863 Y102.709 E.03002
G1 X85.212 Y101.598 E.03213
G1 X85.679 Y100.333 E.03722
G1 X86.209 Y99.095 E.03714
G1 X86.805 Y97.882 E.03729
G1 X87.461 Y96.703 E.03723
G1 X88.179 Y95.559 E.03726
G1 X88.804 Y94.659 E.03024
G1 X89.505 Y93.735 E.03201
G1 X90.37 Y92.703 E.03714
G1 X91.29 Y91.714 E.03727
G1 X92.263 Y90.771 E.03739
G1 X93.28 Y89.882 E.03728
G1 X94.342 Y89.047 E.03727
G1 X95.231 Y88.413 E.03014
G1 X96.2 Y87.782 E.03191
G1 X97.141 Y87.231 E.03007
G1 X98.566 Y86.479 E.04447
G1 X99.797 Y85.921 E.03729
G1 X100.779 Y85.535 E.02911
G1 X101.681 Y85.215 E.02641
G1 X103.203 Y84.749 E.04393
G1 X104.517 Y84.433 E.03728
G1 X105.849 Y84.183 E.03741
G1 X107.189 Y84.004 E.03729
G1 X108.532 Y83.894 E.03717
G1 X109.624 Y83.856 E.03016
G1 X111.16 Y83.885 E.04237
G1 X112.138 Y83.94 E.02703
G1 X113.482 Y84.085 E.03729
G1 X114.812 Y84.298 E.03717
G1 X116.134 Y84.581 E.03729
G1 X117.439 Y84.931 E.03729
G1 X118.724 Y85.348 E.03729
G1 X119.57 Y85.663 E.02491
G1 X120.814 Y86.188 E.03724
G1 X121.969 Y86.748 E.03542
G1 X123.217 Y87.431 E.03926
G1 X124.145 Y88.001 E.03005
G1 X125.11 Y88.649 E.03208
G1 X126.194 Y89.457 E.0373
G1 X127.231 Y90.317 E.03716
G1 X128.225 Y91.232 E.03728
G1 X129.17 Y92.196 E.03727
G1 X129.776 Y92.87 E.025
G1 X130.634 Y93.912 E.03725
G1 X131.438 Y94.997 E.03727
G1 X131.478 Y95.057 E.00199
G1 E-.7 F2400
;WIPE_START
G1 F5400
G1 X132.031 Y95.891 E-.3
;WIPE_END
G17
G3 Z2.2 I.484 J-1.117 P1  F9000
G1 X96.092 Y80.32 Z2.2
G1 Z1.8
G1 E1 F2700
M204 P2000
;TYPE:Inner wall
;WIDTH:0.449999
G1 F7200
G1 X95.715 Y80.237 E.01152
G1 X95.29 Y80.061 E.01369
G1 X94.807 Y79.745 E.01721
G1 X94.437 Y79.383 E.01542
G1 X94.085 Y78.849 E.01905
G1 X93.892 Y78.363 E.01558
G1 X93.791 Y77.799 E.01706
G1 X93.809 Y77.219 E.01728
G1 X93.925 Y76.716 E.01538
G1 X94.162 Y76.195 E.01705
G1 X94.461 Y75.775 E.01535
;WIDTH:0.490706
G1 X94.605 Y75.617 E.00702
;WIDTH:0.531412
G1 X94.749 Y75.458 E.00766
;WIDTH:0.572118
G1 X94.893 Y75.299 E.0083
;WIDTH:0.61991
G1 X95.014 Y75.188 E.00693
G1 X95.53 Y74.936 E.02425
;WIDTH:0.607724
G1 X95.699 Y74.874 E.00744
G1 X95.827 Y74.869 E.00528
;WIDTH:0.568293
G1 X95.954 Y74.864 E.00491
;WIDTH:0.528862
G1 X96.082 Y74.859 E.00454
;WIDTH:0.489431
G1 X96.209 Y74.853 E.00417
;WIDTH:0.449999
G1 X96.47 Y74.818 E.00782
G1 X96.985 Y74.849 E.01537
G1 X97.546 Y74.997 E.01729
G1 X98.058 Y75.254 E.01707
G1 X98.465 Y75.571 E.01538
G1 X98.837 Y75.998 E.01686
G1 X99.089 Y76.438 E.01511
G1 X99.242 Y76.862 E.01343
G1 X99.335 Y77.418 E.01678
G1 X99.318 Y77.944 E.01566
G1 X99.208 Y78.448 E.01537
G1 X99.002 Y78.925 E.01547
G1 X98.697 Y79.371 E.0161
G1 X98.284 Y79.773 E.01717
G1 X97.833 Y80.061 E.01593
G1 X97.331 Y80.263 E.01611
G1 X96.81 Y80.36 E.01579
G1 X96.228 Y80.35 E.01735
G1 X96.131 Y80.329 E.00295
G1 X96.184 Y79.917 F9000
M204 P1000
;TYPE:Outer wall
;WIDTH:0.419999
G1 F5400
G1 X96.16 Y79.915 E.00068
G1 X95.873 Y79.855 E.00809
G1 X95.448 Y79.679 E.01268
G1 X95.028 Y79.394 E.01401
G1 X94.711 Y79.066 E.01257
G1 X94.434 Y78.628 E.0143
G1 X94.269 Y78.174 E.01332
G1 X94.203 Y77.601 E.01592
G1 X94.227 Y77.208 E.01086
G1 X94.337 Y76.787 E.01202
G1 X94.566 Y76.326 E.01422
G1 X94.816 Y75.997 E.01138
G1 X95.206 Y75.656 E.01429
G1 X95.752 Y75.372 E.01698
G1 X96.453 Y75.231 E.01974
G1 X96.987 Y75.275 E.01477
G1 X97.368 Y75.37 E.01084
G1 X97.811 Y75.585 E.01358
G1 X98.158 Y75.848 E.01202
G1 X98.485 Y76.215 E.01357
G1 X98.707 Y76.597 E.01218
G1 X98.836 Y76.939 E.01007
G1 X98.92 Y77.55 E.01703
G1 X98.913 Y77.858 E.00849
G1 X98.775 Y78.414 E.01581
G1 X98.634 Y78.735 E.00967
G1 X98.377 Y79.107 E.0125
G1 X97.951 Y79.498 E.01596
G1 X97.675 Y79.679 E.00909
G1 X97.217 Y79.865 E.01363
G1 X96.741 Y79.95 E.01335
G1 X96.224 Y79.919 E.01429
G1 E-.7 F2400
;WIPE_START
G1 F5400
G1 X96.16 Y79.915 E-.01942
G1 X95.873 Y79.855 E-.088
G1 X95.448 Y79.679 E-.13787
G1 X95.297 Y79.577 E-.05471
;WIPE_END
G17
G3 Z2.2 I-1.15 J-.399 P1  F9000
G1 X79.372 Y125.502 Z2.2
G1 Z1.8
G1 E1 F2700
M204 P2000
;TYPE:Inner wall
;WIDTH:0.449999
G1 F7200
G1 X78.827 Y125.89 E.01991
G1 X78.358 Y126.084 E.01512
G1 X77.846 Y126.184 E.01555
G1 X77.322 Y126.19 E.01559
G1 X76.702 Y126.063 E.01886
G1 X76.158 Y125.822 E.01771
G1 X75.738 Y125.522 E.01538
;WIDTH:0.489224
G1 X75.593 Y125.396 E.00628
;WIDTH:0.528449
G1 X75.448 Y125.27 E.00683
;WIDTH:0.567674
G1 X75.303 Y125.144 E.00738
;WIDTH:0.599104
G1 X75.252 Y125.101 E.00269
;WIDTH:0.630534
G1 X75.201 Y125.059 E.00284
G1 X74.962 Y124.612 E.02181
;WIDTH:0.622173
G1 X74.758 Y124.033 E.02602
G1 X74.764 Y123.9 E.00563
;WIDTH:0.57913
G1 X74.77 Y123.767 E.00522
;WIDTH:0.536086
G1 X74.775 Y123.634 E.0048
;WIDTH:0.493043
G1 X74.781 Y123.501 E.00438
;WIDTH:0.449999
G1 X74.842 Y122.843 E.0197
G1 X75.02 Y122.297 E.01709
G1 X75.439 Y121.63 E.02347
G1 X75.929 Y121.175 E.01991
G1 X76.56 Y120.834 E.02137
G1 X77.329 Y120.659 E.0235
G1 X77.868 Y120.664 E.01603
G1 X78.427 Y120.787 E.01707
G1 X78.956 Y121.025 E.01729
G1 X79.363 Y121.339 E.0153
G1 X79.675 Y121.63 E.01272
G1 X80.026 Y122.155 E.0188
G1 X80.244 Y122.716 E.01793
G1 X80.329 Y123.225 E.01537
G1 X80.319 Y123.733 E.01515
G1 X80.196 Y124.293 E.01706
G1 X79.957 Y124.822 E.01728
G1 X79.475 Y125.428 E.02308
G1 X79.404 Y125.479 E.00261
G1 X79.139 Y125.177 F9000
M204 P1000
;TYPE:Outer wall
;WIDTH:0.419999
G1 F5400
G1 X78.597 Y125.546 E.01809
G1 X78.212 Y125.695 E.01139
G1 X77.737 Y125.781 E.01333
G1 X77.291 Y125.772 E.01229
G1 X76.785 Y125.658 E.01432
G1 X76.308 Y125.431 E.01457
G1 X75.961 Y125.168 E.01202
G1 X75.634 Y124.801 E.01357
G1 X75.414 Y124.425 E.01202
G1 X75.253 Y123.961 E.01356
G1 X75.194 Y123.528 E.01204
G1 X75.235 Y122.971 E.01542
G1 X75.413 Y122.425 E.01583
G1 X75.783 Y121.86 E.01864
G1 X76.201 Y121.486 E.01548
G1 X76.747 Y121.203 E.01698
G1 X77.41 Y121.065 E.01867
G1 X77.884 Y121.082 E.01308
G1 X78.364 Y121.201 E.01364
G1 X78.814 Y121.421 E.01382
G1 X79.299 Y121.825 E.01743
G1 X79.682 Y122.385 E.01873
G1 X79.859 Y122.869 E.01422
G1 X79.922 Y123.315 E.01243
G1 X79.901 Y123.75 E.01201
G1 X79.782 Y124.229 E.01363
G1 X79.562 Y124.678 E.01381
G1 X79.169 Y125.15 E.01695
G1 E-.7 F2400
;WIPE_START
G1 F5400
G1 X78.597 Y125.546 E-.20851
G1 X78.313 Y125.656 E-.09149
;WIPE_END
G17
G3 Z2.2 I-.357 J1.163 P1  F9000
G1 X124.399 Y139.809 Z2.2
G1 Z1.8
G1 E1 F2700
M204 P2000
;TYPE:Inner wall
;WIDTH:0.449999
G1 F7200
G1 X124.77 Y139.968 E.01202
G1 X125.193 Y140.255 E.01524
G1 X125.563 Y140.617 E.01542
G1 X125.915 Y141.151 E.01905
G1 X126.117 Y141.677 E.01678
G1 X126.21 Y142.209 E.01607
G1 X126.191 Y142.781 E.01705
G1 X126.075 Y143.284 E.01538
G1 X125.838 Y143.805 E.01705
G1 X125.539 Y144.225 E.01535
;WIDTH:0.484024
G1 X125.314 Y144.453 E.01034
;WIDTH:0.518049
G1 X125.089 Y144.681 E.01113
;WIDTH:0.552411
G1 X125.055 Y144.724 E.00208
;WIDTH:0.586773
G1 X125.02 Y144.768 E.00222
;WIDTH:0.621135
G1 X124.986 Y144.812 E.00236
G1 X124.469 Y145.063 E.0243
;WIDTH:0.605853
G1 X124.3 Y145.125 E.00741
G1 X124.142 Y145.136 E.00655
;WIDTH:0.56689
G1 X123.983 Y145.148 E.0061
;WIDTH:0.527926
G1 X123.824 Y145.16 E.00565
;WIDTH:0.488963
G1 X123.666 Y145.171 E.00519
;WIDTH:0.449999
G1 X123.064 Y145.158 E.01794
G1 X122.561 Y145.041 E.01538
G1 X122.069 Y144.82 E.01605
G1 X121.618 Y144.505 E.01637
G1 X121.227 Y144.088 E.01704
G1 X120.938 Y143.62 E.01639
G1 X120.758 Y143.138 E.01533
G1 X120.665 Y142.582 E.01679
G1 X120.682 Y142.056 E.01566
G1 X120.794 Y141.547 E.01555
G1 X121.079 Y140.955 E.01956
G1 X121.461 Y140.469 E.0184
G1 X121.644 Y140.291 E.00762
G1 X122.168 Y139.94 E.01879
G1 X122.715 Y139.727 E.01746
G1 X123.226 Y139.64 E.01544
G1 X123.748 Y139.648 E.01557
G1 X124.307 Y139.77 E.01705
G1 X124.362 Y139.794 E.00176
G1 X124.234 Y140.186 F9000
M204 P1000
;TYPE:Outer wall
;WIDTH:0.419999
G1 F5400
G1 X124.267 Y140.194 E.00094
G1 X124.583 Y140.338 E.00957
G1 X125.081 Y140.717 E.01728
G1 X125.288 Y140.934 E.00828
G1 X125.565 Y141.372 E.01431
G1 X125.743 Y141.87 E.01457
G1 X125.797 Y142.406 E.01488
G1 X125.773 Y142.792 E.01065
G1 X125.663 Y143.213 E.01202
G1 X125.448 Y143.655 E.01357
G1 X125.184 Y144.003 E.01204
G1 X124.794 Y144.344 E.01429
G1 X124.248 Y144.628 E.01698
G1 X123.585 Y144.766 E.01868
G1 X123.085 Y144.745 E.0138
G1 X122.631 Y144.629 E.01292
G1 X122.189 Y144.415 E.01357
G1 X121.841 Y144.152 E.01202
G1 X121.516 Y143.787 E.0135
G1 X121.322 Y143.466 E.01032
G1 X121.164 Y143.062 E.01199
G1 X121.08 Y142.45 E.01704
G1 X121.086 Y142.142 E.00849
G1 X121.195 Y141.656 E.01373
G1 X121.475 Y141.088 E.01749
G1 X121.841 Y140.663 E.01546
G1 X122.398 Y140.284 E.0186
G1 X122.785 Y140.135 E.01143
G1 X123.298 Y140.047 E.01437
G1 X123.764 Y140.065 E.01288
G1 X124.195 Y140.176 E.01227
G1 E-.7 F2400
;WIPE_START
G1 F5400
G1 X124.267 Y140.194 E-.02221
G1 X124.583 Y140.338 E-.10406
G1 X125.044 Y140.688 E-.17374
;WIPE_END
G1 Z2.2 F9000
G1 X124.72 Y139.578
G1 Z2.2
G1 Z1.8
G1 E1 F2700
M204 P2500
;TYPE:Internal solid infill
;WIDTH:0.38292
G1 F10800
G1 X124.656 Y139.615 E.00183
G1 X124.721 Y139.65 E.00183
G1 X126.47 Y141.504 F9000
;WIDTH:0.419999
G1 F10800
G1 X126.597 Y142.147 E.01811
G1 X126.559 Y142.954 E.02227
G1 X126.401 Y143.53 E.0165
G1 X126.176 Y144.002 E.01442
G1 X125.856 Y144.455 E.01531
G1 X125.524 Y144.829 E.01379
G1 X126.018 Y144.647 E.01452
G1 X127.328 Y144.019 E.04009
G1 X128.41 Y143.444 E.03381
G1 X126.498 Y141.532 E.07461
G1 X127.026 Y142.699 F9000
;WIDTH:0.57049
G1 F10235.609
G1 X126.966 Y143.195 E.01926
G1 X126.798 Y143.755 E.02258
G1 X127.66 Y143.333 E.03704
G1 X127.054 Y142.728 E.03306
G1 X123.702 Y145.544 F9000
;WIDTH:0.48768
G1 F10800
G1 X123.646 Y145.544 E.00181
G1 X123.618 Y145.593 E.00181
G1 X123.646 Y145.641 E.00181
G1 X123.71 Y145.627 E.00211
G1 X123.411 Y145.986 F9000
;WIDTH:0.422307
G1 F10800
G1 X122.647 Y145.222 E.03001
G1 E-.77778 F2400
;WIPE_START
G1 F10800
G1 X123.354 Y145.929 E-.22222
;WIPE_END
G17
G3 Z2.2 I1.169 J.339 P1  F9000
G1 X128.059 Y129.71 Z2.2
G1 Z1.8
G1 E1 F2700
G1 F10800
G1 X130.692 Y132.343 E.10338
G1 X130.579 Y132.766 E.01216
G1 X127.896 Y130.083 E.10532
G1 X127.609 Y130.332 E.01056
G1 X130.465 Y133.189 E.11215
G1 X130.352 Y133.612 E.01216
G1 X127.321 Y130.581 E.11899
G1 X127.027 Y130.823 E.01058
G1 X130.238 Y134.035 E.12609
G1 X130.125 Y134.458 E.01216
G1 X126.728 Y131.061 E.13337
G1 X126.429 Y131.298 E.0106
G1 X130.011 Y134.881 E.14065
G1 X129.898 Y135.304 E.01216
G1 X126.123 Y131.53 E.14818
G1 X125.811 Y131.754 E.01067
G1 X129.846 Y135.788 E.15839
G1 X129.856 Y135.894 E.00295
G1 X129.921 Y136.075 E.00534
G1 X130.03 Y136.246 E.00563
G1 X131.188 Y137.667 E.05087
G1 X125.499 Y131.978 E.22334
G1 X125.187 Y132.202 E.01067
G1 X133.307 Y140.323 E.31882
G1 X132.998 Y140.55 E.01066
G1 X124.862 Y132.414 E.31942
G1 X124.535 Y132.624 E.01078
G1 X132.689 Y140.777 E.32009
G1 X132.379 Y141.005 E.01066
G1 X124.209 Y132.834 E.32077
G1 X123.878 Y133.04 E.01081
G1 X132.07 Y141.232 E.32161
G1 X131.751 Y141.45 E.01072
G1 X123.537 Y133.235 E.32249
G1 X123.196 Y133.431 E.01091
G1 X131.43 Y141.665 E.32328
G1 X131.109 Y141.88 E.01073
G1 X122.855 Y133.626 E.32406
G1 X122.501 Y133.809 E.01105
G1 X130.788 Y142.096 E.32534
G1 X130.658 Y142.183 E.00433
G1 X130.461 Y142.305 E.00645
G1 X122.145 Y133.989 E.32648
G1 X121.789 Y134.17 E.01108
G1 X130.13 Y142.511 E.32746
G1 X129.799 Y142.716 E.01082
G1 X121.428 Y134.346 E.32863
G1 X121.058 Y134.512 E.01127
G1 X129.459 Y142.914 E.32985
G1 X129.118 Y143.109 E.01091
G1 X120.687 Y134.678 E.331
G1 X120.309 Y134.836 E.01138
G1 X128.777 Y143.304 E.33245
G1 X128.76 Y143.314 E.00054
G1 X124.699 Y139.253 E.15945
G1 X124.517 Y139.435 E.00714
G1 X124.331 Y139.395 E.00527
G1 X119.925 Y134.989 E.17296
G1 X119.542 Y135.142 E.01146
G1 X123.699 Y139.299 E.1632
G1 X123.331 Y139.291 E.01021
G1 X123.176 Y139.313 E.00436
G1 X119.149 Y135.285 E.15811
G1 X118.749 Y135.422 E.01173
G1 X122.718 Y139.391 E.15581
G1 X122.311 Y139.521 E.01185
G1 X118.349 Y135.559 E.15553
G1 X117.944 Y135.691 E.01182
G1 X121.945 Y139.692 E.15708
G1 X121.623 Y139.906 E.01074
G1 X117.527 Y135.81 E.16081
G1 X117.11 Y135.93 E.01204
G1 X121.318 Y140.138 E.1652
G1 X121.064 Y140.42 E.01055
G1 X116.69 Y136.046 E.17172
G1 X116.254 Y136.147 E.01241
G1 X120.83 Y140.723 E.17964
G1 X120.65 Y141.079 E.01108
G1 X115.819 Y136.248 E.18965
G1 X115.382 Y136.348 E.01245
G1 X120.483 Y141.448 E.20025
G1 X120.388 Y141.89 E.01255
G1 X114.927 Y136.429 E.2144
G1 X114.472 Y136.51 E.01283
G1 X120.338 Y142.377 E.23031
G1 X120.338 Y142.681 E.00844
G1 X120.396 Y142.971 E.00821
G1 X114.015 Y136.59 E.25051
G1 X113.542 Y136.654 E.01325
G1 X120.639 Y143.751 E.27863
G1 X120.674 Y143.836 E.00255
G1 X120.974 Y144.302 E.01541
G1 X121.323 Y144.687 E.01441
G1 X121.748 Y145.015 E.0149
G1 X122.079 Y145.191 E.01043
G1 X122.88 Y145.992 E.03144
G1 X122.482 Y146.131 E.01169
G1 X113.067 Y136.716 E.36963
G1 X112.575 Y136.76 E.01372
G1 X122.085 Y146.27 E.37334
G1 X121.682 Y146.403 E.01178
G1 X112.083 Y136.804 E.37687
G1 X111.584 Y136.842 E.01388
G1 X121.272 Y146.53 E.38035
G1 X120.863 Y146.657 E.01191
G1 X111.068 Y136.862 E.38455
G1 X110.551 Y136.882 E.01435
G1 X120.442 Y146.773 E.38833
G1 X120.02 Y146.888 E.01214
G1 X110.018 Y136.885 E.39268
G1 X109.474 Y136.879 E.01509
G1 X119.598 Y147.002 E.39744
G1 X119.174 Y147.115 E.01218
G1 X108.929 Y136.869 E.40223
G1 X108.355 Y136.833 E.01594
G1 X112.961 Y141.439 E.18083
G1 X114.09 Y142.103 E.03636
G1 X114.263 Y142.293 E.00714
G1 X114.36 Y142.477 E.00575
G1 X114.415 Y142.705 E.00651
G1 X114.436 Y142.913 E.00582
G1 X118.739 Y147.216 E.16893
G1 X118.304 Y147.318 E.0124
G1 X114.498 Y143.511 E.14943
G1 X114.559 Y144.109 E.01669
G1 X117.859 Y147.41 E.12957
G1 X117.411 Y147.498 E.01269
G1 X114.621 Y144.708 E.10954
G1 X114.682 Y145.306 E.01669
G1 X116.963 Y147.586 E.08952
G1 X116.511 Y147.671 E.01276
G1 X114.744 Y145.904 E.06938
G1 X114.805 Y146.502 E.01669
G1 X116.043 Y147.74 E.0486
G1 X115.576 Y147.809 E.01312
G1 X114.834 Y147.067 E.0291
G1 X114.836 Y147.606 E.01494
G1 X115.257 Y148.027 E.01654
G1 E-.77778 F2400
;WIPE_START
G1 F10800
G1 X114.836 Y147.606 E-.13241
G1 X114.835 Y147.201 E-.08982
;WIPE_END
G17
G3 Z2.2 I1.112 J-.494 P1  F9000
G1 X112.157 Y141.17 Z2.2
G1 Z1.8
G1 E1 F2700
G1 F10800
G1 X107.782 Y136.796 E.17174
G1 X107.187 Y136.737 E.01661
G1 X110.433 Y139.983 E.12744
G1 X110.162 Y139.884 E.008
G1 X109.853 Y139.881 E.00858
G1 X109.81 Y139.897 E.00127
G1 X106.58 Y136.667 E.1268
G1 X105.958 Y136.581 E.01742
G1 X109.434 Y140.057 E.13645
G1 X109.094 Y140.253 E.0109
G1 X105.313 Y136.473 E.14842
G1 X104.656 Y136.352 E.01854
G1 X108.753 Y140.45 E.16086
G1 X108.413 Y140.646 E.0109
G1 X103.966 Y136.199 E.17458
G1 X103.263 Y136.033 E.02005
G1 X108.073 Y140.842 E.18881
G1 X107.732 Y141.038 E.0109
G1 X102.529 Y135.835 E.20429
G1 X101.745 Y135.588 E.0228
G1 X107.392 Y141.235 E.22169
G1 X107.052 Y141.431 E.0109
G1 X100.936 Y135.315 E.24011
G1 X100.081 Y134.996 E.02533
G1 X106.712 Y141.627 E.26032
G1 X106.371 Y141.823 E.0109
G1 X99.15 Y134.602 E.28351
G1 X98.674 Y134.396 E.0144
G1 X98.146 Y134.135 E.01635
G1 X106.031 Y142.02 E.30956
G1 X105.85 Y142.157 E.0063
G1 X105.751 Y142.276 E.0043
G1 X97.033 Y133.558 E.34228
G1 X96.225 Y133.104 E.02572
G1 X95.732 Y132.794 E.01617
G1 X105.745 Y142.807 E.39311
G1 E-.77778 F2400
;WIPE_START
G1 F10800
G1 X105.038 Y142.1 E-.22222
;WIPE_END
G17
G3 Z2.2 I1.168 J-.343 P1  F9000
G1 X90.292 Y91.943 Z2.2
G1 Z1.8
G1 E1 F2700
G1 F10800
G1 X87.671 Y89.321 E.10292
G1 X87.247 Y89.434 E.01216
G1 X89.913 Y92.1 E.10467
G1 X89.664 Y92.388 E.01056
G1 X86.824 Y89.548 E.11149
G1 X86.401 Y89.661 E.01216
G1 X89.419 Y92.679 E.1185
G1 X89.174 Y92.971 E.01057
G1 X85.978 Y89.774 E.1255
G1 X85.554 Y89.887 E.01216
G1 X88.93 Y93.263 E.13251
G1 X88.698 Y93.568 E.01063
G1 X85.131 Y90.001 E.14004
G1 X84.708 Y90.114 E.01216
G1 X88.466 Y93.873 E.14756
G1 X88.235 Y94.177 E.01063
G1 X84.248 Y90.19 E.15653
G1 X84.085 Y90.168 E.00456
G1 X83.885 Y90.095 E.00592
G1 X83.726 Y89.992 E.00525
G1 X82.59 Y89.069 E.04063
G1 X88.014 Y94.493 E.21292
G1 X87.794 Y94.809 E.0107
G1 X79.675 Y86.69 E.31875
G1 X79.446 Y86.998 E.01064
G1 X87.574 Y95.126 E.3191
G1 X87.366 Y95.454 E.01079
G1 X79.217 Y87.306 E.31992
G1 X78.988 Y87.613 E.01064
G1 X87.159 Y95.784 E.3208
G1 X86.953 Y96.114 E.01081
G1 X78.759 Y87.921 E.32168
G1 X78.687 Y88.017 E.00334
G1 X78.539 Y88.237 E.00736
G1 X86.751 Y96.449 E.32239
G1 X86.559 Y96.794 E.01095
G1 X78.323 Y88.558 E.32332
G1 X78.108 Y88.879 E.01073
G1 X86.367 Y97.138 E.32425
G1 X86.175 Y97.483 E.01095
G1 X77.892 Y89.2 E.32519
G1 X77.681 Y89.526 E.01077
G1 X85.996 Y97.841 E.32645
G1 X85.819 Y98.201 E.01113
G1 X77.475 Y89.856 E.32758
G1 X77.27 Y90.187 E.01081
G1 X85.643 Y98.56 E.32872
G1 X85.472 Y98.926 E.0112
G1 X77.071 Y90.525 E.32982
G1 X76.875 Y90.866 E.01091
G1 X85.311 Y99.302 E.33118
G1 X85.15 Y99.677 E.01134
G1 X76.68 Y91.207 E.33254
G1 X76.484 Y91.548 E.01091
G1 X84.989 Y100.053 E.33391
G1 X84.844 Y100.444 E.01159
G1 X76.295 Y91.896 E.33563
G1 X76.112 Y92.249 E.01105
G1 X84.7 Y100.836 E.33714
G1 X84.555 Y101.228 E.0116
G1 X75.929 Y92.602 E.33866
G1 X75.746 Y92.956 E.01105
G1 X84.422 Y101.631 E.34061
G1 X84.293 Y102.04 E.01188
G1 X75.567 Y93.314 E.34257
G1 X75.395 Y93.678 E.01118
G1 X84.165 Y102.448 E.34431
G1 X84.05 Y102.869 E.01213
G1 X75.222 Y94.042 E.34657
G1 X75.058 Y94.414 E.01129
G1 X83.936 Y103.292 E.34855
G1 X83.827 Y103.72 E.01225
G1 X74.896 Y94.789 E.35062
G1 X74.734 Y95.164 E.01133
G1 X83.731 Y104.16 E.3532
G1 X83.635 Y104.601 E.01252
G1 X74.573 Y95.538 E.35578
G1 X74.42 Y95.922 E.01146
G1 X83.543 Y105.045 E.35816
G1 X83.467 Y105.506 E.01296
G1 X74.269 Y96.308 E.3611
G1 X74.141 Y96.639 E.00985
G1 X74.121 Y96.696 E.00168
G1 X83.391 Y105.967 E.36396
G1 X83.32 Y106.432 E.01307
G1 X73.982 Y97.093 E.36663
G1 X73.843 Y97.491 E.01169
G1 X83.266 Y106.915 E.36997
G1 X83.212 Y107.397 E.01348
G1 X73.704 Y97.889 E.37331
G1 X73.568 Y98.29 E.01175
G1 X83.167 Y107.888 E.37684
G1 X83.137 Y108.395 E.01408
G1 X73.441 Y98.699 E.38064
G1 X73.314 Y99.109 E.0119
G1 X83.107 Y108.901 E.38444
G1 X83.092 Y109.423 E.0145
G1 X73.197 Y99.528 E.38849
G1 X73.082 Y99.95 E.01214
G1 X83.088 Y109.955 E.39281
G1 X83.085 Y110.489 E.01483
G1 X72.967 Y100.372 E.39722
G1 X72.854 Y100.794 E.01215
G1 X83.109 Y111.05 E.40262
G1 X83.133 Y111.61 E.01557
G1 X78.474 Y106.951 E.18291
G1 X77.943 Y106.033 E.02944
G1 X77.825 Y105.873 E.0055
G1 X77.69 Y105.754 E.00501
G1 X77.494 Y105.647 E.00621
G1 X77.259 Y105.589 E.0067
G1 X77.095 Y105.572 E.00458
G1 X72.754 Y101.232 E.17041
G1 X72.655 Y101.669 E.01245
G1 X76.497 Y105.511 E.15083
G1 X75.899 Y105.449 E.01669
G1 X72.556 Y102.106 E.13125
G1 X72.463 Y102.55 E.01258
G1 X75.301 Y105.388 E.11143
G1 X74.703 Y105.327 E.01669
G1 X72.378 Y103.001 E.09131
G1 X72.293 Y103.453 E.01276
G1 X74.106 Y105.265 E.07116
G1 X73.508 Y105.204 E.01669
G1 X72.222 Y103.918 E.05048
G1 X72.151 Y104.383 E.01307
G1 X72.937 Y105.17 E.03088
G1 X72.399 Y105.168 E.01494
G1 X71.93 Y104.7 E.01839
G1 E-.77778 F2400
;WIPE_START
G1 F10800
G1 X72.399 Y105.168 E-.14719
G1 X72.736 Y105.169 E-.07503
;WIPE_END
G17
G3 Z2.2 I-.482 J1.118 P1  F9000
G1 X78.744 Y107.758 Z2.2
G1 Z1.8
G1 E1 F2700
G1 F10800
G1 X83.176 Y112.19 E.17399
G1 X83.232 Y112.782 E.01652
G1 X79.943 Y109.494 E.1291
G1 X80.033 Y109.668 E.00542
G1 X80.084 Y109.854 E.00538
G1 X80.081 Y110.167 E.00869
G1 X83.296 Y113.383 E.12624
G1 X83.383 Y114.006 E.01746
G1 X79.921 Y110.545 E.13589
G1 X79.725 Y110.885 E.0109
G1 X83.494 Y114.654 E.14799
G1 X83.615 Y115.311 E.01855
G1 X79.528 Y111.225 E.16044
G1 X79.332 Y111.565 E.0109
G1 X83.766 Y115.999 E.17409
G1 X83.933 Y116.702 E.02006
G1 X79.135 Y111.905 E.18834
G1 X78.939 Y112.245 E.0109
G1 X84.14 Y117.446 E.2042
G1 X84.37 Y118.212 E.02221
G1 X78.742 Y112.585 E.22094
G1 X78.546 Y112.925 E.0109
G1 X84.64 Y119.019 E.23926
G1 X84.976 Y119.892 E.02598
G1 X78.349 Y113.265 E.26018
G1 X78.153 Y113.605 E.0109
G1 X85.36 Y120.812 E.28295
G1 X85.817 Y121.806 E.03038
G1 X77.956 Y113.945 E.30862
G1 X77.843 Y114.108 E.00552
G1 X77.7 Y114.225 E.00512
G1 X86.386 Y122.911 E.34101
G1 X87.15 Y124.212 E.04187
G1 X77.334 Y114.395 E.38538
G1 X76.854 Y114.452 E.0134
G1 X88.284 Y125.882 E.44872
G1 X88.509 Y126.193 E.01065
G1 X89.227 Y127.104 E.0322
G1 X90.122 Y128.136 E.03792
G1 X91.103 Y129.152 E.03921
G1 X92.087 Y130.074 E.03743
G1 X92.821 Y130.705 E.02688
G1 X94.085 Y131.684 E.04439
G1 X105.54 Y143.139 E.44972
G1 X105.49 Y143.625 E.01358
G1 X76.368 Y114.502 E1.14334
G1 X75.881 Y114.552 E.01358
G1 X105.44 Y144.112 E1.16048
G1 X105.39 Y144.598 E.01358
G1 X75.395 Y114.602 E1.17762
G1 X74.908 Y114.652 E.01358
G1 X105.34 Y145.085 E1.19475
G1 X105.29 Y145.571 E.01358
G1 X74.421 Y114.702 E1.21189
G1 X73.935 Y114.752 E.01358
G1 X105.24 Y146.057 E1.22903
G1 X105.19 Y146.544 E.01358
G1 X73.448 Y114.802 E1.24617
G1 X73.184 Y114.829 E.00736
G1 X72.94 Y114.83 E.0068
G1 X78.613 Y120.503 E.22273
G1 X79.153 Y120.754 E.01653
G1 X79.781 Y121.257 E.02233
G1 X79.936 Y121.425 E.00635
G1 X80.305 Y121.977 E.01843
G1 X80.392 Y122.143 E.00521
G1 X80.466 Y122.357 E.00628
G1 X105.165 Y147.056 E.96968
G1 X105.164 Y147.591 E.01485
G1 X80.63 Y123.057 E.96319
G1 X80.666 Y123.334 E.00777
G1 X80.65 Y123.614 E.00777
G1 X87.732 Y130.695 E.27801
G1 X86.999 Y130.499 E.02105
G1 X80.583 Y124.083 E.2519
G1 X80.472 Y124.509 E.01221
G1 X86.267 Y130.303 E.22748
G1 X85.534 Y130.107 E.02105
G1 X80.297 Y124.87 E.20562
G1 X80.204 Y125.06 E.00588
G1 X80.09 Y125.199 E.005
G1 X84.801 Y129.911 E.18498
G1 X84.365 Y129.81 E.01243
G1 X84.176 Y129.822 E.00527
G1 X79.848 Y125.494 E.16992
G1 X79.692 Y125.684 E.00683
G1 X79.588 Y125.771 E.00375
G1 X83.786 Y129.969 E.16479
G1 X83.484 Y130.204 E.01061
G1 X79.271 Y125.99 E.16542
G1 X78.948 Y126.204 E.01075
G1 X83.188 Y130.444 E.16647
G1 X82.893 Y130.685 E.01059
G1 X78.565 Y126.357 E.1699
G1 X78.456 Y126.401 E.00326
G1 X78.135 Y126.464 E.00906
G1 X82.597 Y130.925 E.17514
G1 X82.301 Y131.166 E.01059
G1 X77.65 Y126.516 E.18257
G1 X77.313 Y126.521 E.00935
G1 X77.087 Y126.489 E.00633
G1 X82.005 Y131.407 E.19304
G1 X81.709 Y131.647 E.01059
G1 X76.333 Y126.272 E.21103
G1 X76.006 Y126.116 E.01006
G1 X75.569 Y125.808 E.01485
G1 X75.418 Y125.893 E.00481
G1 X81.413 Y131.888 E.23533
G1 X81.117 Y132.128 E.01059
G1 X75.483 Y126.495 E.22116
G1 X76 Y127.548 E.03257
G1 X80.821 Y132.369 E.18925
G1 X80.527 Y132.612 E.01058
G1 X76.64 Y128.725 E.15258
G1 X77.398 Y130.019 E.04162
G1 X80.258 Y132.879 E.11228
G1 X79.988 Y133.146 E.01053
G1 X77.78 Y130.938 E.0867
G1 E-.77778 F2400
;WIPE_START
G1 F10800
G1 X78.487 Y131.645 E-.22222
;WIPE_END
G17
G3 Z2.2 I-.041 J1.216 P1  F9000
G1 X89.041 Y132.005 Z2.2
G1 Z1.8
G1 E1 F2700
G1 F10800
G1 X104.927 Y147.891 E.62368
G1 X104.294 Y147.794 E.01778
G1 X89.478 Y132.978 E.58168
G1 X89.675 Y133.711 E.02107
G1 X103.661 Y147.698 E.5491
G1 X103.006 Y147.58 E.01846
G1 X89.871 Y134.444 E.51568
G1 X90.068 Y135.178 E.02107
G1 X102.339 Y147.449 E.48175
G1 X101.664 Y147.31 E.01912
G1 X90.157 Y135.803 E.45176
G1 X90.08 Y136.071 E.00774
G1 X90.006 Y136.189 E.00386
G1 X100.964 Y147.147 E.43021
G1 X100.239 Y146.958 E.02081
G1 X89.771 Y136.49 E.41097
G1 X89.53 Y136.786 E.01059
G1 X99.502 Y146.758 E.39152
G1 X98.737 Y146.53 E.02216
G1 X89.289 Y137.081 E.37094
G1 X89.048 Y137.377 E.01059
G1 X97.952 Y146.28 E.34954
G1 X97.137 Y146.002 E.02391
G1 X88.807 Y137.673 E.327
G1 X88.566 Y137.968 E.01059
G1 X96.282 Y145.684 E.3029
G1 X95.391 Y145.33 E.0266
G1 X88.326 Y138.264 E.2774
G1 X88.085 Y138.56 E.01059
G1 X94.447 Y144.922 E.24977
G1 X93.464 Y144.475 E.02998
G1 X87.844 Y138.856 E.22062
G1 X87.603 Y139.151 E.01059
G1 X92.388 Y143.936 E.18787
G1 X91.234 Y143.319 E.03635
G1 X87.36 Y139.444 E.1521
G1 X87.092 Y139.713 E.01053
G1 X89.912 Y142.533 E.11071
G1 X88.897 Y141.894 E.03331
G1 X88.392 Y141.55 E.01695
G1 X86.705 Y139.862 E.06626
G1 E-.77778 F2400
;WIPE_START
G1 F10800
G1 X87.412 Y140.569 E-.22222
;WIPE_END
G17
G3 Z2.2 I1.104 J-.512 P1  F9000
G1 X78.129 Y120.556 Z2.2
G1 Z1.8
G1 E1 F2700
G1 F10800
G1 X72.405 Y114.832 E.22472
G1 X72.04 Y114.833 E.01012
G1 X72.07 Y115.033 E.00562
G1 X77.362 Y120.325 E.20777
G1 X76.908 Y120.408 E.0128
G1 X72.163 Y115.663 E.18631
G1 X72.256 Y116.292 E.01766
G1 X76.477 Y120.514 E.16575
G1 X76.118 Y120.691 E.01112
G1 X72.37 Y116.943 E.14716
G1 X72.501 Y117.611 E.0189
G1 X75.895 Y121.005 E.13326
G1 X75.279 Y121.242 F9000
;WIDTH:0.419999
G1 F10800
G1 X72.794 Y118.758 E.09695
G1 X73.34 Y120.765 E.05741
G1 X73.575 Y121.527 E.02199
G1 X74.203 Y123.354 E.0533
G1 X74.374 Y123.709 E.01087
G1 X74.461 Y122.761 E.02626
G1 X74.734 Y121.99 E.02257
G1 X75.113 Y121.413 E.01907
G1 X75.251 Y121.271 E.00544
G1 X74.762 Y121.259 F9000
G1 F10800
G1 X73.53 Y120.026 E.04811
G1 X73.704 Y120.67 E.01839
G1 X74.023 Y121.698 E.02971
G1 X74.227 Y122.282 E.01706
G1 X74.435 Y121.75 E.01575
G1 X74.74 Y121.292 E.01517
G1 X74.31 Y121.267 F9000
;WIDTH:0.403266
G1 F10800
G1 X74.243 Y121.306 E.00206
G1 X74.313 Y121.341 E.00206
G1 X75.235 Y125.579 F9000
;WIDTH:0.432572
G1 F10800
G1 X75.162 Y125.622 E.00241
G1 X75.239 Y125.656 E.00242
G1 E-.96241 F2400
;WIPE_START
G1 F10800
G1 X75.162 Y125.622 E-.01885
G1 X75.235 Y125.579 E-.01875
;WIPE_END
G17
G3 Z2.2 I1.099 J.522 P1  F9000
G1 X92.264 Y89.7 Z2.2
G1 Z1.8
G1 E1 F2700
;WIDTH:0.419999
G1 F10800
G1 X89.551 Y86.987 E.10589
G1 X89.149 Y88.485 E.04281
G1 X88.989 Y88.812 E.01003
G1 X88.755 Y89.035 E.0089
G1 X88.461 Y89.173 E.00898
G1 X88.1 Y89.269 E.01029
G1 X90.361 Y91.53 E.08821
G1 X90.703 Y91.162 E.01387
G1 X91.699 Y90.195 E.03828
G1 X92.234 Y89.727 E.01963
G1 X91.013 Y90.335 F9000
G1 F10800
G1 X91.713 Y89.682 E.02642
G1 X89.746 Y87.715 E.07675
G1 X89.513 Y88.583 E.0248
G1 X89.339 Y88.969 E.01169
G1 X89.079 Y89.259 E.01074
G1 X88.797 Y89.433 E.00914
G1 X90.351 Y90.987 E.06063
G1 X90.985 Y90.363 E.02452
G1 X90.351 Y90.453 F9000
G1 F10800
G1 X91.163 Y89.665 E.03122
G1 X89.941 Y88.443 E.04767
G1 X89.822 Y88.833 E.01125
G1 X89.663 Y89.162 E.01008
G1 X89.384 Y89.486 E.0118
G1 X90.322 Y90.425 E.0366
G1 X90.355 Y89.924 F9000
;WIDTH:0.420001
G1 F10800
G1 X90.625 Y89.661 E.01041
G1 X90.098 Y89.134 E.02057
G1 X89.9 Y89.469 E.01075
G1 X90.326 Y89.895 E.01663
G1 X93.405 Y77.509 F9000
;WIDTH:0.419999
G1 F10800
G1 X93.447 Y77.005 E.01395
G1 X93.599 Y76.47 E.01535
G1 X93.827 Y75.994 E.01457
G1 X94.399 Y75.224 E.02645
G1 X94.144 Y75.281 E.0072
G1 X93.645 Y75.504 E.01508
G1 X92.151 Y76.255 E.04613
G1 X93.376 Y77.48 E.04781
G1 X93.145 Y76.733 F9000
;WIDTH:0.395963
G1 F10800
G1 X93.281 Y76.283 E.01214
G1 X93.401 Y76.03 E.00724
G1 X92.76 Y76.347 E.0185
G1 X93.117 Y76.704 E.01304
G1 X96.199 Y74.397 F9000
;WIDTH:0.464504
G1 F10800
G1 X96.146 Y74.397 E.00163
G1 X96.12 Y74.442 E.00163
G1 X96.146 Y74.488 E.00163
G1 X96.205 Y74.477 E.00185
G1 X105.164 Y73.804 F9000
;WIDTH:0.419999
G1 F10800
G1 X105.106 Y73.238 E.0157
G1 X105.102 Y72.155 E.02989
G1 X104.504 Y72.228 E.01662
G1 X103.716 Y72.355 E.02203
G1 X105.136 Y73.775 E.05542
G1 X104.688 Y72.605 F9000
;WIDTH:0.56209
G1 F10401.218
G1 X104.623 Y72.605 E.00247
G1 X104.59 Y72.661 E.00247
G1 X104.623 Y72.717 E.00247
G1 X104.688 Y72.717 E.00247
G1 X104.7 Y72.695 E.00095
G1 E-.93436 F2400
;WIPE_START
G1 F10401.218
G1 X104.688 Y72.717 E-.00574
G1 X104.623 Y72.717 E-.01497
G1 X104.59 Y72.661 E-.01497
G1 X104.623 Y72.605 E-.01497
G1 X104.688 Y72.605 E-.01497
;WIPE_END
G17
G3 Z2.2 I-.662 J1.021 P1  F9000
G1 X144.656 Y98.506 Z2.2
G1 Z1.8
G1 E1 F2700
;WIDTH:0.4239
G1 F10800
G1 X147.208 Y101.058 E.10063
G1 X147.373 Y101.762 E.02013
G1 X144.499 Y98.888 E.11327
G1 X144.204 Y99.132 E.01067
G1 X147.508 Y102.436 E.13024
G1 X147.64 Y103.106 E.01906
G1 X143.855 Y99.322 E.1492
G1 X143.494 Y99.5 E.01122
G1 X147.751 Y103.757 E.16783
G1 X147.845 Y104.389 E.01781
G1 X143.055 Y99.599 E.18883
G1 X142.595 Y99.678 E.013
G1 X147.938 Y105.021 E.21063
G1 X147.96 Y105.167 E.00412
G1 X147.547 Y105.168 E.01151
G1 X141.813 Y99.435 E.22603
G1 E-.77778 F2400
;WIPE_START
G1 F10800
G1 X142.521 Y100.142 E-.22222
;WIPE_END
G17
G3 Z2.2 I1.194 J-.234 P1  F9000
G1 X139.89 Y86.736 Z2.2
G1 Z1.8
G1 E1 F2700
G1 F10800
G1 X141.603 Y88.449 E.06755
G1 X142.219 Y89.365 E.03078
G1 X142.611 Y89.996 E.0207
G1 X139.739 Y87.124 E.11323
G1 X139.469 Y87.392 E.01062
G1 X143.37 Y91.293 E.1538
G1 X144.011 Y92.473 E.03743
G1 X139.174 Y87.636 E.19071
G1 X138.876 Y87.877 E.01068
G1 X144.53 Y93.532 E.22291
G1 X144.811 Y94.112 E.01796
G1 X144.856 Y94.395 E.00801
G1 X138.579 Y88.119 E.24745
G1 X138.282 Y88.361 E.01068
G1 X143.643 Y93.721 E.21134
G1 X143.399 Y93.62 E.00736
G1 X142.888 Y93.506 E.01458
G1 X137.985 Y88.602 E.19332
G1 X137.687 Y88.844 E.01068
G1 X142.317 Y93.474 E.18253
G1 X142.157 Y93.486 E.00448
G1 X141.852 Y93.547 E.00868
G1 X137.39 Y89.085 E.1759
G1 X137.093 Y89.327 E.01068
G1 X141.415 Y93.649 E.17041
G1 X141.046 Y93.819 E.01133
G1 X136.796 Y89.568 E.16757
G1 X136.498 Y89.81 E.01068
G1 X140.698 Y94.009 E.16556
G1 X140.401 Y94.251 E.01068
G1 X136.192 Y90.042 E.16592
G1 X136.07 Y90.117 E.00399
G1 X135.897 Y90.172 E.00506
G1 X135.795 Y90.184 E.00286
G1 X140.121 Y94.51 E.17056
G1 X139.889 Y94.817 E.01072
G1 X135.148 Y90.075 E.18692
G1 X134.412 Y89.878 E.02123
G1 X139.689 Y95.155 E.20804
G1 X139.518 Y95.523 E.01131
G1 X133.676 Y89.682 E.2303
G1 X132.941 Y89.485 E.02123
G1 X139.405 Y95.95 E.25488
G1 X139.365 Y96.118 E.00482
G1 X139.354 Y96.437 E.0089
G1 X131.965 Y89.048 E.29131
G1 E-.77778 F2400
;WIPE_START
G1 F10800
G1 X132.672 Y89.755 E-.22222
;WIPE_END
G17
G3 Z2.2 I1.214 J.078 P1  F9000
G1 X133.293 Y80.139 Z2.2
G1 Z1.8
G1 E1 F2700
G1 F10800
G1 X131.597 Y78.443 E.06689
G1 X131.103 Y78.106 E.01666
G1 X130.072 Y77.457 E.03395
G1 X132.905 Y80.289 E.11167
G1 X132.636 Y80.56 E.01062
G1 X128.749 Y76.672 E.15325
G1 X127.59 Y76.052 E.03665
G1 X132.392 Y80.854 E.18934
G1 X132.15 Y81.151 E.01068
G1 X126.512 Y75.513 E.22229
G1 X125.526 Y75.066 E.03016
G1 X131.908 Y81.448 E.2516
G1 X131.667 Y81.745 E.01068
G1 X124.576 Y74.654 E.27955
G1 X123.681 Y74.299 E.02684
G1 X131.425 Y82.042 E.30529
G1 X131.183 Y82.339 E.01068
G1 X122.825 Y73.981 E.32949
G1 X122.017 Y73.713 E.02373
G1 X130.941 Y82.636 E.3518
G1 X130.699 Y82.933 E.01068
G1 X121.216 Y73.45 E.37386
G1 X120.453 Y73.225 E.02218
G1 X130.457 Y83.23 E.39442
G1 X130.215 Y83.527 E.01068
G1 X119.72 Y73.032 E.41376
G1 X118.996 Y72.846 E.02084
G1 X129.98 Y83.83 E.43302
G1 X129.86 Y84.091 E.008
G1 X129.842 Y84.231 E.00395
G1 X118.293 Y72.682 E.45533
G1 X117.606 Y72.533 E.0196
G1 X129.945 Y84.873 E.48649
G1 X130.143 Y85.609 E.02125
G1 X116.947 Y72.414 E.52024
G1 X116.289 Y72.294 E.01866
G1 X130.34 Y86.346 E.55398
G1 X130.538 Y87.082 E.02125
G1 X115.648 Y72.192 E.58702
G1 X115.018 Y72.101 E.01776
G1 X130.976 Y88.058 E.62913
G1 X139.579 Y97.201 F9000
G1 F10800
G1 X114.836 Y72.458 E.97548
G1 X114.834 Y72.995 E.01497
G1 X139.56 Y97.72 E.97479
G1 X139.679 Y97.999 E.00844
G1 X140.054 Y98.561 E.01884
G1 X140.201 Y98.727 E.00619
G1 X140.604 Y99.081 E.01495
G1 X140.788 Y99.204 E.00618
G1 X141.288 Y99.449 E.01552
G1 X147.01 Y105.17 E.22556
G1 X146.503 Y105.203 E.01414
G1 X114.805 Y73.504 E1.2497
G1 X114.755 Y73.993 E.01369
G1 X146.015 Y105.253 E1.23242
G1 X145.526 Y105.303 E.01369
G1 X114.704 Y74.481 E1.21513
G1 X114.654 Y74.97 E.01369
G1 X145.038 Y105.353 E1.19785
G1 X144.549 Y105.403 E.01369
G1 X114.604 Y75.458 E1.18057
G1 X114.553 Y75.947 E.01369
G1 X144.06 Y105.454 E1.16329
G1 X143.572 Y105.504 E.01369
G1 X114.503 Y76.435 E1.14601
G1 X114.453 Y76.924 E.01369
G1 X125.658 Y88.129 E.44177
G1 X126.67 Y88.885 E.0352
G1 X127.739 Y89.773 E.03874
G1 X128.761 Y90.714 E.03873
G1 X129.704 Y91.677 E.03758
G1 X130.351 Y92.397 E.02699
G1 X131.233 Y93.47 E.03871
G1 X131.899 Y94.37 E.03121
G1 X143.083 Y105.554 E.44093
G1 X142.741 Y105.589 E.00959
G1 X142.611 Y105.62 E.00373
G1 X132.958 Y95.968 E.38054
G1 X133.518 Y96.915 E.03067
G1 X133.686 Y97.234 E.01005
G1 X142.258 Y105.807 E.33796
G1 X142.122 Y105.935 E.00521
G1 X142.016 Y106.103 E.00555
G1 X134.252 Y98.339 E.30609
G1 X134.711 Y99.337 E.03062
G1 X141.819 Y106.445 E.28021
G1 X141.621 Y106.786 E.01099
G1 X135.077 Y100.241 E.25802
G1 X135.394 Y101.097 E.02545
G1 X141.424 Y107.127 E.23773
G1 X141.227 Y107.469 E.01099
G1 X135.672 Y101.914 E.21899
G1 X135.892 Y102.673 E.02203
G1 X141.029 Y107.81 E.20252
G1 X140.832 Y108.152 E.01099
G1 X136.099 Y103.419 E.18657
G1 X136.259 Y104.118 E.01997
G1 X140.635 Y108.493 E.1725
G1 X140.437 Y108.835 E.01099
G1 X136.411 Y104.808 E.15874
G1 X136.525 Y105.461 E.01848
G1 X140.24 Y109.176 E.14646
G1 X140.043 Y109.518 E.01099
G1 X136.636 Y106.111 E.13431
G1 X136.711 Y106.724 E.01723
G1 X139.912 Y109.926 E.12621
G1 X139.922 Y110.183 E.00719
G1 X140.022 Y110.447 E.00786
G1 X140.197 Y110.749 E.00974
G1 X136.785 Y107.338 E.13449
G1 X136.834 Y107.925 E.01642
G1 X141.399 Y112.49 E.17999
G1 E-.77778 F2400
;WIPE_START
G1 F10800
G1 X140.692 Y111.783 E-.22222
;WIPE_END
G17
G3 Z2.2 I-.645 J1.032 P1  F9000
G1 X144.997 Y114.472 Z2.2
G1 Z1.8
G1 E1 F2700
G1 F10800
G1 X147.603 Y117.078 E.10276
G1 X147.515 Y117.529 E.01279
G1 X144.587 Y114.6 E.11544
G1 X143.986 Y114.539 E.01683
G1 X147.426 Y117.979 E.13562
G1 X147.33 Y118.421 E.01262
G1 X143.196 Y114.287 E.16299
G1 X147.369 Y118.999 F9000
G1 F10800
G1 X142.785 Y114.416 E.1807
G1 X142.548 Y114.369 E.00674
G1 X142.354 Y114.276 E.006
G1 X142.211 Y114.164 E.00506
G1 X142.058 Y113.969 E.00691
G1 X141.673 Y113.303 E.02145
G1 X136.877 Y108.507 E.18908
G1 X136.897 Y109.066 E.0156
G1 X147.124 Y119.293 E.40319
G1 X147.009 Y119.716 E.01224
G1 X136.915 Y109.623 E.39794
G1 X136.912 Y110.159 E.01495
G1 X146.893 Y120.14 E.3935
G1 X146.778 Y120.564 E.01224
G1 X136.903 Y110.689 E.38931
G1 X136.891 Y111.215 E.01467
G1 X146.658 Y120.982 E.38505
G1 X146.53 Y121.393 E.012
G1 X136.856 Y111.719 E.38138
G1 X136.822 Y112.223 E.01409
G1 X146.402 Y121.804 E.3777
G1 X146.264 Y122.204 E.01181
G1 X136.778 Y112.718 E.37398
G1 X136.72 Y113.199 E.0135
G1 X146.124 Y122.603 E.37076
G1 X145.985 Y123.003 E.01179
G1 X136.662 Y113.68 E.36754
G1 X136.592 Y114.149 E.01322
G1 X145.844 Y123.401 E.36474
G1 X145.693 Y123.788 E.0116
G1 X136.513 Y114.608 E.36192
G1 X136.433 Y115.068 E.01299
G1 X145.542 Y124.176 E.3591
G1 X145.385 Y124.558 E.01151
G1 X136.342 Y115.515 E.35651
G1 X136.243 Y115.955 E.01255
G1 X145.223 Y124.935 E.35404
G1 X145.06 Y125.311 E.01143
G1 X136.143 Y116.394 E.35157
G1 X136.034 Y116.824 E.01237
G1 X144.898 Y125.688 E.34945
G1 X144.729 Y126.057 E.01133
G1 X135.916 Y117.244 E.34746
G1 X135.797 Y117.664 E.01217
G1 X144.554 Y126.421 E.34522
G1 X144.378 Y126.784 E.01125
G1 X135.674 Y118.08 E.34315
G1 X135.539 Y118.484 E.01187
G1 X144.203 Y127.147 E.34156
G1 X144.021 Y127.505 E.01117
G1 X135.404 Y118.887 E.33973
G1 X135.26 Y119.282 E.01172
G1 X143.833 Y127.855 E.33798
G1 X143.645 Y128.206 E.01109
G1 X135.111 Y119.672 E.33643
G1 X134.963 Y120.062 E.01164
G1 X143.457 Y128.557 E.33488
G1 X143.265 Y128.903 E.01105
G1 X134.802 Y120.44 E.33364
G1 X134.637 Y120.815 E.0114
G1 X143.066 Y129.244 E.3323
G1 X142.868 Y129.584 E.01098
G1 X134.473 Y121.189 E.33096
G1 X134.303 Y121.558 E.01133
G1 X142.663 Y129.918 E.32957
G1 X142.454 Y130.248 E.01089
G1 X134.123 Y121.917 E.32844
G1 X133.943 Y122.276 E.01119
G1 X142.246 Y130.578 E.32732
G1 X142.037 Y130.908 E.01089
G1 X133.763 Y122.634 E.3262
G1 X133.569 Y122.979 E.01103
G1 X141.824 Y131.234 E.32542
G1 X141.605 Y131.554 E.01081
G1 X133.374 Y123.323 E.32451
G1 X133.179 Y123.667 E.01102
G1 X141.387 Y131.874 E.32359
G1 X141.161 Y132.187 E.01076
G1 X132.978 Y124.004 E.3226
G1 X132.769 Y124.334 E.01089
G1 X140.931 Y132.496 E.32177
G1 X140.701 Y132.805 E.01073
G1 X132.56 Y124.664 E.32094
G1 X132.346 Y124.989 E.01084
G1 X140.471 Y133.114 E.32033
G1 X140.262 Y133.395 E.00976
G1 X139.45 Y132.589 E.0319
G1 X139.222 Y132.403 E.0082
G1 X132.125 Y125.307 E.27978
G1 X131.904 Y125.625 E.01079
G1 X136.345 Y130.065 E.17507
G1 X136.08 Y129.888 E.00889
G1 X135.864 Y129.821 E.0063
G1 X135.562 Y129.821 E.00843
G1 X131.679 Y125.938 E.15308
G1 X131.444 Y126.242 E.01071
G1 X135.131 Y129.929 E.14535
G1 X134.706 Y130.043 E.01227
G1 X131.21 Y126.547 E.13782
G1 X130.976 Y126.852 E.01071
G1 X134.281 Y130.157 E.1303
G1 X133.856 Y130.27 E.01227
G1 X130.731 Y127.146 E.12319
G1 X130.483 Y127.436 E.01065
G1 X133.57 Y130.523 E.12167
G1 E-.77778 F2400
;WIPE_START
G1 F10800
G1 X132.862 Y129.816 E-.22222
;WIPE_END
G17
G3 Z2.2 I1.194 J-.234 P1  F9000
G1 X124.612 Y87.622 Z2.2
G1 Z1.8
G1 E1 F2700
G1 F10800
G1 X114.391 Y77.4 E.40297
G1 X114.369 Y77.498 E.00278
G1 X114.303 Y77.643 E.00445
G1 X114.217 Y77.766 E.00417
G1 X122.807 Y86.355 E.33865
G1 X122.379 Y86.12 E.01362
G1 X121.707 Y85.794 E.02082
G1 X113.921 Y78.008 E.30697
G1 X113.579 Y78.205 E.011
G1 X120.711 Y85.337 E.28117
G1 X119.784 Y84.948 E.02802
G1 X113.237 Y78.402 E.25809
G1 X112.896 Y78.599 E.011
G1 X118.928 Y84.631 E.23781
G1 X118.13 Y84.372 E.02337
G1 X112.554 Y78.796 E.21984
G1 X112.212 Y78.993 E.011
G1 X117.357 Y84.139 E.20285
G1 X116.622 Y83.941 E.02124
G1 X111.87 Y79.19 E.18731
G1 X111.529 Y79.387 E.011
G1 X115.914 Y83.772 E.17288
G1 X115.229 Y83.626 E.01953
G1 X111.187 Y79.585 E.15934
G1 X110.845 Y79.782 E.011
G1 X114.569 Y83.505 E.14681
G1 X113.927 Y83.402 E.01812
G1 X110.504 Y79.979 E.13497
G1 X110.296 Y80.08 E.00644
G1 X110.104 Y80.118 E.00546
G1 X113.304 Y83.318 E.12614
G1 X112.699 Y83.252 E.01695
G1 X109.331 Y79.884 E.13279
G1 X108.058 Y79.15 E.04096
G1 X112.286 Y83.378 E.1667
G1 E-.77778 F2400
;WIPE_START
G1 F10800
G1 X111.579 Y82.671 E-.22222
;WIPE_END
G17
G3 Z2.2 I.955 J-.754 P1  F9000
G1 X105.519 Y74.994 Z2.2
G1 Z1.8
G1 E1 F2700
G1 F10800
G1 X102.952 Y72.427 E.10118
G1 X102.499 Y72.513 E.01285
G1 X105.39 Y75.404 E.11398
G1 X105.452 Y76.005 E.01683
G1 X102.053 Y72.606 E.13399
G1 X101.611 Y72.703 E.01262
G1 X105.704 Y76.796 E.16136
G1 X101.032 Y72.662 F9000
G1 F10800
G1 X105.576 Y77.206 E.17914
G1 X105.64 Y77.523 E.00902
G1 X105.731 Y77.698 E.00549
G1 X105.87 Y77.862 E.00601
G1 X106.029 Y77.98 E.00552
G1 X106.785 Y78.416 E.02433
G1 X111.531 Y83.161 E.18708
G1 X110.959 Y83.128 E.01595
G1 X100.741 Y72.909 E.40287
G1 X100.309 Y73.017 E.0124
G1 X110.41 Y83.118 E.39824
G1 X109.868 Y83.114 E.01513
G1 X99.888 Y73.135 E.39343
G1 X99.469 Y73.255 E.01214
G1 X109.336 Y83.121 E.38899
G1 X108.816 Y83.14 E.01452
G1 X99.05 Y73.375 E.38498
G1 X98.633 Y73.496 E.01212
G1 X108.303 Y83.166 E.38123
G1 X107.805 Y83.207 E.01392
G1 X98.229 Y73.63 E.37755
G1 X97.824 Y73.765 E.01188
G1 X107.307 Y83.248 E.37386
G1 X106.823 Y83.302 E.0136
G1 X97.42 Y73.899 E.37068
G1 X97.019 Y74.037 E.01182
G1 X97.675 Y74.693 E.02583
G1 X98.113 Y74.901 E.01353
G1 X98.587 Y75.234 E.01616
G1 X99.025 Y75.697 E.01777
G1 X99.335 Y76.187 E.01615
G1 X99.451 Y76.469 E.0085
G1 X106.348 Y83.366 E.27192
G1 X105.873 Y83.43 E.01336
G1 X99.637 Y77.194 E.24586
G1 X99.662 Y77.32 E.00358
G1 X99.658 Y77.754 E.0121
G1 X105.412 Y83.508 E.22685
G1 X104.958 Y83.593 E.01287
G1 X99.592 Y78.227 E.21155
G1 X99.523 Y78.549 E.0092
G1 X99.479 Y78.652 E.00313
G1 X104.504 Y83.677 E.19812
G1 X104.065 Y83.777 E.01256
G1 X99.317 Y79.029 E.18718
G1 X99.106 Y79.357 E.01087
G1 X103.63 Y83.881 E.17836
G1 X103.196 Y83.985 E.01246
G1 X98.872 Y79.662 E.17045
G1 X98.598 Y79.926 E.01062
G1 X102.772 Y84.101 E.16458
G1 X102.356 Y84.223 E.01211
G1 X98.292 Y80.159 E.16021
G1 X97.961 Y80.367 E.0109
G1 X101.939 Y84.345 E.15684
G1 X101.534 Y84.478 E.01189
G1 X97.58 Y80.524 E.15589
G1 X97.508 Y80.554 E.00216
G1 X97.145 Y80.628 E.01033
G1 X101.131 Y84.615 E.15716
G1 X100.732 Y84.754 E.01179
G1 X96.668 Y80.69 E.16023
G1 X96.312 Y80.69 E.0099
G1 X96.091 Y80.652 E.00626
G1 X100.345 Y84.906 E.16771
G1 X99.958 Y85.058 E.01159
G1 X95.332 Y80.432 E.18237
G1 X95 Y80.279 E.01018
G1 X94.49 Y79.911 E.01756
G1 X94.144 Y79.551 E.01391
G1 X93.761 Y78.95 E.01988
G1 X93.707 Y78.806 E.00427
G1 X91.459 Y76.559 E.08862
G1 X91.114 Y76.753 E.01103
G1 X99.571 Y85.21 E.33342
G1 X99.198 Y85.375 E.01138
G1 X90.769 Y76.947 E.33229
G1 X90.432 Y77.148 E.01095
G1 X98.827 Y85.543 E.33097
G1 X98.456 Y85.711 E.01135
G1 X90.095 Y77.35 E.32962
G1 X89.76 Y77.554 E.01093
G1 X98.093 Y85.887 E.3285
G1 X97.738 Y86.07 E.01115
G1 X89.434 Y77.767 E.32736
G1 X89.107 Y77.979 E.01086
G1 X97.382 Y86.254 E.32623
G1 X97.027 Y86.437 E.01115
G1 X88.781 Y78.191 E.32509
G1 X88.454 Y78.403 E.01086
G1 X96.686 Y86.635 E.32454
G1 X96.346 Y86.834 E.01098
G1 X88.139 Y78.627 E.32354
G1 X87.825 Y78.851 E.01077
G1 X96.006 Y87.032 E.32253
G1 X95.672 Y87.238 E.01092
G1 X87.51 Y79.076 E.32178
G1 X87.196 Y79.3 E.01077
G1 X95.346 Y87.45 E.32132
G1 X95.02 Y87.663 E.01085
G1 X86.89 Y79.533 E.32052
G1 X86.587 Y79.769 E.0107
G1 X94.698 Y87.879 E.31975
G1 X94.383 Y88.104 E.01077
G1 X89.685 Y83.405 E.18523
G1 X89.987 Y83.777 E.01337
G1 X90.079 Y83.926 E.00489
G1 X90.146 Y84.115 E.00556
G1 X90.17 Y84.285 E.00478
G1 X90.155 Y84.415 E.00365
G1 X94.069 Y88.328 E.15427
G1 X93.76 Y88.558 E.01074
G1 X90.059 Y84.857 E.1459
G1 X89.945 Y85.282 E.01226
G1 X93.458 Y88.795 E.13851
G1 X93.157 Y89.032 E.0107
G1 X89.831 Y85.706 E.13112
G1 X89.717 Y86.131 E.01226
G1 X92.855 Y89.27 E.12374
G1 X92.565 Y89.518 E.01065
G1 X89.464 Y86.418 E.12224
G1 E-.77778 F2400
;WIPE_START
G1 F10800
G1 X90.171 Y87.125 E-.22222
;WIPE_END
G17
G3 Z2.2 I1.06 J.598 P1  F9000
G1 X97.172 Y74.728 Z2.2
G1 Z1.8
G1 E1 F2700
G1 F10800
G1 X96.495 Y74.052 E.02667
G1 E-.78739 F2400
;WIPE_START
G1 F10800
G1 X97.172 Y74.728 E-.21261
;WIPE_END
G17
G3 Z2.2 I-.537 J1.092 P1  F9000
G1 X145.092 Y98.267 Z2.2
G1 Z1.8
G1 E1 F2700
;WIDTH:0.419999
G1 F10800
G1 X146.884 Y100.058 E.06992
G1 X146.658 Y99.225 E.02383
G1 X146.335 Y98.184 E.03007
G1 X145.797 Y96.646 E.04495
G1 X145.622 Y96.278 E.01124
G1 X145.539 Y97.239 E.02661
G1 X145.353 Y97.824 E.01694
G1 X145.112 Y98.232 E.01307
G1 X145.548 Y98.211 F9000
;WIDTH:0.390081
G1 F10800
G1 X146.151 Y98.813 E.02163
G1 X145.778 Y97.689 E.03009
G1 X145.618 Y98.095 E.01107
G1 X145.569 Y98.177 E.00243
G1 E-.77778 F2400
;WIPE_START
G1 F10800
G1 X145.618 Y98.095 E-.02128
G1 X145.778 Y97.689 E-.09688
G1 X145.925 Y98.133 E-.10407
;WIPE_END
G17
G3 Z2.2 I-1.217 J.019 P1  F9000
G1 X146.187 Y114.826 Z2.2
G1 Z1.8
G1 E1 F2700
;WIDTH:0.419999
G1 F10800
G1 X147.676 Y116.316 E.05813
G1 X147.895 Y114.894 E.0397
G1 X146.822 Y114.89 E.02963
G1 X146.227 Y114.83 E.0165
G1 X147.396 Y115.293 F9000
;WIDTH:0.584644
G1 F9968.176
G1 X147.328 Y115.293 E.00268
G1 X147.294 Y115.351 E.00268
G1 X147.328 Y115.41 E.00268
G1 X147.396 Y115.41 E.00268
G1 X147.41 Y115.386 E.0011
G1 X130.331 Y128.834 F9000
;WIDTH:0.419999
G1 F10800
G1 X129.548 Y129.65 E.03122
G1 X130.513 Y130.615 E.03766
G1 X130.824 Y130.352 E.01123
G1 X131.344 Y130.099 E.01597
G1 X131.543 Y130.045 E.00568
G1 X130.36 Y128.862 E.04617
G1 X130.339 Y129.375 F9000
G1 F10800
G1 X130.08 Y129.649 E.01041
G1 X130.537 Y130.106 E.01785
G1 X130.865 Y129.9 E.01067
G1 X130.367 Y129.403 E.01941
G1 X129.008 Y129.644 F9000
G1 F10800
G1 X130.572 Y131.208 E.06102
G1 X130.823 Y130.832 E.01248
G1 X131.004 Y130.683 E.00645
G1 X131.442 Y130.463 E.01352
G1 X132.272 Y130.241 E.02371
G1 X130.324 Y128.293 E.07601
G1 X129.411 Y129.259 E.03667
G1 X129.037 Y129.616 E.01427
G1 X128.469 Y129.638 F9000
G1 F10800
G1 X130.751 Y131.92 E.08907
G1 X130.928 Y131.325 E.01713
G1 X131.174 Y131.02 E.0108
G1 X131.539 Y130.827 E.01139
G1 X133 Y130.436 E.04174
G1 X130.316 Y127.752 E.10473
G1 X129.384 Y128.739 E.03746
G1 X128.497 Y129.61 E.03429
; stop printing object ОсновнойПрофиль.stl id:503862 copy 0
;LAYER_CHANGE
;Z:2
;HEIGHT:0.2
;BEFORE_LAYER_CHANGE
;2
G92 E0

G1 E-.77778 F2400
;WIPE_START
G1 F10800
G1 X129.211 Y128.909 E-.22222
;WIPE_END
;_SET_FAN_SPEED_CHANGING_LAYER
; printing object ОсновнойПрофиль.stl id:503862 copy 0
G17
G3 Z2.4 I.432 J-1.138 P1  F9000
G1 X79.728 Y110.135 Z2.4
G1 Z2
G1 E1 F2700
M204 P2000
;TYPE:Inner wall
;WIDTH:0.449999
G1 F7200
G1 X79.764 Y110.005 E.004
G1 X79.686 Y109.709 E.0091
G1 X78.189 Y107.119 E.08911
G1 X77.592 Y106.11 E.03492
G1 X77.425 Y105.98 E.0063
G1 X77.217 Y105.917 E.00649
G1 X73.098 Y105.498 E.12333
G1 X71.664 Y105.498 E.0427
G1 X71.723 Y104.992 E.01518
G1 X71.971 Y103.365 E.049
G1 X72.175 Y102.291 E.03257
G1 X72.537 Y100.693 E.04882
G1 X72.967 Y99.111 E.04882
G1 X73.291 Y98.066 E.03258
G1 X73.833 Y96.515 E.04894
G1 X74.439 Y94.992 E.04882
G1 X74.88 Y93.991 E.03258
G1 X75.594 Y92.512 E.04895
G1 X76.369 Y91.067 E.04883
G1 X76.92 Y90.122 E.03259
G1 X77.797 Y88.734 E.0489
G1 X78.414 Y87.831 E.03258
G1 X79.386 Y86.508 E.04889
G1 X79.706 Y86.106 E.01531
G1 X80.764 Y87.158 E.04445
G1 X83.98 Y89.768 E.12337
G1 X84.213 Y89.855 E.00743
G1 X84.446 Y89.842 E.00693
G1 X88.359 Y88.794 E.12068
G1 X88.613 Y88.65 E.0087
G1 X88.77 Y88.384 E.00921
G1 X89.819 Y84.474 E.12056
G1 X89.829 Y84.217 E.00766
G1 X89.708 Y83.957 E.00854
G1 X87.093 Y80.751 E.12325
G1 X86.083 Y79.742 E.04251
G1 X86.915 Y79.093 E.03144
G1 X88.255 Y78.138 E.04902
G1 X89.634 Y77.242 E.04898
G1 X90.57 Y76.679 E.03254
G1 X91.519 Y76.145 E.03241
G1 X92.994 Y75.383 E.04945
G1 X94.063 Y74.879 E.03522
;WIDTH:0.490014
G1 X94.3 Y74.797 E.00819
;WIDTH:0.530028
G1 X94.537 Y74.715 E.00893
;WIDTH:0.570043
G1 X94.773 Y74.634 E.00966
;WIDTH:0.610057
G1 X95.541 Y74.338 E.03412
;WIDTH:0.605481
G1 X95.68 Y74.262 E.00655
;WIDTH:0.566611
G1 X95.82 Y74.186 E.00609
;WIDTH:0.52774
G1 X95.959 Y74.109 E.00564
;WIDTH:0.48887
G1 X96.099 Y74.033 E.00519
;WIDTH:0.449999
G1 X97.529 Y73.506 E.04541
G1 X98.571 Y73.167 E.03262
G1 X99.622 Y72.858 E.03263
G1 X100.679 Y72.58 E.03255
G1 X102.285 Y72.217 E.04906
G1 X103.359 Y72.014 E.03255
G1 X104.465 Y71.837 E.03337
G1 X105.493 Y71.711 E.03085
G1 X105.493 Y73.168 E.04339
G1 X105.913 Y77.253 E.12232
G1 X105.99 Y77.487 E.00735
G1 X106.201 Y77.696 E.00884
G1 X109.71 Y79.72 E.12065
G1 X109.997 Y79.798 E.00886
G1 X110.29 Y79.72 E.00903
G1 X113.799 Y77.696 E.12065
G1 X113.991 Y77.516 E.00785
G1 X114.086 Y77.253 E.00835
G1 X114.507 Y73.168 E.12232
G1 X114.507 Y71.707 E.04352
G1 X116.124 Y71.927 E.04862
G1 X117.717 Y72.217 E.04824
G1 X118.783 Y72.45 E.03249
G1 X120.378 Y72.859 E.04906
G1 X121.425 Y73.166 E.03248
G1 X122.987 Y73.687 E.04906
G1 X124.011 Y74.068 E.03255
G1 X125.024 Y74.479 E.03255
G1 X126.523 Y75.15 E.04893
G1 X127.506 Y75.632 E.03261
G1 X128.954 Y76.407 E.04892
G1 X129.9 Y76.957 E.03261
G1 X131.289 Y77.833 E.04892
G1 X132.194 Y78.449 E.0326
G1 X133.518 Y79.421 E.04891
G1 X133.92 Y79.739 E.01528
G1 X132.867 Y80.795 E.04442
G1 X130.254 Y84.009 E.12338
G1 X130.165 Y84.257 E.00786
G1 X130.181 Y84.474 E.00648
G1 X131.23 Y88.384 E.12056
G1 X131.376 Y88.639 E.00878
G1 X131.64 Y88.794 E.00913
G1 X135.554 Y89.842 E.12068
G1 X135.812 Y89.851 E.00768
G1 X136.07 Y89.731 E.0085
G1 X139.28 Y87.119 E.12328
G1 X140.294 Y86.106 E.04269
G1 X140.612 Y86.507 E.01524
G1 X141.586 Y87.83 E.04895
G1 X142.501 Y89.191 E.04884
G1 X143.078 Y90.12 E.03258
G1 X143.895 Y91.544 E.0489
G1 X144.406 Y92.512 E.03259
G1 X145.142 Y94.044 E.05063
;WIDTH:0.494616
G1 X145.186 Y94.202 E.00542
;WIDTH:0.539233
G1 X145.23 Y94.36 E.00596
;WIDTH:0.58385
G1 X145.274 Y94.518 E.00649
;WIDTH:0.628467
G1 X145.318 Y94.676 E.00703
G1 X145.54 Y95.151 E.02246
;WIDTH:0.612555
G1 X145.739 Y95.643 E.02214
G1 X145.812 Y95.773 E.00619
;WIDTH:0.571916
G1 X145.884 Y95.903 E.00575
;WIDTH:0.531277
G1 X145.957 Y96.033 E.00531
;WIDTH:0.490638
G1 X146.029 Y96.162 E.00487
;WIDTH:0.449999
G1 X146.708 Y98.065 E.06018
G1 X147.033 Y99.11 E.0326
G1 X147.463 Y100.694 E.04888
G1 X147.717 Y101.782 E.03328
G1 X148.028 Y103.367 E.04812
G1 X148.278 Y104.999 E.04918
G1 X148.336 Y105.498 E.01497
G1 X146.843 Y105.501 E.04447
G1 X142.783 Y105.917 E.12156
G1 X142.542 Y105.998 E.00758
G1 X142.34 Y106.205 E.0086
G1 X140.314 Y109.709 E.12059
G1 X140.236 Y109.99 E.00867
G1 X140.314 Y110.291 E.00925
G1 X141.952 Y113.124 E.09749
G1 X142.395 Y113.875 E.02596
G1 X142.562 Y114.013 E.00646
G1 X142.783 Y114.083 E.00691
G1 X146.902 Y114.502 E.12333
G1 X148.336 Y114.502 E.0427
G1 X148.276 Y115.012 E.01527
G1 X148.029 Y116.632 E.04882
G1 X147.711 Y118.244 E.04894
G1 X147.462 Y119.309 E.03258
G1 X147.032 Y120.892 E.04888
G1 X146.7 Y121.959 E.03328
G1 X146.166 Y123.486 E.04819
G1 X145.77 Y124.501 E.03246
G1 X145.119 Y126.01 E.04895
G1 X144.406 Y127.488 E.04888
G1 X143.631 Y128.933 E.04882
G1 X143.08 Y129.878 E.03259
G1 X142.203 Y131.266 E.04889
G1 X141.586 Y132.169 E.03259
G1 X140.614 Y133.491 E.04889
G1 X140.294 Y133.894 E.01531
G1 X139.236 Y132.842 E.04445
G1 X136.07 Y130.269 E.12151
G1 X135.87 Y130.163 E.00676
G1 X135.554 Y130.158 E.00941
G1 X131.64 Y131.206 E.12068
G1 X131.403 Y131.334 E.00804
G1 X131.23 Y131.616 E.00986
G1 X130.181 Y135.526 E.12056
G1 X130.171 Y135.783 E.00768
G1 X130.292 Y136.043 E.00852
G1 X132.907 Y139.249 E.12325
G1 X133.92 Y140.261 E.04265
G1 X133.52 Y140.578 E.01521
G1 X132.195 Y141.551 E.04897
G1 X130.833 Y142.464 E.04885
G1 X129.902 Y143.041 E.03261
G1 X128.477 Y143.857 E.04893
G1 X127.508 Y144.367 E.03262
G1 X125.936 Y145.121 E.05191
;WIDTH:0.495108
G1 X125.783 Y145.163 E.00527
;WIDTH:0.540217
G1 X125.629 Y145.206 E.0058
;WIDTH:0.585326
G1 X125.476 Y145.249 E.00633
;WIDTH:0.630434
G1 X125.322 Y145.292 E.00685
G1 X124.99 Y145.448 E.0158
;WIDTH:0.611464
G1 X124.34 Y145.707 E.0291
;WIDTH:0.610293
G1 X124.241 Y145.767 E.00481
;WIDTH:0.57022
G1 X124.142 Y145.828 E.00447
;WIDTH:0.530146
G1 X124.044 Y145.889 E.00413
;WIDTH:0.490073
G1 X123.945 Y145.95 E.00379
;WIDTH:0.449999
G1 X123.502 Y146.126 E.01421
G1 X121.949 Y146.668 E.049
G1 X120.902 Y146.991 E.03262
G1 X119.317 Y147.421 E.04893
G1 X118.251 Y147.67 E.03262
G1 X116.641 Y147.986 E.04887
G1 X115.015 Y148.234 E.04899
G1 X114.507 Y148.293 E.01525
G1 X114.504 Y146.802 E.04441
G1 X114.086 Y142.747 E.12143
G1 X114.002 Y142.5 E.00777
G1 X113.799 Y142.304 E.00842
G1 X110.29 Y140.28 E.12065
G1 X110.007 Y140.202 E.00873
G1 X109.71 Y140.28 E.00916
G1 X106.201 Y142.304 E.12065
G1 X106.007 Y142.487 E.00795
G1 X105.913 Y142.747 E.00824
G1 X105.493 Y146.862 E.1232
G1 X105.493 Y148.293 E.04264
G1 X104.982 Y148.234 E.01531
G1 X103.361 Y147.987 E.04887
G1 X101.747 Y147.67 E.04899
G1 X100.658 Y147.415 E.03331
G1 X99.097 Y146.991 E.04817
G1 X97.53 Y146.494 E.04899
G1 X96.499 Y146.126 E.03261
G1 X94.974 Y145.52 E.04886
G1 X93.477 Y144.85 E.04886
G1 X92.494 Y144.368 E.03261
G1 X91.046 Y143.593 E.04892
G1 X90.1 Y143.043 E.03261
G1 X88.71 Y142.167 E.04892
G1 X87.805 Y141.551 E.0326
G1 X86.482 Y140.579 E.04891
G1 X86.08 Y140.261 E.01528
G1 X87.132 Y139.205 E.04442
G1 X89.708 Y136.043 E.12148
G1 X89.816 Y135.835 E.00698
G1 X89.819 Y135.526 E.00922
G1 X88.77 Y131.616 E.12056
G1 X88.627 Y131.364 E.00863
G1 X88.359 Y131.206 E.00927
G1 X84.446 Y130.158 E.12068
G1 X84.192 Y130.148 E.00755
G1 X83.929 Y130.269 E.00862
G1 X80.719 Y132.881 E.12328
G1 X79.706 Y133.894 E.04269
G1 X79.388 Y133.493 E.01524
G1 X78.414 Y132.17 E.04895
G1 X77.499 Y130.809 E.04884
G1 X76.921 Y129.88 E.03258
G1 X76.105 Y128.456 E.0489
G1 X75.594 Y127.488 E.03259
G1 X74.857 Y125.956 E.05063
;WIDTH:0.494616
G1 X74.813 Y125.798 E.00542
;WIDTH:0.539233
G1 X74.769 Y125.64 E.00596
;WIDTH:0.58385
G1 X74.726 Y125.482 E.00649
;WIDTH:0.628467
G1 X74.682 Y125.324 E.00703
G1 X74.436 Y124.791 E.02513
;WIDTH:0.624704
G1 X74.198 Y124.18 E.02793
G1 X74.141 Y124.095 E.00437
;WIDTH:0.581028
G1 X74.084 Y124.009 E.00405
;WIDTH:0.537352
G1 X74.028 Y123.923 E.00372
;WIDTH:0.493676
G1 X73.971 Y123.838 E.00339
;WIDTH:0.449999
G1 X73.291 Y121.935 E.06018
G1 X72.967 Y120.89 E.03259
G1 X72.537 Y119.306 E.04889
G1 X72.288 Y118.241 E.03258
G1 X71.971 Y116.633 E.04882
G1 X71.723 Y115.009 E.04894
G1 X71.664 Y114.502 E.01519
G1 X73.157 Y114.499 E.04447
G1 X77.217 Y114.083 E.12156
G1 X77.447 Y114.008 E.00721
G1 X77.66 Y113.795 E.00896
G1 X79.686 Y110.291 E.12059
G1 X79.718 Y110.173 E.00363
G1 X79.344 Y110.044 F9000
M204 P1000
;TYPE:Outer wall
;WIDTH:0.419999
G1 F5400
G1 X79.328 Y109.916 E.00356
G1 X77.302 Y106.411 E.1117
G1 X77.174 Y106.329 E.00419
G1 X73.106 Y105.911 E.11284
G1 X71.2 Y105.911 E.0526
G1 X71.313 Y104.936 E.02708
G1 X71.564 Y103.296 E.0458
G1 X71.77 Y102.207 E.03058
G1 X72.136 Y100.593 E.04567
G1 X72.57 Y98.995 E.04567
G1 X72.898 Y97.937 E.03058
G1 X73.446 Y96.371 E.04578
G1 X74.058 Y94.833 E.04567
G1 X74.504 Y93.818 E.03059
G1 X75.226 Y92.324 E.04578
G1 X76.008 Y90.865 E.04567
G1 X76.567 Y89.907 E.03059
G1 X77.451 Y88.507 E.0457
G1 X78.076 Y87.591 E.03059
G1 X79.058 Y86.257 E.0457
G1 X79.67 Y85.485 E.02718
G1 X81.024 Y86.837 E.05281
G1 X84.19 Y89.41 E.11256
G1 X84.339 Y89.442 E.00419
G1 X88.297 Y88.383 E.11305
G1 X88.371 Y88.276 E.00357
G1 X89.419 Y84.367 E.11168
G1 X89.387 Y84.218 E.0042
G1 X86.8 Y81.043 E.113
G1 X85.46 Y79.704 E.05229
G1 X86.668 Y78.761 E.04229
G1 X88.023 Y77.796 E.0459
G1 X89.415 Y76.891 E.04581
G1 X90.362 Y76.321 E.03051
G1 X91.322 Y75.781 E.03039
G1 X92.822 Y75.006 E.04659
G1 X93.797 Y74.545 E.02975
G1 X94.815 Y74.098 E.03067
G1 X96.354 Y73.486 E.0457
G1 X97.396 Y73.115 E.03052
G1 X98.449 Y72.772 E.03054
G1 X99.511 Y72.46 E.03055
G1 X100.58 Y72.178 E.03052
G1 X102.201 Y71.812 E.04585
G1 X103.288 Y71.606 E.03052
G1 X104.407 Y71.428 E.03128
G1 X105.907 Y71.244 E.04167
G1 X105.907 Y73.147 E.0525
G1 X106.325 Y77.21 E.11272
G1 X106.408 Y77.338 E.0042
G1 X109.952 Y79.377 E.11284
G1 X110.083 Y79.362 E.00364
G1 X113.592 Y77.338 E.11176
G1 X113.675 Y77.21 E.0042
G1 X114.093 Y73.147 E.11272
G1 X114.093 Y71.243 E.05253
G1 X115.069 Y71.356 E.02711
G1 X116.191 Y71.519 E.03128
G1 X117.798 Y71.812 E.04508
G1 X118.878 Y72.048 E.0305
G1 X120.488 Y72.46 E.04585
G1 X121.548 Y72.772 E.03049
G1 X123.125 Y73.296 E.04585
G1 X124.161 Y73.683 E.03051
G1 X125.186 Y74.098 E.03051
G1 X126.699 Y74.775 E.04573
G1 X127.695 Y75.264 E.03061
G1 X129.156 Y76.046 E.04572
G1 X130.114 Y76.604 E.03061
G1 X131.516 Y77.487 E.04572
G1 X132.433 Y78.111 E.03061
G1 X133.769 Y79.092 E.04571
G1 X134.541 Y79.703 E.02719
G1 X133.188 Y81.056 E.0528
G1 X130.612 Y84.218 E.11253
G1 X130.581 Y84.367 E.0042
G1 X131.648 Y88.32 E.11296
G1 X131.747 Y88.395 E.00344
G1 X135.661 Y89.442 E.11179
G1 X135.81 Y89.41 E.00419
G1 X138.982 Y86.832 E.11279
G1 X140.33 Y85.485 E.05257
G1 X140.941 Y86.256 E.02712
G1 X141.924 Y87.592 E.04579
G1 X142.848 Y88.966 E.04568
G1 X143.433 Y89.908 E.03059
G1 X144.258 Y91.345 E.0457
G1 X144.775 Y92.325 E.0306
G1 X145.494 Y93.815 E.04565
G1 X146.152 Y95.339 E.04579
G1 X146.553 Y96.368 E.03048
G1 X147.101 Y97.935 E.04581
G1 X147.43 Y98.995 E.0306
G1 X147.864 Y100.592 E.04568
G1 X148.121 Y101.695 E.03123
G1 X148.436 Y103.295 E.04501
G1 X148.689 Y104.951 E.0462
G1 X148.8 Y105.911 E.02667
G1 X146.885 Y105.912 E.05284
G1 X142.825 Y106.329 E.11261
G1 X142.698 Y106.411 E.00419
G1 X140.651 Y109.975 E.11339
G1 X140.672 Y110.084 E.00304
G1 X142.698 Y113.589 E.1117
G1 X142.825 Y113.671 E.00419
G1 X146.894 Y114.089 E.11284
G1 X148.8 Y114.089 E.0526
G1 X148.686 Y115.067 E.02717
G1 X148.436 Y116.703 E.04567
G1 X148.116 Y118.331 E.04578
G1 X147.863 Y119.41 E.03058
G1 X147.429 Y121.008 E.04569
G1 X147.093 Y122.089 E.03123
G1 X146.554 Y123.63 E.04504
G1 X146.153 Y124.658 E.03047
G1 X145.495 Y126.182 E.04579
G1 X144.774 Y127.676 E.04577
G1 X143.992 Y129.135 E.04567
G1 X143.433 Y130.092 E.03059
G1 X142.549 Y131.493 E.0457
G1 X141.924 Y132.408 E.03059
G1 X140.942 Y133.742 E.0457
G1 X140.33 Y134.515 E.02719
G1 X138.975 Y133.163 E.05281
G1 X135.81 Y130.59 E.11256
G1 X135.661 Y130.558 E.00419
G1 X132.25 Y131.471 E.09742
G1 X131.679 Y131.642 E.01646
G1 X131.629 Y131.724 E.00263
G1 X130.581 Y135.633 E.11168
G1 X130.612 Y135.782 E.0042
G1 X133.193 Y138.951 E.11277
G1 X134.541 Y140.297 E.05257
G1 X133.771 Y140.907 E.02712
G1 X132.432 Y141.889 E.04581
G1 X131.057 Y142.812 E.04569
G1 X130.114 Y143.397 E.03061
G1 X128.676 Y144.22 E.04572
G1 X127.694 Y144.737 E.03062
G1 X126.202 Y145.456 E.0457
G1 X125.185 Y145.902 E.03064
G1 X123.646 Y146.513 E.04568
G1 X122.078 Y147.06 E.04583
G1 X121.018 Y147.389 E.03062
G1 X119.418 Y147.822 E.04573
G1 X118.337 Y148.075 E.03062
G1 X116.712 Y148.394 E.04571
G1 X115.07 Y148.644 E.04582
G1 X114.093 Y148.758 E.02714
G1 X114.092 Y146.845 E.05278
G1 X113.675 Y142.79 E.11248
G1 X113.592 Y142.662 E.0042
G1 X110.034 Y140.62 E.11319
G1 X109.918 Y140.637 E.00325
G1 X106.408 Y142.662 E.11182
G1 X106.325 Y142.79 E.0042
G1 X105.907 Y146.853 E.11272
G1 X105.907 Y148.758 E.05254
G1 X104.927 Y148.644 E.0272
G1 X103.29 Y148.394 E.04571
G1 X101.66 Y148.074 E.04583
G1 X100.557 Y147.816 E.03126
G1 X98.98 Y147.388 E.04506
G1 X97.397 Y146.886 E.04582
G1 X96.353 Y146.513 E.03061
G1 X94.813 Y145.901 E.04571
G1 X93.301 Y145.225 E.04571
G1 X92.305 Y144.736 E.03061
G1 X90.844 Y143.954 E.04572
G1 X89.885 Y143.396 E.03061
G1 X88.483 Y142.513 E.04572
G1 X87.567 Y141.889 E.0306
G1 X86.231 Y140.908 E.04571
G1 X85.458 Y140.297 E.02719
G1 X86.812 Y138.944 E.0528
G1 X89.387 Y135.782 E.11253
G1 X89.419 Y135.633 E.0042
G1 X88.343 Y131.666 E.1134
G1 X88.252 Y131.605 E.00301
G1 X84.339 Y130.558 E.11179
G1 X84.19 Y130.59 E.00419
G1 X81.018 Y133.168 E.11279
G1 X79.67 Y134.515 E.05257
G1 X79.059 Y133.744 E.02712
G1 X78.075 Y132.408 E.04579
G1 X77.152 Y131.034 E.04568
G1 X76.566 Y130.092 E.03059
G1 X75.742 Y128.655 E.0457
G1 X75.225 Y127.675 E.0306
G1 X74.505 Y126.185 E.04565
G1 X73.848 Y124.661 E.04579
G1 X73.447 Y123.632 E.03048
G1 X72.899 Y122.065 E.04581
G1 X72.57 Y121.006 E.0306
G1 X72.136 Y119.408 E.04569
G1 X71.883 Y118.328 E.03059
G1 X71.564 Y116.704 E.04567
G1 X71.313 Y115.064 E.04578
G1 X71.2 Y114.089 E.02709
G1 X73.115 Y114.088 E.05284
G1 X77.174 Y113.671 E.11261
G1 X77.302 Y113.589 E.00419
G1 X79.324 Y110.079 E.11176
G1 E-.7 F2400
;WIPE_START
G1 F5400
G1 X79.328 Y109.916 E-.04879
G1 X78.909 Y109.191 E-.25121
;WIPE_END
G17
G3 Z2.4 I.274 J1.186 P1  F9000
G1 X140.12 Y95.07 Z2.4
G1 Z2
G1 E1 F2700
M204 P2000
;TYPE:Inner wall
;WIDTH:0.449999
G1 F7200
G1 X140.342 Y94.758 E.0114
G1 X140.709 Y94.406 E.01515
G1 X141.327 Y94.051 E.02122
G1 X141.595 Y93.935 E.0087
G1 X142.214 Y93.812 E.01881
G1 X142.753 Y93.817 E.01603
G1 X143.281 Y93.933 E.01612
G1 X143.841 Y94.178 E.01821
G1 X144.262 Y94.478 E.01538
;WIDTH:0.496365
G1 X144.475 Y94.671 E.00954
;WIDTH:0.54273
G1 X144.688 Y94.865 E.01052
;WIDTH:0.585599
G1 X144.743 Y94.903 E.00266
;WIDTH:0.628467
G1 X144.798 Y94.942 E.00287
G1 X145.046 Y95.412 E.02277
;WIDTH:0.619496
G1 X145.234 Y95.932 E.02335
G1 X145.23 Y96.074 E.00598
;WIDTH:0.577122
G1 X145.226 Y96.215 E.00554
;WIDTH:0.534748
G1 X145.223 Y96.357 E.0051
;WIDTH:0.492374
G1 X145.219 Y96.499 E.00466
;WIDTH:0.449999
G1 X145.185 Y97.015 E.01542
G1 X144.98 Y97.703 E.02137
G1 X144.56 Y98.37 E.0235
G1 X144.175 Y98.747 E.01603
G1 X143.693 Y99.056 E.01707
G1 X143.15 Y99.261 E.01729
G1 X142.38 Y99.35 E.02309
G1 X141.595 Y99.218 E.02371
G1 X141.063 Y98.987 E.01726
G1 X140.65 Y98.701 E.01498
G1 X140.252 Y98.286 E.0171
G1 X139.972 Y97.848 E.01551
G1 X139.762 Y97.307 E.01728
G1 X139.678 Y96.856 E.01366
G1 X139.676 Y96.349 E.01511
G1 X139.799 Y95.729 E.01881
G1 X140.042 Y95.178 E.01794
G1 X140.096 Y95.102 E.00278
G1 X140.453 Y95.307 F9000
M204 P1000
;TYPE:Outer wall
;WIDTH:0.419999
G1 F5400
G1 X140.694 Y94.983 E.01114
G1 X141.024 Y94.686 E.01225
G1 X141.629 Y94.358 E.01899
G1 X142.295 Y94.218 E.01879
G1 X142.769 Y94.235 E.01308
G1 X143.249 Y94.354 E.01364
G1 X143.692 Y94.569 E.01358
G1 X144.039 Y94.832 E.01202
G1 X144.366 Y95.199 E.01357
G1 X144.586 Y95.575 E.01202
G1 X144.747 Y96.039 E.01357
G1 X144.806 Y96.472 E.01204
G1 X144.772 Y96.988 E.01428
G1 X144.587 Y97.575 E.01697
G1 X144.216 Y98.14 E.01866
G1 X143.869 Y98.463 E.01308
G1 X143.445 Y98.718 E.01364
G1 X142.971 Y98.88 E.01382
G1 X142.342 Y98.938 E.01744
G1 X141.675 Y98.812 E.01872
G1 X141.297 Y98.646 E.0114
G1 X140.894 Y98.365 E.01356
G1 X140.516 Y97.937 E.01574
G1 X140.354 Y97.689 E.00817
G1 X140.168 Y97.231 E.01363
G1 X140.085 Y96.78 E.01266
G1 X140.081 Y96.429 E.00969
G1 X140.205 Y95.81 E.01742
G1 X140.415 Y95.356 E.0138
G1 X140.429 Y95.339 E.00061
G1 E-.7 F2400
;WIPE_START
G1 F5400
G1 X140.694 Y94.983 E-.1331
G1 X141.024 Y94.686 E-.13317
G1 X141.122 Y94.632 E-.03373
;WIPE_END
G17
G3 Z2.4 I.032 J-1.217 P1  F9000
G1 X132.434 Y94.406 Z2.4
G1 Z2
G1 E1 F2700
M204 P2000
;TYPE:Inner wall
;WIDTH:0.449999
G1 F7200
G1 X132.654 Y94.713 E.01122
G1 X133.283 Y95.698 E.03484
G1 X133.879 Y96.708 E.0349
G1 X134.447 Y97.787 E.03634
G1 X135.125 Y99.238 E.04769
G1 X135.648 Y100.547 E.04201
G1 X136.102 Y101.883 E.04201
G1 X136.487 Y103.239 E.04201
G1 X136.801 Y104.614 E.04201
G1 X137.046 Y106.018 E.04245
G1 X137.214 Y107.403 E.04155
G1 X137.288 Y108.346 E.02817
G1 X137.337 Y109.75 E.04185
G1 X137.313 Y111.175 E.04245
G1 X137.216 Y112.582 E.04201
G1 X137.048 Y113.967 E.04156
G1 X136.807 Y115.356 E.04201
G1 X136.494 Y116.731 E.04201
G1 X136.111 Y118.089 E.042
G1 X135.794 Y119.047 E.03007
G1 X135.313 Y120.316 E.04042
G1 X134.835 Y121.405 E.03542
G1 X134.12 Y122.854 E.04813
G1 X133.424 Y124.08 E.04201
G1 X132.887 Y124.935 E.03008
G1 X132.12 Y126.048 E.04025
G1 X131.258 Y127.171 E.04217
G1 X130.352 Y128.233 E.04158
G1 X129.383 Y129.258 E.04202
G1 X128.354 Y130.24 E.04236
G1 X127.292 Y131.152 E.04169
G1 X126.539 Y131.745 E.02855
G1 X125.643 Y132.389 E.03289
G1 X124.221 Y133.323 E.05065
G1 X122.997 Y134.025 E.04204
G1 X121.738 Y134.663 E.04203
G1 X121.055 Y134.972 E.02234
G1 X119.569 Y135.581 E.04785
G1 X118.209 Y136.048 E.04282
G1 X116.881 Y136.429 E.04115
G1 X115.506 Y136.749 E.04205
G1 X114.102 Y137 E.04249
G1 X112.716 Y137.174 E.0416
G1 X111.773 Y137.251 E.02819
G1 X110.368 Y137.306 E.04189
G1 X108.941 Y137.289 E.04249
G1 X107.533 Y137.198 E.04205
G1 X106.145 Y137.036 E.0416
G1 X104.728 Y136.796 E.04281
G1 X103.766 Y136.589 E.02933
G1 X102.452 Y136.248 E.04043
G1 X101.12 Y135.828 E.04159
G1 X99.797 Y135.336 E.04204
G1 X98.502 Y134.776 E.04204
G1 X97.563 Y134.312 E.03119
G1 X96.006 Y133.46 E.05287
G1 X95.191 Y132.955 E.02855
G1 X94.026 Y132.163 E.04196
G1 X92.902 Y131.309 E.04203
G1 X91.836 Y130.409 E.04158
G1 X90.805 Y129.445 E.04203
G1 X89.815 Y128.419 E.04247
G1 X88.901 Y127.365 E.04157
G1 X88.304 Y126.615 E.02854
G1 X87.571 Y125.608 E.03711
G1 X86.711 Y124.303 E.04654
G1 X86.172 Y123.374 E.03198
G1 X85.361 Y121.832 E.0519
G1 X84.783 Y120.546 E.04201
G1 X84.271 Y119.232 E.04201
G1 X83.862 Y117.983 E.03914
G1 X83.572 Y116.988 E.03089
G1 X83.246 Y115.616 E.04199
G1 X82.992 Y114.229 E.042
G1 X82.852 Y113.217 E.03043
G1 X82.728 Y111.893 E.0396
G1 X82.666 Y110.485 E.04199
G1 X82.678 Y109.06 E.04245
G1 X82.763 Y107.652 E.04201
G1 X82.919 Y106.266 E.04155
G1 X83.076 Y105.269 E.03007
G1 X83.34 Y103.954 E.03996
G1 X83.688 Y102.587 E.04199
G1 X84.106 Y101.241 E.04201
G1 X84.594 Y99.917 E.04201
G1 X85.155 Y98.606 E.04247
G1 X85.672 Y97.553 E.03494
G1 X86.455 Y96.122 E.04861
G1 X87.204 Y94.926 E.04202
G1 X88.022 Y93.758 E.04247
G1 X88.891 Y92.647 E.04202
G1 X89.805 Y91.593 E.04157
G1 X90.455 Y90.905 E.02818
G1 X91.475 Y89.916 E.04232
G1 X92.538 Y88.988 E.04203
G1 X93.635 Y88.125 E.04158
G1 X94.787 Y87.31 E.04203
G1 X95.655 Y86.761 E.03059
G1 X96.088 Y86.494 E.01516
G1 X97.21 Y85.864 E.03832
G1 X97.923 Y85.502 E.02382
G1 X99.335 Y84.855 E.04625
G1 X100.273 Y84.486 E.03002
G1 X101.627 Y84.004 E.04283
G1 X102.892 Y83.631 E.03927
G1 X104.278 Y83.296 E.04248
G1 X105.665 Y83.036 E.04205
G1 X107.064 Y82.849 E.04205
G1 X108.456 Y82.735 E.0416
G1 X109.491 Y82.696 E.03083
G1 X110.824 Y82.703 E.03971
G1 X112.233 Y82.782 E.04204
G1 X113.636 Y82.934 E.04205
G1 X114.797 Y83.12 E.03502
G1 X116.396 Y83.449 E.04861
G1 X117.373 Y83.704 E.0301
G1 X118.657 Y84.097 E.03999
G1 X119.989 Y84.579 E.04218
G1 X121.284 Y85.126 E.04189
G1 X122.567 Y85.747 E.04245
G1 X123.791 Y86.421 E.04162
G1 X124.654 Y86.947 E.0301
G1 X125.782 Y87.701 E.04042
G1 X126.913 Y88.544 E.04202
G1 X127.988 Y89.436 E.04158
G1 X129.026 Y90.39 E.04203
G1 X130.025 Y91.408 E.04247
G1 X130.959 Y92.466 E.04202
G1 X131.828 Y93.558 E.04158
G1 X132.411 Y94.374 E.02987
G1 X132.098 Y94.647 F9000
M204 P1000
;TYPE:Outer wall
;WIDTH:0.419999
G1 F5400
G1 X132.313 Y94.948 E.0102
G1 X132.935 Y95.921 E.03186
G1 X133.521 Y96.914 E.03182
G1 X134.081 Y97.979 E.03318
G1 X134.75 Y99.41 E.0436
G1 X135.264 Y100.701 E.03833
G1 X135.711 Y102.016 E.03832
G1 X136.089 Y103.352 E.03832
G1 X136.398 Y104.706 E.03832
G1 X136.637 Y106.079 E.03844
G1 X136.803 Y107.453 E.0382
G1 X136.876 Y108.378 E.0256
G1 X136.923 Y109.764 E.03828
G1 X136.9 Y111.157 E.03844
G1 X136.804 Y112.543 E.03832
G1 X136.637 Y113.917 E.0382
G1 X136.399 Y115.285 E.03832
G1 X136.091 Y116.64 E.03832
G1 X135.713 Y117.976 E.03832
G1 X135.401 Y118.917 E.02735
G1 X134.93 Y120.159 E.03666
G1 X134.456 Y121.238 E.03253
G1 X133.751 Y122.668 E.044
G1 X133.064 Y123.876 E.03833
G1 X132.537 Y124.715 E.02735
G1 X131.783 Y125.808 E.03662
G1 X130.936 Y126.911 E.03837
G1 X130.037 Y127.965 E.03822
G1 X129.082 Y128.974 E.03834
G1 X128.074 Y129.935 E.03843
G1 X127.022 Y130.838 E.03825
G1 X126.29 Y131.414 E.02571
G1 X125.401 Y132.054 E.03021
G1 X123.997 Y132.975 E.04633
G1 X122.791 Y133.666 E.03835
G1 X121.552 Y134.294 E.03835
G1 X120.885 Y134.595 E.02019
G1 X119.417 Y135.197 E.04377
G1 X117.704 Y135.763 E.04979
G1 X116.767 Y136.032 E.02688
G1 X115.413 Y136.346 E.03836
G1 X114.04 Y136.591 E.03848
G1 X112.665 Y136.763 E.03824
G1 X111.739 Y136.839 E.02563
G1 X110.352 Y136.893 E.03832
G1 X108.957 Y136.875 E.03849
G1 X107.57 Y136.786 E.03835
G1 X106.193 Y136.625 E.03824
G1 X105.296 Y136.474 E.02511
G1 X103.853 Y136.185 E.04061
G1 X102.566 Y135.85 E.03668
G1 X101.244 Y135.434 E.03824
G1 X99.942 Y134.948 E.03836
G1 X98.666 Y134.396 E.03835
G1 X97.747 Y133.941 E.0283
G1 X96.208 Y133.099 E.04839
G1 X95.416 Y132.608 E.02571
G1 X94.268 Y131.827 E.03832
G1 X93.161 Y130.986 E.03835
G1 X92.102 Y130.093 E.03822
G1 X91.088 Y129.143 E.03834
G1 X90.121 Y128.14 E.03846
G1 X89.213 Y127.094 E.03821
G1 X88.633 Y126.365 E.02571
G1 X87.905 Y125.364 E.03413
G1 X87.06 Y124.08 E.04243
G1 X86.53 Y123.167 E.02913
G1 X85.729 Y121.644 E.04748
G1 X85.16 Y120.377 E.03833
G1 X84.657 Y119.082 E.03832
G1 X84.259 Y117.868 E.03526
G1 X83.969 Y116.872 E.02862
G1 X83.649 Y115.521 E.03832
G1 X83.398 Y114.155 E.03832
G1 X83.263 Y113.169 E.02744
G1 X83.139 Y111.855 E.03643
G1 X83.079 Y110.467 E.03832
G1 X83.091 Y109.074 E.03844
G1 X83.175 Y107.688 E.03832
G1 X83.33 Y106.312 E.0382
G1 X83.484 Y105.333 E.02735
G1 X83.746 Y104.035 E.03653
G1 X84.089 Y102.69 E.03832
G1 X84.419 Y101.628 E.03068
G1 X84.982 Y100.06 E.04596
G1 X85.53 Y98.779 E.03845
G1 X86.043 Y97.736 E.03208
G1 X86.817 Y96.323 E.04444
G1 X87.554 Y95.146 E.03833
G1 X88.354 Y94.004 E.03845
G1 X89.21 Y92.91 E.03834
G1 X90.118 Y91.864 E.03821
G1 X90.756 Y91.19 E.02561
G1 X91.755 Y90.221 E.03841
G1 X92.802 Y89.306 E.03834
G1 X93.891 Y88.45 E.03823
G1 X95.026 Y87.648 E.03835
G1 X95.876 Y87.111 E.02775
G1 X97.413 Y86.225 E.04894
G1 X98.11 Y85.871 E.02158
G1 X99.505 Y85.232 E.04235
G1 X100.424 Y84.871 E.02722
G1 X101.744 Y84.401 E.03869
G1 X103.009 Y84.027 E.03637
G1 X104.364 Y83.7 E.03847
G1 X105.731 Y83.445 E.03836
G1 X107.109 Y83.26 E.03836
G1 X108.49 Y83.147 E.03824
G1 X109.481 Y83.11 E.02738
G1 X110.811 Y83.117 E.03669
G1 X112.199 Y83.194 E.03836
G1 X113.581 Y83.344 E.03836
G1 X114.732 Y83.528 E.03215
G1 X116.309 Y83.854 E.04444
G1 X117.269 Y84.104 E.02737
G1 X118.536 Y84.492 E.03656
G1 X119.845 Y84.967 E.0384
G1 X121.123 Y85.507 E.0383
G1 X122.378 Y86.115 E.03846
G1 X123.592 Y86.783 E.03824
G1 X124.439 Y87.3 E.02737
G1 X125.543 Y88.039 E.03667
G1 X126.657 Y88.87 E.03834
G1 X127.724 Y89.754 E.03823
G1 X128.746 Y90.695 E.03834
G1 X129.722 Y91.69 E.03846
G1 X130.642 Y92.732 E.03834
G1 X131.504 Y93.816 E.03822
G1 X132.075 Y94.615 E.0271
G1 E-.7 F2400
;WIPE_START
G1 F5400
G1 X132.313 Y94.948 E-.12295
G1 X132.631 Y95.445 E-.17705
;WIPE_END
G17
G3 Z2.4 I.465 J-1.124 P1  F9000
G1 X96.079 Y80.316 Z2.4
G1 Z2
G1 E1 F2700
M204 P2000
;TYPE:Inner wall
;WIDTH:0.449999
G1 F7200
G1 X95.715 Y80.237 E.0111
G1 X95.223 Y80.028 E.01592
G1 X94.804 Y79.743 E.01508
G1 X94.437 Y79.382 E.01535
G1 X94.153 Y78.971 E.01488
G1 X93.903 Y78.391 E.01881
G1 X93.785 Y77.678 E.02154
G1 X93.826 Y77.106 E.01706
G1 X93.964 Y76.609 E.01538
G1 X94.221 Y76.097 E.01705
G1 X94.556 Y75.676 E.01603
;WIDTH:0.491901
G1 X94.704 Y75.525 E.00695
;WIDTH:0.533803
G1 X94.852 Y75.375 E.00759
;WIDTH:0.575704
G1 X95.001 Y75.224 E.00824
;WIDTH:0.611927
G1 X95.127 Y75.122 E.00678
G1 X95.586 Y74.913 E.02098
;WIDTH:0.597721
G1 X95.835 Y74.885 E.01018
;WIDTH:0.548481
G1 X96.085 Y74.857 E.00928
;WIDTH:0.49924
G1 X96.334 Y74.829 E.00837
;WIDTH:0.449999
G1 X96.872 Y74.834 E.01603
G1 X97.432 Y74.957 E.01707
G1 X97.961 Y75.195 E.01729
G1 X98.568 Y75.676 E.02308
G1 X99.03 Y76.324 E.0237
G1 X99.242 Y76.863 E.01726
G1 X99.332 Y77.358 E.01499
G1 X99.327 Y77.884 E.01567
G1 X99.219 Y78.411 E.01602
G1 X99.023 Y78.884 E.01525
G1 X98.703 Y79.365 E.01721
G1 X98.29 Y79.769 E.0172
G1 X97.833 Y80.061 E.01615
G1 X97.331 Y80.263 E.01611
G1 X96.781 Y80.363 E.01666
G1 X96.263 Y80.355 E.01545
G1 X96.118 Y80.324 E.0044
G1 X96.166 Y79.911 F9000
M204 P1000
;TYPE:Outer wall
;WIDTH:0.419999
G1 F5400
G1 X95.785 Y79.818 E.01081
G1 X95.417 Y79.662 E.01103
G1 X94.92 Y79.285 E.01722
G1 X94.55 Y78.838 E.01602
G1 X94.283 Y78.228 E.01838
G1 X94.203 Y77.604 E.01736
G1 X94.227 Y77.208 E.01093
G1 X94.337 Y76.787 E.01202
G1 X94.552 Y76.345 E.01356
G1 X94.82 Y75.994 E.01218
G1 X95.305 Y75.591 E.01741
G1 X95.756 Y75.37 E.01384
G1 X96.414 Y75.234 E.01855
G1 X96.888 Y75.252 E.01308
G1 X97.368 Y75.37 E.01364
G1 X97.818 Y75.59 E.01382
G1 X98.304 Y75.994 E.01743
G1 X98.686 Y76.554 E.01871
G1 X98.836 Y76.939 E.01139
G1 X98.92 Y77.545 E.01688
G1 X98.914 Y77.855 E.00858
G1 X98.826 Y78.282 E.01201
G1 X98.634 Y78.734 E.01356
G1 X98.39 Y79.095 E.01202
G1 X98.039 Y79.44 E.01357
G1 X97.675 Y79.679 E.01202
G1 X97.217 Y79.865 E.01364
G1 X96.735 Y79.951 E.0135
G1 X96.299 Y79.943 E.01204
G1 X96.205 Y79.92 E.00268
G1 E-.7 F2400
;WIPE_START
G1 F5400
G1 X95.785 Y79.818 E-.12952
G1 X95.417 Y79.662 E-.11987
G1 X95.283 Y79.56 E-.05061
;WIPE_END
G17
G3 Z2.4 I-1.15 J-.397 P1  F9000
G1 X79.442 Y125.449 Z2.4
G1 Z2
G1 E1 F2700
M204 P2000
;TYPE:Inner wall
;WIDTH:0.449999
G1 F7200
G1 X79.29 Y125.594 E.00624
G1 X78.808 Y125.902 E.01707
G1 X78.285 Y126.101 E.01667
G1 X77.755 Y126.193 E.016
G1 X77.183 Y126.174 E.01706
G1 X76.68 Y126.058 E.01538
G1 X76.158 Y125.822 E.01706
G1 X75.738 Y125.522 E.01538
;WIDTH:0.48788
G1 X75.593 Y125.395 E.00626
;WIDTH:0.52576
G1 X75.449 Y125.269 E.00679
;WIDTH:0.56364
G1 X75.304 Y125.142 E.00732
;WIDTH:0.596054
G1 X75.253 Y125.1 E.00267
;WIDTH:0.628467
G1 X75.202 Y125.058 E.00283
G1 X74.954 Y124.588 E.02277
;WIDTH:0.624704
G1 X74.757 Y124.033 E.02509
G1 X74.763 Y123.9 E.00566
;WIDTH:0.581028
G1 X74.769 Y123.767 E.00524
;WIDTH:0.537352
G1 X74.775 Y123.634 E.00481
;WIDTH:0.493676
G1 X74.781 Y123.501 E.00439
;WIDTH:0.449999
G1 X74.815 Y122.985 E.01542
G1 X75.02 Y122.297 E.02137
G1 X75.44 Y121.63 E.0235
G1 X75.824 Y121.253 E.01603
G1 X76.319 Y120.965 E.01705
G1 X76.71 Y120.782 E.01286
G1 X77.329 Y120.659 E.01881
G1 X77.868 Y120.664 E.01603
G1 X78.427 Y120.787 E.01705
G1 X78.936 Y121.013 E.01662
G1 X79.352 Y121.301 E.01505
G1 X79.722 Y121.679 E.01576
G1 X80.027 Y122.152 E.01678
G1 X80.23 Y122.656 E.01617
G1 X80.327 Y123.182 E.01593
G1 X80.326 Y123.659 E.01421
G1 X80.197 Y124.286 E.01906
G1 X79.957 Y124.822 E.01748
G1 X79.657 Y125.242 E.01537
G1 X79.47 Y125.421 E.00772
G1 X79.156 Y125.153 F9000
M204 P1000
;TYPE:Outer wall
;WIDTH:0.419999
G1 F5400
G1 X78.984 Y125.31 E.00643
G1 X78.56 Y125.565 E.01364
G1 X78.095 Y125.726 E.01358
G1 X77.546 Y125.779 E.01523
G1 X77.172 Y125.756 E.01032
G1 X76.751 Y125.646 E.01202
G1 X76.308 Y125.431 E.01357
G1 X75.961 Y125.168 E.01202
G1 X75.634 Y124.801 E.01357
G1 X75.414 Y124.425 E.01202
G1 X75.253 Y123.961 E.01357
G1 X75.194 Y123.528 E.01204
G1 X75.227 Y123.012 E.01428
G1 X75.413 Y122.425 E.01697
G1 X75.784 Y121.86 E.01866
G1 X76.139 Y121.533 E.01332
G1 X76.744 Y121.205 E.01899
G1 X77.41 Y121.065 E.01879
G1 X77.884 Y121.082 E.01308
G1 X78.359 Y121.199 E.01351
G1 X78.702 Y121.354 E.0104
G1 X79.106 Y121.635 E.01356
G1 X79.406 Y121.947 E.01195
G1 X79.645 Y122.311 E.01201
G1 X79.831 Y122.769 E.01363
G1 X79.918 Y123.25 E.01349
G1 X79.913 Y123.654 E.01116
G1 X79.794 Y124.195 E.01527
G1 X79.577 Y124.657 E.0141
G1 X79.306 Y125.017 E.01242
G1 X79.186 Y125.126 E.00447
G1 E-.7 F2400
;WIPE_START
G1 F5400
G1 X78.984 Y125.31 E-.08197
G1 X78.56 Y125.565 E-.14829
G1 X78.341 Y125.641 E-.06974
;WIPE_END
G17
G3 Z2.4 I-.358 J1.163 P1  F9000
G1 X124.4 Y139.812 Z2.4
G1 Z2
G1 E1 F2700
M204 P2000
;TYPE:Inner wall
;WIDTH:0.449999
G1 F7200
G1 X124.837 Y140.008 E.01428
G1 X125.246 Y140.296 E.01491
G1 X125.598 Y140.657 E.01499
G1 X125.847 Y141.029 E.01334
G1 X126.097 Y141.609 E.01881
G1 X126.209 Y142.201 E.01795
G1 X126.191 Y142.781 E.01728
G1 X126.075 Y143.284 E.01538
G1 X125.838 Y143.805 E.01705
G1 X125.538 Y144.225 E.01537
;WIDTH:0.495108
G1 X125.408 Y144.368 E.0064
;WIDTH:0.540217
G1 X125.277 Y144.511 E.00704
;WIDTH:0.585326
G1 X125.147 Y144.654 E.00768
;WIDTH:0.630434
G1 X125.016 Y144.797 E.00832
G1 X124.329 Y145.114 E.03255
;WIDTH:0.610293
G1 X124.183 Y145.164 E.00641
G1 X124.039 Y145.168 E.00598
;WIDTH:0.57022
G1 X123.895 Y145.171 E.00556
;WIDTH:0.530146
G1 X123.751 Y145.175 E.00514
;WIDTH:0.490073
G1 X123.607 Y145.178 E.00472
;WIDTH:0.449999
G1 X123.095 Y145.162 E.01525
G1 X122.591 Y145.051 E.01538
G1 X122.112 Y144.849 E.01549
G1 X121.643 Y144.526 E.01696
G1 X121.248 Y144.116 E.01697
G1 X120.968 Y143.678 E.01548
G1 X120.77 Y143.19 E.0157
G1 X120.674 Y142.689 E.01519
G1 X120.669 Y142.171 E.01542
G1 X120.798 Y141.544 E.01906
G1 X121.038 Y141.009 E.01748
G1 X121.338 Y140.588 E.01538
G1 X121.756 Y140.197 E.01706
G1 X122.434 Y139.821 E.02309
G1 X123.21 Y139.643 E.02372
G1 X123.748 Y139.648 E.01603
G1 X124.308 Y139.77 E.01707
G1 X124.363 Y139.795 E.0018
G1 X124.226 Y140.184 F9000
M204 P1000
;TYPE:Outer wall
;WIDTH:0.419999
G1 F5400
G1 X124.263 Y140.193 E.00106
G1 X124.685 Y140.397 E.01294
G1 X125.08 Y140.715 E.01397
G1 X125.45 Y141.162 E.01602
G1 X125.717 Y141.772 E.01838
G1 X125.8 Y142.266 E.01381
G1 X125.773 Y142.792 E.01453
G1 X125.663 Y143.213 E.01202
G1 X125.448 Y143.655 E.01356
G1 X125.18 Y144.006 E.01218
G1 X124.695 Y144.409 E.01741
G1 X124.13 Y144.667 E.01712
G1 X123.612 Y144.765 E.01456
G1 X123.175 Y144.757 E.01204
G1 X122.749 Y144.669 E.01202
G1 X122.296 Y144.478 E.01357
G1 X121.848 Y144.147 E.01535
G1 X121.591 Y143.886 E.01011
G1 X121.35 Y143.519 E.0121
G1 X121.164 Y143.062 E.01363
G1 X121.079 Y142.455 E.01689
G1 X121.087 Y142.141 E.00867
G1 X121.201 Y141.636 E.0143
G1 X121.428 Y141.159 E.01457
G1 X121.691 Y140.812 E.01202
G1 X122.067 Y140.481 E.01381
G1 X122.626 Y140.187 E.01743
G1 X123.291 Y140.048 E.01873
G1 X123.764 Y140.065 E.01308
G1 X124.187 Y140.174 E.01203
G1 E-.7 F2400
;WIPE_START
G1 F5400
G1 X124.263 Y140.193 E-.02355
G1 X124.685 Y140.397 E-.14074
G1 X125.038 Y140.681 E-.13571
;WIPE_END
G1 Z2.4 F9000
G1 X131.069 Y142.16
G1 Z2.4
G1 Z2
G1 E1 F2700
M204 P2500
;TYPE:Top surface
;WIDTH:0.421201
G1 F6000
G1 X133.36 Y139.87 E.08967
G1 X133.093 Y139.601 F9000
G1 F6000
G1 X129.644 Y143.05 E.135
G1 X128.396 Y143.764 F9000
G1 F6000
G1 X132.826 Y139.333 E.17344
G1 X132.581 Y139.044 F9000
G1 F6000
G1 X127.283 Y144.341 E.20737
G1 X126.256 Y144.834 F9000
G1 F6000
G1 X132.34 Y138.749 E.23819
G1 X132.1 Y138.454 F9000
G1 F6000
G1 X125.487 Y145.068 E.25889
G1 X125.334 Y144.686 F9000
G1 F6000
G1 X131.86 Y138.159 E.25548
G1 X131.62 Y137.864 F9000
G1 F6000
G1 X126.184 Y143.301 E.21281
G1 X126.312 Y142.638 F9000
G1 F6000
G1 X131.38 Y137.57 E.1984
G1 X131.14 Y137.275 F9000
G1 F6000
G1 X126.315 Y142.1 E.18888
G1 X126.232 Y141.648 F9000
G1 F6000
G1 X130.9 Y136.98 E.18273
G1 X130.66 Y136.685 F9000
G1 F6000
G1 X126.078 Y141.266 E.17933
G1 X125.912 Y140.897 F9000
G1 F6000
G1 X130.42 Y136.39 E.17644
G1 X130.181 Y136.094 F9000
G1 F6000
G1 X125.692 Y140.582 E.1757
G1 X125.428 Y140.311 F9000
G1 F6000
G1 X130.042 Y135.697 E.18062
G1 X130.195 Y135.01 F9000
G1 F6000
G1 X125.136 Y140.069 E.19801
G1 X124.807 Y139.863 F9000
G1 F6000
G1 X130.391 Y134.279 E.21858
G1 X130.587 Y133.548 F9000
G1 F6000
G1 X124.443 Y139.692 E.24049
G1 X124.021 Y139.579 F9000
G1 F6000
G1 X130.783 Y132.817 E.26469
G1 X130.979 Y132.086 F9000
G1 F6000
G1 X123.543 Y139.521 E.29106
G1 E-.7 F2400
;WIPE_START
G1 F6000
G1 X124.251 Y138.814 E-.3
;WIPE_END
G17
G3 Z2.4 I-1.217 J-.021 P1  F9000
G1 X124.14 Y145.344 Z2.4
G1 Z2
G1 E1 F2700
G1 F6000
G1 X123.48 Y146.004 E.02584
G1 X122.657 Y146.293 F9000
G1 F6000
G1 X123.655 Y145.294 E.03908
G1 X123.133 Y145.282 F9000
G1 F6000
G1 X121.84 Y146.575 E.05063
G1 X121.065 Y146.815 F9000
G1 F6000
G1 X122.687 Y145.193 E.06348
G1 X122.29 Y145.054 F9000
G1 F6000
G1 X120.321 Y147.024 E.0771
G1 X119.587 Y147.223 F9000
G1 F6000
G1 X121.934 Y144.876 E.09189
G1 X121.616 Y144.659 F9000
G1 F6000
G1 X118.874 Y147.401 E.10734
G1 X118.178 Y147.561 F9000
G1 F6000
G1 X121.348 Y144.392 E.12409
G1 X121.098 Y144.107 F9000
G1 F6000
G1 X117.513 Y147.692 E.14034
G1 X116.847 Y147.823 F9000
G1 F6000
G1 X120.886 Y143.784 E.15811
G1 X120.729 Y143.406 F9000
G1 F6000
G1 X116.207 Y147.928 E.17704
G1 X115.579 Y148.021 F9000
G1 F6000
G1 X120.61 Y142.99 E.19694
G1 X120.549 Y142.516 F9000
G1 F6000
G1 X114.952 Y148.113 E.21911
G1 X114.627 Y147.903 F9000
G1 F6000
G1 X120.588 Y141.942 E.23337
G1 X120.835 Y141.16 F9000
G1 F6000
G1 X114.625 Y147.37 E.24309
G1 E-.7 F2400
;WIPE_START
G1 F6000
G1 X115.332 Y146.663 E-.3
;WIPE_END
G17
G3 Z2.4 I-.105 J-1.212 P1  F9000
G1 X105.374 Y147.526 Z2.4
G1 Z2
G1 E1 F2700
G1 F6000
G1 X104.814 Y148.086 E.02193
G1 X104.35 Y148.016 F9000
G1 F6000
G1 X105.376 Y146.99 E.04016
G1 X105.415 Y146.416 F9000
G1 F6000
G1 X103.886 Y147.945 E.05985
G1 X103.422 Y147.874 F9000
G1 F6000
G1 X105.476 Y145.82 E.08042
G1 X105.537 Y145.223 F9000
G1 F6000
G1 X102.973 Y147.788 E.10038
G1 X102.526 Y147.7 F9000
G1 F6000
G1 X105.599 Y144.627 E.12029
G1 X105.66 Y144.031 F9000
G1 F6000
G1 X102.079 Y147.612 E.14019
G1 X101.636 Y147.52 F9000
G1 F6000
G1 X105.721 Y143.434 E.15993
G1 X105.783 Y142.838 F9000
G1 F6000
G1 X101.202 Y147.418 E.1793
G1 E-.7 F2400
;WIPE_START
G1 F6000
G1 X101.909 Y146.711 E-.3
;WIPE_END
G17
G3 Z2.4 I.442 J1.134 P1  F9000
G1 X142.226 Y131.004 Z2.4
G1 Z2
G1 E1 F2700
G1 F6000
G1 X139.899 Y133.331 E.0911
G1 X139.63 Y133.064 F9000
G1 F6000
G1 X143.112 Y129.582 E.13631
G1 X143.803 Y128.357 F9000
G1 F6000
G1 X139.362 Y132.798 E.17384
G1 X139.072 Y132.553 F9000
G1 F6000
G1 X144.398 Y127.226 E.20849
G1 X144.898 Y126.192 F9000
G1 F6000
G1 X138.777 Y132.313 E.2396
G1 X138.482 Y132.073 F9000
G1 F6000
G1 X145.324 Y125.23 E.26787
G1 X145.719 Y124.301 F9000
G1 F6000
G1 X138.186 Y131.833 E.29486
G1 X137.891 Y131.593 F9000
G1 F6000
G1 X146.06 Y123.425 E.31975
G1 X146.348 Y122.602 F9000
G1 F6000
G1 X137.596 Y131.353 E.34257
G1 X137.301 Y131.114 F9000
G1 F6000
G1 X146.627 Y121.787 E.36508
G1 X146.869 Y121.011 F9000
G1 F6000
G1 X137.006 Y130.874 E.38607
G1 X136.711 Y130.634 F9000
G1 F6000
G1 X147.076 Y120.268 E.40576
G1 X147.276 Y119.534 F9000
G1 F6000
G1 X136.416 Y130.394 E.42513
G1 X136.117 Y130.158 F9000
G1 F6000
G1 X147.452 Y118.823 E.44371
G1 X147.611 Y118.129 F9000
G1 F6000
G1 X135.717 Y130.023 E.46559
G1 X135.031 Y130.174 F9000
G1 F6000
G1 X147.742 Y117.463 E.49757
G1 X147.873 Y116.797 F9000
G1 F6000
G1 X134.301 Y130.369 E.5313
G1 X133.57 Y130.565 F9000
G1 F6000
G1 X147.98 Y116.155 E.56405
G1 X148.076 Y115.524 F9000
G1 F6000
G1 X132.84 Y130.76 E.59643
G1 X132.109 Y130.956 F9000
G1 F6000
G1 X148.168 Y114.897 E.62863
G1 X147.908 Y114.622 F9000
G1 F6000
G1 X122.956 Y139.574 E.97675
G1 X122.168 Y139.827 F9000
G1 F6000
G1 X147.374 Y114.621 E.98671
G1 X146.841 Y114.619 F9000
G1 F6000
G1 X114.623 Y146.837 E1.26117
G1 X114.578 Y146.347 F9000
G1 F6000
G1 X146.355 Y114.57 E1.2439
G1 X145.869 Y114.521 F9000
G1 F6000
G1 X114.528 Y145.862 E1.22686
G1 X114.478 Y145.377 F9000
G1 F6000
G1 X145.384 Y114.471 E1.20982
G1 X144.899 Y114.421 F9000
G1 F6000
G1 X114.428 Y144.892 E1.19278
G1 X114.378 Y144.407 F9000
G1 F6000
G1 X128.902 Y129.883 E.56853
G1 E-.7 F2400
;WIPE_START
G1 F6000
G1 X128.195 Y130.59 E-.3
;WIPE_END
G17
G3 Z2.4 I-.741 J-.965 P1  F9000
G1 X125.894 Y132.356 Z2.4
G1 Z2
G1 E1 F2700
G1 F6000
G1 X114.328 Y143.922 E.45272
G1 X114.279 Y143.437 F9000
G1 F6000
G1 X124.299 Y133.416 E.39226
G1 X123.044 Y134.136 F9000
G1 F6000
G1 X114.229 Y142.952 E.34509
G1 X114.136 Y142.509 F9000
G1 F6000
G1 X121.959 Y134.687 E.30622
G1 X120.967 Y135.144 F9000
G1 F6000
G1 X113.888 Y142.222 E.27709
G1 X113.553 Y142.023 F9000
G1 F6000
G1 X120.062 Y135.513 E.25481
G1 X119.208 Y135.833 F9000
G1 F6000
G1 X113.214 Y141.827 E.23464
G1 X112.874 Y141.631 F9000
G1 F6000
G1 X118.393 Y136.113 E.21603
G1 X117.631 Y136.34 F9000
G1 F6000
G1 X112.535 Y141.436 E.19947
G1 X112.196 Y141.24 F9000
G1 F6000
G1 X116.883 Y136.553 E.18348
G1 X116.186 Y136.715 F9000
G1 F6000
G1 X111.856 Y141.044 E.16947
G1 X111.517 Y140.848 F9000
G1 F6000
G1 X115.492 Y136.874 E.15558
G1 X114.84 Y136.99 F9000
G1 F6000
G1 X111.178 Y140.653 E.14336
G1 X110.838 Y140.457 F9000
G1 F6000
G1 X114.189 Y137.107 E.13114
G1 X113.574 Y137.187 F9000
G1 F6000
G1 X110.499 Y140.261 E.12035
G1 X110.129 Y140.097 F9000
G1 F6000
G1 X112.961 Y137.264 E.11088
G1 X112.368 Y137.323 F9000
G1 F6000
G1 X109.332 Y140.359 E.11884
G1 X108.068 Y141.088 F9000
G1 F6000
G1 X111.785 Y137.371 E.1455
G1 X111.227 Y137.394 F9000
G1 F6000
G1 X106.804 Y141.816 E.17313
G1 E-.7 F2400
;WIPE_START
G1 F6000
G1 X107.511 Y141.109 E-.3
;WIPE_END
G17
G3 Z2.4 I.925 J.791 P1  F9000
G1 X110.671 Y137.415 Z2.4
G1 Z2
G1 E1 F2700
G1 F6000
G1 X100.769 Y147.317 E.38762
G1 X100.346 Y147.205 F9000
G1 F6000
G1 X110.126 Y137.424 E.38286
G1 X109.598 Y137.418 F9000
G1 F6000
G1 X99.925 Y147.091 E.37866
G1 X99.504 Y146.977 F9000
G1 F6000
G1 X109.07 Y137.411 E.37446
G1 X108.561 Y137.385 F9000
G1 F6000
G1 X99.085 Y146.861 E.37095
G1 X98.679 Y146.732 F9000
G1 F6000
G1 X108.059 Y137.352 E.36717
G1 X107.556 Y137.32 F9000
G1 F6000
G1 X98.273 Y146.603 E.36339
G1 X97.867 Y146.474 F9000
G1 F6000
G1 X107.076 Y137.265 E.36049
G1 X106.596 Y137.21 F9000
G1 F6000
G1 X97.464 Y146.342 E.3575
G1 X97.069 Y146.202 F9000
G1 F6000
G1 X106.118 Y137.153 E.35419
G1 X105.66 Y137.076 F9000
G1 F6000
G1 X96.675 Y146.061 E.35171
G1 X96.288 Y145.913 F9000
G1 F6000
G1 X105.202 Y136.999 E.34892
G1 X104.744 Y136.922 F9000
G1 F6000
G1 X95.906 Y145.761 E.34599
G1 X95.523 Y145.608 F9000
G1 F6000
G1 X104.304 Y136.827 E.34373
G1 X103.864 Y136.733 F9000
G1 F6000
G1 X95.14 Y145.456 E.34149
G1 X94.766 Y145.295 F9000
G1 F6000
G1 X103.434 Y136.628 E.33929
G1 X103.009 Y136.517 F9000
G1 F6000
G1 X94.397 Y145.13 E.33714
G1 X94.027 Y144.964 F9000
G1 F6000
G1 X102.585 Y136.407 E.335
G1 X102.171 Y136.285 F9000
G1 F6000
G1 X93.657 Y144.799 E.33327
G1 X93.295 Y144.627 F9000
G1 F6000
G1 X101.764 Y136.157 E.33154
G1 X101.357 Y136.029 F9000
G1 F6000
G1 X92.936 Y144.451 E.32967
G1 X92.577 Y144.275 F9000
G1 F6000
G1 X100.956 Y135.896 E.32799
G1 X100.566 Y135.751 F9000
G1 F6000
G1 X92.227 Y144.089 E.32641
G1 X91.879 Y143.902 F9000
G1 F6000
G1 X100.176 Y135.605 E.32479
G1 X99.786 Y135.46 F9000
G1 F6000
G1 X91.531 Y143.716 E.32317
G1 X91.182 Y143.529 F9000
G1 F6000
G1 X99.411 Y135.3 E.32212
G1 X99.038 Y135.139 F9000
G1 F6000
G1 X90.842 Y143.335 E.32083
G1 X90.503 Y143.138 F9000
G1 F6000
G1 X98.664 Y134.977 E.31945
G1 X98.297 Y134.809 F9000
G1 F6000
G1 X90.165 Y142.941 E.31833
G1 X89.837 Y142.735 F9000
G1 F6000
G1 X97.939 Y134.632 E.31717
G1 X97.582 Y134.455 F9000
G1 F6000
G1 X89.509 Y142.528 E.31601
G1 X89.181 Y142.321 F9000
G1 F6000
G1 X97.224 Y134.278 E.31485
G1 X96.879 Y134.088 F9000
G1 F6000
G1 X88.853 Y142.114 E.31419
G1 X88.532 Y141.9 F9000
G1 F6000
G1 X96.536 Y133.896 E.31332
G1 X96.193 Y133.703 F9000
G1 F6000
G1 X88.214 Y141.683 E.31237
G1 X87.895 Y141.466 F9000
G1 F6000
G1 X95.854 Y133.507 E.31155
G1 X95.524 Y133.303 F9000
G1 F6000
G1 X87.588 Y141.239 E.31067
G1 X87.281 Y141.011 F9000
G1 F6000
G1 X95.194 Y133.098 E.30976
G1 X94.872 Y132.884 F9000
G1 F6000
G1 X86.974 Y140.783 E.3092
G1 X86.667 Y140.555 F9000
G1 F6000
G1 X94.554 Y132.668 E.30876
G1 X94.236 Y132.451 F9000
G1 F6000
G1 X86.359 Y140.327 E.30832
G1 E-.7 F2400
;WIPE_START
G1 F6000
G1 X87.067 Y139.62 E-.3
;WIPE_END
G17
G3 Z2.4 I.968 J.738 P1  F9000
G1 X88.785 Y137.367 Z2.4
G1 Z2
G1 E1 F2700
G1 F6000
G1 X93.92 Y132.232 E.20101
G1 X93.616 Y132.001 F9000
G1 F6000
G1 X89.954 Y135.663 E.14332
G1 X89.862 Y135.22 F9000
G1 F6000
G1 X93.311 Y131.771 E.13504
G1 X93.007 Y131.54 F9000
G1 F6000
G1 X89.748 Y134.799 E.12756
G1 X89.635 Y134.377 F9000
G1 F6000
G1 X92.709 Y131.303 E.12033
G1 X92.419 Y131.058 F9000
G1 F6000
G1 X89.522 Y133.955 E.11339
G1 X89.409 Y133.533 F9000
G1 F6000
G1 X92.128 Y130.814 E.10645
G1 X91.838 Y130.569 F9000
G1 F6000
G1 X89.296 Y133.111 E.09952
G1 X89.183 Y132.69 F9000
G1 F6000
G1 X91.558 Y130.314 E.09298
G1 X91.281 Y130.056 F9000
G1 F6000
G1 X89.07 Y132.268 E.08659
G1 X88.956 Y131.846 F9000
G1 F6000
G1 X91.005 Y129.797 E.08019
G1 X90.729 Y129.539 F9000
G1 F6000
G1 X88.818 Y131.449 E.07477
G1 X88.566 Y131.166 F9000
G1 F6000
G1 X90.466 Y129.267 E.07435
G1 X90.203 Y128.994 F9000
G1 F6000
G1 X88.168 Y131.03 E.07968
G1 X87.746 Y130.917 F9000
G1 F6000
G1 X89.94 Y128.722 E.08592
G1 X89.681 Y128.446 F9000
G1 F6000
G1 X87.324 Y130.804 E.09228
G1 X86.902 Y130.691 F9000
G1 F6000
G1 X89.432 Y128.16 E.09906
G1 X89.183 Y127.874 F9000
G1 F6000
G1 X86.48 Y130.578 E.10585
G1 X86.057 Y130.465 F9000
G1 F6000
G1 X88.935 Y127.588 E.11263
G1 X88.692 Y127.296 F9000
G1 F6000
G1 X85.635 Y130.352 E.11964
G1 X85.213 Y130.239 F9000
G1 F6000
G1 X88.455 Y126.998 E.12688
G1 X88.218 Y126.7 F9000
G1 F6000
G1 X84.791 Y130.126 E.13412
G1 X84.355 Y130.028 F9000
G1 F6000
G1 X87.992 Y126.391 E.14236
G1 X87.767 Y126.081 F9000
G1 F6000
G1 X82.888 Y130.96 E.19097
G1 E-.7 F2400
;WIPE_START
G1 F6000
G1 X83.595 Y130.252 E-.3
;WIPE_END
G17
G3 Z2.4 I-.796 J-.921 P1  F9000
G1 X79.664 Y133.648 Z2.4
G1 Z2
G1 E1 F2700
G1 F6000
G1 X87.542 Y125.771 E.30835
G1 X87.32 Y125.458 F9000
G1 F6000
G1 X79.43 Y133.348 E.30883
G1 X79.203 Y133.039 F9000
G1 F6000
G1 X87.109 Y125.134 E.30945
G1 X86.898 Y124.81 F9000
G1 F6000
G1 X78.977 Y132.731 E.31007
G1 X78.75 Y132.423 F9000
G1 F6000
G1 X86.687 Y124.486 E.31068
G1 X86.485 Y124.153 F9000
G1 F6000
G1 X78.523 Y132.115 E.31167
G1 X78.308 Y131.795 F9000
G1 F6000
G1 X86.289 Y123.814 E.31242
G1 X86.092 Y123.476 F9000
G1 F6000
G1 X78.092 Y131.475 E.31316
G1 X77.877 Y131.156 F9000
G1 F6000
G1 X85.896 Y123.137 E.31389
G1 X85.714 Y122.784 F9000
G1 F6000
G1 X77.662 Y130.836 E.31518
G1 X77.454 Y130.509 F9000
G1 F6000
G1 X85.533 Y122.43 E.31623
G1 X85.352 Y122.076 F9000
G1 F6000
G1 X77.249 Y130.179 E.31717
G1 X77.044 Y129.849 F9000
G1 F6000
G1 X85.176 Y121.717 E.31833
G1 X85.011 Y121.348 F9000
G1 F6000
G1 X76.848 Y129.51 E.31951
G1 X76.653 Y129.17 F9000
G1 F6000
G1 X84.845 Y120.978 E.32066
G1 X84.679 Y120.609 F9000
G1 F6000
G1 X76.458 Y128.83 E.32181
G1 X76.263 Y128.49 F9000
G1 F6000
G1 X78.663 Y126.091 E.09393
G1 X77.934 Y126.284 F9000
G1 F6000
G1 X76.076 Y128.143 E.07274
G1 X75.891 Y127.792 F9000
G1 F6000
G1 X77.383 Y126.3 E.05841
G1 X76.911 Y126.237 F9000
G1 F6000
G1 X75.706 Y127.442 E.04717
G1 X75.532 Y127.081 F9000
G1 F6000
G1 X76.497 Y126.117 E.03776
G1 X76.134 Y125.944 F9000
G1 F6000
G1 X75.358 Y126.72 E.03038
G1 X75.185 Y126.359 F9000
G1 F6000
G1 X75.818 Y125.726 E.02478
G1 X75.517 Y125.491 F9000
G1 F6000
G1 X75.011 Y125.998 E.01982
G1 X74.908 Y125.565 F9000
G1 F6000
G1 X75.198 Y125.276 E.01133
G1 X74.062 Y123.736 F9000
G1 F6000
G1 X74.685 Y123.113 E.02439
G1 X74.857 Y122.406 F9000
G1 F6000
G1 X73.922 Y123.342 E.03662
G1 E-.7 F2400
;WIPE_START
G1 F6000
G1 X74.629 Y122.635 E-.3
;WIPE_END
G17
G3 Z2.4 I-.387 J1.154 P1  F9000
G1 X80.236 Y124.517 Z2.4
G1 Z2
G1 E1 F2700
G1 F6000
G1 X84.528 Y120.225 E.168
G1 X84.378 Y119.84 F9000
G1 F6000
G1 X80.431 Y123.787 E.1545
G1 X80.447 Y123.236 F9000
G1 F6000
G1 X84.229 Y119.455 E.14804
G1 X84.087 Y119.062 F9000
G1 F6000
G1 X80.375 Y122.773 E.14529
G1 X80.243 Y122.37 F9000
G1 F6000
G1 X83.952 Y118.662 E.14516
G1 X83.817 Y118.261 F9000
G1 F6000
G1 X80.079 Y121.999 E.14634
G1 X79.866 Y121.678 F9000
G1 F6000
G1 X83.697 Y117.847 E.14996
G1 X83.576 Y117.432 F9000
G1 F6000
G1 X79.612 Y121.396 E.15517
G1 X79.331 Y121.143 F9000
G1 F6000
G1 X83.456 Y117.018 E.16146
G1 X83.352 Y116.586 F9000
G1 F6000
G1 X79.011 Y120.928 E.16995
G1 X78.655 Y120.749 F9000
G1 F6000
G1 X83.25 Y116.153 E.17989
G1 X83.148 Y115.721 F9000
G1 F6000
G1 X78.247 Y120.621 E.19183
G1 X77.792 Y120.542 F9000
G1 F6000
G1 X83.06 Y115.273 E.20623
G1 X82.977 Y114.821 F9000
G1 F6000
G1 X77.242 Y120.557 E.22452
G1 X76.555 Y120.709 F9000
G1 F6000
G1 X82.895 Y114.369 E.24818
G1 X82.825 Y113.903 F9000
G1 F6000
G1 X73.781 Y122.948 E.35404
G1 X73.64 Y122.553 F9000
G1 F6000
G1 X82.761 Y113.433 E.35703
G1 X82.706 Y112.952 F9000
G1 F6000
G1 X73.499 Y122.159 E.36041
G1 X73.363 Y121.76 F9000
G1 F6000
G1 X82.661 Y112.463 E.36394
G1 X82.615 Y111.974 F9000
G1 F6000
G1 X73.237 Y121.352 E.36711
G1 X73.11 Y120.944 F9000
G1 F6000
G1 X82.588 Y111.466 E.37101
G1 X82.566 Y110.953 F9000
G1 F6000
G1 X72.993 Y120.526 E.37474
G1 X72.879 Y120.105 F9000
G1 F6000
G1 X82.545 Y110.439 E.37839
G1 X82.55 Y109.899 F9000
G1 F6000
G1 X72.765 Y119.684 E.38304
G1 X72.651 Y119.263 F9000
G1 F6000
G1 X82.554 Y109.359 E.38768
G1 X82.573 Y108.806 F9000
G1 F6000
G1 X78.095 Y113.284 E.17529
G1 X78.828 Y112.016 F9000
G1 F6000
G1 X82.607 Y108.237 E.14794
G1 X82.641 Y107.668 F9000
G1 F6000
G1 X79.56 Y110.749 E.12058
G1 X79.873 Y109.901 F9000
G1 F6000
G1 X82.708 Y107.066 E.11095
G1 X82.775 Y106.464 F9000
G1 F6000
G1 X79.717 Y109.522 E.11972
G1 X79.521 Y109.183 F9000
G1 F6000
G1 X82.864 Y105.84 E.13086
G1 X82.965 Y105.204 F9000
G1 F6000
G1 X79.325 Y108.844 E.14251
G1 X79.129 Y108.505 F9000
G1 F6000
G1 X83.101 Y104.533 E.15549
G1 X83.239 Y103.86 F9000
G1 F6000
G1 X78.933 Y108.166 E.16856
G1 X78.737 Y107.827 F9000
G1 F6000
G1 X83.423 Y103.141 E.18343
G1 X83.615 Y102.414 F9000
G1 F6000
G1 X78.541 Y107.488 E.19862
G1 X78.345 Y107.149 F9000
G1 F6000
G1 X83.857 Y101.637 E.21576
G1 X84.128 Y100.831 F9000
G1 F6000
G1 X78.149 Y106.81 E.23404
G1 X77.953 Y106.471 F9000
G1 F6000
G1 X84.441 Y99.984 E.25395
G1 X84.829 Y99.061 F9000
G1 F6000
G1 X77.757 Y106.133 E.27683
G1 X77.481 Y105.873 F9000
G1 F6000
G1 X85.284 Y98.07 E.30545
G1 X85.839 Y96.981 F9000
G1 F6000
G1 X77.041 Y105.778 E.34438
G1 X76.556 Y105.728 F9000
G1 F6000
G1 X86.565 Y95.719 E.39181
G1 X87.602 Y94.147 F9000
G1 F6000
G1 X76.071 Y105.679 E.4514
G1 X75.586 Y105.629 F9000
G1 F6000
G1 X89.95 Y91.264 E.5623
G1 E-.7 F2400
;WIPE_START
G1 F6000
G1 X89.243 Y91.971 E-.3
;WIPE_END
G17
G3 Z2.4 I-1.07 J-.581 P1  F9000
G1 X77.17 Y114.208 Z2.4
G1 Z2
G1 E1 F2700
G1 F6000
G1 X72.549 Y118.83 E.1809
G1 X72.448 Y118.396 F9000
G1 F6000
G1 X76.574 Y114.27 E.16153
G1 X75.978 Y114.331 F9000
G1 F6000
G1 X72.354 Y117.955 E.14185
G1 X72.266 Y117.508 F9000
G1 F6000
G1 X75.382 Y114.392 E.12196
G1 X74.786 Y114.453 F9000
G1 F6000
G1 X72.178 Y117.061 E.10206
G1 X72.09 Y116.614 F9000
G1 F6000
G1 X74.19 Y114.515 E.08217
G1 X73.593 Y114.576 F9000
G1 F6000
G1 X72.022 Y116.148 E.06153
G1 X71.953 Y115.681 F9000
G1 F6000
G1 X73.015 Y114.619 E.04157
G1 X72.478 Y114.621 F9000
G1 F6000
G1 X71.884 Y115.215 E.02326
G1 E-.7 F2400
;WIPE_START
G1 F6000
G1 X72.478 Y114.621 E-.3
;WIPE_END
G17
G3 Z2.4 I-.293 J1.181 P1  F9000
G1 X129.923 Y128.862 Z2.4
G1 Z2
G1 E1 F2700
G1 F6000
G1 X144.414 Y114.371 E.56726
G1 X143.929 Y114.321 F9000
G1 F6000
G1 X132.406 Y125.844 E.45106
G1 X133.45 Y124.266 F9000
G1 F6000
G1 X143.444 Y114.272 E.39122
G1 X142.958 Y114.222 F9000
G1 F6000
G1 X134.171 Y123.009 E.34397
G1 X134.722 Y121.923 F9000
G1 F6000
G1 X142.52 Y114.126 E.30523
G1 X142.244 Y113.867 F9000
G1 F6000
G1 X135.17 Y120.941 E.27692
G1 X135.553 Y120.022 F9000
G1 F6000
G1 X142.046 Y113.529 E.25418
G1 X141.85 Y113.19 F9000
G1 F6000
G1 X135.88 Y119.16 E.23371
G1 X136.15 Y118.355 F9000
G1 F6000
G1 X141.654 Y112.851 E.21546
G1 X141.459 Y112.512 F9000
G1 F6000
G1 X136.376 Y117.595 E.19897
G1 X136.586 Y116.849 F9000
G1 F6000
G1 X141.263 Y112.173 E.18306
G1 X141.067 Y111.834 F9000
G1 F6000
G1 X136.75 Y116.151 E.16898
G1 X136.907 Y115.458 F9000
G1 F6000
G1 X140.871 Y111.495 E.15515
G1 X140.675 Y111.156 F9000
G1 F6000
G1 X137.025 Y114.806 E.14288
G1 X137.137 Y114.159 F9000
G1 F6000
G1 X140.479 Y110.817 E.13082
G1 X140.283 Y110.478 F9000
G1 F6000
G1 X137.221 Y113.54 E.11986
G1 X137.294 Y112.931 F9000
G1 F6000
G1 X140.127 Y110.098 E.1109
G1 X140.439 Y109.251 F9000
G1 F6000
G1 X137.353 Y112.337 E.1208
G1 X137.393 Y111.763 F9000
G1 F6000
G1 X141.172 Y107.984 E.14794
G1 X141.905 Y106.716 F9000
G1 F6000
G1 X137.432 Y111.189 E.17509
G1 E-.7 F2400
;WIPE_START
G1 F6000
G1 X138.139 Y110.482 E-.3
;WIPE_END
G17
G3 Z2.4 I.581 J1.069 P1  F9000
G1 X147.522 Y105.379 Z2.4
G1 Z2
G1 E1 F2700
G1 F6000
G1 X148.116 Y104.785 E.02326
G1 X148.047 Y104.319 F9000
G1 F6000
G1 X146.985 Y105.381 E.04157
G1 X146.406 Y105.424 F9000
G1 F6000
G1 X147.978 Y103.852 E.06153
G1 X147.909 Y103.386 F9000
G1 F6000
G1 X145.81 Y105.485 E.08217
G1 X145.214 Y105.547 F9000
G1 F6000
G1 X147.821 Y102.939 E.10207
G1 X147.734 Y102.492 F9000
G1 F6000
G1 X144.618 Y105.608 E.12197
G1 X144.022 Y105.669 F9000
G1 F6000
G1 X147.646 Y102.045 E.14186
G1 X147.552 Y101.604 F9000
G1 F6000
G1 X143.425 Y105.73 E.16152
G1 X142.829 Y105.791 F9000
G1 F6000
G1 X147.45 Y101.17 E.18089
G1 X147.349 Y100.737 F9000
G1 F6000
G1 X137.442 Y110.643 E.38779
G1 X137.451 Y110.099 F9000
G1 F6000
G1 X147.235 Y100.316 E.38299
G1 X147.121 Y99.895 F9000
G1 F6000
G1 X137.451 Y109.565 E.37852
G1 X137.433 Y109.048 F9000
G1 F6000
G1 X147.007 Y99.474 E.37475
G1 X146.89 Y99.056 F9000
G1 F6000
G1 X137.415 Y108.531 E.37087
G1 X137.383 Y108.028 F9000
G1 F6000
G1 X146.763 Y98.648 E.36716
G1 X146.636 Y98.24 F9000
G1 F6000
G1 X137.345 Y107.531 E.36372
G1 X137.292 Y107.049 F9000
G1 F6000
G1 X146.5 Y97.841 E.36044
G1 X146.359 Y97.447 F9000
G1 F6000
G1 X137.234 Y106.572 E.35721
G1 X137.176 Y106.095 F9000
G1 F6000
G1 X146.219 Y97.052 E.35398
G1 X146.078 Y96.658 F9000
G1 F6000
G1 X145.142 Y97.594 E.03662
G1 X145.314 Y96.887 F9000
G1 F6000
G1 X145.937 Y96.264 E.02439
G1 X145.705 Y95.961 F9000
G1 F6000
G1 X145.334 Y96.332 E.01451
G1 X144.789 Y94.737 F9000
G1 F6000
G1 X145.103 Y94.423 E.0123
G1 X144.989 Y94.002 F9000
G1 F6000
G1 X144.486 Y94.505 E.01967
G1 X144.184 Y94.273 F9000
G1 F6000
G1 X144.815 Y93.641 E.02472
G1 X144.641 Y93.28 F9000
G1 F6000
G1 X143.857 Y94.064 E.03069
G1 X143.502 Y93.884 F9000
G1 F6000
G1 X144.468 Y92.919 E.03778
G1 X144.294 Y92.558 F9000
G1 F6000
G1 X143.089 Y93.763 E.04716
G1 X142.618 Y93.699 F9000
G1 F6000
G1 X144.109 Y92.208 E.05836
G1 X143.924 Y91.857 F9000
G1 F6000
G1 X142.062 Y93.72 E.0729
G1 X141.338 Y93.909 F9000
G1 F6000
G1 X143.737 Y91.51 E.09391
G1 E-.7 F2400
;WIPE_START
G1 F6000
G1 X143.029 Y92.217 E-.3
;WIPE_END
G17
G3 Z2.4 I-1.215 J.075 P1  F9000
G1 X143.466 Y99.27 Z2.4
G1 Z2
G1 E1 F2700
G1 F6000
G1 X137.102 Y105.635 E.24916
G1 X137.022 Y105.179 F9000
G1 F6000
G1 X142.77 Y99.431 E.22502
G1 X142.208 Y99.458 F9000
G1 F6000
G1 X136.942 Y104.724 E.20613
G1 X136.849 Y104.282 F9000
G1 F6000
G1 X141.76 Y99.371 E.19225
G1 X141.347 Y99.249 F9000
G1 F6000
G1 X136.749 Y103.847 E.17998
G1 X136.65 Y103.411 F9000
G1 F6000
G1 X140.991 Y99.07 E.16994
G1 X140.669 Y98.857 F9000
G1 F6000
G1 X136.54 Y102.986 E.16162
G1 X136.422 Y102.569 F9000
G1 F6000
G1 X140.386 Y98.605 E.15517
G1 X140.139 Y98.317 F9000
G1 F6000
G1 X136.304 Y102.152 E.15013
G1 X136.181 Y101.74 F9000
G1 F6000
G1 X139.919 Y98.003 E.1463
G1 X139.755 Y97.631 F9000
G1 F6000
G1 X136.046 Y101.341 E.14521
G1 X135.91 Y100.941 F9000
G1 F6000
G1 X139.624 Y97.227 E.1454
G1 X139.556 Y96.761 F9000
G1 F6000
G1 X135.774 Y100.542 E.14802
G1 X135.622 Y100.159 F9000
G1 F6000
G1 X139.583 Y96.199 E.15503
G1 X139.764 Y95.483 F9000
G1 F6000
G1 X135.47 Y99.777 E.16808
G1 X135.317 Y99.394 F9000
G1 F6000
G1 X143.542 Y91.17 E.32194
G1 X143.347 Y90.83 F9000
G1 F6000
G1 X135.158 Y99.019 E.32056
G1 X134.989 Y98.652 F9000
G1 F6000
G1 X143.152 Y90.49 E.31952
G1 X142.956 Y90.151 F9000
G1 F6000
G1 X134.821 Y98.286 E.31844
G1 X134.652 Y97.919 F9000
G1 F6000
G1 X142.75 Y89.821 E.31701
G1 X142.545 Y89.491 F9000
G1 F6000
G1 X134.469 Y97.568 E.31616
G1 X134.285 Y97.217 F9000
G1 F6000
G1 X142.337 Y89.164 E.31521
G1 X142.122 Y88.844 F9000
G1 F6000
G1 X134.101 Y96.865 E.31397
G1 X133.91 Y96.522 F9000
G1 F6000
G1 X141.907 Y88.525 E.31304
G1 X141.692 Y88.205 F9000
G1 F6000
G1 X133.715 Y96.182 E.31229
G1 X133.519 Y95.843 F9000
G1 F6000
G1 X141.477 Y87.885 E.31151
G1 X141.25 Y87.577 F9000
G1 F6000
G1 X133.31 Y95.517 E.3108
G1 X133.101 Y95.191 F9000
G1 F6000
G1 X141.023 Y87.269 E.3101
G1 X140.796 Y86.961 F9000
G1 F6000
G1 X132.893 Y94.864 E.30939
G1 X132.68 Y94.542 F9000
G1 F6000
G1 X140.57 Y86.652 E.30885
G1 X140.335 Y86.352 F9000
G1 F6000
G1 X132.457 Y94.23 E.30841
G1 X132.233 Y93.919 F9000
G1 F6000
G1 X137.111 Y89.041 E.19095
G1 X135.64 Y89.977 F9000
G1 F6000
G1 X132.01 Y93.607 E.14207
G1 X131.779 Y93.303 F9000
G1 F6000
G1 X135.208 Y89.874 E.13424
G1 X134.786 Y89.761 F9000
G1 F6000
G1 X131.542 Y93.005 E.12701
G1 X131.304 Y92.708 F9000
G1 F6000
G1 X134.364 Y89.648 E.11977
G1 X133.942 Y89.535 F9000
G1 F6000
G1 X131.067 Y92.41 E.11254
G1 X130.818 Y92.124 F9000
G1 F6000
G1 X133.52 Y89.422 E.10578
G1 X133.098 Y89.309 F9000
G1 F6000
G1 X130.567 Y91.84 E.09908
G1 X130.316 Y91.556 F9000
G1 F6000
G1 X132.676 Y89.196 E.09238
G1 X132.254 Y89.083 F9000
G1 F6000
G1 X130.062 Y91.275 E.08581
G1 X129.798 Y91.005 F9000
G1 F6000
G1 X131.832 Y88.97 E.07964
G1 X131.439 Y88.828 F9000
G1 F6000
G1 X129.533 Y90.734 E.07461
G1 X129.268 Y90.464 F9000
G1 F6000
G1 X131.179 Y88.554 E.07478
G1 X131.043 Y88.154 F9000
G1 F6000
G1 X128.997 Y90.201 E.08011
G1 X128.718 Y89.944 F9000
G1 F6000
G1 X130.93 Y87.732 E.08658
G1 X130.817 Y87.31 F9000
G1 F6000
G1 X128.44 Y89.687 E.09305
G1 X128.162 Y89.431 F9000
G1 F6000
G1 X130.704 Y86.889 E.09951
G1 X130.591 Y86.467 F9000
G1 F6000
G1 X127.873 Y89.185 E.10639
G1 X127.581 Y88.942 F9000
G1 F6000
G1 X130.478 Y86.045 E.1134
G1 X130.364 Y85.623 F9000
G1 F6000
G1 X127.288 Y88.699 E.12041
G1 X126.996 Y88.457 F9000
G1 F6000
G1 X130.251 Y85.201 E.12744
G1 X130.138 Y84.78 F9000
G1 F6000
G1 X126.689 Y88.228 E.135
G1 X126.383 Y87.999 F9000
G1 F6000
G1 X130.049 Y84.333 E.14351
G1 E-.7 F2400
;WIPE_START
G1 F6000
G1 X129.342 Y85.04 E-.3
;WIPE_END
G17
G3 Z2.4 I.961 J.747 P1  F9000
G1 X131.215 Y82.633 Z2.4
G1 Z2
G1 E1 F2700
G1 F6000
G1 X126.077 Y87.771 E.20112
G1 X125.766 Y87.546 F9000
G1 F6000
G1 X133.64 Y79.673 E.30823
G1 X133.333 Y79.445 F9000
G1 F6000
G1 X125.446 Y87.332 E.30874
G1 X125.126 Y87.117 F9000
G1 F6000
G1 X133.026 Y79.217 E.30926
G1 X132.719 Y78.989 F9000
G1 F6000
G1 X124.806 Y86.902 E.30977
G1 X124.476 Y86.697 F9000
G1 F6000
G1 X132.412 Y78.761 E.31067
G1 X132.104 Y78.534 F9000
G1 F6000
G1 X124.143 Y86.495 E.31163
G1 X123.81 Y86.293 F9000
G1 F6000
G1 X131.786 Y78.317 E.31224
G1 X131.468 Y78.1 F9000
G1 F6000
G1 X123.464 Y86.104 E.3133
G1 X123.119 Y85.914 F9000
G1 F6000
G1 X131.147 Y77.886 E.31426
G1 X130.819 Y77.679 F9000
G1 F6000
G1 X122.774 Y85.724 E.31494
G1 X122.421 Y85.542 F9000
G1 F6000
G1 X130.491 Y77.472 E.31591
G1 X130.163 Y77.265 F9000
G1 F6000
G1 X122.06 Y85.368 E.31717
G1 X121.7 Y85.193 F9000
G1 F6000
G1 X129.834 Y77.059 E.31843
G1 X129.496 Y76.862 F9000
G1 F6000
G1 X121.339 Y85.019 E.3193
G1 X120.963 Y84.86 F9000
G1 F6000
G1 X129.158 Y76.665 E.32078
G1 X128.818 Y76.471 F9000
G1 F6000
G1 X120.587 Y84.701 E.32217
G1 X120.211 Y84.542 F9000
G1 F6000
G1 X128.469 Y76.284 E.32325
G1 X128.121 Y76.098 F9000
G1 F6000
G1 X119.826 Y84.392 E.3247
G1 X119.433 Y84.25 F9000
G1 F6000
G1 X127.772 Y75.911 E.32642
G1 X127.423 Y75.725 F9000
G1 F6000
G1 X119.041 Y84.107 E.32811
G1 X118.646 Y83.967 F9000
G1 F6000
G1 X127.064 Y75.549 E.32953
G1 X126.705 Y75.373 F9000
G1 F6000
G1 X118.237 Y83.842 E.3315
G1 X117.827 Y83.716 F9000
G1 F6000
G1 X126.342 Y75.201 E.33333
G1 X125.973 Y75.036 F9000
G1 F6000
G1 X117.417 Y83.591 E.33491
G1 X116.993 Y83.481 F9000
G1 F6000
G1 X125.603 Y74.87 E.33705
G1 X125.234 Y74.705 F9000
G1 F6000
G1 X116.569 Y83.37 E.33919
G1 X116.134 Y83.27 F9000
G1 F6000
G1 X124.861 Y74.543 E.34162
G1 X124.48 Y74.389 F9000
G1 F6000
G1 X115.693 Y83.176 E.34398
G1 X115.252 Y83.082 F9000
G1 F6000
G1 X124.099 Y74.234 E.34635
G1 X123.713 Y74.086 F9000
G1 F6000
G1 X114.8 Y82.998 E.34888
G1 X114.339 Y82.925 F9000
G1 F6000
G1 X123.323 Y73.941 E.35168
G1 X122.933 Y73.796 F9000
G1 F6000
G1 X113.878 Y82.851 E.35447
G1 X113.406 Y82.787 F9000
G1 F6000
G1 X122.532 Y73.662 E.35721
G1 X122.13 Y73.528 F9000
G1 F6000
G1 X112.923 Y82.735 E.36041
G1 X112.441 Y82.683 F9000
G1 F6000
G1 X121.729 Y73.395 E.3636
G1 X121.326 Y73.263 F9000
G1 F6000
G1 X111.943 Y82.646 E.3673
G1 X111.437 Y82.617 F9000
G1 F6000
G1 X120.912 Y73.141 E.37093
G1 X120.499 Y73.02 F9000
G1 F6000
G1 X110.93 Y82.589 E.37457
G1 X110.402 Y82.581 F9000
G1 F6000
G1 X120.078 Y72.906 E.37874
G1 X119.652 Y72.797 F9000
G1 F6000
G1 X109.87 Y82.579 E.3829
G1 X109.333 Y82.581 F9000
G1 F6000
G1 X119.226 Y72.688 E.38727
G1 X118.8 Y72.579 F9000
G1 F6000
G1 X114.217 Y77.162 E.1794
G1 X114.278 Y76.566 F9000
G1 F6000
G1 X118.362 Y72.482 E.15987
G1 X117.923 Y72.386 F9000
G1 F6000
G1 X114.34 Y75.969 E.14028
G1 X114.401 Y75.373 F9000
G1 F6000
G1 X117.478 Y72.296 E.12044
G1 X117.025 Y72.214 F9000
G1 F6000
G1 X114.462 Y74.777 E.10033
G1 X114.524 Y74.181 F9000
G1 F6000
G1 X116.573 Y72.132 E.08021
G1 X116.12 Y72.049 F9000
G1 F6000
G1 X114.585 Y73.584 E.06009
G1 X114.625 Y73.009 F9000
G1 F6000
G1 X115.654 Y71.981 E.04027
G1 X115.187 Y71.913 F9000
G1 F6000
G1 X114.626 Y72.473 E.02194
G1 E-.7 F2400
;WIPE_START
G1 F6000
G1 X115.187 Y71.913 E-.3
;WIPE_END
G17
G3 Z2.4 I-1.16 J-.368 P1  F9000
G1 X113.195 Y78.184 Z2.4
G1 Z2
G1 E1 F2700
G1 F6000
G1 X108.777 Y82.602 E.17296
G1 X108.21 Y82.634 F9000
G1 F6000
G1 X111.931 Y78.913 E.14568
G1 X110.668 Y79.641 F9000
G1 F6000
G1 X107.627 Y82.682 E.11903
G1 X107.044 Y82.73 F9000
G1 F6000
G1 X109.87 Y79.904 E.11065
G1 X109.501 Y79.739 F9000
G1 F6000
G1 X106.426 Y82.813 E.12035
G1 X105.808 Y82.896 F9000
G1 F6000
G1 X109.161 Y79.543 E.13128
G1 X108.822 Y79.347 F9000
G1 F6000
G1 X105.161 Y83.008 E.1433
G1 X104.503 Y83.131 F9000
G1 F6000
G1 X108.483 Y79.152 E.15577
G1 X108.143 Y78.956 F9000
G1 F6000
G1 X103.815 Y83.284 E.16942
G1 X103.111 Y83.453 F9000
G1 F6000
G1 X107.804 Y78.76 E.1837
G1 X107.465 Y78.564 F9000
G1 F6000
G1 X102.37 Y83.66 E.19945
G1 X101.611 Y83.883 F9000
G1 F6000
G1 X107.125 Y78.369 E.21585
G1 X106.786 Y78.173 F9000
G1 F6000
G1 X100.8 Y84.16 E.23434
G1 X99.935 Y84.489 F9000
G1 F6000
G1 X106.447 Y77.977 E.2549
G1 X106.112 Y77.778 F9000
G1 F6000
G1 X99.027 Y84.862 E.27733
G1 X98.049 Y85.306 F9000
G1 F6000
G1 X105.861 Y77.494 E.3058
G1 X105.771 Y77.048 F9000
G1 F6000
G1 X96.944 Y85.875 E.34554
G1 X95.684 Y86.6 F9000
G1 F6000
G1 X105.721 Y76.563 E.39289
G1 X105.671 Y76.078 F9000
G1 F6000
G1 X94.104 Y87.645 E.4528
G1 E-.7 F2400
;WIPE_START
G1 F6000
G1 X94.811 Y86.938 E-.3
;WIPE_END
G17
G3 Z2.4 I-.79 J-.926 P1  F9000
G1 X91.182 Y90.032 Z2.4
G1 Z2
G1 E1 F2700
G1 F6000
G1 X105.621 Y75.593 E.56522
G1 X105.572 Y75.108 F9000
G1 F6000
G1 X75.101 Y105.579 E1.19278
G1 X74.615 Y105.529 F9000
G1 F6000
G1 X105.522 Y74.623 E1.20982
G1 X105.472 Y74.138 F9000
G1 F6000
G1 X74.13 Y105.479 E1.22686
G1 X73.645 Y105.43 F9000
G1 F6000
G1 X105.422 Y73.653 E1.2439
G1 X105.376 Y73.163 F9000
G1 F6000
G1 X73.159 Y105.381 E1.26117
G1 X72.625 Y105.379 F9000
G1 F6000
G1 X97.799 Y80.206 E.9854
G1 X97.035 Y80.435 F9000
G1 F6000
G1 X72.092 Y105.378 E.97639
G1 X71.831 Y105.104 F9000
G1 F6000
G1 X87.89 Y89.044 E.62863
G1 X87.16 Y89.24 F9000
G1 F6000
G1 X71.924 Y104.476 E.59642
G1 X72.02 Y103.845 F9000
G1 F6000
G1 X86.429 Y89.435 E.56405
G1 X85.699 Y89.631 F9000
G1 F6000
G1 X72.125 Y103.205 E.53137
G1 X72.25 Y102.545 F9000
G1 F6000
G1 X84.968 Y89.826 E.49787
G1 X84.284 Y89.976 F9000
G1 F6000
G1 X72.395 Y101.864 E.46536
G1 X72.552 Y101.173 F9000
G1 F6000
G1 X83.882 Y89.843 E.44351
G1 X83.584 Y89.606 F9000
G1 F6000
G1 X72.724 Y100.466 E.42513
G1 X72.923 Y99.732 F9000
G1 F6000
G1 X83.289 Y89.366 E.40576
G1 X82.994 Y89.126 F9000
G1 F6000
G1 X73.131 Y98.989 E.38607
G1 X73.372 Y98.213 F9000
G1 F6000
G1 X82.699 Y88.886 E.36511
G1 X82.404 Y88.647 F9000
G1 F6000
G1 X73.653 Y97.398 E.34256
G1 X73.94 Y96.575 F9000
G1 F6000
G1 X82.108 Y88.407 E.31975
G1 X81.813 Y88.167 F9000
G1 F6000
G1 X74.293 Y95.688 E.2944
G1 X74.664 Y94.781 F9000
G1 F6000
G1 X81.518 Y87.927 E.2683
G1 X81.223 Y87.687 F9000
G1 F6000
G1 X75.102 Y93.808 E.2396
G1 X75.602 Y92.773 F9000
G1 F6000
G1 X80.928 Y87.447 E.20849
G1 X80.638 Y87.202 F9000
G1 F6000
G1 X76.197 Y91.643 E.17384
G1 X76.887 Y90.418 F9000
G1 F6000
G1 X80.37 Y86.936 E.13631
G1 X80.101 Y86.669 F9000
G1 F6000
G1 X77.774 Y88.996 E.09109
G1 E-.7 F2400
;WIPE_START
G1 F6000
G1 X78.481 Y88.289 E-.3
;WIPE_END
G17
G3 Z2.4 I.043 J1.216 P1  F9000
G1 X89.021 Y87.914 Z2.4
G1 Z2
G1 E1 F2700
G1 F6000
G1 X96.456 Y80.479 E.29103
G1 X95.983 Y80.416 F9000
G1 F6000
G1 X89.217 Y87.183 E.26487
G1 X89.413 Y86.452 F9000
G1 F6000
G1 X95.562 Y80.303 E.2407
G1 X95.187 Y80.143 F9000
G1 F6000
G1 X89.609 Y85.721 E.21835
G1 X89.805 Y84.99 F9000
G1 F6000
G1 X94.867 Y79.928 E.19813
G1 X94.572 Y79.688 F9000
G1 F6000
G1 X89.954 Y84.306 E.18078
G1 X89.819 Y83.906 F9000
G1 F6000
G1 X94.308 Y79.417 E.17569
G1 X94.094 Y79.096 F9000
G1 F6000
G1 X89.58 Y83.61 E.1767
G1 X89.34 Y83.315 F9000
G1 F6000
G1 X93.92 Y78.735 E.17928
G1 X93.768 Y78.352 F9000
G1 F6000
G1 X89.1 Y83.02 E.18273
G1 X88.86 Y82.725 F9000
G1 F6000
G1 X93.685 Y77.9 E.18888
G1 X93.688 Y77.362 F9000
G1 F6000
G1 X88.62 Y82.43 E.19841
G1 X88.38 Y82.136 F9000
G1 F6000
G1 X93.816 Y76.699 E.21281
G1 X94.825 Y75.156 F9000
G1 F6000
G1 X88.139 Y81.841 E.26169
G1 X87.899 Y81.546 F9000
G1 F6000
G1 X94.555 Y74.891 E.26052
G1 X93.751 Y75.16 F9000
G1 F6000
G1 X87.659 Y81.251 E.23844
G1 X87.419 Y80.956 F9000
G1 F6000
G1 X92.71 Y75.665 E.20713
G1 X91.603 Y76.237 F9000
G1 F6000
G1 X87.174 Y80.667 E.1734
G1 X86.907 Y80.399 F9000
G1 F6000
G1 X90.358 Y76.947 E.13511
G1 X88.922 Y77.849 F9000
G1 F6000
G1 X86.64 Y80.13 E.08932
G1 E-.7 F2400
;WIPE_START
G1 F6000
G1 X87.347 Y79.423 E-.3
;WIPE_END
G17
G3 Z2.4 I.061 J1.215 P1  F9000
G1 X99.171 Y78.834 Z2.4
G1 Z2
G1 E1 F2700
G1 F6000
G1 X105.375 Y72.63 E.24285
G1 X105.373 Y72.097 F9000
G1 F6000
G1 X99.416 Y78.054 E.23319
G1 X99.451 Y77.484 F9000
G1 F6000
G1 X105.047 Y71.888 E.21908
G1 X104.436 Y71.964 F9000
G1 F6000
G1 X99.386 Y77.014 E.19766
G1 X99.274 Y76.591 F9000
G1 F6000
G1 X103.799 Y72.066 E.17714
G1 X103.155 Y72.175 F9000
G1 F6000
G1 X99.106 Y76.224 E.1585
G1 X98.892 Y75.903 F9000
G1 F6000
G1 X102.495 Y72.3 E.14106
G1 X101.813 Y72.447 F9000
G1 F6000
G1 X98.66 Y75.6 E.12341
G1 X98.37 Y75.355 F9000
G1 F6000
G1 X101.122 Y72.603 E.10771
G1 X100.416 Y72.774 F9000
G1 F6000
G1 X98.068 Y75.122 E.09192
G1 X97.711 Y74.944 F9000
G1 F6000
G1 X99.69 Y72.965 E.07746
G1 X98.933 Y73.187 F9000
G1 F6000
G1 X97.312 Y74.808 E.06346
G1 X96.862 Y74.723 F9000
G1 F6000
G1 X98.156 Y73.429 E.05065
G1 X97.353 Y73.697 F9000
G1 F6000
G1 X96.341 Y74.709 E.03959
G1 X95.827 Y74.688 F9000
G1 F6000
G1 X96.52 Y73.996 E.02709
; stop printing object ОсновнойПрофиль.stl id:503862 copy 0
G1 E-.7 F2400
;WIPE_START
G1 F6000
G1 X95.827 Y74.688 E-.3
;WIPE_END
M106 S0
;TYPE:Custom
; filament end gcode 
G91 ;Relative positionning 
G1 E-2 F2700 ;Retract a bit 
G1 E-2 Z0.2 F2400 ;Retract and raise Z 
G1 X5 Y5 F3000 ;Wipe out 
G1 Z10 ;Raise Z more 
G90 ;Absolute positionning 
 
G1 X0 Y220 ;Present print 
M106 S0 ;Turn-off fan 
M104 S0 ;Turn-off hotend 
M140 S0 ;Turn-off bed 
 
M84 X Y E ;Disable all steppers but Z
; EXECUTABLE_BLOCK_END

; filament used [mm] = 1726.78
; filament used [cm3] = 4.15
; filament used [g] = 5.15
; filament cost = 0.10
; total filament used [g] = 5.15
; total filament cost = 0.10
; total layers count = 10
; estimated printing time (normal mode) = 17m 10s
; estimated first layer printing time (normal mode) = 12s

; CONFIG_BLOCK_START
; accel_to_decel_enable = 1
; accel_to_decel_factor = 50%
; activate_air_filtration = 0
; activate_chamber_temp_control = 0
; adaptive_bed_mesh_margin = 0
; adaptive_pressure_advance = 0
; adaptive_pressure_advance_bridges = 0
; adaptive_pressure_advance_model = "0,0,0\n0,0,0"
; adaptive_pressure_advance_overhangs = 0
; additional_cooling_fan_speed = 70
; alternate_extra_wall = 0
; auxiliary_fan = 0
; bbl_calib_mark_logo = 1
; bbl_use_printhost = 0
; bed_custom_model = 
; bed_custom_texture = 
; bed_exclude_area = 0x0
; bed_mesh_max = 99999,99999
; bed_mesh_min = -99999,-99999
; bed_mesh_probe_distance = 50,50
; before_layer_change_gcode = ;BEFORE_LAYER_CHANGE\n;[layer_z]\nG92 E0\n
; best_object_pos = 0.5,0.5
; bottom_shell_layers = 4
; bottom_shell_thickness = 0
; bottom_solid_infill_flow_ratio = 1
; bottom_surface_pattern = monotonic
; bridge_acceleration = 50%
; bridge_angle = 0
; bridge_density = 100%
; bridge_flow = 0.95
; bridge_no_support = 0
; bridge_speed = 100
; brim_ears_detection_length = 1
; brim_ears_max_angle = 125
; brim_object_gap = 0.1
; brim_type = no_brim
; brim_width = 5
; chamber_temperature = 0
; change_extrusion_role_gcode = 
; change_filament_gcode = M600
; close_fan_the_first_x_layers = 1
; complete_print_exhaust_fan_speed = 80
; cool_plate_temp = 55
; cool_plate_temp_initial_layer = 55
; cooling_tube_length = 5
; cooling_tube_retraction = 91.5
; counterbore_hole_bridging = none
; curr_bed_type = High Temp Plate
; default_acceleration = 2500
; default_filament_colour = ""
; default_filament_profile = "Creality Generic PLA @Ender-3V3-all"
; default_jerk = 0
; default_print_profile = 0.20mm Standard @Creality Ender3V3SE 0.4
; deretraction_speed = 30
; detect_narrow_internal_solid_infill = 1
; detect_overhang_wall = 1
; detect_thin_wall = 1
; different_settings_to_system = elefant_foot_compensation;enable_support;inner_wall_speed;outer_wall_speed;precise_outer_wall;precise_z_height;sparse_infill_density;support_style;support_threshold_angle;support_type;top_surface_speed;xy_contour_compensation;enable_pressure_advance;filament_deretraction_speed;filament_flow_ratio;filament_retraction_length;filament_retraction_speed;nozzle_temperature;nozzle_temperature_initial_layer;nozzle_temperature_range_high;pressure_advance;slow_down_layer_time;slow_down_min_speed;
; disable_m73 = 1
; dont_filter_internal_bridges = disabled
; dont_slow_down_outer_wall = 0
; draft_shield = disabled
; during_print_exhaust_fan_speed = 60
; elefant_foot_compensation = 0.3
; elefant_foot_compensation_layers = 1
; emit_machine_limits_to_gcode = 1
; enable_arc_fitting = 0
; enable_extra_bridge_layer = disabled
; enable_filament_ramming = 1
; enable_long_retraction_when_cut = 0
; enable_overhang_bridge_fan = 1
; enable_overhang_speed = 1
; enable_pressure_advance = 1
; enable_prime_tower = 0
; enable_support = 1
; enforce_support_layers = 0
; eng_plate_temp = 55
; eng_plate_temp_initial_layer = 55
; ensure_vertical_shell_thickness = ensure_all
; exclude_object = 0
; extra_loading_move = -2
; extra_perimeters_on_overhangs = 0
; extruder_clearance_height_to_lid = 34
; extruder_clearance_height_to_rod = 47
; extruder_clearance_radius = 90
; extruder_colour = #26A69A
; extruder_offset = 0x0
; extrusion_rate_smoothing_external_perimeter_only = 0
; fan_cooling_layer_time = 100
; fan_kickstart = 0
; fan_max_speed = 100
; fan_min_speed = 100
; fan_speedup_overhangs = 1
; fan_speedup_time = 0
; filament_colour = #26A69A
; filament_cooling_final_speed = 3.4
; filament_cooling_initial_speed = 2.2
; filament_cooling_moves = 4
; filament_cost = 20
; filament_density = 1.24
; filament_deretraction_speed = 45
; filament_diameter = 1.75
; filament_end_gcode = "; filament end gcode \n"
; filament_flow_ratio = 0.88
; filament_ids = GFL99
; filament_is_support = 0
; filament_loading_speed = 28
; filament_loading_speed_start = 3
; filament_max_volumetric_speed = 18
; filament_minimal_purge_on_wipe_tower = 15
; filament_multitool_ramming = 0
; filament_multitool_ramming_flow = 10
; filament_multitool_ramming_volume = 10
; filament_notes = ""
; filament_ramming_parameters = "120 100 6.6 6.8 7.2 7.6 7.9 8.2 8.7 9.4 9.9 10.0| 0.05 6.6 0.45 6.8 0.95 7.8 1.45 8.3 1.95 9.7 2.45 10 2.95 7.6 3.45 7.6 3.95 7.6 4.45 7.6 4.95 7.6"
; filament_retraction_length = 1
; filament_retraction_speed = 40
; filament_settings_id = "Creality PLA test"
; filament_shrink = 100%
; filament_shrinkage_compensation_z = 100%
; filament_soluble = 0
; filament_stamping_distance = 0
; filament_stamping_loading_speed = 0
; filament_start_gcode = "; filament start gcode\n"
; filament_toolchange_delay = 0
; filament_type = PLA
; filament_unloading_speed = 90
; filament_unloading_speed_start = 100
; filament_vendor = Generic
; filename_format = {input_filename_base}_{filament_type[initial_tool]}_{print_time}.gcode
; filter_out_gap_fill = 0
; first_layer_print_sequence = 0
; flush_into_infill = 0
; flush_into_objects = 0
; flush_into_support = 1
; flush_multiplier = 0
; flush_volumes_matrix = 0
; flush_volumes_vector = 140,140
; full_fan_speed_layer = 0
; fuzzy_skin = none
; fuzzy_skin_first_layer = 0
; fuzzy_skin_noise_type = classic
; fuzzy_skin_octaves = 4
; fuzzy_skin_persistence = 0.5
; fuzzy_skin_point_distance = 0.3
; fuzzy_skin_scale = 1
; fuzzy_skin_thickness = 0.2
; gap_fill_target = nowhere
; gap_infill_speed = 50
; gcode_add_line_number = 0
; gcode_comments = 0
; gcode_flavor = marlin2
; gcode_label_objects = 1
; has_scarf_joint_seam = 0
; head_wrap_detect_zone = 
; high_current_on_filament_swap = 0
; hole_to_polyhole = 0
; hole_to_polyhole_threshold = 0.01
; hole_to_polyhole_twisted = 1
; host_type = octoprint
; hot_plate_temp = 55
; hot_plate_temp_initial_layer = 55
; idle_temperature = 0
; independent_support_layer_height = 1
; infill_anchor = 400%
; infill_anchor_max = 20
; infill_combination = 0
; infill_combination_max_layer_height = 100%
; infill_direction = 45
; infill_jerk = 9
; infill_wall_overlap = 15%
; inherits_group = "0.20mm Standard @Creality Ender3V3SE 0.4";"Creality Generic PLA @Ender-3V3-all";
; initial_layer_acceleration = 500
; initial_layer_infill_speed = 80
; initial_layer_jerk = 9
; initial_layer_line_width = 0.46
; initial_layer_min_bead_width = 85%
; initial_layer_print_height = 0.2
; initial_layer_speed = 30
; initial_layer_travel_speed = 100%
; inner_wall_acceleration = 2000
; inner_wall_jerk = 9
; inner_wall_line_width = 0.45
; inner_wall_speed = 120
; interface_shells = 0
; interlocking_beam = 0
; interlocking_beam_layer_count = 2
; interlocking_beam_width = 0.8
; interlocking_boundary_avoidance = 2
; interlocking_depth = 2
; interlocking_orientation = 22.5
; internal_bridge_angle = 0
; internal_bridge_density = 100%
; internal_bridge_fan_speed = -1
; internal_bridge_flow = 1
; internal_bridge_speed = 150%
; internal_solid_infill_acceleration = 100%
; internal_solid_infill_line_width = 0.42
; internal_solid_infill_pattern = monotonic
; internal_solid_infill_speed = 180
; ironing_angle = -1
; ironing_flow = 15%
; ironing_inset = 0
; ironing_pattern = zig-zag
; ironing_spacing = 0.1
; ironing_speed = 20
; ironing_type = no ironing
; is_infill_first = 0
; lattice_angle_1 = -45
; lattice_angle_2 = 45
; layer_change_gcode = 
; layer_height = 0.2
; line_width = 0.46
; long_retractions_when_cut = 0
; machine_end_gcode = G91 ;Relative positionning \nG1 E-2 F2700 ;Retract a bit \nG1 E-2 Z0.2 F2400 ;Retract and raise Z \nG1 X5 Y5 F3000 ;Wipe out \nG1 Z10 ;Raise Z more \nG90 ;Absolute positionning \n \nG1 X0 Y220 ;Present print \nM106 S0 ;Turn-off fan \nM104 S0 ;Turn-off hotend \nM140 S0 ;Turn-off bed \n \nM84 X Y E ;Disable all steppers but Z
; machine_load_filament_time = 11
; machine_max_acceleration_e = 5000,5000
; machine_max_acceleration_extruding = 2500,2500
; machine_max_acceleration_retracting = 500,500
; machine_max_acceleration_travel = 2500,2500
; machine_max_acceleration_x = 2500,2500
; machine_max_acceleration_y = 2500,2500
; machine_max_acceleration_z = 500,500
; machine_max_jerk_e = 5,5
; machine_max_jerk_x = 10,10
; machine_max_jerk_y = 10,10
; machine_max_jerk_z = 0.4,0.4
; machine_max_speed_e = 40,40
; machine_max_speed_x = 250,250
; machine_max_speed_y = 250,250
; machine_max_speed_z = 5,5
; machine_min_extruding_rate = 0,0
; machine_min_travel_rate = 0,0
; machine_pause_gcode = M25
; machine_start_gcode = M220 S100 ;Reset Feedrate \nM221 S100 ;Reset Flowrate \n \nM104 S[nozzle_temperature_initial_layer] ;Set final nozzle temp \nM190 S[bed_temperature_initial_layer_single] ;Set and wait for bed temp to stabilize \nG28 ;Home \nG92 E0 ;Reset Extruder \nG1 Z2.0 F3000 ;Move Z Axis up \nG1 X-2.1 Y20 Z0.28 F5000.0 ;Move to start position \nM109 S[nozzle_temperature_initial_layer] ;Wait for nozzle temp to stabilize \nG1 X-2.1 Y145.0 Z0.28 F1500.0 E15 ;Draw the first line \nG1 X-2.4 Y145.0 Z0.28 F5000.0 ;Move to side a little \nG1 X-2.4 Y20 Z0.28 F1500.0 E30 ;Draw the second line \nG92 E0  ;Reset Extruder \nG1 E-1.0000 F1800 ;Retract a bit \nG1 Z2.0 F3000 ;Move Z Axis up \nG1 E0.0000 F1800
; machine_tool_change_time = 0
; machine_unload_filament_time = 0
; make_overhang_printable = 0
; make_overhang_printable_angle = 55
; make_overhang_printable_hole_size = 0
; manual_filament_change = 1
; max_bridge_length = 10
; max_layer_height = 0.32
; max_travel_detour_distance = 0
; max_volumetric_extrusion_rate_slope = 0
; max_volumetric_extrusion_rate_slope_segment_length = 3
; min_bead_width = 85%
; min_feature_size = 25%
; min_layer_height = 0.08
; min_length_factor = 0.5
; min_skirt_length = 0
; min_width_top_surface = 300%
; minimum_sparse_infill_area = 10
; mmu_segmented_region_interlocking_depth = 0
; mmu_segmented_region_max_width = 0
; notes = 
; nozzle_diameter = 0.4
; nozzle_height = 2.5
; nozzle_hrc = 0
; nozzle_temperature = 210
; nozzle_temperature_initial_layer = 210
; nozzle_temperature_range_high = 210
; nozzle_temperature_range_low = 190
; nozzle_type = brass
; nozzle_volume = 0
; only_one_wall_first_layer = 0
; only_one_wall_top = 0
; ooze_prevention = 0
; other_layers_print_sequence = 0
; other_layers_print_sequence_nums = 0
; outer_wall_acceleration = 1000
; outer_wall_jerk = 9
; outer_wall_line_width = 0.42
; outer_wall_speed = 90
; overhang_1_4_speed = 0
; overhang_2_4_speed = 20
; overhang_3_4_speed = 15
; overhang_4_4_speed = 10
; overhang_fan_speed = 100
; overhang_fan_threshold = 50%
; overhang_reverse = 0
; overhang_reverse_internal_only = 0
; overhang_reverse_threshold = 50%
; overhang_speed_classic = 0
; parking_pos_retraction = 92
; pellet_flow_coefficient = 0.4157
; pellet_modded_printer = 0
; post_process = 
; precise_outer_wall = 1
; precise_z_height = 1
; preferred_orientation = 0
; preheat_steps = 1
; preheat_time = 30
; pressure_advance = 0.115
; prime_tower_brim_width = 3
; prime_tower_width = 60
; prime_volume = 45
; print_compatible_printers = "Creality Ender-3 V3 SE 0.4 nozzle"
; print_flow_ratio = 1
; print_order = default
; print_sequence = by layer
; print_settings_id = 0.20mm Standard @Creality Ender3V3SE 0.4 - Copy
; printable_area = 0x0,220x0,220x220,0x220
; printable_height = 250
; printer_model = Creality Ender-3 V3 SE
; printer_notes = 
; printer_settings_id = Creality Ender-3 V3 SE 0.4 nozzle
; printer_structure = i3
; printer_technology = FFF
; printer_variant = 0.4
; printhost_authorization_type = key
; printhost_ssl_ignore_revoke = 0
; printing_by_object_gcode = 
; purge_in_prime_tower = 1
; raft_contact_distance = 0.1
; raft_expansion = 1.5
; raft_first_layer_density = 90%
; raft_first_layer_expansion = 2
; raft_layers = 0
; reduce_crossing_wall = 0
; reduce_fan_stop_start_freq = 1
; reduce_infill_retraction = 1
; required_nozzle_HRC = 0
; resolution = 0.012
; retract_before_wipe = 70%
; retract_length_toolchange = 1
; retract_lift_above = 0
; retract_lift_below = 0
; retract_lift_enforce = All Surfaces
; retract_on_top_layer = 1
; retract_restart_extra = 0
; retract_restart_extra_toolchange = 0
; retract_when_changing_layer = 1
; retraction_distances_when_cut = 18
; retraction_length = 1.2
; retraction_minimum_travel = 2
; retraction_speed = 40
; role_based_wipe_speed = 1
; rotate_solid_infill_direction = 1
; scan_first_layer = 0
; scarf_angle_threshold = 155
; scarf_joint_flow_ratio = 1
; scarf_joint_speed = 100%
; scarf_overhang_threshold = 40%
; seam_gap = 10%
; seam_position = aligned
; seam_slope_conditional = 0
; seam_slope_entire_loop = 0
; seam_slope_inner_walls = 0
; seam_slope_min_length = 20
; seam_slope_start_height = 0
; seam_slope_steps = 10
; seam_slope_type = none
; silent_mode = 0
; single_extruder_multi_material = 1
; single_extruder_multi_material_priming = 0
; single_loop_draft_shield = 0
; skirt_distance = 2
; skirt_height = 2
; skirt_loops = 0
; skirt_speed = 50
; skirt_start_angle = -135
; skirt_type = combined
; slice_closing_radius = 0.049
; slicing_mode = regular
; slow_down_for_layer_cooling = 1
; slow_down_layer_time = 5
; slow_down_layers = 0
; slow_down_min_speed = 40
; slowdown_for_curled_perimeters = 1
; small_area_infill_flow_compensation = 0
; small_area_infill_flow_compensation_model = 0,0;"\n0.2,0.4444";"\n0.4,0.6145";"\n0.6,0.7059";"\n0.8,0.7619";"\n1.5,0.8571";"\n2,0.8889";"\n3,0.9231";"\n5,0.9520";"\n10,1"
; small_perimeter_speed = 50%
; small_perimeter_threshold = 0
; solid_infill_direction = 45
; solid_infill_filament = 1
; sparse_infill_acceleration = 100%
; sparse_infill_density = 10%
; sparse_infill_filament = 1
; sparse_infill_line_width = 0.45
; sparse_infill_pattern = crosshatch
; sparse_infill_speed = 180
; spiral_finishing_flow_ratio = 0
; spiral_mode = 0
; spiral_mode_max_xy_smoothing = 200%
; spiral_mode_smooth = 0
; spiral_starting_flow_ratio = 0
; staggered_inner_seams = 0
; standby_temperature_delta = -5
; start_end_points = 30x-3,54x245
; supertack_plate_temp = 35
; supertack_plate_temp_initial_layer = 35
; support_air_filtration = 0
; support_angle = 0
; support_base_pattern = rectilinear
; support_base_pattern_spacing = 2.5
; support_bottom_interface_spacing = 0.5
; support_bottom_z_distance = 0.2
; support_chamber_temp_control = 0
; support_critical_regions_only = 0
; support_expansion = 0
; support_filament = 0
; support_interface_bottom_layers = -1
; support_interface_filament = 0
; support_interface_loop_pattern = 0
; support_interface_not_for_body = 1
; support_interface_pattern = auto
; support_interface_spacing = 0.5
; support_interface_speed = 80
; support_interface_top_layers = 2
; support_line_width = 0.38
; support_material_interface_fan_speed = -1
; support_multi_bed_types = 0
; support_object_first_layer_gap = 0.2
; support_object_xy_distance = 0.35
; support_on_build_plate_only = 0
; support_remove_small_overhang = 1
; support_speed = 50
; support_style = default
; support_threshold_angle = 50
; support_threshold_overlap = 50%
; support_top_z_distance = 0.15
; support_type = tree(auto)
; temperature_vitrification = 60
; template_custom_gcode = 
; textured_cool_plate_temp = 40
; textured_cool_plate_temp_initial_layer = 40
; textured_plate_temp = 55
; textured_plate_temp_initial_layer = 55
; thick_bridges = 0
; thick_internal_bridges = 1
; thumbnails = 
; thumbnails_format = PNG
; time_cost = 0
; time_lapse_gcode = 
; timelapse_type = 0
; top_bottom_infill_wall_overlap = 25%
; top_shell_layers = 4
; top_shell_thickness = 0.8
; top_solid_infill_flow_ratio = 1
; top_surface_acceleration = 2500
; top_surface_jerk = 9
; top_surface_line_width = 0.42
; top_surface_pattern = monotonicline
; top_surface_speed = 100
; travel_acceleration = 2500
; travel_jerk = 12
; travel_slope = 3
; travel_speed = 150
; travel_speed_z = 0
; tree_support_adaptive_layer_height = 1
; tree_support_angle_slow = 25
; tree_support_auto_brim = 1
; tree_support_branch_angle = 40
; tree_support_branch_angle_organic = 40
; tree_support_branch_diameter = 5
; tree_support_branch_diameter_angle = 5
; tree_support_branch_diameter_organic = 2
; tree_support_branch_distance = 5
; tree_support_branch_distance_organic = 1
; tree_support_brim_width = 3
; tree_support_tip_diameter = 0.8
; tree_support_top_rate = 30%
; tree_support_wall_count = 2
; upward_compatible_machine = 
; use_firmware_retraction = 0
; use_relative_e_distances = 1
; wall_direction = auto
; wall_distribution_count = 1
; wall_filament = 1
; wall_generator = arachne
; wall_loops = 2
; wall_sequence = inner wall/outer wall
; wall_transition_angle = 10
; wall_transition_filter_deviation = 25%
; wall_transition_length = 100%
; wipe = 1
; wipe_before_external_loop = 0
; wipe_distance = 1
; wipe_on_loops = 0
; wipe_speed = 80%
; wipe_tower_bridging = 10
; wipe_tower_cone_angle = 0
; wipe_tower_extra_flow = 100%
; wipe_tower_extra_spacing = 100%
; wipe_tower_filament = 0
; wipe_tower_max_purge_speed = 90
; wipe_tower_no_sparse_layers = 0
; wipe_tower_rotation_angle = 0
; wipe_tower_x = 0.000
; wipe_tower_x = 0
; wipe_tower_y = 250.000
; wipe_tower_y = 250
; wiping_volumes_extruders = 70,70,70,70,70,70,70,70,70,70
; xy_contour_compensation = 0.099
; xy_hole_compensation = 0
; z_hop = 0.4
; z_hop_types = Spiral Lift
; z_offset = 0
; first_layer_bed_temperature = 55
; bed_shape = 0x0,220x0,220x220,0x220
; first_layer_temperature = 210
; first_layer_height = 0.200
; CONFIG_BLOCK_END


